Copyright 1986-2020 Xilinx, Inc. All Rights Reserved.
------------------------------------------------------------------------------------
| Tool Version : Vivado v.2020.1 (lin64) Build 2902540 Wed May 27 19:54:35 MDT 2020
| Date         : Wed May  6 15:57:35 2026
| Host         : LoloVictus running 64-bit Ubuntu 20.04.3 LTS
| Command      : report_timing_summary -file out/post_place_timing_summary.rpt
| Design       : red_pitaya_top_Z20
| Device       : 7z020-clg400
| Speed File   : -1  PRODUCTION 1.12 2019-11-22
------------------------------------------------------------------------------------

Timing Summary Report

------------------------------------------------------------------------------------------------
| Timer Settings
| --------------
------------------------------------------------------------------------------------------------

  Enable Multi Corner Analysis               :  Yes
  Enable Pessimism Removal                   :  Yes
  Pessimism Removal Resolution               :  Nearest Common Node
  Enable Input Delay Default Clock           :  No
  Enable Preset / Clear Arcs                 :  No
  Disable Flight Delays                      :  No
  Ignore I/O Paths                           :  No
  Timing Early Launch at Borrowing Latches   :  No
  Borrow Time for Max Delay Exceptions       :  Yes
  Merge Timing Exceptions                    :  Yes

  Corner  Analyze    Analyze    
  Name    Max Paths  Min Paths  
  ------  ---------  ---------  
  Slow    Yes        Yes        
  Fast    Yes        Yes        



check_timing report

Table of Contents
-----------------
1. checking no_clock (52)
2. checking constant_clock (0)
3. checking pulse_width_clock (0)
4. checking unconstrained_internal_endpoints (19)
5. checking no_input_delay (23)
6. checking no_output_delay (56)
7. checking multiple_clock (0)
8. checking generated_clocks (0)
9. checking loops (0)
10. checking partial_input_delay (0)
11. checking partial_output_delay (0)
12. checking latch_loops (0)

1. checking no_clock (52)
-------------------------
 There are 17 register/latch pins with no clock driven by root clock pin: i_daisy/genblk4[0].tx_cfg_sel_reg[1]/Q (HIGH)

 There are 17 register/latch pins with no clock driven by root clock pin: i_daisy/genblk4[0].tx_cfg_sel_reg[2]/Q (HIGH)

 There are 17 register/latch pins with no clock driven by root clock pin: i_hk/daisy_mode_o_reg[0]/Q (HIGH)

 There is 1 register/latch pin with no clock driven by root clock pin: i_hk/dna_clk_reg/Q (HIGH)


2. checking constant_clock (0)
------------------------------
 There are 0 register/latch pins with constant_clock.


3. checking pulse_width_clock (0)
---------------------------------
 There are 0 register/latch pins which need pulse_width check


4. checking unconstrained_internal_endpoints (19)
-------------------------------------------------
 There are 19 pins that are not constrained for maximum delay. (HIGH)

 There are 0 pins that are not constrained for maximum delay due to constant clock.


5. checking no_input_delay (23)
-------------------------------
 There are 23 input ports with no input delay specified. (HIGH)

 There are 0 input ports with no input delay but user has a false path constraint.


6. checking no_output_delay (56)
--------------------------------
 There are 55 ports with no output delay specified. (HIGH)

 There are 0 ports with no output delay but user has a false path constraint

 There is 1 port with no output delay but with a timing clock defined on it or propagating through it (LOW)


7. checking multiple_clock (0)
------------------------------
 There are 0 register/latch pins with multiple clocks.


8. checking generated_clocks (0)
--------------------------------
 There are 0 generated clocks that are not connected to a clock source.


9. checking loops (0)
---------------------
 There are 0 combinational loops in the design.


10. checking partial_input_delay (0)
------------------------------------
 There are 0 input ports with partial input delay specified.


11. checking partial_output_delay (0)
-------------------------------------
 There are 0 ports with partial output delay specified.


12. checking latch_loops (0)
----------------------------
 There are 0 combinational latch loops in the design through latch input



------------------------------------------------------------------------------------------------
| Design Timing Summary
| ---------------------
------------------------------------------------------------------------------------------------

    WNS(ns)      TNS(ns)  TNS Failing Endpoints  TNS Total Endpoints      WHS(ns)      THS(ns)  THS Failing Endpoints  THS Total Endpoints     WPWS(ns)     TPWS(ns)  TPWS Failing Endpoints  TPWS Total Endpoints  
    -------      -------  ---------------------  -------------------      -------      -------  ---------------------  -------------------     --------     --------  ----------------------  --------------------  
     -1.648     -112.387                    154                32295       -0.739      -15.073                    129                32118        0.750        0.000                       0                 12854  


Timing constraints are not met.


------------------------------------------------------------------------------------------------
| Clock Summary
| -------------
------------------------------------------------------------------------------------------------

Clock             Waveform(ns)         Period(ns)      Frequency(MHz)
-----             ------------         ----------      --------------
adc_clk           {0.000 4.000}        8.000           125.000         
  clk_fb          {0.000 4.000}        8.000           125.000         
  pll_adc_clk     {0.000 4.000}        8.000           125.000         
  pll_dac_clk_1x  {0.000 4.000}        8.000           125.000         
  pll_dac_clk_2p  {-0.500 1.500}       4.000           250.000         
  pll_dac_clk_2x  {0.000 2.000}        4.000           250.000         
  pll_ser_clk     {0.000 2.000}        4.000           250.000         
clk_fpga_0        {0.000 4.000}        8.000           125.000         
clk_fpga_1        {0.000 2.000}        4.000           250.000         
clk_fpga_2        {0.000 10.000}       20.000          50.000          
clk_fpga_3        {0.000 2.500}        5.000           200.000         
dac_clk_o         {0.000 4.000}        8.000           125.000         
rx_clk            {0.000 2.000}        4.000           250.000         
  par_clk         {0.000 4.000}        8.000           125.000         


------------------------------------------------------------------------------------------------
| Intra Clock Table
| -----------------
------------------------------------------------------------------------------------------------

Clock                 WNS(ns)      TNS(ns)  TNS Failing Endpoints  TNS Total Endpoints      WHS(ns)      THS(ns)  THS Failing Endpoints  THS Total Endpoints     WPWS(ns)     TPWS(ns)  TPWS Failing Endpoints  TPWS Total Endpoints  
-----                 -------      -------  ---------------------  -------------------      -------      -------  ---------------------  -------------------     --------     --------  ----------------------  --------------------  
adc_clk                                                                                                                                                             2.000        0.000                       0                     1  
  clk_fb                                                                                                                                                            6.751        0.000                       0                     2  
  pll_adc_clk          -1.648     -112.387                    154                26083       -0.063       -0.592                     24                26083        2.750        0.000                       0                 10205  
  pll_dac_clk_1x        1.045        0.000                      0                   45       -0.239       -0.575                      6                   45        3.500        0.000                       0                    47  
  pll_dac_clk_2p                                                                                                                                                    1.845        0.000                       0                     3  
  pll_dac_clk_2x        0.100        0.000                      0                 2888       -0.085       -2.317                     72                 2888        0.750        0.000                       0                  1081  
  pll_ser_clk                                                                                                                                                       1.845        0.000                       0                     4  
clk_fpga_0              0.923        0.000                      0                  434        0.131        0.000                      0                  434        3.500        0.000                       0                   236  
clk_fpga_3              0.001        0.000                      0                 2154        0.118        0.000                      0                 2154        1.000        0.000                       0                   987  
rx_clk                                                                                                                                                              2.333        0.000                       0                     4  
  par_clk               4.163        0.000                      0                  485       -0.739      -11.590                     27                  485        3.020        0.000                       0                   284  


------------------------------------------------------------------------------------------------
| Inter Clock Table
| -----------------
------------------------------------------------------------------------------------------------

From Clock      To Clock            WNS(ns)      TNS(ns)  TNS Failing Endpoints  TNS Total Endpoints      WHS(ns)      THS(ns)  THS Failing Endpoints  THS Total Endpoints  
----------      --------            -------      -------  ---------------------  -------------------      -------      -------  ---------------------  -------------------  
pll_dac_clk_2x  pll_adc_clk           2.363        0.000                      0                   24                                                                        
clk_fpga_0      pll_adc_clk           3.599        0.000                      0                  145                                                                        
pll_adc_clk     pll_dac_clk_1x        3.730        0.000                      0                   29        0.117        0.000                      0                   29  
pll_adc_clk     clk_fpga_0            0.120        0.000                      0                   40        1.368        0.000                      0                   32  


------------------------------------------------------------------------------------------------
| Other Path Groups Table
| -----------------------
------------------------------------------------------------------------------------------------

Path Group    From Clock    To Clock          WNS(ns)      TNS(ns)  TNS Failing Endpoints  TNS Total Endpoints      WHS(ns)      THS(ns)  THS Failing Endpoints  THS Total Endpoints  
----------    ----------    --------          -------      -------  ---------------------  -------------------      -------      -------  ---------------------  -------------------  


------------------------------------------------------------------------------------------------
| Timing Details
| --------------
------------------------------------------------------------------------------------------------


---------------------------------------------------------------------------------------------------
From Clock:  adc_clk
  To Clock:  adc_clk

Setup :           NA  Failing Endpoints,  Worst Slack           NA  ,  Total Violation           NA
Hold  :           NA  Failing Endpoints,  Worst Slack           NA  ,  Total Violation           NA
PW    :            0  Failing Endpoints,  Worst Slack        2.000ns,  Total Violation        0.000ns
---------------------------------------------------------------------------------------------------


Pulse Width Checks
--------------------------------------------------------------------------------------
Clock Name:         adc_clk
Waveform(ns):       { 0.000 4.000 }
Period(ns):         8.000
Sources:            { adc_clk_i[1] }

Check Type        Corner  Lib Pin           Reference Pin  Required(ns)  Actual(ns)  Slack(ns)  Location        Pin
Min Period        n/a     PLLE2_ADV/CLKIN1  n/a            1.249         8.000       6.751      PLLE2_ADV_X1Y1  pll/pll/CLKIN1
Max Period        n/a     PLLE2_ADV/CLKIN1  n/a            52.633        8.000       44.633     PLLE2_ADV_X1Y1  pll/pll/CLKIN1
Low Pulse Width   Fast    PLLE2_ADV/CLKIN1  n/a            2.000         4.000       2.000      PLLE2_ADV_X1Y1  pll/pll/CLKIN1
High Pulse Width  Slow    PLLE2_ADV/CLKIN1  n/a            2.000         4.000       2.000      PLLE2_ADV_X1Y1  pll/pll/CLKIN1



---------------------------------------------------------------------------------------------------
From Clock:  clk_fb
  To Clock:  clk_fb

Setup :           NA  Failing Endpoints,  Worst Slack           NA  ,  Total Violation           NA
Hold  :           NA  Failing Endpoints,  Worst Slack           NA  ,  Total Violation           NA
PW    :            0  Failing Endpoints,  Worst Slack        6.751ns,  Total Violation        0.000ns
---------------------------------------------------------------------------------------------------


Pulse Width Checks
--------------------------------------------------------------------------------------
Clock Name:         clk_fb
Waveform(ns):       { 0.000 4.000 }
Period(ns):         8.000
Sources:            { pll/pll/CLKFBOUT }

Check Type  Corner  Lib Pin             Reference Pin  Required(ns)  Actual(ns)  Slack(ns)  Location        Pin
Min Period  n/a     PLLE2_ADV/CLKFBOUT  n/a            1.249         8.000       6.751      PLLE2_ADV_X1Y1  pll/pll/CLKFBOUT
Max Period  n/a     PLLE2_ADV/CLKFBIN   n/a            52.633        8.000       44.633     PLLE2_ADV_X1Y1  pll/pll/CLKFBIN



---------------------------------------------------------------------------------------------------
From Clock:  pll_adc_clk
  To Clock:  pll_adc_clk

Setup :          154  Failing Endpoints,  Worst Slack       -1.648ns,  Total Violation     -112.387ns
Hold  :           24  Failing Endpoints,  Worst Slack       -0.063ns,  Total Violation       -0.592ns
PW    :            0  Failing Endpoints,  Worst Slack        2.750ns,  Total Violation        0.000ns
---------------------------------------------------------------------------------------------------


Max Delay Paths
--------------------------------------------------------------------------------------
Slack (VIOLATED) :        -1.648ns  (required time - arrival time)
  Source:                 i_scope/i_cfg/set_filt_aa_reg[34]/C
                            (rising edge-triggered cell FDRE clocked by pll_adc_clk  {rise@0.000ns fall@4.000ns period=8.000ns})
  Destination:            i_scope/genblk1[1].i_dfilt1_ch/aa_mult/A[21]
                            (rising edge-triggered cell DSP48E1 clocked by pll_adc_clk  {rise@0.000ns fall@4.000ns period=8.000ns})
  Path Group:             pll_adc_clk
  Path Type:              Setup (Max at Slow Process Corner)
  Requirement:            8.000ns  (pll_adc_clk rise@8.000ns - pll_adc_clk rise@0.000ns)
  Data Path Delay:        9.248ns  (logic 6.731ns (72.783%)  route 2.517ns (27.217%))
  Logic Levels:           15  (CARRY4=12 DSP48E1=1 LUT1=1 LUT2=1)
  Clock Path Skew:        0.031ns (DCD - SCD + CPR)
    Destination Clock Delay (DCD):    5.698ns = ( 13.698 - 8.000 ) 
    Source Clock Delay      (SCD):    5.999ns
    Clock Pessimism Removal (CPR):    0.332ns
  Clock Uncertainty:      0.069ns  ((TSJ^2 + DJ^2)^1/2) / 2 + PE
    Total System Jitter     (TSJ):    0.071ns
    Discrete Jitter          (DJ):    0.118ns
    Phase Error              (PE):    0.000ns

    Location             Delay type                Incr(ns)  Path(ns)    Netlist Resource(s)
  -------------------------------------------------------------------    -------------------
                         (clock pll_adc_clk rise edge)
                                                      0.000     0.000 r  
    U18                                               0.000     0.000 r  adc_clk_i[1] (IN)
                         net (fo=0)                   0.000     0.000    adc_clk_i[1]
    U18                  IBUFDS (Prop_ibufds_I_O)     0.951     0.951 r  i_clk/O
                         net (fo=1, estimated)        1.306     2.257    pll/clk
    PLLE2_ADV_X1Y1       PLLE2_ADV (Prop_plle2_adv_CLKIN1_CLKOUT0)
                                                      0.089     2.346 r  pll/pll/CLKOUT0
                         net (fo=1, estimated)        1.883     4.229    pll_adc_clk
    BUFGCTRL_X0Y16       BUFG (Prop_bufg_I_O)         0.101     4.330 r  bufg_adc_clk/O
                         net (fo=10210, estimated)    1.669     5.999    i_scope/i_cfg/adc_clk_i
    SLICE_X37Y44         FDRE                                         r  i_scope/i_cfg/set_filt_aa_reg[34]/C
  -------------------------------------------------------------------    -------------------
    SLICE_X37Y44         FDRE (Prop_fdre_C_Q)         0.419     6.418 r  i_scope/i_cfg/set_filt_aa_reg[34]/Q
                         net (fo=2, estimated)        0.415     6.833    i_scope/genblk1[1].i_dfilt1_ch/cfg_coeff_aa[16]
    DSP48_X2Y16          DSP48E1 (Prop_dsp48e1_B[16]_P[0])
                                                      3.831    10.664 f  i_scope/genblk1[1].i_dfilt1_ch/aa_mult/P[0]
                         net (fo=1, estimated)        0.827    11.491    i_scope/genblk1[1].i_dfilt1_ch/aa_mult_n_105
    SLICE_X35Y33         LUT1 (Prop_lut1_I0_O)        0.124    11.615 r  i_scope/genblk1[1].i_dfilt1_ch/r3_reg_dsp2[3]_i_35/O
                         net (fo=1, estimated)        0.332    11.947    i_scope/genblk1[1].i_dfilt1_ch/r3_reg_dsp2[3]_i_35_n_0
    SLICE_X35Y34         CARRY4 (Prop_carry4_CYINIT_CO[3])
                                                      0.580    12.527 r  i_scope/genblk1[1].i_dfilt1_ch/r3_reg_dsp2_reg[3]_i_30/CO[3]
                         net (fo=1, estimated)        0.000    12.527    i_scope/genblk1[1].i_dfilt1_ch/r3_reg_dsp2_reg[3]_i_30_n_0
    SLICE_X35Y35         CARRY4 (Prop_carry4_CI_CO[3])
                                                      0.114    12.641 r  i_scope/genblk1[1].i_dfilt1_ch/r3_reg_dsp2_reg[3]_i_25/CO[3]
                         net (fo=1, estimated)        0.000    12.641    i_scope/genblk1[1].i_dfilt1_ch/r3_reg_dsp2_reg[3]_i_25_n_0
    SLICE_X35Y36         CARRY4 (Prop_carry4_CI_CO[3])
                                                      0.114    12.755 r  i_scope/genblk1[1].i_dfilt1_ch/r3_reg_dsp2_reg[3]_i_20/CO[3]
                         net (fo=1, estimated)        0.000    12.755    i_scope/genblk1[1].i_dfilt1_ch/r3_reg_dsp2_reg[3]_i_20_n_0
    SLICE_X35Y37         CARRY4 (Prop_carry4_CI_CO[3])
                                                      0.114    12.869 r  i_scope/genblk1[1].i_dfilt1_ch/r3_reg_dsp2_reg[3]_i_15/CO[3]
                         net (fo=1, estimated)        0.000    12.869    i_scope/genblk1[1].i_dfilt1_ch/r3_reg_dsp2_reg[3]_i_15_n_0
    SLICE_X35Y38         CARRY4 (Prop_carry4_CI_CO[3])
                                                      0.114    12.983 r  i_scope/genblk1[1].i_dfilt1_ch/r3_reg_dsp2_reg[3]_i_10/CO[3]
                         net (fo=1, estimated)        0.000    12.983    i_scope/genblk1[1].i_dfilt1_ch/r3_reg_dsp2_reg[3]_i_10_n_0
    SLICE_X35Y39         CARRY4 (Prop_carry4_CI_CO[3])
                                                      0.114    13.097 r  i_scope/genblk1[1].i_dfilt1_ch/r3_reg_dsp2_reg[3]_i_2/CO[3]
                         net (fo=1, estimated)        0.000    13.097    i_scope/genblk1[1].i_dfilt1_ch/r3_reg_dsp2_reg[3]_i_2_n_0
    SLICE_X35Y40         CARRY4 (Prop_carry4_CI_CO[3])
                                                      0.114    13.211 r  i_scope/genblk1[1].i_dfilt1_ch/r3_reg_dsp2_reg[3]_i_1/CO[3]
                         net (fo=1, estimated)        0.000    13.211    i_scope/genblk1[1].i_dfilt1_ch/r3_reg_dsp2_reg[3]_i_1_n_0
    SLICE_X35Y41         CARRY4 (Prop_carry4_CI_CO[3])
                                                      0.114    13.325 r  i_scope/genblk1[1].i_dfilt1_ch/r3_reg_dsp2_reg[7]_i_1/CO[3]
                         net (fo=1, estimated)        0.000    13.325    i_scope/genblk1[1].i_dfilt1_ch/r3_reg_dsp2_reg[7]_i_1_n_0
    SLICE_X35Y42         CARRY4 (Prop_carry4_CI_CO[3])
                                                      0.114    13.439 r  i_scope/genblk1[1].i_dfilt1_ch/r3_reg_dsp2_reg[11]_i_1/CO[3]
                         net (fo=1, estimated)        0.000    13.439    i_scope/genblk1[1].i_dfilt1_ch/r3_reg_dsp2_reg[11]_i_1_n_0
    SLICE_X35Y43         CARRY4 (Prop_carry4_CI_CO[3])
                                                      0.114    13.553 r  i_scope/genblk1[1].i_dfilt1_ch/r3_reg_dsp2_reg[15]_i_1/CO[3]
                         net (fo=1, estimated)        0.000    13.553    i_scope/genblk1[1].i_dfilt1_ch/r3_reg_dsp2_reg[15]_i_1_n_0
    SLICE_X35Y44         CARRY4 (Prop_carry4_CI_CO[3])
                                                      0.114    13.667 r  i_scope/genblk1[1].i_dfilt1_ch/r3_reg_dsp2_reg[19]_i_1/CO[3]
                         net (fo=1, estimated)        0.000    13.667    i_scope/genblk1[1].i_dfilt1_ch/r3_reg_dsp2_reg[19]_i_1_n_0
    SLICE_X35Y45         CARRY4 (Prop_carry4_CI_O[1])
                                                      0.334    14.001 r  i_scope/genblk1[1].i_dfilt1_ch/r3_reg_dsp2_reg[22]_i_2/O[1]
                         net (fo=3, estimated)        0.363    14.364    i_scope/genblk1[1].i_dfilt1_ch/r3_sum[46]
    SLICE_X35Y46         LUT2 (Prop_lut2_I1_O)        0.303    14.667 r  i_scope/genblk1[1].i_dfilt1_ch/aa_mult_i_2/O
                         net (fo=1, estimated)        0.580    15.247    i_scope/genblk1[1].i_dfilt1_ch/aa_mult_i_2_n_0
    DSP48_X2Y16          DSP48E1                                      r  i_scope/genblk1[1].i_dfilt1_ch/aa_mult/A[21]
  -------------------------------------------------------------------    -------------------

                         (clock pll_adc_clk rise edge)
                                                      8.000     8.000 r  
    U18                                               0.000     8.000 r  adc_clk_i[1] (IN)
                         net (fo=0)                   0.000     8.000    adc_clk_i[1]
    U18                  IBUFDS (Prop_ibufds_I_O)     0.909     8.909 r  i_clk/O
                         net (fo=1, estimated)        1.241    10.149    pll/clk
    PLLE2_ADV_X1Y1       PLLE2_ADV (Prop_plle2_adv_CLKIN1_CLKOUT0)
                                                      0.084    10.233 r  pll/pll/CLKOUT0
                         net (fo=1, estimated)        1.789    12.022    pll_adc_clk
    BUFGCTRL_X0Y16       BUFG (Prop_bufg_I_O)         0.091    12.113 r  bufg_adc_clk/O
                         net (fo=10210, estimated)    1.585    13.698    i_scope/genblk1[1].i_dfilt1_ch/clk
    DSP48_X2Y16          DSP48E1                                      r  i_scope/genblk1[1].i_dfilt1_ch/aa_mult/CLK
                         clock pessimism              0.332    14.030    
                         clock uncertainty           -0.069    13.961    
    DSP48_X2Y16          DSP48E1 (Setup_dsp48e1_CLK_A[21])
                                                     -0.362    13.599    i_scope/genblk1[1].i_dfilt1_ch/aa_mult
  -------------------------------------------------------------------
                         required time                         13.599    
                         arrival time                         -15.247    
  -------------------------------------------------------------------
                         slack                                 -1.648    





Min Delay Paths
--------------------------------------------------------------------------------------
Slack (VIOLATED) :        -0.063ns  (arrival time - required time)
  Source:                 i_daisy/cfg_tx_sys_n_reg/C
                            (rising edge-triggered cell FDRE clocked by pll_adc_clk  {rise@0.000ns fall@4.000ns period=8.000ns})
  Destination:            i_daisy/genblk4[0].tx_cfg_new_reg[0]/D
                            (rising edge-triggered cell FDRE clocked by pll_adc_clk  {rise@0.000ns fall@4.000ns period=8.000ns})
  Path Group:             pll_adc_clk
  Path Type:              Hold (Min at Fast Process Corner)
  Requirement:            0.000ns  (pll_adc_clk rise@0.000ns - pll_adc_clk rise@0.000ns)
  Data Path Delay:        0.346ns  (logic 0.141ns (40.768%)  route 0.205ns (59.232%))
  Logic Levels:           0  
  Clock Path Skew:        0.350ns (DCD - SCD - CPR)
    Destination Clock Delay (DCD):    2.833ns
    Source Clock Delay      (SCD):    2.370ns
    Clock Pessimism Removal (CPR):    0.113ns

    Location             Delay type                Incr(ns)  Path(ns)    Netlist Resource(s)
  -------------------------------------------------------------------    -------------------
                         (clock pll_adc_clk rise edge)
                                                      0.000     0.000 r  
    U18                                               0.000     0.000 r  adc_clk_i[1] (IN)
                         net (fo=0)                   0.000     0.000    adc_clk_i[1]
    U18                  IBUFDS (Prop_ibufds_I_O)     0.370     0.370 r  i_clk/O
                         net (fo=1, estimated)        0.551     0.921    pll/clk
    PLLE2_ADV_X1Y1       PLLE2_ADV (Prop_plle2_adv_CLKIN1_CLKOUT0)
                                                      0.051     0.972 r  pll/pll/CLKOUT0
                         net (fo=1, estimated)        0.794     1.765    pll_adc_clk
    BUFGCTRL_X0Y16       BUFG (Prop_bufg_I_O)         0.026     1.791 r  bufg_adc_clk/O
                         net (fo=10210, estimated)    0.579     2.370    i_daisy/par_clk_i
    SLICE_X67Y97         FDRE                                         r  i_daisy/cfg_tx_sys_n_reg/C
  -------------------------------------------------------------------    -------------------
    SLICE_X67Y97         FDRE (Prop_fdre_C_Q)         0.141     2.511 r  i_daisy/cfg_tx_sys_n_reg/Q
                         net (fo=2, estimated)        0.205     2.716    i_daisy/cfg_tx_sys_n
    SLICE_X66Y100        FDRE                                         r  i_daisy/genblk4[0].tx_cfg_new_reg[0]/D
  -------------------------------------------------------------------    -------------------

                         (clock pll_adc_clk rise edge)
                                                      0.000     0.000 r  
    U18                                               0.000     0.000 r  adc_clk_i[1] (IN)
                         net (fo=0)                   0.000     0.000    adc_clk_i[1]
    U18                  IBUFDS (Prop_ibufds_I_O)     0.401     0.401 r  i_clk/O
                         net (fo=1, estimated)        0.579     0.981    pll/clk
    PLLE2_ADV_X1Y1       PLLE2_ADV (Prop_plle2_adv_CLKIN1_CLKOUT0)
                                                      0.054     1.035 r  pll/pll/CLKOUT0
                         net (fo=1, estimated)        0.835     1.870    pll_adc_clk
    BUFGCTRL_X0Y16       BUFG (Prop_bufg_I_O)         0.029     1.899 r  bufg_adc_clk/O
                         net (fo=10210, estimated)    0.934     2.833    i_daisy/par_clk_i
    SLICE_X66Y100        FDRE                                         r  i_daisy/genblk4[0].tx_cfg_new_reg[0]/C
                         clock pessimism             -0.113     2.720    
    SLICE_X66Y100        FDRE (Hold_fdre_C_D)         0.059     2.779    i_daisy/genblk4[0].tx_cfg_new_reg[0]
  -------------------------------------------------------------------
                         required time                         -2.779    
                         arrival time                           2.716    
  -------------------------------------------------------------------
                         slack                                 -0.063    





Pulse Width Checks
--------------------------------------------------------------------------------------
Clock Name:         pll_adc_clk
Waveform(ns):       { 0.000 4.000 }
Period(ns):         8.000
Sources:            { pll/pll/CLKOUT0 }

Check Type        Corner  Lib Pin            Reference Pin  Required(ns)  Actual(ns)  Slack(ns)  Location        Pin
Min Period        n/a     DSP48E1/CLK        n/a            3.884         8.000       4.116      DSP48_X3Y17     i_scope/genblk1[0].i_calib_ch/gain_calc_r1__0/CLK
Max Period        n/a     PLLE2_ADV/CLKOUT0  n/a            160.000       8.000       152.000    PLLE2_ADV_X1Y1  pll/pll/CLKOUT0
Low Pulse Width   Slow    RAMD32/CLK         n/a            1.250         4.000       2.750      SLICE_X26Y49    ps/axi_master_0/axi_awfifo_reg_0_15_12_17/RAMA/CLK
High Pulse Width  Slow    RAMD32/CLK         n/a            1.250         4.000       2.750      SLICE_X22Y49    ps/axi_master_0/axi_awfifo_reg_0_15_0_5/RAMA/CLK



---------------------------------------------------------------------------------------------------
From Clock:  pll_dac_clk_1x
  To Clock:  pll_dac_clk_1x

Setup :            0  Failing Endpoints,  Worst Slack        1.045ns,  Total Violation        0.000ns
Hold  :            6  Failing Endpoints,  Worst Slack       -0.239ns,  Total Violation       -0.575ns
PW    :            0  Failing Endpoints,  Worst Slack        3.500ns,  Total Violation        0.000ns
---------------------------------------------------------------------------------------------------


Max Delay Paths
--------------------------------------------------------------------------------------
Slack (MET) :             1.045ns  (required time - arrival time)
  Source:                 dac_dat_a_reg[13]/C
                            (rising edge-triggered cell FDRE clocked by pll_dac_clk_1x  {rise@0.000ns fall@4.000ns period=8.000ns})
  Destination:            oddr_dac_dat[13]/D2
                            (falling edge-triggered cell ODDR clocked by pll_dac_clk_1x  {rise@0.000ns fall@4.000ns period=8.000ns})
  Path Group:             pll_dac_clk_1x
  Path Type:              Setup (Max at Slow Process Corner)
  Requirement:            4.000ns  (pll_dac_clk_1x fall@4.000ns - pll_dac_clk_1x rise@0.000ns)
  Data Path Delay:        2.526ns  (logic 0.518ns (20.507%)  route 2.008ns (79.493%))
  Logic Levels:           0  
  Clock Path Skew:        0.474ns (DCD - SCD + CPR)
    Destination Clock Delay (DCD):    6.359ns = ( 10.359 - 4.000 ) 
    Source Clock Delay      (SCD):    6.116ns
    Clock Pessimism Removal (CPR):    0.231ns
  Clock Uncertainty:      0.069ns  ((TSJ^2 + DJ^2)^1/2) / 2 + PE
    Total System Jitter     (TSJ):    0.071ns
    Discrete Jitter          (DJ):    0.118ns
    Phase Error              (PE):    0.000ns

    Location             Delay type                Incr(ns)  Path(ns)    Netlist Resource(s)
  -------------------------------------------------------------------    -------------------
                         (clock pll_dac_clk_1x rise edge)
                                                      0.000     0.000 r  
    U18                                               0.000     0.000 r  adc_clk_i[1] (IN)
                         net (fo=0)                   0.000     0.000    adc_clk_i[1]
    U18                  IBUFDS (Prop_ibufds_I_O)     0.951     0.951 r  i_clk/O
                         net (fo=1, estimated)        1.306     2.257    pll/clk
    PLLE2_ADV_X1Y1       PLLE2_ADV (Prop_plle2_adv_CLKIN1_CLKOUT1)
                                                      0.089     2.346 r  pll/pll/CLKOUT1
                         net (fo=1, estimated)        1.883     4.229    pll_dac_clk_1x
    BUFGCTRL_X0Y21       BUFG (Prop_bufg_I_O)         0.101     4.330 r  bufg_dac_clk_1x/O
                         net (fo=45, estimated)       1.786     6.116    dac_clk_1x
    SLICE_X98Y98         FDRE                                         r  dac_dat_a_reg[13]/C
  -------------------------------------------------------------------    -------------------
    SLICE_X98Y98         FDRE (Prop_fdre_C_Q)         0.518     6.634 r  dac_dat_a_reg[13]/Q
                         net (fo=1, estimated)        2.008     8.642    dac_dat_a[13]
    OLOGIC_X1Y142        ODDR                                         r  oddr_dac_dat[13]/D2
  -------------------------------------------------------------------    -------------------

                         (clock pll_dac_clk_1x fall edge)
                                                      4.000     4.000 f  
    U18                                               0.000     4.000 f  adc_clk_i[1] (IN)
                         net (fo=0)                   0.000     4.000    adc_clk_i[1]
    U18                  IBUFDS (Prop_ibufds_I_O)     0.909     4.909 f  i_clk/O
                         net (fo=1, estimated)        1.241     6.149    pll/clk
    PLLE2_ADV_X1Y1       PLLE2_ADV (Prop_plle2_adv_CLKIN1_CLKOUT1)
                                                      0.084     6.233 f  pll/pll/CLKOUT1
                         net (fo=1, estimated)        1.789     8.022    pll_dac_clk_1x
    BUFGCTRL_X0Y21       BUFG (Prop_bufg_I_O)         0.091     8.113 f  bufg_dac_clk_1x/O
                         net (fo=45, estimated)       2.246    10.359    dac_clk_1x
    OLOGIC_X1Y142        ODDR                                         f  oddr_dac_dat[13]/C
                         clock pessimism              0.231    10.590    
                         clock uncertainty           -0.069    10.521    
    OLOGIC_X1Y142        ODDR (Setup_oddr_C_D2)      -0.834     9.687    oddr_dac_dat[13]
  -------------------------------------------------------------------
                         required time                          9.687    
                         arrival time                          -8.642    
  -------------------------------------------------------------------
                         slack                                  1.045    





Min Delay Paths
--------------------------------------------------------------------------------------
Slack (VIOLATED) :        -0.239ns  (arrival time - required time)
  Source:                 dac_rst_reg/C
                            (rising edge-triggered cell FDRE clocked by pll_dac_clk_1x  {rise@0.000ns fall@4.000ns period=8.000ns})
  Destination:            oddr_dac_sel/R
                            (rising edge-triggered cell ODDR clocked by pll_dac_clk_1x  {rise@0.000ns fall@4.000ns period=8.000ns})
  Path Group:             pll_dac_clk_1x
  Path Type:              Hold (Min at Fast Process Corner)
  Requirement:            0.000ns  (pll_dac_clk_1x rise@0.000ns - pll_dac_clk_1x rise@0.000ns)
  Data Path Delay:        0.419ns  (logic 0.164ns (39.139%)  route 0.255ns (60.861%))
  Logic Levels:           0  
  Clock Path Skew:        0.182ns (DCD - SCD - CPR)
    Destination Clock Delay (DCD):    3.035ns
    Source Clock Delay      (SCD):    2.508ns
    Clock Pessimism Removal (CPR):    0.345ns

    Location             Delay type                Incr(ns)  Path(ns)    Netlist Resource(s)
  -------------------------------------------------------------------    -------------------
                         (clock pll_dac_clk_1x rise edge)
                                                      0.000     0.000 r  
    U18                                               0.000     0.000 r  adc_clk_i[1] (IN)
                         net (fo=0)                   0.000     0.000    adc_clk_i[1]
    U18                  IBUFDS (Prop_ibufds_I_O)     0.370     0.370 r  i_clk/O
                         net (fo=1, estimated)        0.551     0.921    pll/clk
    PLLE2_ADV_X1Y1       PLLE2_ADV (Prop_plle2_adv_CLKIN1_CLKOUT1)
                                                      0.051     0.972 r  pll/pll/CLKOUT1
                         net (fo=1, estimated)        0.794     1.765    pll_dac_clk_1x
    BUFGCTRL_X0Y21       BUFG (Prop_bufg_I_O)         0.026     1.791 r  bufg_dac_clk_1x/O
                         net (fo=45, estimated)       0.717     2.508    dac_clk_1x
    SLICE_X112Y107       FDRE                                         r  dac_rst_reg/C
  -------------------------------------------------------------------    -------------------
    SLICE_X112Y107       FDRE (Prop_fdre_C_Q)         0.164     2.672 r  dac_rst_reg/Q
                         net (fo=17, estimated)       0.255     2.927    dac_rst
    OLOGIC_X1Y107        ODDR                                         r  oddr_dac_sel/R
  -------------------------------------------------------------------    -------------------

                         (clock pll_dac_clk_1x rise edge)
                                                      0.000     0.000 r  
    U18                                               0.000     0.000 r  adc_clk_i[1] (IN)
                         net (fo=0)                   0.000     0.000    adc_clk_i[1]
    U18                  IBUFDS (Prop_ibufds_I_O)     0.401     0.401 r  i_clk/O
                         net (fo=1, estimated)        0.579     0.981    pll/clk
    PLLE2_ADV_X1Y1       PLLE2_ADV (Prop_plle2_adv_CLKIN1_CLKOUT1)
                                                      0.054     1.035 r  pll/pll/CLKOUT1
                         net (fo=1, estimated)        0.835     1.870    pll_dac_clk_1x
    BUFGCTRL_X0Y21       BUFG (Prop_bufg_I_O)         0.029     1.899 r  bufg_dac_clk_1x/O
                         net (fo=45, estimated)       1.136     3.035    dac_clk_1x
    OLOGIC_X1Y107        ODDR                                         r  oddr_dac_sel/C
                         clock pessimism             -0.345     2.690    
    OLOGIC_X1Y107        ODDR (Hold_oddr_C_R)         0.476     3.166    oddr_dac_sel
  -------------------------------------------------------------------
                         required time                         -3.166    
                         arrival time                           2.927    
  -------------------------------------------------------------------
                         slack                                 -0.239    





Pulse Width Checks
--------------------------------------------------------------------------------------
Clock Name:         pll_dac_clk_1x
Waveform(ns):       { 0.000 4.000 }
Period(ns):         8.000
Sources:            { pll/pll/CLKOUT1 }

Check Type        Corner  Lib Pin            Reference Pin  Required(ns)  Actual(ns)  Slack(ns)  Location        Pin
Min Period        n/a     BUFG/I             n/a            2.155         8.000       5.845      BUFGCTRL_X0Y21  bufg_dac_clk_1x/I
Max Period        n/a     PLLE2_ADV/CLKOUT1  n/a            160.000       8.000       152.000    PLLE2_ADV_X1Y1  pll/pll/CLKOUT1
Low Pulse Width   Fast    FDRE/C             n/a            0.500         4.000       3.500      SLICE_X93Y105   dac_dat_a_reg[0]/C
High Pulse Width  Slow    FDRE/C             n/a            0.500         4.000       3.500      SLICE_X93Y105   dac_dat_a_reg[0]/C



---------------------------------------------------------------------------------------------------
From Clock:  pll_dac_clk_2p
  To Clock:  pll_dac_clk_2p

Setup :           NA  Failing Endpoints,  Worst Slack           NA  ,  Total Violation           NA
Hold  :           NA  Failing Endpoints,  Worst Slack           NA  ,  Total Violation           NA
PW    :            0  Failing Endpoints,  Worst Slack        1.845ns,  Total Violation        0.000ns
---------------------------------------------------------------------------------------------------


Pulse Width Checks
--------------------------------------------------------------------------------------
Clock Name:         pll_dac_clk_2p
Waveform(ns):       { -0.500 1.500 }
Period(ns):         4.000
Sources:            { pll/pll/CLKOUT3 }

Check Type  Corner  Lib Pin            Reference Pin  Required(ns)  Actual(ns)  Slack(ns)  Location        Pin
Min Period  n/a     BUFG/I             n/a            2.155         4.000       1.845      BUFGCTRL_X0Y23  bufg_dac_clk_2p/I
Max Period  n/a     PLLE2_ADV/CLKOUT3  n/a            160.000       4.000       156.000    PLLE2_ADV_X1Y1  pll/pll/CLKOUT3



---------------------------------------------------------------------------------------------------
From Clock:  pll_dac_clk_2x
  To Clock:  pll_dac_clk_2x

Setup :            0  Failing Endpoints,  Worst Slack        0.100ns,  Total Violation        0.000ns
Hold  :           72  Failing Endpoints,  Worst Slack       -0.085ns,  Total Violation       -2.317ns
PW    :            0  Failing Endpoints,  Worst Slack        0.750ns,  Total Violation        0.000ns
---------------------------------------------------------------------------------------------------


Max Delay Paths
--------------------------------------------------------------------------------------
Slack (MET) :             0.100ns  (required time - arrival time)
  Source:                 ps/system_i/processing_system7/inst/PS7_i/SAXIHP2ACLK
                            (rising edge-triggered cell PS7 clocked by pll_dac_clk_2x  {rise@0.000ns fall@2.000ns period=4.000ns})
  Destination:            ps/axi_master_2/axi_rfill_lvl_reg[0]/CE
                            (rising edge-triggered cell FDRE clocked by pll_dac_clk_2x  {rise@0.000ns fall@2.000ns period=4.000ns})
  Path Group:             pll_dac_clk_2x
  Path Type:              Setup (Max at Slow Process Corner)
  Requirement:            4.000ns  (pll_dac_clk_2x rise@4.000ns - pll_dac_clk_2x rise@0.000ns)
  Data Path Delay:        3.293ns  (logic 1.335ns (40.541%)  route 1.958ns (59.459%))
  Logic Levels:           2  (LUT3=1 LUT4=1)
  Clock Path Skew:        -0.132ns (DCD - SCD + CPR)
    Destination Clock Delay (DCD):    5.632ns = ( 9.632 - 4.000 ) 
    Source Clock Delay      (SCD):    6.096ns
    Clock Pessimism Removal (CPR):    0.332ns
  Clock Uncertainty:      0.063ns  ((TSJ^2 + DJ^2)^1/2) / 2 + PE
    Total System Jitter     (TSJ):    0.071ns
    Discrete Jitter          (DJ):    0.104ns
    Phase Error              (PE):    0.000ns

    Location             Delay type                Incr(ns)  Path(ns)    Netlist Resource(s)
  -------------------------------------------------------------------    -------------------
                         (clock pll_dac_clk_2x rise edge)
                                                      0.000     0.000 r  
    U18                                               0.000     0.000 r  adc_clk_i[1] (IN)
                         net (fo=0)                   0.000     0.000    adc_clk_i[1]
    U18                  IBUFDS (Prop_ibufds_I_O)     0.951     0.951 r  i_clk/O
                         net (fo=1, estimated)        1.306     2.257    pll/clk
    PLLE2_ADV_X1Y1       PLLE2_ADV (Prop_plle2_adv_CLKIN1_CLKOUT2)
                                                      0.089     2.346 r  pll/pll/CLKOUT2
                         net (fo=2, estimated)        1.883     4.229    pll_dac_clk_2x
    BUFGCTRL_X0Y17       BUFG (Prop_bufg_I_O)         0.101     4.330 r  bufg_dac_axi_clk/O
                         net (fo=1079, estimated)     1.766     6.096    ps/system_i/processing_system7/inst/S_AXI_HP2_ACLK
    PS7_X0Y0             PS7                                          r  ps/system_i/processing_system7/inst/PS7_i/SAXIHP2ACLK
  -------------------------------------------------------------------    -------------------
    PS7_X0Y0             PS7 (Prop_ps7_SAXIHP2ACLK_SAXIHP2RVALID)
                                                      1.062     7.158 r  ps/system_i/processing_system7/inst/PS7_i/SAXIHP2RVALID
                         net (fo=6, estimated)        1.162     8.320    ps/axi_master_2/axi_rvalid_i
    SLICE_X31Y65         LUT4 (Prop_lut4_I1_O)        0.124     8.444 r  ps/axi_master_2/axi_rrd_pt[3]_i_1_comp/O
                         net (fo=1, estimated)        0.436     8.880    ps/axi_master_2/axi_rpop_repN
    SLICE_X31Y65         LUT3 (Prop_lut3_I1_O)        0.149     9.029 r  ps/axi_master_2/axi_rfill_lvl[3]_i_1_comp/O
                         net (fo=4, estimated)        0.360     9.389    ps/axi_master_2/axi_rfill_lvl[3]_i_1_n_0
    SLICE_X28Y64         FDRE                                         r  ps/axi_master_2/axi_rfill_lvl_reg[0]/CE
  -------------------------------------------------------------------    -------------------

                         (clock pll_dac_clk_2x rise edge)
                                                      4.000     4.000 r  
    U18                                               0.000     4.000 r  adc_clk_i[1] (IN)
                         net (fo=0)                   0.000     4.000    adc_clk_i[1]
    U18                  IBUFDS (Prop_ibufds_I_O)     0.909     4.909 r  i_clk/O
                         net (fo=1, estimated)        1.241     6.149    pll/clk
    PLLE2_ADV_X1Y1       PLLE2_ADV (Prop_plle2_adv_CLKIN1_CLKOUT2)
                                                      0.084     6.233 r  pll/pll/CLKOUT2
                         net (fo=2, estimated)        1.789     8.022    pll_dac_clk_2x
    BUFGCTRL_X0Y17       BUFG (Prop_bufg_I_O)         0.091     8.113 r  bufg_dac_axi_clk/O
                         net (fo=1079, estimated)     1.519     9.632    ps/axi_master_2/axi_clk_i
    SLICE_X28Y64         FDRE                                         r  ps/axi_master_2/axi_rfill_lvl_reg[0]/C
                         clock pessimism              0.332     9.964    
                         clock uncertainty           -0.063     9.902    
    SLICE_X28Y64         FDRE (Setup_fdre_C_CE)      -0.413     9.489    ps/axi_master_2/axi_rfill_lvl_reg[0]
  -------------------------------------------------------------------
                         required time                          9.489    
                         arrival time                          -9.389    
  -------------------------------------------------------------------
                         slack                                  0.100    





Min Delay Paths
--------------------------------------------------------------------------------------
Slack (VIOLATED) :        -0.085ns  (arrival time - required time)
  Source:                 i_asg/chB/inst_axi_dac/i_rdburst/rd_data_o_reg[46]/C
                            (rising edge-triggered cell FDRE clocked by pll_dac_clk_2x  {rise@0.000ns fall@2.000ns period=4.000ns})
  Destination:            i_asg/chB/inst_axi_dac/inst_asg_dat_fifo/U0/inst_fifo_gen/gconvfifo.rf/grf.rf/gntv_or_sync_fifo.mem/gbm.gbmg.gbmgc.ngecc.bmg/inst_blk_mem_gen/gnbram.gnativebmg.native_blk_mem_gen/valid.cstr/ramloop[1].ram.r/prim_noinit.ram/DEVICE_7SERIES.NO_BMM_INFO.SDP.WIDE_PRIM36_NO_ECC.ram/DIADI[10]
                            (rising edge-triggered cell RAMB36E1 clocked by pll_dac_clk_2x  {rise@0.000ns fall@2.000ns period=4.000ns})
  Path Group:             pll_dac_clk_2x
  Path Type:              Hold (Min at Fast Process Corner)
  Requirement:            0.000ns  (pll_dac_clk_2x rise@0.000ns - pll_dac_clk_2x rise@0.000ns)
  Data Path Delay:        0.267ns  (logic 0.141ns (52.886%)  route 0.126ns (47.114%))
  Logic Levels:           0  
  Clock Path Skew:        0.055ns (DCD - SCD - CPR)
    Destination Clock Delay (DCD):    2.751ns
    Source Clock Delay      (SCD):    2.336ns
    Clock Pessimism Removal (CPR):    0.359ns

    Location             Delay type                Incr(ns)  Path(ns)    Netlist Resource(s)
  -------------------------------------------------------------------    -------------------
                         (clock pll_dac_clk_2x rise edge)
                                                      0.000     0.000 r  
    U18                                               0.000     0.000 r  adc_clk_i[1] (IN)
                         net (fo=0)                   0.000     0.000    adc_clk_i[1]
    U18                  IBUFDS (Prop_ibufds_I_O)     0.370     0.370 r  i_clk/O
                         net (fo=1, estimated)        0.551     0.921    pll/clk
    PLLE2_ADV_X1Y1       PLLE2_ADV (Prop_plle2_adv_CLKIN1_CLKOUT2)
                                                      0.051     0.972 r  pll/pll/CLKOUT2
                         net (fo=2, estimated)        0.794     1.765    pll_dac_clk_2x
    BUFGCTRL_X0Y17       BUFG (Prop_bufg_I_O)         0.026     1.791 r  bufg_dac_axi_clk/O
                         net (fo=1079, estimated)     0.545     2.336    i_asg/chB/inst_axi_dac/i_rdburst/axi_sys\\.clk
    SLICE_X33Y76         FDRE                                         r  i_asg/chB/inst_axi_dac/i_rdburst/rd_data_o_reg[46]/C
  -------------------------------------------------------------------    -------------------
    SLICE_X33Y76         FDRE (Prop_fdre_C_Q)         0.141     2.477 r  i_asg/chB/inst_axi_dac/i_rdburst/rd_data_o_reg[46]/Q
                         net (fo=1, estimated)        0.126     2.603    i_asg/chB/inst_axi_dac/inst_asg_dat_fifo/U0/inst_fifo_gen/gconvfifo.rf/grf.rf/gntv_or_sync_fifo.mem/gbm.gbmg.gbmgc.ngecc.bmg/inst_blk_mem_gen/gnbram.gnativebmg.native_blk_mem_gen/valid.cstr/ramloop[1].ram.r/prim_noinit.ram/din[10]
    RAMB36_X2Y15         RAMB36E1                                     r  i_asg/chB/inst_axi_dac/inst_asg_dat_fifo/U0/inst_fifo_gen/gconvfifo.rf/grf.rf/gntv_or_sync_fifo.mem/gbm.gbmg.gbmgc.ngecc.bmg/inst_blk_mem_gen/gnbram.gnativebmg.native_blk_mem_gen/valid.cstr/ramloop[1].ram.r/prim_noinit.ram/DEVICE_7SERIES.NO_BMM_INFO.SDP.WIDE_PRIM36_NO_ECC.ram/DIADI[10]
  -------------------------------------------------------------------    -------------------

                         (clock pll_dac_clk_2x rise edge)
                                                      0.000     0.000 r  
    U18                                               0.000     0.000 r  adc_clk_i[1] (IN)
                         net (fo=0)                   0.000     0.000    adc_clk_i[1]
    U18                  IBUFDS (Prop_ibufds_I_O)     0.401     0.401 r  i_clk/O
                         net (fo=1, estimated)        0.579     0.981    pll/clk
    PLLE2_ADV_X1Y1       PLLE2_ADV (Prop_plle2_adv_CLKIN1_CLKOUT2)
                                                      0.054     1.035 r  pll/pll/CLKOUT2
                         net (fo=2, estimated)        0.835     1.870    pll_dac_clk_2x
    BUFGCTRL_X0Y17       BUFG (Prop_bufg_I_O)         0.029     1.899 r  bufg_dac_axi_clk/O
                         net (fo=1079, estimated)     0.851     2.751    i_asg/chB/inst_axi_dac/inst_asg_dat_fifo/U0/inst_fifo_gen/gconvfifo.rf/grf.rf/gntv_or_sync_fifo.mem/gbm.gbmg.gbmgc.ngecc.bmg/inst_blk_mem_gen/gnbram.gnativebmg.native_blk_mem_gen/valid.cstr/ramloop[1].ram.r/prim_noinit.ram/wr_clk
    RAMB36_X2Y15         RAMB36E1                                     r  i_asg/chB/inst_axi_dac/inst_asg_dat_fifo/U0/inst_fifo_gen/gconvfifo.rf/grf.rf/gntv_or_sync_fifo.mem/gbm.gbmg.gbmgc.ngecc.bmg/inst_blk_mem_gen/gnbram.gnativebmg.native_blk_mem_gen/valid.cstr/ramloop[1].ram.r/prim_noinit.ram/DEVICE_7SERIES.NO_BMM_INFO.SDP.WIDE_PRIM36_NO_ECC.ram/CLKBWRCLK
                         clock pessimism             -0.359     2.392    
    RAMB36_X2Y15         RAMB36E1 (Hold_ramb36e1_CLKBWRCLK_DIADI[10])
                                                      0.296     2.688    i_asg/chB/inst_axi_dac/inst_asg_dat_fifo/U0/inst_fifo_gen/gconvfifo.rf/grf.rf/gntv_or_sync_fifo.mem/gbm.gbmg.gbmgc.ngecc.bmg/inst_blk_mem_gen/gnbram.gnativebmg.native_blk_mem_gen/valid.cstr/ramloop[1].ram.r/prim_noinit.ram/DEVICE_7SERIES.NO_BMM_INFO.SDP.WIDE_PRIM36_NO_ECC.ram
  -------------------------------------------------------------------
                         required time                         -2.688    
                         arrival time                           2.603    
  -------------------------------------------------------------------
                         slack                                 -0.085    





Pulse Width Checks
--------------------------------------------------------------------------------------
Clock Name:         pll_dac_clk_2x
Waveform(ns):       { 0.000 2.000 }
Period(ns):         4.000
Sources:            { pll/pll/CLKOUT2 }

Check Type        Corner  Lib Pin             Reference Pin  Required(ns)  Actual(ns)  Slack(ns)  Location        Pin
Min Period        n/a     RAMB18E1/CLKBWRCLK  n/a            2.576         4.000       1.424      RAMB18_X2Y28    i_asg/chB/inst_axi_dac/inst_asg_dat_fifo/U0/inst_fifo_gen/gconvfifo.rf/grf.rf/gntv_or_sync_fifo.mem/gbm.gbmg.gbmgc.ngecc.bmg/inst_blk_mem_gen/gnbram.gnativebmg.native_blk_mem_gen/valid.cstr/ramloop[0].ram.r/prim_noinit.ram/DEVICE_7SERIES.NO_BMM_INFO.SDP.WIDE_PRIM18.ram/CLKBWRCLK
Max Period        n/a     PLLE2_ADV/CLKOUT2   n/a            160.000       4.000       156.000    PLLE2_ADV_X1Y1  pll/pll/CLKOUT2
Low Pulse Width   Fast    RAMD32/CLK          n/a            1.250         2.000       0.750      SLICE_X30Y78    ps/axi_master_3/axi_rfifo_reg_0_15_54_59/RAMA/CLK
High Pulse Width  Slow    RAMD32/CLK          n/a            1.250         2.000       0.750      SLICE_X30Y67    ps/axi_master_2/axi_rfifo_reg_0_15_0_5/RAMA/CLK



---------------------------------------------------------------------------------------------------
From Clock:  pll_ser_clk
  To Clock:  pll_ser_clk

Setup :           NA  Failing Endpoints,  Worst Slack           NA  ,  Total Violation           NA
Hold  :           NA  Failing Endpoints,  Worst Slack           NA  ,  Total Violation           NA
PW    :            0  Failing Endpoints,  Worst Slack        1.845ns,  Total Violation        0.000ns
---------------------------------------------------------------------------------------------------


Pulse Width Checks
--------------------------------------------------------------------------------------
Clock Name:         pll_ser_clk
Waveform(ns):       { 0.000 2.000 }
Period(ns):         4.000
Sources:            { pll/pll/CLKOUT4 }

Check Type  Corner  Lib Pin            Reference Pin  Required(ns)  Actual(ns)  Slack(ns)  Location        Pin
Min Period  n/a     BUFG/I             n/a            2.155         4.000       1.845      BUFGCTRL_X0Y22  bufg_ser_clk/I
Max Period  n/a     PLLE2_ADV/CLKOUT4  n/a            160.000       4.000       156.000    PLLE2_ADV_X1Y1  pll/pll/CLKOUT4



---------------------------------------------------------------------------------------------------
From Clock:  clk_fpga_0
  To Clock:  clk_fpga_0

Setup :            0  Failing Endpoints,  Worst Slack        0.923ns,  Total Violation        0.000ns
Hold  :            0  Failing Endpoints,  Worst Slack        0.131ns,  Total Violation        0.000ns
PW    :            0  Failing Endpoints,  Worst Slack        3.500ns,  Total Violation        0.000ns
---------------------------------------------------------------------------------------------------


Max Delay Paths
--------------------------------------------------------------------------------------
Slack (MET) :             0.923ns  (required time - arrival time)
  Source:                 ps/axi_slave_gp0/rd_araddr_reg[21]/C
                            (rising edge-triggered cell FDRE clocked by clk_fpga_0  {rise@0.000ns fall@4.000ns period=8.000ns})
  Destination:            ps/axi_slave_gp0/ack_cnt_reg[1]/R
                            (rising edge-triggered cell FDRE clocked by clk_fpga_0  {rise@0.000ns fall@4.000ns period=8.000ns})
  Path Group:             clk_fpga_0
  Path Type:              Setup (Max at Slow Process Corner)
  Requirement:            8.000ns  (clk_fpga_0 rise@8.000ns - clk_fpga_0 rise@0.000ns)
  Data Path Delay:        6.498ns  (logic 1.586ns (24.408%)  route 4.912ns (75.592%))
  Logic Levels:           4  (LUT3=1 LUT6=2 MUXF7=1)
  Clock Path Skew:        -0.025ns (DCD - SCD + CPR)
    Destination Clock Delay (DCD):    2.744ns = ( 10.744 - 8.000 ) 
    Source Clock Delay      (SCD):    2.989ns
    Clock Pessimism Removal (CPR):    0.220ns
  Clock Uncertainty:      0.125ns  ((TSJ^2 + TIJ^2)^1/2 + DJ) / 2 + PE
    Total System Jitter     (TSJ):    0.071ns
    Total Input Jitter      (TIJ):    0.240ns
    Discrete Jitter          (DJ):    0.000ns
    Phase Error              (PE):    0.000ns

    Location             Delay type                Incr(ns)  Path(ns)    Netlist Resource(s)
  -------------------------------------------------------------------    -------------------
                         (clock clk_fpga_0 rise edge)
                                                      0.000     0.000 r  
    PS7_X0Y0             PS7                          0.000     0.000 r  ps/system_i/processing_system7/inst/PS7_i/FCLKCLK[0]
                         net (fo=1, estimated)        1.193     1.193    ps/lopt
    BUFGCTRL_X0Y19       BUFG (Prop_bufg_I_O)         0.101     1.294 r  ps/fclk_buf[0]/O
                         net (fo=236, estimated)      1.695     2.989    ps/axi_slave_gp0/axi\\.ACLK
    SLICE_X27Y95         FDRE                                         r  ps/axi_slave_gp0/rd_araddr_reg[21]/C
  -------------------------------------------------------------------    -------------------
    SLICE_X27Y95         FDRE (Prop_fdre_C_Q)         0.419     3.408 r  ps/axi_slave_gp0/rd_araddr_reg[21]/Q
                         net (fo=1, estimated)        0.953     4.361    ps/axi_slave_gp0/rd_araddr[21]
    SLICE_X27Y97         LUT3 (Prop_lut3_I0_O)        0.325     4.686 r  ps/axi_slave_gp0/bus\\.addr[21]_INST_0/O
                         net (fo=82, estimated)       1.845     6.531    sys_bus_interconnect/bus_m\\.addr[21]
    SLICE_X63Y101        LUT6 (Prop_lut6_I2_O)        0.326     6.857 r  sys_bus_interconnect/bus_m\\.ack_INST_0_i_2/O
                         net (fo=1, routed)           0.000     6.857    sys_bus_interconnect/bus_m\\.ack_INST_0_i_2_n_0
    SLICE_X63Y101        MUXF7 (Prop_muxf7_I1_O)      0.217     7.074 r  sys_bus_interconnect/bus_m\\.ack_INST_0/O
                         net (fo=5, estimated)        1.558     8.632    ps/axi_slave_gp0/bus\\.ack
    SLICE_X27Y94         LUT6 (Prop_lut6_I3_O)        0.299     8.931 r  ps/axi_slave_gp0/ack_cnt[5]_i_1/O
                         net (fo=5, estimated)        0.556     9.487    ps/axi_slave_gp0/ack_cnt[5]
    SLICE_X27Y93         FDRE                                         r  ps/axi_slave_gp0/ack_cnt_reg[1]/R
  -------------------------------------------------------------------    -------------------

                         (clock clk_fpga_0 rise edge)
                                                      8.000     8.000 r  
    PS7_X0Y0             PS7                          0.000     8.000 r  ps/system_i/processing_system7/inst/PS7_i/FCLKCLK[0]
                         net (fo=1, estimated)        1.133     9.133    ps/lopt
    BUFGCTRL_X0Y19       BUFG (Prop_bufg_I_O)         0.091     9.224 r  ps/fclk_buf[0]/O
                         net (fo=236, estimated)      1.520    10.744    ps/axi_slave_gp0/axi\\.ACLK
    SLICE_X27Y93         FDRE                                         r  ps/axi_slave_gp0/ack_cnt_reg[1]/C
                         clock pessimism              0.220    10.964    
                         clock uncertainty           -0.125    10.839    
    SLICE_X27Y93         FDRE (Setup_fdre_C_R)       -0.429    10.410    ps/axi_slave_gp0/ack_cnt_reg[1]
  -------------------------------------------------------------------
                         required time                         10.410    
                         arrival time                          -9.487    
  -------------------------------------------------------------------
                         slack                                  0.923    





Min Delay Paths
--------------------------------------------------------------------------------------
Slack (MET) :             0.131ns  (arrival time - required time)
  Source:                 sys_bus_interconnect/for_bus[6].inst_sys_bus_cdc/ctrl_done_csff_reg[0]/C
                            (rising edge-triggered cell FDRE clocked by clk_fpga_0  {rise@0.000ns fall@4.000ns period=8.000ns})
  Destination:            sys_bus_interconnect/for_bus[6].inst_sys_bus_cdc/ctrl_done_csff_reg[1]/D
                            (rising edge-triggered cell FDRE clocked by clk_fpga_0  {rise@0.000ns fall@4.000ns period=8.000ns})
  Path Group:             clk_fpga_0
  Path Type:              Hold (Min at Fast Process Corner)
  Requirement:            0.000ns  (clk_fpga_0 rise@0.000ns - clk_fpga_0 rise@0.000ns)
  Data Path Delay:        0.222ns  (logic 0.141ns (63.533%)  route 0.081ns (36.467%))
  Logic Levels:           0  
  Clock Path Skew:        0.016ns (DCD - SCD - CPR)
    Destination Clock Delay (DCD):    1.491ns
    Source Clock Delay      (SCD):    1.190ns
    Clock Pessimism Removal (CPR):    0.285ns

    Location             Delay type                Incr(ns)  Path(ns)    Netlist Resource(s)
  -------------------------------------------------------------------    -------------------
                         (clock clk_fpga_0 rise edge)
                                                      0.000     0.000 r  
    PS7_X0Y0             PS7                          0.000     0.000 r  ps/system_i/processing_system7/inst/PS7_i/FCLKCLK[0]
                         net (fo=1, estimated)        0.503     0.503    ps/lopt
    BUFGCTRL_X0Y19       BUFG (Prop_bufg_I_O)         0.026     0.529 r  ps/fclk_buf[0]/O
                         net (fo=236, estimated)      0.661     1.190    sys_bus_interconnect/for_bus[6].inst_sys_bus_cdc/bus_s\\.clk
    SLICE_X67Y103        FDRE                                         r  sys_bus_interconnect/for_bus[6].inst_sys_bus_cdc/ctrl_done_csff_reg[0]/C
  -------------------------------------------------------------------    -------------------
    SLICE_X67Y103        FDRE (Prop_fdre_C_Q)         0.141     1.331 r  sys_bus_interconnect/for_bus[6].inst_sys_bus_cdc/ctrl_done_csff_reg[0]/Q
                         net (fo=1, estimated)        0.081     1.412    sys_bus_interconnect/for_bus[6].inst_sys_bus_cdc/ctrl_done_csff[0]
    SLICE_X67Y103        FDRE                                         r  sys_bus_interconnect/for_bus[6].inst_sys_bus_cdc/ctrl_done_csff_reg[1]/D
  -------------------------------------------------------------------    -------------------

                         (clock clk_fpga_0 rise edge)
                                                      0.000     0.000 r  
    PS7_X0Y0             PS7                          0.000     0.000 r  ps/system_i/processing_system7/inst/PS7_i/FCLKCLK[0]
                         net (fo=1, estimated)        0.529     0.529    ps/lopt
    BUFGCTRL_X0Y19       BUFG (Prop_bufg_I_O)         0.029     0.558 r  ps/fclk_buf[0]/O
                         net (fo=236, estimated)      0.933     1.491    sys_bus_interconnect/for_bus[6].inst_sys_bus_cdc/bus_s\\.clk
    SLICE_X67Y103        FDRE                                         r  sys_bus_interconnect/for_bus[6].inst_sys_bus_cdc/ctrl_done_csff_reg[1]/C
                         clock pessimism             -0.285     1.206    
    SLICE_X67Y103        FDRE (Hold_fdre_C_D)         0.075     1.281    sys_bus_interconnect/for_bus[6].inst_sys_bus_cdc/ctrl_done_csff_reg[1]
  -------------------------------------------------------------------
                         required time                         -1.281    
                         arrival time                           1.412    
  -------------------------------------------------------------------
                         slack                                  0.131    





Pulse Width Checks
--------------------------------------------------------------------------------------
Clock Name:         clk_fpga_0
Waveform(ns):       { 0.000 4.000 }
Period(ns):         8.000
Sources:            { ps/system_i/processing_system7/inst/PS7_i/FCLKCLK[0] }

Check Type        Corner  Lib Pin  Reference Pin  Required(ns)  Actual(ns)  Slack(ns)  Location        Pin
Min Period        n/a     BUFG/I   n/a            2.155         8.000       5.845      BUFGCTRL_X0Y19  ps/fclk_buf[0]/I
Low Pulse Width   Slow    FDRE/C   n/a            0.500         4.000       3.500      SLICE_X106Y92   fpll_locked_r2_reg/C
High Pulse Width  Fast    FDRE/C   n/a            0.500         4.000       3.500      SLICE_X67Y90    ps/axi_slave_gp0/axi\\.RDATA_reg[11]/C



---------------------------------------------------------------------------------------------------
From Clock:  clk_fpga_3
  To Clock:  clk_fpga_3

Setup :            0  Failing Endpoints,  Worst Slack        0.001ns,  Total Violation        0.000ns
Hold  :            0  Failing Endpoints,  Worst Slack        0.118ns,  Total Violation        0.000ns
PW    :            0  Failing Endpoints,  Worst Slack        1.000ns,  Total Violation        0.000ns
---------------------------------------------------------------------------------------------------


Max Delay Paths
--------------------------------------------------------------------------------------
Slack (MET) :             0.001ns  (required time - arrival time)
  Source:                 ps/system_i/axi_protocol_converter_0/inst/gen_axilite.gen_b2s_conv.axilite_b2s/SI_REG/aw.aw_pipe/m_payload_i_reg[2]/C
                            (rising edge-triggered cell FDRE clocked by clk_fpga_3  {rise@0.000ns fall@2.500ns period=5.000ns})
  Destination:            ps/system_i/xadc/inst/AXI_XADC_CORE_I/XADC_INST/DADDR[0]
                            (rising edge-triggered cell XADC clocked by clk_fpga_3  {rise@0.000ns fall@2.500ns period=5.000ns})
  Path Group:             clk_fpga_3
  Path Type:              Setup (Max at Slow Process Corner)
  Requirement:            5.000ns  (clk_fpga_3 rise@5.000ns - clk_fpga_3 rise@0.000ns)
  Data Path Delay:        4.115ns  (logic 0.828ns (20.122%)  route 3.287ns (79.878%))
  Logic Levels:           3  (LUT3=2 LUT5=1)
  Clock Path Skew:        -0.102ns (DCD - SCD + CPR)
    Destination Clock Delay (DCD):    2.926ns = ( 7.926 - 5.000 ) 
    Source Clock Delay      (SCD):    3.129ns
    Clock Pessimism Removal (CPR):    0.101ns
  Clock Uncertainty:      0.083ns  ((TSJ^2 + TIJ^2)^1/2 + DJ) / 2 + PE
    Total System Jitter     (TSJ):    0.071ns
    Total Input Jitter      (TIJ):    0.150ns
    Discrete Jitter          (DJ):    0.000ns
    Phase Error              (PE):    0.000ns

    Location             Delay type                Incr(ns)  Path(ns)    Netlist Resource(s)
  -------------------------------------------------------------------    -------------------
                         (clock clk_fpga_3 rise edge)
                                                      0.000     0.000 r  
    PS7_X0Y0             PS7                          0.000     0.000 r  ps/system_i/processing_system7/inst/PS7_i/FCLKCLK[3]
                         net (fo=1, estimated)        1.193     1.193    ps/system_i/processing_system7/inst/FCLK_CLK_unbuffered[3]
    BUFGCTRL_X0Y18       BUFG (Prop_bufg_I_O)         0.101     1.294 r  ps/system_i/processing_system7/inst/buffer_fclk_clk_3.FCLK_CLK_3_BUFG/O
                         net (fo=987, estimated)      1.835     3.129    ps/system_i/axi_protocol_converter_0/inst/gen_axilite.gen_b2s_conv.axilite_b2s/SI_REG/aw.aw_pipe/ACLK
    SLICE_X49Y115        FDRE                                         r  ps/system_i/axi_protocol_converter_0/inst/gen_axilite.gen_b2s_conv.axilite_b2s/SI_REG/aw.aw_pipe/m_payload_i_reg[2]/C
  -------------------------------------------------------------------    -------------------
    SLICE_X49Y115        FDRE (Prop_fdre_C_Q)         0.456     3.585 r  ps/system_i/axi_protocol_converter_0/inst/gen_axilite.gen_b2s_conv.axilite_b2s/SI_REG/aw.aw_pipe/m_payload_i_reg[2]/Q
                         net (fo=9, estimated)        0.903     4.488    ps/system_i/axi_protocol_converter_0/inst/gen_axilite.gen_b2s_conv.axilite_b2s/WR.aw_channel_0/cmd_translator_0/wrap_cmd_0/axaddr[2]
    SLICE_X47Y117        LUT3 (Prop_lut3_I0_O)        0.124     4.612 r  ps/system_i/axi_protocol_converter_0/inst/gen_axilite.gen_b2s_conv.axilite_b2s/WR.aw_channel_0/cmd_translator_0/wrap_cmd_0/cmd_byte_addr[2]_INST_0/O
                         net (fo=1, estimated)        0.457     5.069    ps/system_i/xadc/inst/AXI_LITE_IPIF_I/I_SLAVE_ATTACHMENT/lopt_32
    SLICE_X47Y117        LUT5 (Prop_lut5_I0_O)        0.124     5.193 r  ps/system_i/xadc/inst/AXI_LITE_IPIF_I/I_SLAVE_ATTACHMENT/Bus2IP_Addr[2]_INST_0_LOPT_REMAP_1/O
                         net (fo=1, estimated)        0.737     5.930    ps/system_i/xadc/inst/AXI_LITE_IPIF_I/I_SLAVE_ATTACHMENT/xlnx_opt_Bus2IP_Addr[2]
    SLICE_X47Y124        LUT3 (Prop_lut3_I2_O)        0.124     6.054 r  ps/system_i/xadc/inst/AXI_LITE_IPIF_I/I_SLAVE_ATTACHMENT/Bus2IP_Addr[2]_INST_0_LOPT_REMAP_2/O
                         net (fo=27, estimated)       1.190     7.244    ps/system_i/xadc/inst/AXI_XADC_CORE_I/Bus2IP_Addr[8]
    XADC_X0Y0            XADC                                         r  ps/system_i/xadc/inst/AXI_XADC_CORE_I/XADC_INST/DADDR[0]
  -------------------------------------------------------------------    -------------------

                         (clock clk_fpga_3 rise edge)
                                                      5.000     5.000 r  
    PS7_X0Y0             PS7                          0.000     5.000 r  ps/system_i/processing_system7/inst/PS7_i/FCLKCLK[3]
                         net (fo=1, estimated)        1.133     6.133    ps/system_i/processing_system7/inst/FCLK_CLK_unbuffered[3]
    BUFGCTRL_X0Y18       BUFG (Prop_bufg_I_O)         0.091     6.224 r  ps/system_i/processing_system7/inst/buffer_fclk_clk_3.FCLK_CLK_3_BUFG/O
                         net (fo=987, estimated)      1.702     7.926    ps/system_i/xadc/inst/AXI_XADC_CORE_I/Bus2IP_Clk
    XADC_X0Y0            XADC                                         r  ps/system_i/xadc/inst/AXI_XADC_CORE_I/XADC_INST/DCLK
                         clock pessimism              0.101     8.027    
                         clock uncertainty           -0.083     7.944    
    XADC_X0Y0            XADC (Setup_xadc_DCLK_DADDR[0])
                                                     -0.699     7.245    ps/system_i/xadc/inst/AXI_XADC_CORE_I/XADC_INST
  -------------------------------------------------------------------
                         required time                          7.245    
                         arrival time                          -7.244    
  -------------------------------------------------------------------
                         slack                                  0.001    





Min Delay Paths
--------------------------------------------------------------------------------------
Slack (MET) :             0.118ns  (arrival time - required time)
  Source:                 ps/system_i/xadc/inst/INTR_CTRLR_GEN_I.ip2bus_data_int_reg[18]/C
                            (rising edge-triggered cell FDRE clocked by clk_fpga_3  {rise@0.000ns fall@2.500ns period=5.000ns})
  Destination:            ps/system_i/xadc/inst/AXI_LITE_IPIF_I/I_SLAVE_ATTACHMENT/s_axi_rdata_i_reg[13]/D
                            (rising edge-triggered cell FDRE clocked by clk_fpga_3  {rise@0.000ns fall@2.500ns period=5.000ns})
  Path Group:             clk_fpga_3
  Path Type:              Hold (Min at Fast Process Corner)
  Requirement:            0.000ns  (clk_fpga_3 rise@0.000ns - clk_fpga_3 rise@0.000ns)
  Data Path Delay:        0.447ns  (logic 0.164ns (36.702%)  route 0.283ns (63.298%))
  Logic Levels:           0  
  Clock Path Skew:        0.266ns (DCD - SCD - CPR)
    Destination Clock Delay (DCD):    1.457ns
    Source Clock Delay      (SCD):    1.154ns
    Clock Pessimism Removal (CPR):    0.037ns

    Location             Delay type                Incr(ns)  Path(ns)    Netlist Resource(s)
  -------------------------------------------------------------------    -------------------
                         (clock clk_fpga_3 rise edge)
                                                      0.000     0.000 r  
    PS7_X0Y0             PS7                          0.000     0.000 r  ps/system_i/processing_system7/inst/PS7_i/FCLKCLK[3]
                         net (fo=1, estimated)        0.503     0.503    ps/system_i/processing_system7/inst/FCLK_CLK_unbuffered[3]
    BUFGCTRL_X0Y18       BUFG (Prop_bufg_I_O)         0.026     0.529 r  ps/system_i/processing_system7/inst/buffer_fclk_clk_3.FCLK_CLK_3_BUFG/O
                         net (fo=987, estimated)      0.625     1.154    ps/system_i/xadc/inst/s_axi_aclk
    SLICE_X50Y120        FDRE                                         r  ps/system_i/xadc/inst/INTR_CTRLR_GEN_I.ip2bus_data_int_reg[18]/C
  -------------------------------------------------------------------    -------------------
    SLICE_X50Y120        FDRE (Prop_fdre_C_Q)         0.164     1.318 r  ps/system_i/xadc/inst/INTR_CTRLR_GEN_I.ip2bus_data_int_reg[18]/Q
                         net (fo=1, estimated)        0.283     1.601    ps/system_i/xadc/inst/AXI_LITE_IPIF_I/I_SLAVE_ATTACHMENT/IP2Bus_Data[13]
    SLICE_X38Y119        FDRE                                         r  ps/system_i/xadc/inst/AXI_LITE_IPIF_I/I_SLAVE_ATTACHMENT/s_axi_rdata_i_reg[13]/D
  -------------------------------------------------------------------    -------------------

                         (clock clk_fpga_3 rise edge)
                                                      0.000     0.000 r  
    PS7_X0Y0             PS7                          0.000     0.000 r  ps/system_i/processing_system7/inst/PS7_i/FCLKCLK[3]
                         net (fo=1, estimated)        0.529     0.529    ps/system_i/processing_system7/inst/FCLK_CLK_unbuffered[3]
    BUFGCTRL_X0Y18       BUFG (Prop_bufg_I_O)         0.029     0.558 r  ps/system_i/processing_system7/inst/buffer_fclk_clk_3.FCLK_CLK_3_BUFG/O
                         net (fo=987, estimated)      0.899     1.457    ps/system_i/xadc/inst/AXI_LITE_IPIF_I/I_SLAVE_ATTACHMENT/s_axi_aclk
    SLICE_X38Y119        FDRE                                         r  ps/system_i/xadc/inst/AXI_LITE_IPIF_I/I_SLAVE_ATTACHMENT/s_axi_rdata_i_reg[13]/C
                         clock pessimism             -0.037     1.420    
    SLICE_X38Y119        FDRE (Hold_fdre_C_D)         0.063     1.483    ps/system_i/xadc/inst/AXI_LITE_IPIF_I/I_SLAVE_ATTACHMENT/s_axi_rdata_i_reg[13]
  -------------------------------------------------------------------
                         required time                         -1.483    
                         arrival time                           1.601    
  -------------------------------------------------------------------
                         slack                                  0.118    





Pulse Width Checks
--------------------------------------------------------------------------------------
Clock Name:         clk_fpga_3
Waveform(ns):       { 0.000 2.500 }
Period(ns):         5.000
Sources:            { ps/system_i/processing_system7/inst/PS7_i/FCLKCLK[3] }

Check Type        Corner  Lib Pin      Reference Pin  Required(ns)  Actual(ns)  Slack(ns)  Location       Pin
Min Period        n/a     XADC/DCLK    n/a            4.000         5.000       1.000      XADC_X0Y0      ps/system_i/xadc/inst/AXI_XADC_CORE_I/XADC_INST/DCLK
Low Pulse Width   Slow    SRLC32E/CLK  n/a            0.980         2.500       1.520      SLICE_X38Y116  ps/system_i/axi_protocol_converter_0/inst/gen_axilite.gen_b2s_conv.axilite_b2s/RD.r_channel_0/rd_data_fifo_0/memory_reg[31][0]_srl32/CLK
High Pulse Width  Fast    SRLC32E/CLK  n/a            0.980         2.500       1.520      SLICE_X38Y116  ps/system_i/axi_protocol_converter_0/inst/gen_axilite.gen_b2s_conv.axilite_b2s/RD.r_channel_0/rd_data_fifo_0/memory_reg[31][0]_srl32/CLK



---------------------------------------------------------------------------------------------------
From Clock:  rx_clk
  To Clock:  rx_clk

Setup :           NA  Failing Endpoints,  Worst Slack           NA  ,  Total Violation           NA
Hold  :           NA  Failing Endpoints,  Worst Slack           NA  ,  Total Violation           NA
PW    :            0  Failing Endpoints,  Worst Slack        2.333ns,  Total Violation        0.000ns
---------------------------------------------------------------------------------------------------


Pulse Width Checks
--------------------------------------------------------------------------------------
Clock Name:         rx_clk
Waveform(ns):       { 0.000 2.000 }
Period(ns):         4.000
Sources:            { daisy_p_i[1] }

Check Type  Corner  Lib Pin        Reference Pin  Required(ns)  Actual(ns)  Slack(ns)  Location      Pin
Min Period  n/a     ISERDESE2/CLK  n/a            1.667         4.000       2.333      ILOGIC_X1Y88  i_daisy/i_rx/genblk1[0].i_iserdese/CLK



---------------------------------------------------------------------------------------------------
From Clock:  par_clk
  To Clock:  par_clk

Setup :            0  Failing Endpoints,  Worst Slack        4.163ns,  Total Violation        0.000ns
Hold  :           27  Failing Endpoints,  Worst Slack       -0.739ns,  Total Violation      -11.590ns
PW    :            0  Failing Endpoints,  Worst Slack        3.020ns,  Total Violation        0.000ns
---------------------------------------------------------------------------------------------------


Max Delay Paths
--------------------------------------------------------------------------------------
Slack (MET) :             4.163ns  (required time - arrival time)
  Source:                 i_daisy/i_rx/genblk1[0].par_dat_r_reg[9]/C
                            (rising edge-triggered cell FDRE clocked by par_clk  {rise@0.000ns fall@4.000ns period=8.000ns})
  Destination:            i_daisy/i_rx/genblk1[0].par_dv_reg/CE
                            (rising edge-triggered cell FDRE clocked by par_clk  {rise@0.000ns fall@4.000ns period=8.000ns})
  Path Group:             par_clk
  Path Type:              Setup (Max at Slow Process Corner)
  Requirement:            8.000ns  (par_clk rise@8.000ns - par_clk rise@0.000ns)
  Data Path Delay:        3.607ns  (logic 1.087ns (30.136%)  route 2.520ns (69.864%))
  Logic Levels:           4  (LUT4=3 LUT6=1)
  Clock Path Skew:        -0.026ns (DCD - SCD + CPR)
    Destination Clock Delay (DCD):    4.172ns = ( 12.172 - 8.000 ) 
    Source Clock Delay      (SCD):    4.562ns
    Clock Pessimism Removal (CPR):    0.364ns
  Clock Uncertainty:      0.035ns  ((TSJ^2 + TIJ^2)^1/2 + DJ) / 2 + PE
    Total System Jitter     (TSJ):    0.071ns
    Total Input Jitter      (TIJ):    0.000ns
    Discrete Jitter          (DJ):    0.000ns
    Phase Error              (PE):    0.000ns

    Location             Delay type                Incr(ns)  Path(ns)    Netlist Resource(s)
  -------------------------------------------------------------------    -------------------
                         (clock par_clk rise edge)    0.000     0.000 r  
    N18                                               0.000     0.000 r  daisy_p_i[1] (IN)
                         net (fo=0)                   0.000     0.000    i_daisy/daisy_p_i[1]
    N18                  IBUFDS (Prop_ibufds_I_O)     0.914     0.914 r  i_daisy/i_IBUFGDS_clk/O
                         net (fo=2, estimated)        0.510     1.424    i_daisy/i_rx/ser_clk_i
    BUFR_X1Y5            BUFR (Prop_bufr_I_O)         1.032     2.456 r  i_daisy/i_rx/i_BUFR_clk/O
                         net (fo=51, estimated)       0.285     2.741    i_daisy/i_rx/par_clk
    BUFGCTRL_X0Y20       BUFG (Prop_bufg_I_O)         0.101     2.842 r  i_daisy/i_rx/i_parclk_buf/O
                         net (fo=233, estimated)      1.720     4.562    i_daisy/i_rx/par_clk_o
    SLICE_X87Y89         FDRE                                         r  i_daisy/i_rx/genblk1[0].par_dat_r_reg[9]/C
  -------------------------------------------------------------------    -------------------
    SLICE_X87Y89         FDRE (Prop_fdre_C_Q)         0.419     4.981 f  i_daisy/i_rx/genblk1[0].par_dat_r_reg[9]/Q
                         net (fo=3, estimated)        0.967     5.948    i_daisy/i_rx/genblk1[0].par_dat_r[9]
    SLICE_X84Y89         LUT4 (Prop_lut4_I0_O)        0.296     6.244 f  i_daisy/i_rx/genblk1[0].par_ok[0]_i_7/O
                         net (fo=1, estimated)        0.451     6.695    i_daisy/i_rx/genblk1[0].par_ok[0]_i_7_n_0
    SLICE_X86Y87         LUT4 (Prop_lut4_I3_O)        0.124     6.819 f  i_daisy/i_rx/genblk1[0].par_ok[0]_i_3/O
                         net (fo=2, estimated)        0.318     7.137    i_daisy/i_rx/genblk1[0].par_ok[0]_i_3_n_0
    SLICE_X86Y88         LUT6 (Prop_lut6_I2_O)        0.124     7.261 r  i_daisy/i_rx/genblk1[0].par_ok[0]_i_2/O
                         net (fo=2, estimated)        0.317     7.578    i_daisy/i_rx/genblk1[0].par_ok[0]_i_2_n_0
    SLICE_X86Y87         LUT4 (Prop_lut4_I1_O)        0.124     7.702 r  i_daisy/i_rx/genblk1[0].par_dv_reg_CE_cooolgate_en_gate_786/O
                         net (fo=1, estimated)        0.467     8.169    i_daisy/i_rx/genblk1[0].par_dv_reg_CE_cooolgate_en_sig_267
    SLICE_X86Y88         FDRE                                         r  i_daisy/i_rx/genblk1[0].par_dv_reg/CE
  -------------------------------------------------------------------    -------------------

                         (clock par_clk rise edge)    8.000     8.000 r  
    N18                                               0.000     8.000 r  daisy_p_i[1] (IN)
                         net (fo=0)                   0.000     8.000    i_daisy/daisy_p_i[1]
    N18                  IBUFDS (Prop_ibufds_I_O)     0.872     8.872 r  i_daisy/i_IBUFGDS_clk/O
                         net (fo=2, estimated)        0.484     9.356    i_daisy/i_rx/ser_clk_i
    BUFR_X1Y5            BUFR (Prop_bufr_I_O)         0.919    10.275 r  i_daisy/i_rx/i_BUFR_clk/O
                         net (fo=51, estimated)       0.264    10.539    i_daisy/i_rx/par_clk
    BUFGCTRL_X0Y20       BUFG (Prop_bufg_I_O)         0.091    10.630 r  i_daisy/i_rx/i_parclk_buf/O
                         net (fo=233, estimated)      1.542    12.172    i_daisy/i_rx/par_clk_o
    SLICE_X86Y88         FDRE                                         r  i_daisy/i_rx/genblk1[0].par_dv_reg/C
                         clock pessimism              0.364    12.536    
                         clock uncertainty           -0.035    12.501    
    SLICE_X86Y88         FDRE (Setup_fdre_C_CE)      -0.169    12.332    i_daisy/i_rx/genblk1[0].par_dv_reg
  -------------------------------------------------------------------
                         required time                         12.332    
                         arrival time                          -8.169    
  -------------------------------------------------------------------
                         slack                                  4.163    





Min Delay Paths
--------------------------------------------------------------------------------------
Slack (VIOLATED) :        -0.739ns  (arrival time - required time)
  Source:                 i_daisy/i_rx/genblk1[0].par_dat_reg[14]/C
                            (rising edge-triggered cell FDRE clocked by par_clk  {rise@0.000ns fall@4.000ns period=8.000ns})
  Destination:            i_daisy/i_rx/genblk1[0].par_dat_r_reg[14]/D
                            (rising edge-triggered cell FDRE clocked by par_clk  {rise@0.000ns fall@4.000ns period=8.000ns})
  Path Group:             par_clk
  Path Type:              Hold (Min at Slow Process Corner)
  Requirement:            0.000ns  (par_clk rise@0.000ns - par_clk rise@0.000ns)
  Data Path Delay:        0.639ns  (logic 0.367ns (57.460%)  route 0.272ns (42.540%))
  Logic Levels:           0  
  Clock Path Skew:        1.208ns (DCD - SCD - CPR)
    Destination Clock Delay (DCD):    4.562ns
    Source Clock Delay      (SCD):    3.173ns
    Clock Pessimism Removal (CPR):    0.181ns

    Location             Delay type                Incr(ns)  Path(ns)    Netlist Resource(s)
  -------------------------------------------------------------------    -------------------
                         (clock par_clk rise edge)    0.000     0.000 r  
    N18                                               0.000     0.000 r  daisy_p_i[1] (IN)
                         net (fo=0)                   0.000     0.000    i_daisy/daisy_p_i[1]
    N18                  IBUFDS (Prop_ibufds_I_O)     0.872     0.872 r  i_daisy/i_IBUFGDS_clk/O
                         net (fo=2, estimated)        0.484     1.356    i_daisy/i_rx/ser_clk_i
    BUFR_X1Y5            BUFR (Prop_bufr_I_O)         0.919     2.275 r  i_daisy/i_rx/i_BUFR_clk/O
                         net (fo=51, estimated)       0.898     3.173    i_daisy/i_rx/par_clk
    SLICE_X89Y89         FDRE                                         r  i_daisy/i_rx/genblk1[0].par_dat_reg[14]/C
  -------------------------------------------------------------------    -------------------
    SLICE_X89Y89         FDRE (Prop_fdre_C_Q)         0.367     3.540 r  i_daisy/i_rx/genblk1[0].par_dat_reg[14]/Q
                         net (fo=1, estimated)        0.272     3.812    i_daisy/i_rx/genblk1[0].par_dat[14]
    SLICE_X87Y89         FDRE                                         r  i_daisy/i_rx/genblk1[0].par_dat_r_reg[14]/D
  -------------------------------------------------------------------    -------------------

                         (clock par_clk rise edge)    0.000     0.000 r  
    N18                                               0.000     0.000 r  daisy_p_i[1] (IN)
                         net (fo=0)                   0.000     0.000    i_daisy/daisy_p_i[1]
    N18                  IBUFDS (Prop_ibufds_I_O)     0.914     0.914 r  i_daisy/i_IBUFGDS_clk/O
                         net (fo=2, estimated)        0.510     1.424    i_daisy/i_rx/ser_clk_i
    BUFR_X1Y5            BUFR (Prop_bufr_I_O)         1.032     2.456 r  i_daisy/i_rx/i_BUFR_clk/O
                         net (fo=51, estimated)       0.285     2.741    i_daisy/i_rx/par_clk
    BUFGCTRL_X0Y20       BUFG (Prop_bufg_I_O)         0.101     2.842 r  i_daisy/i_rx/i_parclk_buf/O
                         net (fo=233, estimated)      1.720     4.562    i_daisy/i_rx/par_clk_o
    SLICE_X87Y89         FDRE                                         r  i_daisy/i_rx/genblk1[0].par_dat_r_reg[14]/C
                         clock pessimism             -0.181     4.381    
    SLICE_X87Y89         FDRE (Hold_fdre_C_D)         0.170     4.551    i_daisy/i_rx/genblk1[0].par_dat_r_reg[14]
  -------------------------------------------------------------------
                         required time                         -4.551    
                         arrival time                           3.812    
  -------------------------------------------------------------------
                         slack                                 -0.739    





Pulse Width Checks
--------------------------------------------------------------------------------------
Clock Name:         par_clk
Waveform(ns):       { 0.000 4.000 }
Period(ns):         8.000
Sources:            { i_daisy/i_rx/i_BUFR_clk/O }

Check Type        Corner  Lib Pin     Reference Pin  Required(ns)  Actual(ns)  Slack(ns)  Location        Pin
Min Period        n/a     BUFG/I      n/a            2.155         8.000       5.845      BUFGCTRL_X0Y20  i_daisy/i_rx/i_parclk_buf/I
Low Pulse Width   Fast    SRL16E/CLK  n/a            0.980         4.000       3.020      SLICE_X86Y87    i_daisy/i_rx/genblk1[0].bitslip_r_reg[1]_srl2/CLK
High Pulse Width  Slow    SRL16E/CLK  n/a            0.980         4.000       3.020      SLICE_X86Y87    i_daisy/i_rx/genblk1[0].bitslip_r_reg[1]_srl2/CLK



---------------------------------------------------------------------------------------------------
From Clock:  pll_dac_clk_2x
  To Clock:  pll_adc_clk

Setup :            0  Failing Endpoints,  Worst Slack        2.363ns,  Total Violation        0.000ns
Hold  :           NA  Failing Endpoints,  Worst Slack           NA  ,  Total Violation           NA
---------------------------------------------------------------------------------------------------


Max Delay Paths
--------------------------------------------------------------------------------------
Slack (MET) :             2.363ns  (required time - arrival time)
  Source:                 i_asg/chB/inst_axi_dac/inst_asg_dat_fifo/U0/inst_fifo_gen/gconvfifo.rf/grf.rf/gntv_or_sync_fifo.gcx.clkx/wr_pntr_cdc_inst/src_gray_ff_reg[7]/C
                            (rising edge-triggered cell FDRE clocked by pll_dac_clk_2x  {rise@0.000ns fall@2.000ns period=4.000ns})
  Destination:            i_asg/chB/inst_axi_dac/inst_asg_dat_fifo/U0/inst_fifo_gen/gconvfifo.rf/grf.rf/gntv_or_sync_fifo.gcx.clkx/wr_pntr_cdc_inst/dest_graysync_ff_reg[0][7]/D
                            (rising edge-triggered cell FDRE clocked by pll_adc_clk  {rise@0.000ns fall@4.000ns period=8.000ns})
  Path Group:             pll_adc_clk
  Path Type:              Setup (Max at Slow Process Corner)
  Requirement:            4.000ns  (MaxDelay Path 4.000ns)
  Data Path Delay:        1.367ns  (logic 0.419ns (30.651%)  route 0.948ns (69.349%))
  Logic Levels:           0  
  Timing Exception:       MaxDelay Path 4.000ns -datapath_only

    Location             Delay type                Incr(ns)  Path(ns)    Netlist Resource(s)
  -------------------------------------------------------------------    -------------------
    SLICE_X33Y71                                      0.000     0.000 r  i_asg/chB/inst_axi_dac/inst_asg_dat_fifo/U0/inst_fifo_gen/gconvfifo.rf/grf.rf/gntv_or_sync_fifo.gcx.clkx/wr_pntr_cdc_inst/src_gray_ff_reg[7]/C
    SLICE_X33Y71         FDRE (Prop_fdre_C_Q)         0.419     0.419 r  i_asg/chB/inst_axi_dac/inst_asg_dat_fifo/U0/inst_fifo_gen/gconvfifo.rf/grf.rf/gntv_or_sync_fifo.gcx.clkx/wr_pntr_cdc_inst/src_gray_ff_reg[7]/Q
                         net (fo=1, estimated)        0.948     1.367    i_asg/chB/inst_axi_dac/inst_asg_dat_fifo/U0/inst_fifo_gen/gconvfifo.rf/grf.rf/gntv_or_sync_fifo.gcx.clkx/wr_pntr_cdc_inst/async_path[7]
    SLICE_X35Y71         FDRE                                         r  i_asg/chB/inst_axi_dac/inst_asg_dat_fifo/U0/inst_fifo_gen/gconvfifo.rf/grf.rf/gntv_or_sync_fifo.gcx.clkx/wr_pntr_cdc_inst/dest_graysync_ff_reg[0][7]/D
  -------------------------------------------------------------------    -------------------

                         max delay                    4.000     4.000    
    SLICE_X35Y71         FDRE (Setup_fdre_C_D)       -0.270     3.730    i_asg/chB/inst_axi_dac/inst_asg_dat_fifo/U0/inst_fifo_gen/gconvfifo.rf/grf.rf/gntv_or_sync_fifo.gcx.clkx/wr_pntr_cdc_inst/dest_graysync_ff_reg[0][7]
  -------------------------------------------------------------------
                         required time                          3.730    
                         arrival time                          -1.367    
  -------------------------------------------------------------------
                         slack                                  2.363    





---------------------------------------------------------------------------------------------------
From Clock:  clk_fpga_0
  To Clock:  pll_adc_clk

Setup :            0  Failing Endpoints,  Worst Slack        3.599ns,  Total Violation        0.000ns
Hold  :           NA  Failing Endpoints,  Worst Slack           NA  ,  Total Violation           NA
---------------------------------------------------------------------------------------------------


Max Delay Paths
--------------------------------------------------------------------------------------
Slack (MET) :             3.599ns  (required time - arrival time)
  Source:                 ps/axi_slave_gp0/wr_awaddr_reg[18]/C
                            (rising edge-triggered cell FDRE clocked by clk_fpga_0  {rise@0.000ns fall@4.000ns period=8.000ns})
  Destination:            sys_bus_interconnect/for_bus[1].inst_sys_bus_cdc/bus_m\\.addr_reg[18]/D
                            (rising edge-triggered cell FDRE clocked by pll_adc_clk  {rise@0.000ns fall@4.000ns period=8.000ns})
  Path Group:             pll_adc_clk
  Path Type:              Setup (Max at Slow Process Corner)
  Requirement:            8.000ns  (MaxDelay Path 8.000ns)
  Data Path Delay:        4.096ns  (logic 0.802ns (19.580%)  route 3.294ns (80.420%))
  Logic Levels:           1  (LUT3=1)
  Timing Exception:       MaxDelay Path 8.000ns -datapath_only

    Location             Delay type                Incr(ns)  Path(ns)    Netlist Resource(s)
  -------------------------------------------------------------------    -------------------
    SLICE_X26Y96                                      0.000     0.000 r  ps/axi_slave_gp0/wr_awaddr_reg[18]/C
    SLICE_X26Y96         FDRE (Prop_fdre_C_Q)         0.478     0.478 r  ps/axi_slave_gp0/wr_awaddr_reg[18]/Q
                         net (fo=1, estimated)        0.988     1.466    ps/axi_slave_gp0/wr_awaddr[18]
    SLICE_X26Y95         LUT3 (Prop_lut3_I1_O)        0.324     1.790 r  ps/axi_slave_gp0/bus\\.addr[18]_INST_0/O
                         net (fo=6, estimated)        2.306     4.096    sys_bus_interconnect/for_bus[1].inst_sys_bus_cdc/bus_s\\.addr[18]
    SLICE_X53Y42         FDRE                                         r  sys_bus_interconnect/for_bus[1].inst_sys_bus_cdc/bus_m\\.addr_reg[18]/D
  -------------------------------------------------------------------    -------------------

                         max delay                    8.000     8.000    
    SLICE_X53Y42         FDRE (Setup_fdre_C_D)       -0.305     7.695    sys_bus_interconnect/for_bus[1].inst_sys_bus_cdc/bus_m\\.addr_reg[18]
  -------------------------------------------------------------------
                         required time                          7.695    
                         arrival time                          -4.096    
  -------------------------------------------------------------------
                         slack                                  3.599    





---------------------------------------------------------------------------------------------------
From Clock:  pll_adc_clk
  To Clock:  pll_dac_clk_1x

Setup :            0  Failing Endpoints,  Worst Slack        3.730ns,  Total Violation        0.000ns
Hold  :            0  Failing Endpoints,  Worst Slack        0.117ns,  Total Violation        0.000ns
---------------------------------------------------------------------------------------------------


Max Delay Paths
--------------------------------------------------------------------------------------
Slack (MET) :             3.730ns  (required time - arrival time)
  Source:                 i_asg/chA/dac_o_reg[0]/C
                            (rising edge-triggered cell FDSE clocked by pll_adc_clk  {rise@0.000ns fall@4.000ns period=8.000ns})
  Destination:            dac_dat_a_reg[13]/D
                            (rising edge-triggered cell FDRE clocked by pll_dac_clk_1x  {rise@0.000ns fall@4.000ns period=8.000ns})
  Path Group:             pll_dac_clk_1x
  Path Type:              Setup (Max at Slow Process Corner)
  Requirement:            8.000ns  (pll_dac_clk_1x rise@8.000ns - pll_adc_clk rise@0.000ns)
  Data Path Delay:        3.686ns  (logic 1.866ns (50.624%)  route 1.820ns (49.376%))
  Logic Levels:           6  (CARRY4=4 LUT2=1 LUT3=1)
  Clock Path Skew:        -0.472ns (DCD - SCD + CPR)
    Destination Clock Delay (DCD):    5.721ns = ( 13.721 - 8.000 ) 
    Source Clock Delay      (SCD):    6.306ns
    Clock Pessimism Removal (CPR):    0.113ns
  Clock Uncertainty:      0.189ns  ((TSJ^2 + DJ^2)^1/2) / 2 + PE
    Total System Jitter     (TSJ):    0.071ns
    Discrete Jitter          (DJ):    0.118ns
    Phase Error              (PE):    0.120ns

    Location             Delay type                Incr(ns)  Path(ns)    Netlist Resource(s)
  -------------------------------------------------------------------    -------------------
                         (clock pll_adc_clk rise edge)
                                                      0.000     0.000 r  
    U18                                               0.000     0.000 r  adc_clk_i[1] (IN)
                         net (fo=0)                   0.000     0.000    adc_clk_i[1]
    U18                  IBUFDS (Prop_ibufds_I_O)     0.951     0.951 r  i_clk/O
                         net (fo=1, estimated)        1.306     2.257    pll/clk
    PLLE2_ADV_X1Y1       PLLE2_ADV (Prop_plle2_adv_CLKIN1_CLKOUT0)
                                                      0.089     2.346 r  pll/pll/CLKOUT0
                         net (fo=1, estimated)        1.883     4.229    pll_adc_clk
    BUFGCTRL_X0Y16       BUFG (Prop_bufg_I_O)         0.101     4.330 r  bufg_adc_clk/O
                         net (fo=10210, estimated)    1.976     6.306    i_asg/chA/dac_clk_i
    SLICE_X93Y102        FDSE                                         r  i_asg/chA/dac_o_reg[0]/C
  -------------------------------------------------------------------    -------------------
    SLICE_X93Y102        FDSE (Prop_fdse_C_Q)         0.456     6.762 r  i_asg/chA/dac_o_reg[0]/Q
                         net (fo=2, estimated)        0.907     7.669    asg_dat[0][0]
    SLICE_X92Y105        LUT2 (Prop_lut2_I0_O)        0.124     7.793 r  adc_dat[0][3]_i_7/O
                         net (fo=1, routed)           0.000     7.793    adc_dat[0][3]_i_7_n_0
    SLICE_X92Y105        CARRY4 (Prop_carry4_S[0]_CO[3])
                                                      0.513     8.306 r  adc_dat_reg[0][3]_i_2/CO[3]
                         net (fo=1, estimated)        0.000     8.306    adc_dat_reg[0][3]_i_2_n_0
    SLICE_X92Y106        CARRY4 (Prop_carry4_CI_CO[3])
                                                      0.117     8.423 r  adc_dat_reg[0][7]_i_2/CO[3]
                         net (fo=1, estimated)        0.000     8.423    adc_dat_reg[0][7]_i_2_n_0
    SLICE_X92Y107        CARRY4 (Prop_carry4_CI_CO[3])
                                                      0.117     8.540 r  adc_dat_reg[0][11]_i_2/CO[3]
                         net (fo=1, estimated)        0.000     8.540    adc_dat_reg[0][11]_i_2_n_0
    SLICE_X92Y108        CARRY4 (Prop_carry4_CI_CO[2])
                                                      0.229     8.769 f  adc_dat_reg[0][13]_i_2/CO[2]
                         net (fo=28, estimated)       0.913     9.682    adc_dat_reg[0][13]_i_2_n_1
    SLICE_X98Y98         LUT3 (Prop_lut3_I1_O)        0.310     9.992 r  dac_dat_a[13]_i_1/O
                         net (fo=1, routed)           0.000     9.992    dac_dat_a[13]_i_1_n_0
    SLICE_X98Y98         FDRE                                         r  dac_dat_a_reg[13]/D
  -------------------------------------------------------------------    -------------------

                         (clock pll_dac_clk_1x rise edge)
                                                      8.000     8.000 r  
    U18                                               0.000     8.000 r  adc_clk_i[1] (IN)
                         net (fo=0)                   0.000     8.000    adc_clk_i[1]
    U18                  IBUFDS (Prop_ibufds_I_O)     0.909     8.909 r  i_clk/O
                         net (fo=1, estimated)        1.241    10.149    pll/clk
    PLLE2_ADV_X1Y1       PLLE2_ADV (Prop_plle2_adv_CLKIN1_CLKOUT1)
                                                      0.084    10.233 r  pll/pll/CLKOUT1
                         net (fo=1, estimated)        1.789    12.022    pll_dac_clk_1x
    BUFGCTRL_X0Y21       BUFG (Prop_bufg_I_O)         0.091    12.113 r  bufg_dac_clk_1x/O
                         net (fo=45, estimated)       1.608    13.721    dac_clk_1x
    SLICE_X98Y98         FDRE                                         r  dac_dat_a_reg[13]/C
                         clock pessimism              0.113    13.834    
                         clock uncertainty           -0.189    13.645    
    SLICE_X98Y98         FDRE (Setup_fdre_C_D)        0.077    13.722    dac_dat_a_reg[13]
  -------------------------------------------------------------------
                         required time                         13.722    
                         arrival time                          -9.992    
  -------------------------------------------------------------------
                         slack                                  3.730    





Min Delay Paths
--------------------------------------------------------------------------------------
Slack (MET) :             0.117ns  (arrival time - required time)
  Source:                 rst_cnt_reg[6]/C
                            (rising edge-triggered cell FDRE clocked by pll_adc_clk  {rise@0.000ns fall@4.000ns period=8.000ns})
  Destination:            dac_rst_reg/D
                            (rising edge-triggered cell FDRE clocked by pll_dac_clk_1x  {rise@0.000ns fall@4.000ns period=8.000ns})
  Path Group:             pll_dac_clk_1x
  Path Type:              Hold (Min at Fast Process Corner)
  Requirement:            0.000ns  (pll_dac_clk_1x rise@0.000ns - pll_adc_clk rise@0.000ns)
  Data Path Delay:        0.686ns  (logic 0.186ns (27.117%)  route 0.500ns (72.883%))
  Logic Levels:           1  (LUT3=1)
  Clock Path Skew:        0.321ns (DCD - SCD - CPR)
    Destination Clock Delay (DCD):    2.892ns
    Source Clock Delay      (SCD):    2.508ns
    Clock Pessimism Removal (CPR):    0.063ns
  Clock Uncertainty:      0.189ns  ((TSJ^2 + DJ^2)^1/2) / 2 + PE
    Total System Jitter     (TSJ):    0.071ns
    Discrete Jitter          (DJ):    0.118ns
    Phase Error              (PE):    0.120ns

    Location             Delay type                Incr(ns)  Path(ns)    Netlist Resource(s)
  -------------------------------------------------------------------    -------------------
                         (clock pll_adc_clk rise edge)
                                                      0.000     0.000 r  
    U18                                               0.000     0.000 r  adc_clk_i[1] (IN)
                         net (fo=0)                   0.000     0.000    adc_clk_i[1]
    U18                  IBUFDS (Prop_ibufds_I_O)     0.370     0.370 r  i_clk/O
                         net (fo=1, estimated)        0.551     0.921    pll/clk
    PLLE2_ADV_X1Y1       PLLE2_ADV (Prop_plle2_adv_CLKIN1_CLKOUT0)
                                                      0.051     0.972 r  pll/pll/CLKOUT0
                         net (fo=1, estimated)        0.794     1.765    pll_adc_clk
    BUFGCTRL_X0Y16       BUFG (Prop_bufg_I_O)         0.026     1.791 r  bufg_adc_clk/O
                         net (fo=10210, estimated)    0.717     2.508    adc_clk
    SLICE_X110Y107       FDRE                                         r  rst_cnt_reg[6]/C
  -------------------------------------------------------------------    -------------------
    SLICE_X110Y107       FDRE (Prop_fdre_C_Q)         0.141     2.649 r  rst_cnt_reg[6]/Q
                         net (fo=3, estimated)        0.357     3.006    rst_cnt[6]
    SLICE_X109Y107       LUT3 (Prop_lut3_I1_O)        0.045     3.051 r  dac_rst_i_1/O
                         net (fo=1, estimated)        0.143     3.194    dac_rst_reg0
    SLICE_X112Y107       FDRE                                         r  dac_rst_reg/D
  -------------------------------------------------------------------    -------------------

                         (clock pll_dac_clk_1x rise edge)
                                                      0.000     0.000 r  
    U18                                               0.000     0.000 r  adc_clk_i[1] (IN)
                         net (fo=0)                   0.000     0.000    adc_clk_i[1]
    U18                  IBUFDS (Prop_ibufds_I_O)     0.401     0.401 r  i_clk/O
                         net (fo=1, estimated)        0.579     0.981    pll/clk
    PLLE2_ADV_X1Y1       PLLE2_ADV (Prop_plle2_adv_CLKIN1_CLKOUT1)
                                                      0.054     1.035 r  pll/pll/CLKOUT1
                         net (fo=1, estimated)        0.835     1.870    pll_dac_clk_1x
    BUFGCTRL_X0Y21       BUFG (Prop_bufg_I_O)         0.029     1.899 r  bufg_dac_clk_1x/O
                         net (fo=45, estimated)       0.993     2.892    dac_clk_1x
    SLICE_X112Y107       FDRE                                         r  dac_rst_reg/C
                         clock pessimism             -0.063     2.829    
                         clock uncertainty            0.189     3.018    
    SLICE_X112Y107       FDRE (Hold_fdre_C_D)         0.059     3.077    dac_rst_reg
  -------------------------------------------------------------------
                         required time                         -3.077    
                         arrival time                           3.194    
  -------------------------------------------------------------------
                         slack                                  0.117    





---------------------------------------------------------------------------------------------------
From Clock:  pll_adc_clk
  To Clock:  clk_fpga_0

Setup :            0  Failing Endpoints,  Worst Slack        0.120ns,  Total Violation        0.000ns
Hold  :            0  Failing Endpoints,  Worst Slack        1.368ns,  Total Violation        0.000ns
---------------------------------------------------------------------------------------------------


Max Delay Paths
--------------------------------------------------------------------------------------
Slack (MET) :             0.120ns  (required time - arrival time)
  Source:                 i_scope/i_cfg/sys_rdata_reg[3]/C
                            (rising edge-triggered cell FDRE clocked by pll_adc_clk  {rise@0.000ns fall@4.000ns period=8.000ns})
  Destination:            ps/axi_slave_gp0/axi\\.RDATA_reg[3]/D
                            (rising edge-triggered cell FDRE clocked by clk_fpga_0  {rise@0.000ns fall@4.000ns period=8.000ns})
  Path Group:             clk_fpga_0
  Path Type:              Setup (Max at Slow Process Corner)
  Requirement:            8.000ns  (clk_fpga_0 rise@8.000ns - pll_adc_clk rise@0.000ns)
  Data Path Delay:        4.521ns  (logic 1.211ns (26.786%)  route 3.310ns (73.214%))
  Logic Levels:           3  (LUT2=1 LUT6=1 MUXF7=1)
  Clock Path Skew:        -3.237ns (DCD - SCD + CPR)
    Destination Clock Delay (DCD):    2.759ns = ( 10.759 - 8.000 ) 
    Source Clock Delay      (SCD):    5.996ns
    Clock Pessimism Removal (CPR):    0.000ns
  Clock Uncertainty:      0.235ns  ((TSJ^2 + TIJ^2 + DJ^2)^1/2) / 2 + PE
    Total System Jitter     (TSJ):    0.071ns
    Total Input Jitter      (TIJ):    0.240ns
    Discrete Jitter          (DJ):    0.118ns
    Phase Error              (PE):    0.097ns
  Clock Domain Crossing:  Inter clock paths are considered valid unless explicitly excluded by timing constraints such as set_clock_groups or set_false_path.

    Location             Delay type                Incr(ns)  Path(ns)    Netlist Resource(s)
  -------------------------------------------------------------------    -------------------
                         (clock pll_adc_clk rise edge)
                                                      0.000     0.000 r  
    U18                                               0.000     0.000 r  adc_clk_i[1] (IN)
                         net (fo=0)                   0.000     0.000    adc_clk_i[1]
    U18                  IBUFDS (Prop_ibufds_I_O)     0.951     0.951 r  i_clk/O
                         net (fo=1, estimated)        1.306     2.257    pll/clk
    PLLE2_ADV_X1Y1       PLLE2_ADV (Prop_plle2_adv_CLKIN1_CLKOUT0)
                                                      0.089     2.346 r  pll/pll/CLKOUT0
                         net (fo=1, estimated)        1.883     4.229    pll_adc_clk
    BUFGCTRL_X0Y16       BUFG (Prop_bufg_I_O)         0.101     4.330 r  bufg_adc_clk/O
                         net (fo=10210, estimated)    1.666     5.996    i_scope/i_cfg/adc_clk_i
    SLICE_X42Y39         FDRE                                         r  i_scope/i_cfg/sys_rdata_reg[3]/C
  -------------------------------------------------------------------    -------------------
    SLICE_X42Y39         FDRE (Prop_fdre_C_Q)         0.518     6.514 r  i_scope/i_cfg/sys_rdata_reg[3]/Q
                         net (fo=1, estimated)        2.078     8.592    sys_bus_interconnect/for_bus[1].inst_sys_bus_cdc/bus_m\\.rdata[3]
    SLICE_X59Y68         LUT2 (Prop_lut2_I0_O)        0.152     8.744 r  sys_bus_interconnect/for_bus[1].inst_sys_bus_cdc/bus_s\\.rdata[3]_INST_0/O
                         net (fo=1, estimated)        1.232     9.976    sys_bus_interconnect/p_60_out[3]
    SLICE_X62Y87         LUT6 (Prop_lut6_I3_O)        0.332    10.308 r  sys_bus_interconnect/bus_m\\.rdata[3]_INST_0_i_1/O
                         net (fo=1, routed)           0.000    10.308    sys_bus_interconnect/bus_m\\.rdata[3]_INST_0_i_1_n_0
    SLICE_X62Y87         MUXF7 (Prop_muxf7_I0_O)      0.209    10.517 r  sys_bus_interconnect/bus_m\\.rdata[3]_INST_0/O
                         net (fo=1, routed)           0.000    10.517    ps/axi_slave_gp0/bus\\.rdata[3]
    SLICE_X62Y87         FDRE                                         r  ps/axi_slave_gp0/axi\\.RDATA_reg[3]/D
  -------------------------------------------------------------------    -------------------

                         (clock clk_fpga_0 rise edge)
                                                      8.000     8.000 r  
    PS7_X0Y0             PS7                          0.000     8.000 r  ps/system_i/processing_system7/inst/PS7_i/FCLKCLK[0]
                         net (fo=1, estimated)        1.133     9.133    ps/lopt
    BUFGCTRL_X0Y19       BUFG (Prop_bufg_I_O)         0.091     9.224 r  ps/fclk_buf[0]/O
                         net (fo=236, estimated)      1.535    10.759    ps/axi_slave_gp0/axi\\.ACLK
    SLICE_X62Y87         FDRE                                         r  ps/axi_slave_gp0/axi\\.RDATA_reg[3]/C
                         clock pessimism              0.000    10.759    
                         clock uncertainty           -0.235    10.524    
    SLICE_X62Y87         FDRE (Setup_fdre_C_D)        0.113    10.637    ps/axi_slave_gp0/axi\\.RDATA_reg[3]
  -------------------------------------------------------------------
                         required time                         10.637    
                         arrival time                         -10.517    
  -------------------------------------------------------------------
                         slack                                  0.120    





Min Delay Paths
--------------------------------------------------------------------------------------
Slack (MET) :             1.368ns  (arrival time - required time)
  Source:                 i_daisy/sys_rdata_o_reg[7]/C
                            (rising edge-triggered cell FDRE clocked by pll_adc_clk  {rise@0.000ns fall@4.000ns period=8.000ns})
  Destination:            ps/axi_slave_gp0/axi\\.RDATA_reg[7]/D
                            (rising edge-triggered cell FDRE clocked by clk_fpga_0  {rise@0.000ns fall@4.000ns period=8.000ns})
  Path Group:             clk_fpga_0
  Path Type:              Hold (Min at Fast Process Corner)
  Requirement:            0.000ns  (clk_fpga_0 rise@0.000ns - pll_adc_clk rise@0.000ns)
  Data Path Delay:        0.740ns  (logic 0.296ns (40.008%)  route 0.444ns (59.992%))
  Logic Levels:           3  (LUT2=1 LUT4=1 MUXF7=1)
  Clock Path Skew:        -0.969ns (DCD - SCD - CPR)
    Destination Clock Delay (DCD):    1.400ns
    Source Clock Delay      (SCD):    2.369ns
    Clock Pessimism Removal (CPR):    -0.000ns
  Clock Uncertainty:      0.235ns  ((TSJ^2 + TIJ^2 + DJ^2)^1/2) / 2 + PE
    Total System Jitter     (TSJ):    0.071ns
    Total Input Jitter      (TIJ):    0.240ns
    Discrete Jitter          (DJ):    0.118ns
    Phase Error              (PE):    0.097ns
  Clock Domain Crossing:  Inter clock paths are considered valid unless explicitly excluded by timing constraints such as set_clock_groups or set_false_path.

    Location             Delay type                Incr(ns)  Path(ns)    Netlist Resource(s)
  -------------------------------------------------------------------    -------------------
                         (clock pll_adc_clk rise edge)
                                                      0.000     0.000 r  
    U18                                               0.000     0.000 r  adc_clk_i[1] (IN)
                         net (fo=0)                   0.000     0.000    adc_clk_i[1]
    U18                  IBUFDS (Prop_ibufds_I_O)     0.370     0.370 r  i_clk/O
                         net (fo=1, estimated)        0.551     0.921    pll/clk
    PLLE2_ADV_X1Y1       PLLE2_ADV (Prop_plle2_adv_CLKIN1_CLKOUT0)
                                                      0.051     0.972 r  pll/pll/CLKOUT0
                         net (fo=1, estimated)        0.794     1.765    pll_adc_clk
    BUFGCTRL_X0Y16       BUFG (Prop_bufg_I_O)         0.026     1.791 r  bufg_adc_clk/O
                         net (fo=10210, estimated)    0.578     2.369    i_daisy/par_clk_i
    SLICE_X63Y93         FDRE                                         r  i_daisy/sys_rdata_o_reg[7]/C
  -------------------------------------------------------------------    -------------------
    SLICE_X63Y93         FDRE (Prop_fdre_C_Q)         0.141     2.510 r  i_daisy/sys_rdata_o_reg[7]/Q
                         net (fo=1, estimated)        0.192     2.702    sys_bus_interconnect/for_bus[5].inst_sys_bus_cdc/bus_m\\.rdata[7]
    SLICE_X62Y93         LUT2 (Prop_lut2_I0_O)        0.045     2.747 r  sys_bus_interconnect/for_bus[5].inst_sys_bus_cdc/bus_s\\.rdata[7]_INST_0/O
                         net (fo=1, estimated)        0.252     2.999    sys_bus_interconnect/p_24_out[7]
    SLICE_X59Y87         LUT4 (Prop_lut4_I1_O)        0.045     3.044 r  sys_bus_interconnect/bus_m\\.rdata[7]_INST_0_i_2/O
                         net (fo=1, routed)           0.000     3.044    sys_bus_interconnect/bus_m\\.rdata[7]_INST_0_i_2_n_0
    SLICE_X59Y87         MUXF7 (Prop_muxf7_I1_O)      0.065     3.109 r  sys_bus_interconnect/bus_m\\.rdata[7]_INST_0/O
                         net (fo=1, routed)           0.000     3.109    ps/axi_slave_gp0/bus\\.rdata[7]
    SLICE_X59Y87         FDRE                                         r  ps/axi_slave_gp0/axi\\.RDATA_reg[7]/D
  -------------------------------------------------------------------    -------------------

                         (clock clk_fpga_0 rise edge)
                                                      0.000     0.000 r  
    PS7_X0Y0             PS7                          0.000     0.000 r  ps/system_i/processing_system7/inst/PS7_i/FCLKCLK[0]
                         net (fo=1, estimated)        0.529     0.529    ps/lopt
    BUFGCTRL_X0Y19       BUFG (Prop_bufg_I_O)         0.029     0.558 r  ps/fclk_buf[0]/O
                         net (fo=236, estimated)      0.842     1.400    ps/axi_slave_gp0/axi\\.ACLK
    SLICE_X59Y87         FDRE                                         r  ps/axi_slave_gp0/axi\\.RDATA_reg[7]/C
                         clock pessimism              0.000     1.400    
                         clock uncertainty            0.235     1.636    
    SLICE_X59Y87         FDRE (Hold_fdre_C_D)         0.105     1.741    ps/axi_slave_gp0/axi\\.RDATA_reg[7]
  -------------------------------------------------------------------
                         required time                         -1.741    
                         arrival time                           3.109    
  -------------------------------------------------------------------
                         slack                                  1.368    





