Copyright 1986-2020 Xilinx, Inc. All Rights Reserved.
------------------------------------------------------------------------------------
| Tool Version : Vivado v.2020.1 (lin64) Build 2902540 Wed May 27 19:54:35 MDT 2020
| Date         : Wed May  6 15:56:09 2026
| Host         : LoloVictus running 64-bit Ubuntu 20.04.3 LTS
| Command      : report_timing_summary -file out/post_synth_timing_summary.rpt
| Design       : red_pitaya_top_Z20
| Device       : 7z020-clg400
| Speed File   : -1  PRODUCTION 1.12 2019-11-22
------------------------------------------------------------------------------------

Timing Summary Report

------------------------------------------------------------------------------------------------
| Timer Settings
| --------------
------------------------------------------------------------------------------------------------

  Enable Multi Corner Analysis               :  Yes
  Enable Pessimism Removal                   :  Yes
  Pessimism Removal Resolution               :  Nearest Common Node
  Enable Input Delay Default Clock           :  No
  Enable Preset / Clear Arcs                 :  No
  Disable Flight Delays                      :  No
  Ignore I/O Paths                           :  No
  Timing Early Launch at Borrowing Latches   :  No
  Borrow Time for Max Delay Exceptions       :  Yes
  Merge Timing Exceptions                    :  Yes

  Corner  Analyze    Analyze    
  Name    Max Paths  Min Paths  
  ------  ---------  ---------  
  Slow    Yes        Yes        
  Fast    Yes        Yes        



check_timing report

Table of Contents
-----------------
1. checking no_clock (52)
2. checking constant_clock (0)
3. checking pulse_width_clock (0)
4. checking unconstrained_internal_endpoints (19)
5. checking no_input_delay (23)
6. checking no_output_delay (56)
7. checking multiple_clock (0)
8. checking generated_clocks (0)
9. checking loops (0)
10. checking partial_input_delay (0)
11. checking partial_output_delay (0)
12. checking latch_loops (0)

1. checking no_clock (52)
-------------------------
 There are 17 register/latch pins with no clock driven by root clock pin: i_daisy/genblk4[0].tx_cfg_sel_reg[1]/Q (HIGH)

 There are 17 register/latch pins with no clock driven by root clock pin: i_daisy/genblk4[0].tx_cfg_sel_reg[2]/Q (HIGH)

 There are 17 register/latch pins with no clock driven by root clock pin: i_hk/daisy_mode_o_reg[0]/Q (HIGH)

 There is 1 register/latch pin with no clock driven by root clock pin: i_hk/dna_clk_reg/Q (HIGH)


2. checking constant_clock (0)
------------------------------
 There are 0 register/latch pins with constant_clock.


3. checking pulse_width_clock (0)
---------------------------------
 There are 0 register/latch pins which need pulse_width check


4. checking unconstrained_internal_endpoints (19)
-------------------------------------------------
 There are 19 pins that are not constrained for maximum delay. (HIGH)

 There are 0 pins that are not constrained for maximum delay due to constant clock.


5. checking no_input_delay (23)
-------------------------------
 There are 23 input ports with no input delay specified. (HIGH)

 There are 0 input ports with no input delay but user has a false path constraint.


6. checking no_output_delay (56)
--------------------------------
 There are 55 ports with no output delay specified. (HIGH)

 There are 0 ports with no output delay but user has a false path constraint

 There is 1 port with no output delay but with a timing clock defined on it or propagating through it (LOW)


7. checking multiple_clock (0)
------------------------------
 There are 0 register/latch pins with multiple clocks.


8. checking generated_clocks (0)
--------------------------------
 There are 0 generated clocks that are not connected to a clock source.


9. checking loops (0)
---------------------
 There are 0 combinational loops in the design.


10. checking partial_input_delay (0)
------------------------------------
 There are 0 input ports with partial input delay specified.


11. checking partial_output_delay (0)
-------------------------------------
 There are 0 ports with partial output delay specified.


12. checking latch_loops (0)
----------------------------
 There are 0 combinational latch loops in the design through latch input



------------------------------------------------------------------------------------------------
| Design Timing Summary
| ---------------------
------------------------------------------------------------------------------------------------

    WNS(ns)      TNS(ns)  TNS Failing Endpoints  TNS Total Endpoints      WHS(ns)      THS(ns)  THS Failing Endpoints  THS Total Endpoints     WPWS(ns)     TPWS(ns)  TPWS Failing Endpoints  TPWS Total Endpoints  
    -------      -------  ---------------------  -------------------      -------      -------  ---------------------  -------------------     --------     --------  ----------------------  --------------------  
     -2.672     -369.602                    345                32339       -0.420       -8.599                     37                32162        0.750        0.000                       0                 13204  


Timing constraints are not met.


------------------------------------------------------------------------------------------------
| Clock Summary
| -------------
------------------------------------------------------------------------------------------------

Clock             Waveform(ns)         Period(ns)      Frequency(MHz)
-----             ------------         ----------      --------------
adc_clk           {0.000 4.000}        8.000           125.000         
  clk_fb          {0.000 4.000}        8.000           125.000         
  pll_adc_clk     {0.000 4.000}        8.000           125.000         
  pll_dac_clk_1x  {0.000 4.000}        8.000           125.000         
  pll_dac_clk_2p  {-0.500 1.500}       4.000           250.000         
  pll_dac_clk_2x  {0.000 2.000}        4.000           250.000         
  pll_pwm_clk     {0.000 2.000}        4.000           250.000         
  pll_ser_clk     {0.000 2.000}        4.000           250.000         
clk_fpga_0        {0.000 4.000}        8.000           125.000         
clk_fpga_1        {0.000 2.000}        4.000           250.000         
clk_fpga_2        {0.000 10.000}       20.000          50.000          
clk_fpga_3        {0.000 2.500}        5.000           200.000         
dac_clk_o         {0.000 4.000}        8.000           125.000         
rx_clk            {0.000 2.000}        4.000           250.000         
  par_clk         {0.000 4.000}        8.000           125.000         


------------------------------------------------------------------------------------------------
| Intra Clock Table
| -----------------
------------------------------------------------------------------------------------------------

Clock                 WNS(ns)      TNS(ns)  TNS Failing Endpoints  TNS Total Endpoints      WHS(ns)      THS(ns)  THS Failing Endpoints  THS Total Endpoints     WPWS(ns)     TPWS(ns)  TPWS Failing Endpoints  TPWS Total Endpoints  
-----                 -------      -------  ---------------------  -------------------      -------      -------  ---------------------  -------------------     --------     --------  ----------------------  --------------------  
adc_clk                                                                                                                                                             2.000        0.000                       0                     1  
  clk_fb                                                                                                                                                            6.751        0.000                       0                     2  
  pll_adc_clk          -2.672     -366.964                    332                25736        0.017        0.000                      0                25736        2.750        0.000                       0                 10251  
  pll_dac_clk_1x        1.604        0.000                      0                   45       -0.083       -1.244                     15                   45        3.500        0.000                       0                    47  
  pll_dac_clk_2p                                                                                                                                                    1.845        0.000                       0                     3  
  pll_dac_clk_2x        0.291        0.000                      0                 2884        0.045        0.000                      0                 2884        0.750        0.000                       0                  1087  
  pll_pwm_clk                                                                                                                                                       1.845        0.000                       0                     2  
  pll_ser_clk                                                                                                                                                       1.845        0.000                       0                     4  
clk_fpga_0              2.420        0.000                      0                  436        0.045        0.000                      0                  436        3.500        0.000                       0                   240  
clk_fpga_1                                                                                                                                                          1.845        0.000                       0                     2  
clk_fpga_2                                                                                                                                                         17.845        0.000                       0                     2  
clk_fpga_3             -0.306       -2.638                     13                 2560        0.045        0.000                      0                 2560        1.000        0.000                       0                  1275  
rx_clk                                                                                                                                                              2.333        0.000                       0                     4  
  par_clk               4.729        0.000                      0                  471       -0.420       -7.355                     22                  471        3.020        0.000                       0                   284  


------------------------------------------------------------------------------------------------
| Inter Clock Table
| -----------------
------------------------------------------------------------------------------------------------

From Clock      To Clock            WNS(ns)      TNS(ns)  TNS Failing Endpoints  TNS Total Endpoints      WHS(ns)      THS(ns)  THS Failing Endpoints  THS Total Endpoints  
----------      --------            -------      -------  ---------------------  -------------------      -------      -------  ---------------------  -------------------  
pll_dac_clk_2x  pll_adc_clk           2.968        0.000                      0                   24                                                                        
clk_fpga_0      pll_adc_clk           6.506        0.000                      0                  145                                                                        
pll_adc_clk     pll_dac_clk_1x        4.274        0.000                      0                   29        0.019        0.000                      0                   29  
pll_adc_clk     clk_fpga_0            3.810        0.000                      0                   41        0.100        0.000                      0                   33  


------------------------------------------------------------------------------------------------
| Other Path Groups Table
| -----------------------
------------------------------------------------------------------------------------------------

Path Group    From Clock    To Clock          WNS(ns)      TNS(ns)  TNS Failing Endpoints  TNS Total Endpoints      WHS(ns)      THS(ns)  THS Failing Endpoints  THS Total Endpoints  
----------    ----------    --------          -------      -------  ---------------------  -------------------      -------      -------  ---------------------  -------------------  


------------------------------------------------------------------------------------------------
| Timing Details
| --------------
------------------------------------------------------------------------------------------------


---------------------------------------------------------------------------------------------------
From Clock:  adc_clk
  To Clock:  adc_clk

Setup :           NA  Failing Endpoints,  Worst Slack           NA  ,  Total Violation           NA
Hold  :           NA  Failing Endpoints,  Worst Slack           NA  ,  Total Violation           NA
PW    :            0  Failing Endpoints,  Worst Slack        2.000ns,  Total Violation        0.000ns
---------------------------------------------------------------------------------------------------


Pulse Width Checks
--------------------------------------------------------------------------------------
Clock Name:         adc_clk
Waveform(ns):       { 0.000 4.000 }
Period(ns):         8.000
Sources:            { adc_clk_i[1] }

Check Type        Corner  Lib Pin           Reference Pin  Required(ns)  Actual(ns)  Slack(ns)  Location  Pin
Min Period        n/a     PLLE2_ADV/CLKIN1  n/a            1.249         8.000       6.751                pll/pll/CLKIN1
Max Period        n/a     PLLE2_ADV/CLKIN1  n/a            52.633        8.000       44.633               pll/pll/CLKIN1
Low Pulse Width   Fast    PLLE2_ADV/CLKIN1  n/a            2.000         4.000       2.000                pll/pll/CLKIN1
High Pulse Width  Slow    PLLE2_ADV/CLKIN1  n/a            2.000         4.000       2.000                pll/pll/CLKIN1



---------------------------------------------------------------------------------------------------
From Clock:  clk_fb
  To Clock:  clk_fb

Setup :           NA  Failing Endpoints,  Worst Slack           NA  ,  Total Violation           NA
Hold  :           NA  Failing Endpoints,  Worst Slack           NA  ,  Total Violation           NA
PW    :            0  Failing Endpoints,  Worst Slack        6.751ns,  Total Violation        0.000ns
---------------------------------------------------------------------------------------------------


Pulse Width Checks
--------------------------------------------------------------------------------------
Clock Name:         clk_fb
Waveform(ns):       { 0.000 4.000 }
Period(ns):         8.000
Sources:            { pll/pll/CLKFBOUT }

Check Type  Corner  Lib Pin             Reference Pin  Required(ns)  Actual(ns)  Slack(ns)  Location  Pin
Min Period  n/a     PLLE2_ADV/CLKFBOUT  n/a            1.249         8.000       6.751                pll/pll/CLKFBOUT
Max Period  n/a     PLLE2_ADV/CLKFBIN   n/a            52.633        8.000       44.633               pll/pll/CLKFBIN



---------------------------------------------------------------------------------------------------
From Clock:  pll_adc_clk
  To Clock:  pll_adc_clk

Setup :          332  Failing Endpoints,  Worst Slack       -2.672ns,  Total Violation     -366.964ns
Hold  :            0  Failing Endpoints,  Worst Slack        0.017ns,  Total Violation        0.000ns
PW    :            0  Failing Endpoints,  Worst Slack        2.750ns,  Total Violation        0.000ns
---------------------------------------------------------------------------------------------------


Max Delay Paths
--------------------------------------------------------------------------------------
Slack (VIOLATED) :        -2.672ns  (required time - arrival time)
  Source:                 i_scope/i_cfg/set_filt_aa_reg[17]/C
                            (rising edge-triggered cell FDRE clocked by pll_adc_clk  {rise@0.000ns fall@4.000ns period=8.000ns})
  Destination:            i_scope/genblk1[0].i_dfilt1_ch/aa_mult/A[19]
                            (rising edge-triggered cell DSP48E1 clocked by pll_adc_clk  {rise@0.000ns fall@4.000ns period=8.000ns})
  Path Group:             pll_adc_clk
  Path Type:              Setup (Max at Slow Process Corner)
  Requirement:            8.000ns  (pll_adc_clk rise@8.000ns - pll_adc_clk rise@0.000ns)
  Data Path Delay:        10.096ns  (logic 6.719ns (66.550%)  route 3.377ns (33.450%))
  Logic Levels:           14  (CARRY4=11 DSP48E1=1 LUT1=1 LUT2=1)
  Clock Path Skew:        -0.145ns (DCD - SCD + CPR)
    Destination Clock Delay (DCD):    2.937ns = ( 10.937 - 8.000 ) 
    Source Clock Delay      (SCD):    3.325ns
    Clock Pessimism Removal (CPR):    0.243ns
  Clock Uncertainty:      0.069ns  ((TSJ^2 + DJ^2)^1/2) / 2 + PE
    Total System Jitter     (TSJ):    0.071ns
    Discrete Jitter          (DJ):    0.118ns
    Phase Error              (PE):    0.000ns

    Location             Delay type                Incr(ns)  Path(ns)    Netlist Resource(s)
  -------------------------------------------------------------------    -------------------
                         (clock pll_adc_clk rise edge)
                                                      0.000     0.000 r  
    U18                                               0.000     0.000 r  adc_clk_i[1] (IN)
                         net (fo=0)                   0.000     0.000    adc_clk_i[1]
    U18                  IBUFDS (Prop_ibufds_I_O)     0.951     0.951 r  i_clk/O
                         net (fo=1, unplaced)         0.584     1.535    pll/clk
                         PLLE2_ADV (Prop_plle2_adv_CLKIN1_CLKOUT0)
                                                      0.089     1.624 r  pll/pll/CLKOUT0
                         net (fo=1, unplaced)         0.800     2.424    pll_adc_clk
                         BUFG (Prop_bufg_I_O)         0.101     2.525 r  bufg_adc_clk/O
                         net (fo=10260, unplaced)     0.800     3.325    i_scope/i_cfg/adc_clk_i
                         FDRE                                         r  i_scope/i_cfg/set_filt_aa_reg[17]/C
  -------------------------------------------------------------------    -------------------
                         FDRE (Prop_fdre_C_Q)         0.478     3.803 r  i_scope/i_cfg/set_filt_aa_reg[17]/Q
                         net (fo=2, unplaced)         0.800     4.603    i_scope/genblk1[0].i_dfilt1_ch/cfg_coeff_aa[17]
                         DSP48E1 (Prop_dsp48e1_B[17]_P[0])
                                                      3.831     8.434 f  i_scope/genblk1[0].i_dfilt1_ch/aa_mult/P[0]
                         net (fo=1, unplaced)         0.800     9.233    i_scope/genblk1[0].i_dfilt1_ch/aa_mult_n_105
                         LUT1 (Prop_lut1_I0_O)        0.124     9.357 r  i_scope/genblk1[0].i_dfilt1_ch/r3_reg_dsp2[3]_i_35/O
                         net (fo=1, unplaced)         0.333     9.690    i_scope/genblk1[0].i_dfilt1_ch/r3_reg_dsp2[3]_i_35_n_0
                         CARRY4 (Prop_carry4_CYINIT_CO[3])
                                                      0.595    10.285 r  i_scope/genblk1[0].i_dfilt1_ch/r3_reg_dsp2_reg[3]_i_30/CO[3]
                         net (fo=1, unplaced)         0.009    10.294    i_scope/genblk1[0].i_dfilt1_ch/r3_reg_dsp2_reg[3]_i_30_n_0
                         CARRY4 (Prop_carry4_CI_CO[3])
                                                      0.117    10.411 r  i_scope/genblk1[0].i_dfilt1_ch/r3_reg_dsp2_reg[3]_i_25/CO[3]
                         net (fo=1, unplaced)         0.000    10.411    i_scope/genblk1[0].i_dfilt1_ch/r3_reg_dsp2_reg[3]_i_25_n_0
                         CARRY4 (Prop_carry4_CI_CO[3])
                                                      0.117    10.528 r  i_scope/genblk1[0].i_dfilt1_ch/r3_reg_dsp2_reg[3]_i_20/CO[3]
                         net (fo=1, unplaced)         0.000    10.528    i_scope/genblk1[0].i_dfilt1_ch/r3_reg_dsp2_reg[3]_i_20_n_0
                         CARRY4 (Prop_carry4_CI_CO[3])
                                                      0.117    10.645 r  i_scope/genblk1[0].i_dfilt1_ch/r3_reg_dsp2_reg[3]_i_15/CO[3]
                         net (fo=1, unplaced)         0.000    10.645    i_scope/genblk1[0].i_dfilt1_ch/r3_reg_dsp2_reg[3]_i_15_n_0
                         CARRY4 (Prop_carry4_CI_CO[3])
                                                      0.117    10.762 r  i_scope/genblk1[0].i_dfilt1_ch/r3_reg_dsp2_reg[3]_i_10/CO[3]
                         net (fo=1, unplaced)         0.000    10.762    i_scope/genblk1[0].i_dfilt1_ch/r3_reg_dsp2_reg[3]_i_10_n_0
                         CARRY4 (Prop_carry4_CI_CO[3])
                                                      0.117    10.879 r  i_scope/genblk1[0].i_dfilt1_ch/r3_reg_dsp2_reg[3]_i_2/CO[3]
                         net (fo=1, unplaced)         0.000    10.879    i_scope/genblk1[0].i_dfilt1_ch/r3_reg_dsp2_reg[3]_i_2_n_0
                         CARRY4 (Prop_carry4_CI_CO[3])
                                                      0.117    10.996 r  i_scope/genblk1[0].i_dfilt1_ch/r3_reg_dsp2_reg[3]_i_1/CO[3]
                         net (fo=1, unplaced)         0.000    10.996    i_scope/genblk1[0].i_dfilt1_ch/r3_reg_dsp2_reg[3]_i_1_n_0
                         CARRY4 (Prop_carry4_CI_CO[3])
                                                      0.117    11.113 r  i_scope/genblk1[0].i_dfilt1_ch/r3_reg_dsp2_reg[7]_i_1/CO[3]
                         net (fo=1, unplaced)         0.000    11.113    i_scope/genblk1[0].i_dfilt1_ch/r3_reg_dsp2_reg[7]_i_1_n_0
                         CARRY4 (Prop_carry4_CI_CO[3])
                                                      0.117    11.230 r  i_scope/genblk1[0].i_dfilt1_ch/r3_reg_dsp2_reg[11]_i_1/CO[3]
                         net (fo=1, unplaced)         0.000    11.230    i_scope/genblk1[0].i_dfilt1_ch/r3_reg_dsp2_reg[11]_i_1_n_0
                         CARRY4 (Prop_carry4_CI_CO[3])
                                                      0.117    11.347 r  i_scope/genblk1[0].i_dfilt1_ch/r3_reg_dsp2_reg[15]_i_1/CO[3]
                         net (fo=1, unplaced)         0.000    11.347    i_scope/genblk1[0].i_dfilt1_ch/r3_reg_dsp2_reg[15]_i_1_n_0
                         CARRY4 (Prop_carry4_CI_O[3])
                                                      0.331    11.678 r  i_scope/genblk1[0].i_dfilt1_ch/r3_reg_dsp2_reg[19]_i_1/O[3]
                         net (fo=3, unplaced)         0.636    12.314    i_scope/genblk1[0].i_dfilt1_ch/r3_sum[44]
                         LUT2 (Prop_lut2_I1_O)        0.307    12.621 r  i_scope/genblk1[0].i_dfilt1_ch/aa_mult_i_4/O
                         net (fo=1, unplaced)         0.800    13.421    i_scope/genblk1[0].i_dfilt1_ch/aa_mult_i_4_n_0
                         DSP48E1                                      r  i_scope/genblk1[0].i_dfilt1_ch/aa_mult/A[19]
  -------------------------------------------------------------------    -------------------

                         (clock pll_adc_clk rise edge)
                                                      8.000     8.000 r  
    U18                                               0.000     8.000 r  adc_clk_i[1] (IN)
                         net (fo=0)                   0.000     8.000    adc_clk_i[1]
    U18                  IBUFDS (Prop_ibufds_I_O)     0.909     8.909 r  i_clk/O
                         net (fo=1, unplaced)         0.439     9.348    pll/clk
                         PLLE2_ADV (Prop_plle2_adv_CLKIN1_CLKOUT0)
                                                      0.084     9.432 r  pll/pll/CLKOUT0
                         net (fo=1, unplaced)         0.760    10.191    pll_adc_clk
                         BUFG (Prop_bufg_I_O)         0.091    10.282 r  bufg_adc_clk/O
                         net (fo=10260, unplaced)     0.655    10.937    i_scope/genblk1[0].i_dfilt1_ch/clk
                         DSP48E1                                      r  i_scope/genblk1[0].i_dfilt1_ch/aa_mult/CLK
                         clock pessimism              0.243    11.180    
                         clock uncertainty           -0.069    11.111    
                         DSP48E1 (Setup_dsp48e1_CLK_A[19])
                                                     -0.362    10.749    i_scope/genblk1[0].i_dfilt1_ch/aa_mult
  -------------------------------------------------------------------
                         required time                         10.749    
                         arrival time                         -13.421    
  -------------------------------------------------------------------
                         slack                                 -2.672    





Min Delay Paths
--------------------------------------------------------------------------------------
Slack (MET) :             0.017ns  (arrival time - required time)
  Source:                 i_daisy/cfg_tx_en_reg/C
                            (rising edge-triggered cell FDRE clocked by pll_adc_clk  {rise@0.000ns fall@4.000ns period=8.000ns})
  Destination:            i_daisy/i_tx/genblk1[0].i_oserdese/RST
                            (rising edge-triggered cell OSERDESE2 clocked by pll_adc_clk  {rise@0.000ns fall@4.000ns period=8.000ns})
  Path Group:             pll_adc_clk
  Path Type:              Hold (Min at Fast Process Corner)
  Requirement:            0.000ns  (pll_adc_clk rise@0.000ns - pll_adc_clk rise@0.000ns)
  Data Path Delay:        0.721ns  (logic 0.245ns (33.991%)  route 0.476ns (66.009%))
  Logic Levels:           1  (LUT1=1)
  Clock Path Skew:        0.145ns (DCD - SCD - CPR)
    Destination Clock Delay (DCD):    1.453ns
    Source Clock Delay      (SCD):    1.108ns
    Clock Pessimism Removal (CPR):    0.200ns

    Location             Delay type                Incr(ns)  Path(ns)    Netlist Resource(s)
  -------------------------------------------------------------------    -------------------
                         (clock pll_adc_clk rise edge)
                                                      0.000     0.000 r  
    U18                                               0.000     0.000 r  adc_clk_i[1] (IN)
                         net (fo=0)                   0.000     0.000    adc_clk_i[1]
    U18                  IBUFDS (Prop_ibufds_I_O)     0.370     0.370 r  i_clk/O
                         net (fo=1, unplaced)         0.114     0.484    pll/clk
                         PLLE2_ADV (Prop_plle2_adv_CLKIN1_CLKOUT0)
                                                      0.051     0.535 r  pll/pll/CLKOUT0
                         net (fo=1, unplaced)         0.337     0.872    pll_adc_clk
                         BUFG (Prop_bufg_I_O)         0.026     0.898 r  bufg_adc_clk/O
                         net (fo=10260, unplaced)     0.210     1.108    i_daisy/par_clk_i
                         FDRE                                         r  i_daisy/cfg_tx_en_reg/C
  -------------------------------------------------------------------    -------------------
                         FDRE (Prop_fdre_C_Q)         0.147     1.255 f  i_daisy/cfg_tx_en_reg/Q
                         net (fo=3, unplaced)         0.139     1.394    i_daisy/i_tx/par_rstn_i
                         LUT1 (Prop_lut1_I0_O)        0.098     1.492 r  i_daisy/i_tx/genblk1[0].i_oserdese_i_5/O
                         net (fo=18, unplaced)        0.337     1.829    i_daisy/i_tx/RST0
    OLOGIC_X1Y96         OSERDESE2                                    r  i_daisy/i_tx/genblk1[0].i_oserdese/RST
  -------------------------------------------------------------------    -------------------

                         (clock pll_adc_clk rise edge)
                                                      0.000     0.000 r  
    U18                                               0.000     0.000 r  adc_clk_i[1] (IN)
                         net (fo=0)                   0.000     0.000    adc_clk_i[1]
    U18                  IBUFDS (Prop_ibufds_I_O)     0.401     0.401 r  i_clk/O
                         net (fo=1, unplaced)         0.259     0.660    pll/clk
                         PLLE2_ADV (Prop_plle2_adv_CLKIN1_CLKOUT0)
                                                      0.054     0.714 r  pll/pll/CLKOUT0
                         net (fo=1, unplaced)         0.355     1.069    pll_adc_clk
                         BUFG (Prop_bufg_I_O)         0.029     1.098 r  bufg_adc_clk/O
                         net (fo=10260, unplaced)     0.355     1.453    i_daisy/i_tx/par_clk_i
    OLOGIC_X1Y96         OSERDESE2                                    r  i_daisy/i_tx/genblk1[0].i_oserdese/CLKDIV
                         clock pessimism             -0.200     1.253    
    OLOGIC_X1Y96         OSERDESE2 (Hold_oserdese2_CLKDIV_RST)
                                                      0.559     1.812    i_daisy/i_tx/genblk1[0].i_oserdese
  -------------------------------------------------------------------
                         required time                         -1.812    
                         arrival time                           1.829    
  -------------------------------------------------------------------
                         slack                                  0.017    





Pulse Width Checks
--------------------------------------------------------------------------------------
Clock Name:         pll_adc_clk
Waveform(ns):       { 0.000 4.000 }
Period(ns):         8.000
Sources:            { pll/pll/CLKOUT0 }

Check Type        Corner  Lib Pin            Reference Pin  Required(ns)  Actual(ns)  Slack(ns)  Location  Pin
Min Period        n/a     DSP48E1/CLK        n/a            3.884         8.000       4.116                i_pid/i_pid11/kd_mult/CLK
Max Period        n/a     PLLE2_ADV/CLKOUT0  n/a            160.000       8.000       152.000              pll/pll/CLKOUT0
Low Pulse Width   Fast    RAMD32/CLK         n/a            1.250         4.000       2.750                ps/axi_master_0/axi_awfifo_reg_0_15_0_5/RAMA/CLK
High Pulse Width  Slow    RAMD32/CLK         n/a            1.250         4.000       2.750                ps/axi_master_0/axi_awfifo_reg_0_15_0_5/RAMA/CLK



---------------------------------------------------------------------------------------------------
From Clock:  pll_dac_clk_1x
  To Clock:  pll_dac_clk_1x

Setup :            0  Failing Endpoints,  Worst Slack        1.604ns,  Total Violation        0.000ns
Hold  :           15  Failing Endpoints,  Worst Slack       -0.083ns,  Total Violation       -1.244ns
PW    :            0  Failing Endpoints,  Worst Slack        3.500ns,  Total Violation        0.000ns
---------------------------------------------------------------------------------------------------


Max Delay Paths
--------------------------------------------------------------------------------------
Slack (MET) :             1.604ns  (required time - arrival time)
  Source:                 dac_dat_a_reg[0]/C
                            (rising edge-triggered cell FDRE clocked by pll_dac_clk_1x  {rise@0.000ns fall@4.000ns period=8.000ns})
  Destination:            oddr_dac_dat[0]/D2
                            (falling edge-triggered cell ODDR clocked by pll_dac_clk_1x  {rise@0.000ns fall@4.000ns period=8.000ns})
  Path Group:             pll_dac_clk_1x
  Path Type:              Setup (Max at Slow Process Corner)
  Requirement:            4.000ns  (pll_dac_clk_1x fall@4.000ns - pll_dac_clk_1x rise@0.000ns)
  Data Path Delay:        1.278ns  (logic 0.478ns (37.411%)  route 0.800ns (62.589%))
  Logic Levels:           0  
  Clock Path Skew:        -0.040ns (DCD - SCD + CPR)
    Destination Clock Delay (DCD):    3.042ns = ( 7.042 - 4.000 ) 
    Source Clock Delay      (SCD):    3.325ns
    Clock Pessimism Removal (CPR):    0.243ns
  Clock Uncertainty:      0.069ns  ((TSJ^2 + DJ^2)^1/2) / 2 + PE
    Total System Jitter     (TSJ):    0.071ns
    Discrete Jitter          (DJ):    0.118ns
    Phase Error              (PE):    0.000ns

    Location             Delay type                Incr(ns)  Path(ns)    Netlist Resource(s)
  -------------------------------------------------------------------    -------------------
                         (clock pll_dac_clk_1x rise edge)
                                                      0.000     0.000 r  
    U18                                               0.000     0.000 r  adc_clk_i[1] (IN)
                         net (fo=0)                   0.000     0.000    adc_clk_i[1]
    U18                  IBUFDS (Prop_ibufds_I_O)     0.951     0.951 r  i_clk/O
                         net (fo=1, unplaced)         0.584     1.535    pll/clk
                         PLLE2_ADV (Prop_plle2_adv_CLKIN1_CLKOUT1)
                                                      0.089     1.624 r  pll/pll/CLKOUT1
                         net (fo=1, unplaced)         0.800     2.424    pll_dac_clk_1x
                         BUFG (Prop_bufg_I_O)         0.101     2.525 r  bufg_dac_clk_1x/O
                         net (fo=45, unplaced)        0.800     3.325    dac_clk_1x
                         FDRE                                         r  dac_dat_a_reg[0]/C
  -------------------------------------------------------------------    -------------------
                         FDRE (Prop_fdre_C_Q)         0.478     3.803 r  dac_dat_a_reg[0]/Q
                         net (fo=1, unplaced)         0.800     4.603    dac_dat_a[0]
    OLOGIC_X1Y136        ODDR                                         r  oddr_dac_dat[0]/D2
  -------------------------------------------------------------------    -------------------

                         (clock pll_dac_clk_1x fall edge)
                                                      4.000     4.000 f  
    U18                                               0.000     4.000 f  adc_clk_i[1] (IN)
                         net (fo=0)                   0.000     4.000    adc_clk_i[1]
    U18                  IBUFDS (Prop_ibufds_I_O)     0.909     4.909 f  i_clk/O
                         net (fo=1, unplaced)         0.439     5.348    pll/clk
                         PLLE2_ADV (Prop_plle2_adv_CLKIN1_CLKOUT1)
                                                      0.084     5.432 f  pll/pll/CLKOUT1
                         net (fo=1, unplaced)         0.760     6.191    pll_dac_clk_1x
                         BUFG (Prop_bufg_I_O)         0.091     6.282 f  bufg_dac_clk_1x/O
                         net (fo=45, unplaced)        0.760     7.042    dac_clk_1x
    OLOGIC_X1Y136        ODDR                                         f  oddr_dac_dat[0]/C
                         clock pessimism              0.243     7.285    
                         clock uncertainty           -0.069     7.216    
    OLOGIC_X1Y136        ODDR (Setup_oddr_C_D2)      -1.009     6.207    oddr_dac_dat[0]
  -------------------------------------------------------------------
                         required time                          6.207    
                         arrival time                          -4.603    
  -------------------------------------------------------------------
                         slack                                  1.604    





Min Delay Paths
--------------------------------------------------------------------------------------
Slack (VIOLATED) :        -0.083ns  (arrival time - required time)
  Source:                 dac_rst_reg/C
                            (rising edge-triggered cell FDRE clocked by pll_dac_clk_1x  {rise@0.000ns fall@4.000ns period=8.000ns})
  Destination:            oddr_dac_dat[0]/R
                            (rising edge-triggered cell ODDR clocked by pll_dac_clk_1x  {rise@0.000ns fall@4.000ns period=8.000ns})
  Path Group:             pll_dac_clk_1x
  Path Type:              Hold (Min at Fast Process Corner)
  Requirement:            0.000ns  (pll_dac_clk_1x rise@0.000ns - pll_dac_clk_1x rise@0.000ns)
  Data Path Delay:        0.484ns  (logic 0.147ns (30.366%)  route 0.337ns (69.634%))
  Logic Levels:           0  
  Clock Path Skew:        0.145ns (DCD - SCD - CPR)
    Destination Clock Delay (DCD):    1.453ns
    Source Clock Delay      (SCD):    1.108ns
    Clock Pessimism Removal (CPR):    0.200ns

    Location             Delay type                Incr(ns)  Path(ns)    Netlist Resource(s)
  -------------------------------------------------------------------    -------------------
                         (clock pll_dac_clk_1x rise edge)
                                                      0.000     0.000 r  
    U18                                               0.000     0.000 r  adc_clk_i[1] (IN)
                         net (fo=0)                   0.000     0.000    adc_clk_i[1]
    U18                  IBUFDS (Prop_ibufds_I_O)     0.370     0.370 r  i_clk/O
                         net (fo=1, unplaced)         0.114     0.484    pll/clk
                         PLLE2_ADV (Prop_plle2_adv_CLKIN1_CLKOUT1)
                                                      0.051     0.535 r  pll/pll/CLKOUT1
                         net (fo=1, unplaced)         0.337     0.872    pll_dac_clk_1x
                         BUFG (Prop_bufg_I_O)         0.026     0.898 r  bufg_dac_clk_1x/O
                         net (fo=45, unplaced)        0.210     1.108    dac_clk_1x
                         FDRE                                         r  dac_rst_reg/C
  -------------------------------------------------------------------    -------------------
                         FDRE (Prop_fdre_C_Q)         0.147     1.255 r  dac_rst_reg/Q
                         net (fo=17, unplaced)        0.337     1.592    dac_rst
    OLOGIC_X1Y136        ODDR                                         r  oddr_dac_dat[0]/R
  -------------------------------------------------------------------    -------------------

                         (clock pll_dac_clk_1x rise edge)
                                                      0.000     0.000 r  
    U18                                               0.000     0.000 r  adc_clk_i[1] (IN)
                         net (fo=0)                   0.000     0.000    adc_clk_i[1]
    U18                  IBUFDS (Prop_ibufds_I_O)     0.401     0.401 r  i_clk/O
                         net (fo=1, unplaced)         0.259     0.660    pll/clk
                         PLLE2_ADV (Prop_plle2_adv_CLKIN1_CLKOUT1)
                                                      0.054     0.714 r  pll/pll/CLKOUT1
                         net (fo=1, unplaced)         0.355     1.069    pll_dac_clk_1x
                         BUFG (Prop_bufg_I_O)         0.029     1.098 r  bufg_dac_clk_1x/O
                         net (fo=45, unplaced)        0.355     1.453    dac_clk_1x
    OLOGIC_X1Y136        ODDR                                         r  oddr_dac_dat[0]/C
                         clock pessimism             -0.200     1.253    
    OLOGIC_X1Y136        ODDR (Hold_oddr_C_R)         0.422     1.675    oddr_dac_dat[0]
  -------------------------------------------------------------------
                         required time                         -1.675    
                         arrival time                           1.592    
  -------------------------------------------------------------------
                         slack                                 -0.083    





Pulse Width Checks
--------------------------------------------------------------------------------------
Clock Name:         pll_dac_clk_1x
Waveform(ns):       { 0.000 4.000 }
Period(ns):         8.000
Sources:            { pll/pll/CLKOUT1 }

Check Type        Corner  Lib Pin            Reference Pin  Required(ns)  Actual(ns)  Slack(ns)  Location  Pin
Min Period        n/a     BUFG/I             n/a            2.155         8.000       5.845                bufg_dac_clk_1x/I
Max Period        n/a     PLLE2_ADV/CLKOUT1  n/a            160.000       8.000       152.000              pll/pll/CLKOUT1
Low Pulse Width   Fast    FDRE/C             n/a            0.500         4.000       3.500                dac_dat_a_reg[0]/C
High Pulse Width  Slow    FDRE/C             n/a            0.500         4.000       3.500                dac_dat_a_reg[0]/C



---------------------------------------------------------------------------------------------------
From Clock:  pll_dac_clk_2p
  To Clock:  pll_dac_clk_2p

Setup :           NA  Failing Endpoints,  Worst Slack           NA  ,  Total Violation           NA
Hold  :           NA  Failing Endpoints,  Worst Slack           NA  ,  Total Violation           NA
PW    :            0  Failing Endpoints,  Worst Slack        1.845ns,  Total Violation        0.000ns
---------------------------------------------------------------------------------------------------


Pulse Width Checks
--------------------------------------------------------------------------------------
Clock Name:         pll_dac_clk_2p
Waveform(ns):       { -0.500 1.500 }
Period(ns):         4.000
Sources:            { pll/pll/CLKOUT3 }

Check Type  Corner  Lib Pin            Reference Pin  Required(ns)  Actual(ns)  Slack(ns)  Location  Pin
Min Period  n/a     BUFG/I             n/a            2.155         4.000       1.845                bufg_dac_clk_2p/I
Max Period  n/a     PLLE2_ADV/CLKOUT3  n/a            160.000       4.000       156.000              pll/pll/CLKOUT3



---------------------------------------------------------------------------------------------------
From Clock:  pll_dac_clk_2x
  To Clock:  pll_dac_clk_2x

Setup :            0  Failing Endpoints,  Worst Slack        0.291ns,  Total Violation        0.000ns
Hold  :            0  Failing Endpoints,  Worst Slack        0.045ns,  Total Violation        0.000ns
PW    :            0  Failing Endpoints,  Worst Slack        0.750ns,  Total Violation        0.000ns
---------------------------------------------------------------------------------------------------


Max Delay Paths
--------------------------------------------------------------------------------------
Slack (MET) :             0.291ns  (required time - arrival time)
  Source:                 i_asg/chA/inst_axi_dac/inst_asg_dat_fifo/U0/inst_fifo_gen/gconvfifo.rf/grf.rf/gntv_or_sync_fifo.gl0.wr/gwas.wsts/ram_full_i_reg/C
                            (rising edge-triggered cell FDRE clocked by pll_dac_clk_2x  {rise@0.000ns fall@2.000ns period=4.000ns})
  Destination:            ps/axi_master_2/sys_rdata_o_reg[0]/CE
                            (rising edge-triggered cell FDRE clocked by pll_dac_clk_2x  {rise@0.000ns fall@2.000ns period=4.000ns})
  Path Group:             pll_dac_clk_2x
  Path Type:              Setup (Max at Slow Process Corner)
  Requirement:            4.000ns  (pll_dac_clk_2x rise@4.000ns - pll_dac_clk_2x rise@0.000ns)
  Data Path Delay:        3.299ns  (logic 1.021ns (30.949%)  route 2.278ns (69.051%))
  Logic Levels:           3  (LUT2=1 LUT3=1 LUT6=1)
  Clock Path Skew:        -0.145ns (DCD - SCD + CPR)
    Destination Clock Delay (DCD):    2.937ns = ( 6.937 - 4.000 ) 
    Source Clock Delay      (SCD):    3.325ns
    Clock Pessimism Removal (CPR):    0.243ns
  Clock Uncertainty:      0.063ns  ((TSJ^2 + DJ^2)^1/2) / 2 + PE
    Total System Jitter     (TSJ):    0.071ns
    Discrete Jitter          (DJ):    0.104ns
    Phase Error              (PE):    0.000ns

    Location             Delay type                Incr(ns)  Path(ns)    Netlist Resource(s)
  -------------------------------------------------------------------    -------------------
                         (clock pll_dac_clk_2x rise edge)
                                                      0.000     0.000 r  
    U18                                               0.000     0.000 r  adc_clk_i[1] (IN)
                         net (fo=0)                   0.000     0.000    adc_clk_i[1]
    U18                  IBUFDS (Prop_ibufds_I_O)     0.951     0.951 r  i_clk/O
                         net (fo=1, unplaced)         0.584     1.535    pll/clk
                         PLLE2_ADV (Prop_plle2_adv_CLKIN1_CLKOUT2)
                                                      0.089     1.624 r  pll/pll/CLKOUT2
                         net (fo=2, unplaced)         0.800     2.424    pll_dac_clk_2x
                         BUFG (Prop_bufg_I_O)         0.101     2.525 r  bufg_dac_axi_clk/O
                         net (fo=1089, unplaced)      0.800     3.325    i_asg/chA/inst_axi_dac/inst_asg_dat_fifo/U0/inst_fifo_gen/gconvfifo.rf/grf.rf/gntv_or_sync_fifo.gl0.wr/gwas.wsts/wr_clk
                         FDRE                                         r  i_asg/chA/inst_axi_dac/inst_asg_dat_fifo/U0/inst_fifo_gen/gconvfifo.rf/grf.rf/gntv_or_sync_fifo.gl0.wr/gwas.wsts/ram_full_i_reg/C
  -------------------------------------------------------------------    -------------------
                         FDRE (Prop_fdre_C_Q)         0.478     3.803 f  i_asg/chA/inst_axi_dac/inst_asg_dat_fifo/U0/inst_fifo_gen/gconvfifo.rf/grf.rf/gntv_or_sync_fifo.gl0.wr/gwas.wsts/ram_full_i_reg/Q
                         net (fo=1, unplaced)         0.741     4.544    i_asg/chA/inst_axi_dac/dat_fifo_full
                         LUT3 (Prop_lut3_I0_O)        0.295     4.839 r  i_asg/chA/inst_axi_dac/axi_sys\\.rrdys_INST_0/O
                         net (fo=6, unplaced)         0.481     5.320    ps/axi_master_2/sys_rrdy_i
                         LUT6 (Prop_lut6_I2_O)        0.124     5.444 r  ps/axi_master_2/axi_rrd_pt[3]_i_1/O
                         net (fo=11, unplaced)        0.495     5.939    ps/axi_master_2/axi_rpop
                         LUT2 (Prop_lut2_I1_O)        0.124     6.063 r  ps/axi_master_2/sys_rdata_o[63]_i_1/O
                         net (fo=64, unplaced)        0.561     6.624    ps/axi_master_2/sys_rdata_o[63]_i_1_n_0
                         FDRE                                         r  ps/axi_master_2/sys_rdata_o_reg[0]/CE
  -------------------------------------------------------------------    -------------------

                         (clock pll_dac_clk_2x rise edge)
                                                      4.000     4.000 r  
    U18                                               0.000     4.000 r  adc_clk_i[1] (IN)
                         net (fo=0)                   0.000     4.000    adc_clk_i[1]
    U18                  IBUFDS (Prop_ibufds_I_O)     0.909     4.909 r  i_clk/O
                         net (fo=1, unplaced)         0.439     5.348    pll/clk
                         PLLE2_ADV (Prop_plle2_adv_CLKIN1_CLKOUT2)
                                                      0.084     5.432 r  pll/pll/CLKOUT2
                         net (fo=2, unplaced)         0.760     6.191    pll_dac_clk_2x
                         BUFG (Prop_bufg_I_O)         0.091     6.282 r  bufg_dac_axi_clk/O
                         net (fo=1089, unplaced)      0.655     6.937    ps/axi_master_2/axi_clk_i
                         FDRE                                         r  ps/axi_master_2/sys_rdata_o_reg[0]/C
                         clock pessimism              0.243     7.180    
                         clock uncertainty           -0.063     7.117    
                         FDRE (Setup_fdre_C_CE)      -0.202     6.915    ps/axi_master_2/sys_rdata_o_reg[0]
  -------------------------------------------------------------------
                         required time                          6.915    
                         arrival time                          -6.624    
  -------------------------------------------------------------------
                         slack                                  0.291    





Min Delay Paths
--------------------------------------------------------------------------------------
Slack (MET) :             0.045ns  (arrival time - required time)
  Source:                 i_asg/chA/inst_axi_dac/inst_asg_dat_fifo/U0/inst_fifo_gen/gconvfifo.rf/grf.rf/gntv_or_sync_fifo.gcx.clkx/rd_pntr_cdc_inst/dest_graysync_ff_reg[0][0]/C
                            (rising edge-triggered cell FDRE clocked by pll_dac_clk_2x  {rise@0.000ns fall@2.000ns period=4.000ns})
  Destination:            i_asg/chA/inst_axi_dac/inst_asg_dat_fifo/U0/inst_fifo_gen/gconvfifo.rf/grf.rf/gntv_or_sync_fifo.gcx.clkx/rd_pntr_cdc_inst/dest_graysync_ff_reg[1][0]/D
                            (rising edge-triggered cell FDRE clocked by pll_dac_clk_2x  {rise@0.000ns fall@2.000ns period=4.000ns})
  Path Group:             pll_dac_clk_2x
  Path Type:              Hold (Min at Fast Process Corner)
  Requirement:            0.000ns  (pll_dac_clk_2x rise@0.000ns - pll_dac_clk_2x rise@0.000ns)
  Data Path Delay:        0.228ns  (logic 0.147ns (64.493%)  route 0.081ns (35.507%))
  Logic Levels:           0  
  Clock Path Skew:        0.145ns (DCD - SCD - CPR)
    Destination Clock Delay (DCD):    1.453ns
    Source Clock Delay      (SCD):    1.108ns
    Clock Pessimism Removal (CPR):    0.200ns

    Location             Delay type                Incr(ns)  Path(ns)    Netlist Resource(s)
  -------------------------------------------------------------------    -------------------
                         (clock pll_dac_clk_2x rise edge)
                                                      0.000     0.000 r  
    U18                                               0.000     0.000 r  adc_clk_i[1] (IN)
                         net (fo=0)                   0.000     0.000    adc_clk_i[1]
    U18                  IBUFDS (Prop_ibufds_I_O)     0.370     0.370 r  i_clk/O
                         net (fo=1, unplaced)         0.114     0.484    pll/clk
                         PLLE2_ADV (Prop_plle2_adv_CLKIN1_CLKOUT2)
                                                      0.051     0.535 r  pll/pll/CLKOUT2
                         net (fo=2, unplaced)         0.337     0.872    pll_dac_clk_2x
                         BUFG (Prop_bufg_I_O)         0.026     0.898 r  bufg_dac_axi_clk/O
                         net (fo=1089, unplaced)      0.210     1.108    i_asg/chA/inst_axi_dac/inst_asg_dat_fifo/U0/inst_fifo_gen/gconvfifo.rf/grf.rf/gntv_or_sync_fifo.gcx.clkx/rd_pntr_cdc_inst/dest_clk
                         FDRE                                         r  i_asg/chA/inst_axi_dac/inst_asg_dat_fifo/U0/inst_fifo_gen/gconvfifo.rf/grf.rf/gntv_or_sync_fifo.gcx.clkx/rd_pntr_cdc_inst/dest_graysync_ff_reg[0][0]/C
  -------------------------------------------------------------------    -------------------
                         FDRE (Prop_fdre_C_Q)         0.147     1.255 r  i_asg/chA/inst_axi_dac/inst_asg_dat_fifo/U0/inst_fifo_gen/gconvfifo.rf/grf.rf/gntv_or_sync_fifo.gcx.clkx/rd_pntr_cdc_inst/dest_graysync_ff_reg[0][0]/Q
                         net (fo=1, unplaced)         0.081     1.336    i_asg/chA/inst_axi_dac/inst_asg_dat_fifo/U0/inst_fifo_gen/gconvfifo.rf/grf.rf/gntv_or_sync_fifo.gcx.clkx/rd_pntr_cdc_inst/dest_graysync_ff[0][0]
                         FDRE                                         r  i_asg/chA/inst_axi_dac/inst_asg_dat_fifo/U0/inst_fifo_gen/gconvfifo.rf/grf.rf/gntv_or_sync_fifo.gcx.clkx/rd_pntr_cdc_inst/dest_graysync_ff_reg[1][0]/D
  -------------------------------------------------------------------    -------------------

                         (clock pll_dac_clk_2x rise edge)
                                                      0.000     0.000 r  
    U18                                               0.000     0.000 r  adc_clk_i[1] (IN)
                         net (fo=0)                   0.000     0.000    adc_clk_i[1]
    U18                  IBUFDS (Prop_ibufds_I_O)     0.401     0.401 r  i_clk/O
                         net (fo=1, unplaced)         0.259     0.660    pll/clk
                         PLLE2_ADV (Prop_plle2_adv_CLKIN1_CLKOUT2)
                                                      0.054     0.714 r  pll/pll/CLKOUT2
                         net (fo=2, unplaced)         0.355     1.069    pll_dac_clk_2x
                         BUFG (Prop_bufg_I_O)         0.029     1.098 r  bufg_dac_axi_clk/O
                         net (fo=1089, unplaced)      0.355     1.453    i_asg/chA/inst_axi_dac/inst_asg_dat_fifo/U0/inst_fifo_gen/gconvfifo.rf/grf.rf/gntv_or_sync_fifo.gcx.clkx/rd_pntr_cdc_inst/dest_clk
                         FDRE                                         r  i_asg/chA/inst_axi_dac/inst_asg_dat_fifo/U0/inst_fifo_gen/gconvfifo.rf/grf.rf/gntv_or_sync_fifo.gcx.clkx/rd_pntr_cdc_inst/dest_graysync_ff_reg[1][0]/C
                         clock pessimism             -0.200     1.253    
                         FDRE (Hold_fdre_C_D)         0.038     1.291    i_asg/chA/inst_axi_dac/inst_asg_dat_fifo/U0/inst_fifo_gen/gconvfifo.rf/grf.rf/gntv_or_sync_fifo.gcx.clkx/rd_pntr_cdc_inst/dest_graysync_ff_reg[1][0]
  -------------------------------------------------------------------
                         required time                         -1.291    
                         arrival time                           1.336    
  -------------------------------------------------------------------
                         slack                                  0.045    





Pulse Width Checks
--------------------------------------------------------------------------------------
Clock Name:         pll_dac_clk_2x
Waveform(ns):       { 0.000 2.000 }
Period(ns):         4.000
Sources:            { pll/pll/CLKOUT2 }

Check Type        Corner  Lib Pin             Reference Pin  Required(ns)  Actual(ns)  Slack(ns)  Location  Pin
Min Period        n/a     RAMB18E1/CLKBWRCLK  n/a            2.576         4.000       1.424                i_asg/chB/inst_axi_dac/inst_asg_dat_fifo/U0/inst_fifo_gen/gconvfifo.rf/grf.rf/gntv_or_sync_fifo.mem/gbm.gbmg.gbmgc.ngecc.bmg/inst_blk_mem_gen/gnbram.gnativebmg.native_blk_mem_gen/valid.cstr/ramloop[0].ram.r/prim_noinit.ram/DEVICE_7SERIES.NO_BMM_INFO.SDP.WIDE_PRIM18.ram/CLKBWRCLK
Max Period        n/a     PLLE2_ADV/CLKOUT2   n/a            160.000       4.000       156.000              pll/pll/CLKOUT2
Low Pulse Width   Slow    RAMD32/CLK          n/a            1.250         2.000       0.750                ps/axi_master_2/axi_rfifo_reg_0_15_0_5/RAMA/CLK
High Pulse Width  Slow    RAMD32/CLK          n/a            1.250         2.000       0.750                ps/axi_master_2/axi_rfifo_reg_0_15_0_5/RAMA/CLK



---------------------------------------------------------------------------------------------------
From Clock:  pll_pwm_clk
  To Clock:  pll_pwm_clk

Setup :           NA  Failing Endpoints,  Worst Slack           NA  ,  Total Violation           NA
Hold  :           NA  Failing Endpoints,  Worst Slack           NA  ,  Total Violation           NA
PW    :            0  Failing Endpoints,  Worst Slack        1.845ns,  Total Violation        0.000ns
---------------------------------------------------------------------------------------------------


Pulse Width Checks
--------------------------------------------------------------------------------------
Clock Name:         pll_pwm_clk
Waveform(ns):       { 0.000 2.000 }
Period(ns):         4.000
Sources:            { pll/pll/CLKOUT5 }

Check Type  Corner  Lib Pin            Reference Pin  Required(ns)  Actual(ns)  Slack(ns)  Location  Pin
Min Period  n/a     BUFG/I             n/a            2.155         4.000       1.845                bufg_pwm_clk/I
Max Period  n/a     PLLE2_ADV/CLKOUT5  n/a            160.000       4.000       156.000              pll/pll/CLKOUT5



---------------------------------------------------------------------------------------------------
From Clock:  pll_ser_clk
  To Clock:  pll_ser_clk

Setup :           NA  Failing Endpoints,  Worst Slack           NA  ,  Total Violation           NA
Hold  :           NA  Failing Endpoints,  Worst Slack           NA  ,  Total Violation           NA
PW    :            0  Failing Endpoints,  Worst Slack        1.845ns,  Total Violation        0.000ns
---------------------------------------------------------------------------------------------------


Pulse Width Checks
--------------------------------------------------------------------------------------
Clock Name:         pll_ser_clk
Waveform(ns):       { 0.000 2.000 }
Period(ns):         4.000
Sources:            { pll/pll/CLKOUT4 }

Check Type  Corner  Lib Pin            Reference Pin  Required(ns)  Actual(ns)  Slack(ns)  Location  Pin
Min Period  n/a     BUFG/I             n/a            2.155         4.000       1.845                bufg_ser_clk/I
Max Period  n/a     PLLE2_ADV/CLKOUT4  n/a            160.000       4.000       156.000              pll/pll/CLKOUT4



---------------------------------------------------------------------------------------------------
From Clock:  clk_fpga_0
  To Clock:  clk_fpga_0

Setup :            0  Failing Endpoints,  Worst Slack        2.420ns,  Total Violation        0.000ns
Hold  :            0  Failing Endpoints,  Worst Slack        0.045ns,  Total Violation        0.000ns
PW    :            0  Failing Endpoints,  Worst Slack        3.500ns,  Total Violation        0.000ns
---------------------------------------------------------------------------------------------------


Max Delay Paths
--------------------------------------------------------------------------------------
Slack (MET) :             2.420ns  (required time - arrival time)
  Source:                 ps/system_i/processing_system7/inst/PS7_i/MAXIGP0ACLK
                            (rising edge-triggered cell PS7 clocked by clk_fpga_0  {rise@0.000ns fall@4.000ns period=8.000ns})
  Destination:            ps/axi_slave_gp0/ack_cnt_reg[1]/R
                            (rising edge-triggered cell FDRE clocked by clk_fpga_0  {rise@0.000ns fall@4.000ns period=8.000ns})
  Path Group:             clk_fpga_0
  Path Type:              Setup (Max at Slow Process Corner)
  Requirement:            8.000ns  (clk_fpga_0 rise@8.000ns - clk_fpga_0 rise@0.000ns)
  Data Path Delay:        4.753ns  (logic 1.752ns (36.863%)  route 3.001ns (63.137%))
  Logic Levels:           3  (LUT4=2 LUT6=1)
  Clock Path Skew:        -0.145ns (DCD - SCD + CPR)
    Destination Clock Delay (DCD):    2.035ns = ( 10.035 - 8.000 ) 
    Source Clock Delay      (SCD):    2.385ns
    Clock Pessimism Removal (CPR):    0.205ns
  Clock Uncertainty:      0.125ns  ((TSJ^2 + TIJ^2)^1/2 + DJ) / 2 + PE
    Total System Jitter     (TSJ):    0.071ns
    Total Input Jitter      (TIJ):    0.240ns
    Discrete Jitter          (DJ):    0.000ns
    Phase Error              (PE):    0.000ns

    Location             Delay type                Incr(ns)  Path(ns)    Netlist Resource(s)
  -------------------------------------------------------------------    -------------------
                         (clock clk_fpga_0 rise edge)
                                                      0.000     0.000 r  
    PS7_X0Y0             PS7                          0.000     0.000 r  ps/system_i/processing_system7/inst/PS7_i/FCLKCLK[0]
                         net (fo=1, unplaced)         0.800     0.800    ps/system_i/processing_system7/inst/FCLK_CLK_unbuffered[0]
                         BUFG (Prop_bufg_I_O)         0.101     0.901 r  ps/system_i/processing_system7/inst/buffer_fclk_clk_0.FCLK_CLK_0_BUFG/O
                         net (fo=1, unplaced)         0.584     1.485    ps/fclk_clk[0]
                         BUFG (Prop_bufg_I_O)         0.101     1.586 r  ps/fclk_buf[0]/O
                         net (fo=239, unplaced)       0.800     2.385    ps/system_i/processing_system7/inst/M_AXI_GP0_ACLK
    PS7_X0Y0             PS7                                          r  ps/system_i/processing_system7/inst/PS7_i/MAXIGP0ACLK
  -------------------------------------------------------------------    -------------------
    PS7_X0Y0             PS7 (Prop_ps7_MAXIGP0ACLK_MAXIGP0AWLEN[1])
                                                      1.380     3.765 r  ps/system_i/processing_system7/inst/PS7_i/MAXIGP0AWLEN[1]
                         net (fo=1, unplaced)         0.800     4.565    ps/axi_slave_gp0/axi\\.AWLEN[1]
                         LUT4 (Prop_lut4_I3_O)        0.124     4.689 r  ps/axi_slave_gp0/axi\\.WREADY_INST_0_i_2/O
                         net (fo=2, unplaced)         0.460     5.149    ps/axi_slave_gp0/wr_errorw03_in
                         LUT4 (Prop_lut4_I0_O)        0.124     5.273 r  ps/axi_slave_gp0/axi\\.WREADY_INST_0_i_1/O
                         net (fo=7, unplaced)         0.937     6.210    ps/axi_slave_gp0/wr_errorw
                         LUT6 (Prop_lut6_I2_O)        0.124     6.334 r  ps/axi_slave_gp0/ack_cnt[5]_i_1/O
                         net (fo=5, unplaced)         0.804     7.138    ps/axi_slave_gp0/ack_cnt[5]
                         FDRE                                         r  ps/axi_slave_gp0/ack_cnt_reg[1]/R
  -------------------------------------------------------------------    -------------------

                         (clock clk_fpga_0 rise edge)
                                                      8.000     8.000 r  
    PS7_X0Y0             PS7                          0.000     8.000 r  ps/system_i/processing_system7/inst/PS7_i/FCLKCLK[0]
                         net (fo=1, unplaced)         0.760     8.760    ps/system_i/processing_system7/inst/FCLK_CLK_unbuffered[0]
                         BUFG (Prop_bufg_I_O)         0.091     8.851 r  ps/system_i/processing_system7/inst/buffer_fclk_clk_0.FCLK_CLK_0_BUFG/O
                         net (fo=1, unplaced)         0.439     9.290    ps/fclk_clk[0]
                         BUFG (Prop_bufg_I_O)         0.091     9.381 r  ps/fclk_buf[0]/O
                         net (fo=239, unplaced)       0.655    10.035    ps/axi_slave_gp0/axi\\.ACLK
                         FDRE                                         r  ps/axi_slave_gp0/ack_cnt_reg[1]/C
                         clock pessimism              0.205    10.240    
                         clock uncertainty           -0.125    10.115    
                         FDRE (Setup_fdre_C_R)       -0.557     9.558    ps/axi_slave_gp0/ack_cnt_reg[1]
  -------------------------------------------------------------------
                         required time                          9.558    
                         arrival time                          -7.138    
  -------------------------------------------------------------------
                         slack                                  2.420    





Min Delay Paths
--------------------------------------------------------------------------------------
Slack (MET) :             0.045ns  (arrival time - required time)
  Source:                 i_hk/i_freq_meter/ref_gate_csff_reg[0]/C
                            (rising edge-triggered cell FDRE clocked by clk_fpga_0  {rise@0.000ns fall@4.000ns period=8.000ns})
  Destination:            i_hk/i_freq_meter/ref_gate_csff_reg[1]/D
                            (rising edge-triggered cell FDRE clocked by clk_fpga_0  {rise@0.000ns fall@4.000ns period=8.000ns})
  Path Group:             clk_fpga_0
  Path Type:              Hold (Min at Fast Process Corner)
  Requirement:            0.000ns  (clk_fpga_0 rise@0.000ns - clk_fpga_0 rise@0.000ns)
  Data Path Delay:        0.228ns  (logic 0.147ns (64.493%)  route 0.081ns (35.507%))
  Logic Levels:           0  
  Clock Path Skew:        0.145ns (DCD - SCD - CPR)
    Destination Clock Delay (DCD):    1.027ns
    Source Clock Delay      (SCD):    0.713ns
    Clock Pessimism Removal (CPR):    0.169ns

    Location             Delay type                Incr(ns)  Path(ns)    Netlist Resource(s)
  -------------------------------------------------------------------    -------------------
                         (clock clk_fpga_0 rise edge)
                                                      0.000     0.000 r  
    PS7_X0Y0             PS7                          0.000     0.000 r  ps/system_i/processing_system7/inst/PS7_i/FCLKCLK[0]
                         net (fo=1, unplaced)         0.337     0.337    ps/system_i/processing_system7/inst/FCLK_CLK_unbuffered[0]
                         BUFG (Prop_bufg_I_O)         0.026     0.363 r  ps/system_i/processing_system7/inst/buffer_fclk_clk_0.FCLK_CLK_0_BUFG/O
                         net (fo=1, unplaced)         0.114     0.477    ps/fclk_clk[0]
                         BUFG (Prop_bufg_I_O)         0.026     0.503 r  ps/fclk_buf[0]/O
                         net (fo=239, unplaced)       0.210     0.713    i_hk/i_freq_meter/ref_clk_i
                         FDRE                                         r  i_hk/i_freq_meter/ref_gate_csff_reg[0]/C
  -------------------------------------------------------------------    -------------------
                         FDRE (Prop_fdre_C_Q)         0.147     0.860 r  i_hk/i_freq_meter/ref_gate_csff_reg[0]/Q
                         net (fo=1, unplaced)         0.081     0.941    i_hk/i_freq_meter/ref_gate_csff[0]
                         FDRE                                         r  i_hk/i_freq_meter/ref_gate_csff_reg[1]/D
  -------------------------------------------------------------------    -------------------

                         (clock clk_fpga_0 rise edge)
                                                      0.000     0.000 r  
    PS7_X0Y0             PS7                          0.000     0.000 r  ps/system_i/processing_system7/inst/PS7_i/FCLKCLK[0]
                         net (fo=1, unplaced)         0.355     0.355    ps/system_i/processing_system7/inst/FCLK_CLK_unbuffered[0]
                         BUFG (Prop_bufg_I_O)         0.029     0.384 r  ps/system_i/processing_system7/inst/buffer_fclk_clk_0.FCLK_CLK_0_BUFG/O
                         net (fo=1, unplaced)         0.259     0.643    ps/fclk_clk[0]
                         BUFG (Prop_bufg_I_O)         0.029     0.672 r  ps/fclk_buf[0]/O
                         net (fo=239, unplaced)       0.355     1.027    i_hk/i_freq_meter/ref_clk_i
                         FDRE                                         r  i_hk/i_freq_meter/ref_gate_csff_reg[1]/C
                         clock pessimism             -0.169     0.858    
                         FDRE (Hold_fdre_C_D)         0.038     0.896    i_hk/i_freq_meter/ref_gate_csff_reg[1]
  -------------------------------------------------------------------
                         required time                         -0.896    
                         arrival time                           0.941    
  -------------------------------------------------------------------
                         slack                                  0.045    





Pulse Width Checks
--------------------------------------------------------------------------------------
Clock Name:         clk_fpga_0
Waveform(ns):       { 0.000 4.000 }
Period(ns):         8.000
Sources:            { ps/system_i/processing_system7/inst/PS7_i/FCLKCLK[0] }

Check Type        Corner  Lib Pin  Reference Pin  Required(ns)  Actual(ns)  Slack(ns)  Location  Pin
Min Period        n/a     BUFG/I   n/a            2.155         8.000       5.845                ps/fclk_buf[0]/I
Low Pulse Width   Fast    FDRE/C   n/a            0.500         4.000       3.500                fpll_locked_r2_reg/C
High Pulse Width  Fast    FDRE/C   n/a            0.500         4.000       3.500                fpll_locked_r2_reg/C



---------------------------------------------------------------------------------------------------
From Clock:  clk_fpga_1
  To Clock:  clk_fpga_1

Setup :           NA  Failing Endpoints,  Worst Slack           NA  ,  Total Violation           NA
Hold  :           NA  Failing Endpoints,  Worst Slack           NA  ,  Total Violation           NA
PW    :            0  Failing Endpoints,  Worst Slack        1.845ns,  Total Violation        0.000ns
---------------------------------------------------------------------------------------------------


Pulse Width Checks
--------------------------------------------------------------------------------------
Clock Name:         clk_fpga_1
Waveform(ns):       { 0.000 2.000 }
Period(ns):         4.000
Sources:            { ps/system_i/processing_system7/inst/PS7_i/FCLKCLK[1] }

Check Type  Corner  Lib Pin  Reference Pin  Required(ns)  Actual(ns)  Slack(ns)  Location  Pin
Min Period  n/a     BUFG/I   n/a            2.155         4.000       1.845                ps/fclk_buf[1]/I



---------------------------------------------------------------------------------------------------
From Clock:  clk_fpga_2
  To Clock:  clk_fpga_2

Setup :           NA  Failing Endpoints,  Worst Slack           NA  ,  Total Violation           NA
Hold  :           NA  Failing Endpoints,  Worst Slack           NA  ,  Total Violation           NA
PW    :            0  Failing Endpoints,  Worst Slack       17.845ns,  Total Violation        0.000ns
---------------------------------------------------------------------------------------------------


Pulse Width Checks
--------------------------------------------------------------------------------------
Clock Name:         clk_fpga_2
Waveform(ns):       { 0.000 10.000 }
Period(ns):         20.000
Sources:            { ps/system_i/processing_system7/inst/PS7_i/FCLKCLK[2] }

Check Type  Corner  Lib Pin  Reference Pin  Required(ns)  Actual(ns)  Slack(ns)  Location  Pin
Min Period  n/a     BUFG/I   n/a            2.155         20.000      17.845               ps/fclk_buf[2]/I



---------------------------------------------------------------------------------------------------
From Clock:  clk_fpga_3
  To Clock:  clk_fpga_3

Setup :           13  Failing Endpoints,  Worst Slack       -0.306ns,  Total Violation       -2.638ns
Hold  :            0  Failing Endpoints,  Worst Slack        0.045ns,  Total Violation        0.000ns
PW    :            0  Failing Endpoints,  Worst Slack        1.000ns,  Total Violation        0.000ns
---------------------------------------------------------------------------------------------------


Max Delay Paths
--------------------------------------------------------------------------------------
Slack (VIOLATED) :        -0.306ns  (required time - arrival time)
  Source:                 ps/system_i/axi_protocol_converter_0/inst/gen_axilite.gen_b2s_conv.axilite_b2s/WR.b_channel_0/bid_fifo_0/cnt_read_reg[0]/C
                            (rising edge-triggered cell FDSE clocked by clk_fpga_3  {rise@0.000ns fall@2.500ns period=5.000ns})
  Destination:            ps/system_i/axi_protocol_converter_0/inst/gen_axilite.gen_b2s_conv.axilite_b2s/WR.b_channel_0/bresp_cnt_reg[0]/R
                            (rising edge-triggered cell FDRE clocked by clk_fpga_3  {rise@0.000ns fall@2.500ns period=5.000ns})
  Path Group:             clk_fpga_3
  Path Type:              Setup (Max at Slow Process Corner)
  Requirement:            5.000ns  (clk_fpga_3 rise@5.000ns - clk_fpga_3 rise@0.000ns)
  Data Path Delay:        4.521ns  (logic 1.021ns (22.584%)  route 3.500ns (77.417%))
  Logic Levels:           3  (LUT4=1 LUT6=1 SRL16E=1)
  Clock Path Skew:        -0.145ns (DCD - SCD + CPR)
    Destination Clock Delay (DCD):    1.505ns = ( 6.505 - 5.000 ) 
    Source Clock Delay      (SCD):    1.700ns
    Clock Pessimism Removal (CPR):    0.050ns
  Clock Uncertainty:      0.083ns  ((TSJ^2 + TIJ^2)^1/2 + DJ) / 2 + PE
    Total System Jitter     (TSJ):    0.071ns
    Total Input Jitter      (TIJ):    0.150ns
    Discrete Jitter          (DJ):    0.000ns
    Phase Error              (PE):    0.000ns

    Location             Delay type                Incr(ns)  Path(ns)    Netlist Resource(s)
  -------------------------------------------------------------------    -------------------
                         (clock clk_fpga_3 rise edge)
                                                      0.000     0.000 r  
    PS7_X0Y0             PS7                          0.000     0.000 r  ps/system_i/processing_system7/inst/PS7_i/FCLKCLK[3]
                         net (fo=1, unplaced)         0.800     0.800    ps/system_i/processing_system7/inst/FCLK_CLK_unbuffered[3]
                         BUFG (Prop_bufg_I_O)         0.101     0.901 r  ps/system_i/processing_system7/inst/buffer_fclk_clk_3.FCLK_CLK_3_BUFG/O
                         net (fo=1275, unplaced)      0.800     1.700    ps/system_i/axi_protocol_converter_0/inst/gen_axilite.gen_b2s_conv.axilite_b2s/WR.b_channel_0/bid_fifo_0/clk
                         FDSE                                         r  ps/system_i/axi_protocol_converter_0/inst/gen_axilite.gen_b2s_conv.axilite_b2s/WR.b_channel_0/bid_fifo_0/cnt_read_reg[0]/C
  -------------------------------------------------------------------    -------------------
                         FDSE (Prop_fdse_C_Q)         0.478     2.178 r  ps/system_i/axi_protocol_converter_0/inst/gen_axilite.gen_b2s_conv.axilite_b2s/WR.b_channel_0/bid_fifo_0/cnt_read_reg[0]/Q
                         net (fo=20, unplaced)        0.866     3.044    ps/system_i/axi_protocol_converter_0/inst/gen_axilite.gen_b2s_conv.axilite_b2s/WR.b_channel_0/bid_fifo_0/cnt_read[0]
                         SRL16E (Prop_srl16e_A0_Q)    0.295     3.339 r  ps/system_i/axi_protocol_converter_0/inst/gen_axilite.gen_b2s_conv.axilite_b2s/WR.b_channel_0/bid_fifo_0/memory_reg[3][3]_srl4/Q
                         net (fo=1, unplaced)         0.902     4.241    ps/system_i/axi_protocol_converter_0/inst/gen_axilite.gen_b2s_conv.axilite_b2s/WR.b_channel_0/bid_fifo_0_n_16
                         LUT4 (Prop_lut4_I1_O)        0.124     4.365 r  ps/system_i/axi_protocol_converter_0/inst/gen_axilite.gen_b2s_conv.axilite_b2s/WR.b_channel_0/bresp_fifo_0_i_2/O
                         net (fo=2, unplaced)         0.913     5.278    ps/system_i/axi_protocol_converter_0/inst/gen_axilite.gen_b2s_conv.axilite_b2s/WR.b_channel_0/bresp_fifo_0_i_2_n_0
                         LUT6 (Prop_lut6_I2_O)        0.124     5.402 r  ps/system_i/axi_protocol_converter_0/inst/gen_axilite.gen_b2s_conv.axilite_b2s/WR.b_channel_0/bresp_cnt[7]_i_1/O
                         net (fo=10, unplaced)        0.819     6.221    ps/system_i/axi_protocol_converter_0/inst/gen_axilite.gen_b2s_conv.axilite_b2s/WR.b_channel_0/s_bresp_acc0
                         FDRE                                         r  ps/system_i/axi_protocol_converter_0/inst/gen_axilite.gen_b2s_conv.axilite_b2s/WR.b_channel_0/bresp_cnt_reg[0]/R
  -------------------------------------------------------------------    -------------------

                         (clock clk_fpga_3 rise edge)
                                                      5.000     5.000 r  
    PS7_X0Y0             PS7                          0.000     5.000 r  ps/system_i/processing_system7/inst/PS7_i/FCLKCLK[3]
                         net (fo=1, unplaced)         0.760     5.760    ps/system_i/processing_system7/inst/FCLK_CLK_unbuffered[3]
                         BUFG (Prop_bufg_I_O)         0.091     5.851 r  ps/system_i/processing_system7/inst/buffer_fclk_clk_3.FCLK_CLK_3_BUFG/O
                         net (fo=1275, unplaced)      0.655     6.505    ps/system_i/axi_protocol_converter_0/inst/gen_axilite.gen_b2s_conv.axilite_b2s/WR.b_channel_0/clk
                         FDRE                                         r  ps/system_i/axi_protocol_converter_0/inst/gen_axilite.gen_b2s_conv.axilite_b2s/WR.b_channel_0/bresp_cnt_reg[0]/C
                         clock pessimism              0.050     6.555    
                         clock uncertainty           -0.083     6.473    
                         FDRE (Setup_fdre_C_R)       -0.557     5.916    ps/system_i/axi_protocol_converter_0/inst/gen_axilite.gen_b2s_conv.axilite_b2s/WR.b_channel_0/bresp_cnt_reg[0]
  -------------------------------------------------------------------
                         required time                          5.916    
                         arrival time                          -6.221    
  -------------------------------------------------------------------
                         slack                                 -0.306    





Min Delay Paths
--------------------------------------------------------------------------------------
Slack (MET) :             0.045ns  (arrival time - required time)
  Source:                 ps/system_i/proc_sys_reset/U0/EXT_LPF/ACTIVE_LOW_AUX.ACT_LO_AUX/GENERATE_LEVEL_P_S_CDC.SINGLE_BIT.CROSS_PLEVEL_IN2SCNDRY_IN_cdc_to/C
                            (rising edge-triggered cell FDRE clocked by clk_fpga_3  {rise@0.000ns fall@2.500ns period=5.000ns})
  Destination:            ps/system_i/proc_sys_reset/U0/EXT_LPF/ACTIVE_LOW_AUX.ACT_LO_AUX/GENERATE_LEVEL_P_S_CDC.SINGLE_BIT.CROSS_PLEVEL_IN2SCNDRY_s_level_out_d2/D
                            (rising edge-triggered cell FDRE clocked by clk_fpga_3  {rise@0.000ns fall@2.500ns period=5.000ns})
  Path Group:             clk_fpga_3
  Path Type:              Hold (Min at Fast Process Corner)
  Requirement:            0.000ns  (clk_fpga_3 rise@0.000ns - clk_fpga_3 rise@0.000ns)
  Data Path Delay:        0.228ns  (logic 0.147ns (64.493%)  route 0.081ns (35.507%))
  Logic Levels:           0  
  Clock Path Skew:        0.145ns (DCD - SCD - CPR)
    Destination Clock Delay (DCD):    0.739ns
    Source Clock Delay      (SCD):    0.573ns
    Clock Pessimism Removal (CPR):    0.021ns

    Location             Delay type                Incr(ns)  Path(ns)    Netlist Resource(s)
  -------------------------------------------------------------------    -------------------
                         (clock clk_fpga_3 rise edge)
                                                      0.000     0.000 r  
    PS7_X0Y0             PS7                          0.000     0.000 r  ps/system_i/processing_system7/inst/PS7_i/FCLKCLK[3]
                         net (fo=1, unplaced)         0.337     0.337    ps/system_i/processing_system7/inst/FCLK_CLK_unbuffered[3]
                         BUFG (Prop_bufg_I_O)         0.026     0.363 r  ps/system_i/processing_system7/inst/buffer_fclk_clk_3.FCLK_CLK_3_BUFG/O
                         net (fo=1275, unplaced)      0.210     0.573    ps/system_i/proc_sys_reset/U0/EXT_LPF/ACTIVE_LOW_AUX.ACT_LO_AUX/scndry_aclk
                         FDRE                                         r  ps/system_i/proc_sys_reset/U0/EXT_LPF/ACTIVE_LOW_AUX.ACT_LO_AUX/GENERATE_LEVEL_P_S_CDC.SINGLE_BIT.CROSS_PLEVEL_IN2SCNDRY_IN_cdc_to/C
  -------------------------------------------------------------------    -------------------
                         FDRE (Prop_fdre_C_Q)         0.147     0.720 r  ps/system_i/proc_sys_reset/U0/EXT_LPF/ACTIVE_LOW_AUX.ACT_LO_AUX/GENERATE_LEVEL_P_S_CDC.SINGLE_BIT.CROSS_PLEVEL_IN2SCNDRY_IN_cdc_to/Q
                         net (fo=1, unplaced)         0.081     0.801    ps/system_i/proc_sys_reset/U0/EXT_LPF/ACTIVE_LOW_AUX.ACT_LO_AUX/s_level_out_d1_cdc_to
                         FDRE                                         r  ps/system_i/proc_sys_reset/U0/EXT_LPF/ACTIVE_LOW_AUX.ACT_LO_AUX/GENERATE_LEVEL_P_S_CDC.SINGLE_BIT.CROSS_PLEVEL_IN2SCNDRY_s_level_out_d2/D
  -------------------------------------------------------------------    -------------------

                         (clock clk_fpga_3 rise edge)
                                                      0.000     0.000 r  
    PS7_X0Y0             PS7                          0.000     0.000 r  ps/system_i/processing_system7/inst/PS7_i/FCLKCLK[3]
                         net (fo=1, unplaced)         0.355     0.355    ps/system_i/processing_system7/inst/FCLK_CLK_unbuffered[3]
                         BUFG (Prop_bufg_I_O)         0.029     0.384 r  ps/system_i/processing_system7/inst/buffer_fclk_clk_3.FCLK_CLK_3_BUFG/O
                         net (fo=1275, unplaced)      0.355     0.739    ps/system_i/proc_sys_reset/U0/EXT_LPF/ACTIVE_LOW_AUX.ACT_LO_AUX/scndry_aclk
                         FDRE                                         r  ps/system_i/proc_sys_reset/U0/EXT_LPF/ACTIVE_LOW_AUX.ACT_LO_AUX/GENERATE_LEVEL_P_S_CDC.SINGLE_BIT.CROSS_PLEVEL_IN2SCNDRY_s_level_out_d2/C
                         clock pessimism             -0.021     0.718    
                         FDRE (Hold_fdre_C_D)         0.038     0.756    ps/system_i/proc_sys_reset/U0/EXT_LPF/ACTIVE_LOW_AUX.ACT_LO_AUX/GENERATE_LEVEL_P_S_CDC.SINGLE_BIT.CROSS_PLEVEL_IN2SCNDRY_s_level_out_d2
  -------------------------------------------------------------------
                         required time                         -0.756    
                         arrival time                           0.801    
  -------------------------------------------------------------------
                         slack                                  0.045    





Pulse Width Checks
--------------------------------------------------------------------------------------
Clock Name:         clk_fpga_3
Waveform(ns):       { 0.000 2.500 }
Period(ns):         5.000
Sources:            { ps/system_i/processing_system7/inst/PS7_i/FCLKCLK[3] }

Check Type        Corner  Lib Pin      Reference Pin  Required(ns)  Actual(ns)  Slack(ns)  Location   Pin
Min Period        n/a     XADC/DCLK    n/a            4.000         5.000       1.000      XADC_X0Y0  ps/system_i/xadc/inst/AXI_XADC_CORE_I/XADC_INST/DCLK
Low Pulse Width   Slow    SRLC32E/CLK  n/a            0.980         2.500       1.520                 ps/system_i/axi_protocol_converter_0/inst/gen_axilite.gen_b2s_conv.axilite_b2s/RD.r_channel_0/rd_data_fifo_0/memory_reg[31][0]_srl32/CLK
High Pulse Width  Fast    SRLC32E/CLK  n/a            0.980         2.500       1.520                 ps/system_i/axi_protocol_converter_0/inst/gen_axilite.gen_b2s_conv.axilite_b2s/RD.r_channel_0/rd_data_fifo_0/memory_reg[31][0]_srl32/CLK



---------------------------------------------------------------------------------------------------
From Clock:  rx_clk
  To Clock:  rx_clk

Setup :           NA  Failing Endpoints,  Worst Slack           NA  ,  Total Violation           NA
Hold  :           NA  Failing Endpoints,  Worst Slack           NA  ,  Total Violation           NA
PW    :            0  Failing Endpoints,  Worst Slack        2.333ns,  Total Violation        0.000ns
---------------------------------------------------------------------------------------------------


Pulse Width Checks
--------------------------------------------------------------------------------------
Clock Name:         rx_clk
Waveform(ns):       { 0.000 2.000 }
Period(ns):         4.000
Sources:            { daisy_p_i[1] }

Check Type  Corner  Lib Pin        Reference Pin  Required(ns)  Actual(ns)  Slack(ns)  Location      Pin
Min Period  n/a     ISERDESE2/CLK  n/a            1.667         4.000       2.333      ILOGIC_X1Y88  i_daisy/i_rx/genblk1[0].i_iserdese/CLK



---------------------------------------------------------------------------------------------------
From Clock:  par_clk
  To Clock:  par_clk

Setup :            0  Failing Endpoints,  Worst Slack        4.729ns,  Total Violation        0.000ns
Hold  :           22  Failing Endpoints,  Worst Slack       -0.420ns,  Total Violation       -7.355ns
PW    :            0  Failing Endpoints,  Worst Slack        3.020ns,  Total Violation        0.000ns
---------------------------------------------------------------------------------------------------


Max Delay Paths
--------------------------------------------------------------------------------------
Slack (MET) :             4.729ns  (required time - arrival time)
  Source:                 i_daisy/i_rx/genblk1[0].par_dat_r_reg[0]/C
                            (rising edge-triggered cell FDRE clocked by par_clk  {rise@0.000ns fall@4.000ns period=8.000ns})
  Destination:            i_daisy/i_rx/genblk1[0].bitslip_l_reg/D
                            (rising edge-triggered cell FDRE clocked by par_clk  {rise@0.000ns fall@4.000ns period=8.000ns})
  Path Group:             par_clk
  Path Type:              Setup (Max at Slow Process Corner)
  Requirement:            8.000ns  (par_clk rise@8.000ns - par_clk rise@0.000ns)
  Data Path Delay:        3.135ns  (logic 1.021ns (32.568%)  route 2.114ns (67.432%))
  Logic Levels:           3  (LUT4=2 LUT6=1)
  Clock Path Skew:        -0.145ns (DCD - SCD + CPR)
    Destination Clock Delay (DCD):    3.454ns = ( 11.454 - 8.000 ) 
    Source Clock Delay      (SCD):    4.055ns
    Clock Pessimism Removal (CPR):    0.455ns
  Clock Uncertainty:      0.035ns  ((TSJ^2 + TIJ^2)^1/2 + DJ) / 2 + PE
    Total System Jitter     (TSJ):    0.071ns
    Total Input Jitter      (TIJ):    0.000ns
    Discrete Jitter          (DJ):    0.000ns
    Phase Error              (PE):    0.000ns

    Location             Delay type                Incr(ns)  Path(ns)    Netlist Resource(s)
  -------------------------------------------------------------------    -------------------
                         (clock par_clk rise edge)    0.000     0.000 r  
    N18                                               0.000     0.000 r  daisy_p_i[1] (IN)
                         net (fo=0)                   0.000     0.000    i_daisy/daisy_p_i[1]
    N18                  IBUFDS (Prop_ibufds_I_O)     0.914     0.914 r  i_daisy/i_IBUFGDS_clk/O
                         net (fo=2, unplaced)         0.408     1.322    i_daisy/i_rx/ser_clk_i
                         BUFR (Prop_bufr_I_O)         1.032     2.354 r  i_daisy/i_rx/i_BUFR_clk/O
                         net (fo=51, unplaced)        0.800     3.154    i_daisy/i_rx/par_clk
                         BUFG (Prop_bufg_I_O)         0.101     3.255 r  i_daisy/i_rx/i_parclk_buf/O
                         net (fo=233, unplaced)       0.800     4.055    i_daisy/i_rx/par_clk_o
                         FDRE                                         r  i_daisy/i_rx/genblk1[0].par_dat_r_reg[0]/C
  -------------------------------------------------------------------    -------------------
                         FDRE (Prop_fdre_C_Q)         0.478     4.533 f  i_daisy/i_rx/genblk1[0].par_dat_r_reg[0]/Q
                         net (fo=2, unplaced)         0.752     5.285    i_daisy/i_rx/genblk1[0].par_dat_r[0]
                         LUT4 (Prop_lut4_I1_O)        0.295     5.580 r  i_daisy/i_rx/genblk1[0].par_ok[0]_i_5/O
                         net (fo=1, unplaced)         0.902     6.482    i_daisy/i_rx/genblk1[0].par_ok[0]_i_5_n_0
                         LUT4 (Prop_lut4_I1_O)        0.124     6.606 r  i_daisy/i_rx/genblk1[0].par_ok[0]_i_3/O
                         net (fo=2, unplaced)         0.460     7.066    i_daisy/i_rx/genblk1[0].par_ok[0]_i_3_n_0
                         LUT6 (Prop_lut6_I4_O)        0.124     7.190 r  i_daisy/i_rx/genblk1[0].bitslip_l_i_1/O
                         net (fo=1, unplaced)         0.000     7.190    i_daisy/i_rx/genblk1[0].bitslip_l_i_1_n_0
                         FDRE                                         r  i_daisy/i_rx/genblk1[0].bitslip_l_reg/D
  -------------------------------------------------------------------    -------------------

                         (clock par_clk rise edge)    8.000     8.000 r  
    N18                                               0.000     8.000 r  daisy_p_i[1] (IN)
                         net (fo=0)                   0.000     8.000    i_daisy/daisy_p_i[1]
    N18                  IBUFDS (Prop_ibufds_I_O)     0.872     8.872 r  i_daisy/i_IBUFGDS_clk/O
                         net (fo=2, unplaced)         0.263     9.135    i_daisy/i_rx/ser_clk_i
                         BUFR (Prop_bufr_I_O)         0.919    10.054 r  i_daisy/i_rx/i_BUFR_clk/O
                         net (fo=51, unplaced)        0.655    10.709    i_daisy/i_rx/par_clk
                         BUFG (Prop_bufg_I_O)         0.091    10.800 r  i_daisy/i_rx/i_parclk_buf/O
                         net (fo=233, unplaced)       0.655    11.454    i_daisy/i_rx/par_clk_o
                         FDRE                                         r  i_daisy/i_rx/genblk1[0].bitslip_l_reg/C
                         clock pessimism              0.455    11.910    
                         clock uncertainty           -0.035    11.874    
                         FDRE (Setup_fdre_C_D)        0.044    11.918    i_daisy/i_rx/genblk1[0].bitslip_l_reg
  -------------------------------------------------------------------
                         required time                         11.918    
                         arrival time                          -7.190    
  -------------------------------------------------------------------
                         slack                                  4.729    





Min Delay Paths
--------------------------------------------------------------------------------------
Slack (VIOLATED) :        -0.420ns  (arrival time - required time)
  Source:                 i_daisy/i_rx/genblk1[0].par_dat_reg[0]/C
                            (rising edge-triggered cell FDRE clocked by par_clk  {rise@0.000ns fall@4.000ns period=8.000ns})
  Destination:            i_daisy/i_rx/genblk1[0].par_dat_r_reg[0]/D
                            (rising edge-triggered cell FDRE clocked by par_clk  {rise@0.000ns fall@4.000ns period=8.000ns})
  Path Group:             par_clk
  Path Type:              Hold (Min at Slow Process Corner)
  Requirement:            0.000ns  (par_clk rise@0.000ns - par_clk rise@0.000ns)
  Data Path Delay:        0.702ns  (logic 0.385ns (54.820%)  route 0.317ns (45.180%))
  Logic Levels:           0  
  Clock Path Skew:        1.046ns (DCD - SCD - CPR)
    Destination Clock Delay (DCD):    4.055ns
    Source Clock Delay      (SCD):    2.709ns
    Clock Pessimism Removal (CPR):    0.300ns

    Location             Delay type                Incr(ns)  Path(ns)    Netlist Resource(s)
  -------------------------------------------------------------------    -------------------
                         (clock par_clk rise edge)    0.000     0.000 r  
    N18                                               0.000     0.000 r  daisy_p_i[1] (IN)
                         net (fo=0)                   0.000     0.000    i_daisy/daisy_p_i[1]
    N18                  IBUFDS (Prop_ibufds_I_O)     0.872     0.872 r  i_daisy/i_IBUFGDS_clk/O
                         net (fo=2, unplaced)         0.263     1.135    i_daisy/i_rx/ser_clk_i
                         BUFR (Prop_bufr_I_O)         0.919     2.054 r  i_daisy/i_rx/i_BUFR_clk/O
                         net (fo=51, unplaced)        0.655     2.709    i_daisy/i_rx/par_clk
                         FDRE                                         r  i_daisy/i_rx/genblk1[0].par_dat_reg[0]/C
  -------------------------------------------------------------------    -------------------
                         FDRE (Prop_fdre_C_Q)         0.385     3.094 r  i_daisy/i_rx/genblk1[0].par_dat_reg[0]/Q
                         net (fo=1, unplaced)         0.317     3.411    i_daisy/i_rx/genblk1[0].par_dat[0]
                         FDRE                                         r  i_daisy/i_rx/genblk1[0].par_dat_r_reg[0]/D
  -------------------------------------------------------------------    -------------------

                         (clock par_clk rise edge)    0.000     0.000 r  
    N18                                               0.000     0.000 r  daisy_p_i[1] (IN)
                         net (fo=0)                   0.000     0.000    i_daisy/daisy_p_i[1]
    N18                  IBUFDS (Prop_ibufds_I_O)     0.914     0.914 r  i_daisy/i_IBUFGDS_clk/O
                         net (fo=2, unplaced)         0.408     1.322    i_daisy/i_rx/ser_clk_i
                         BUFR (Prop_bufr_I_O)         1.032     2.354 r  i_daisy/i_rx/i_BUFR_clk/O
                         net (fo=51, unplaced)        0.800     3.154    i_daisy/i_rx/par_clk
                         BUFG (Prop_bufg_I_O)         0.101     3.255 r  i_daisy/i_rx/i_parclk_buf/O
                         net (fo=233, unplaced)       0.800     4.055    i_daisy/i_rx/par_clk_o
                         FDRE                                         r  i_daisy/i_rx/genblk1[0].par_dat_r_reg[0]/C
                         clock pessimism             -0.300     3.754    
                         FDRE (Hold_fdre_C_D)         0.077     3.831    i_daisy/i_rx/genblk1[0].par_dat_r_reg[0]
  -------------------------------------------------------------------
                         required time                         -3.831    
                         arrival time                           3.411    
  -------------------------------------------------------------------
                         slack                                 -0.420    





Pulse Width Checks
--------------------------------------------------------------------------------------
Clock Name:         par_clk
Waveform(ns):       { 0.000 4.000 }
Period(ns):         8.000
Sources:            { i_daisy/i_rx/i_BUFR_clk/O }

Check Type        Corner  Lib Pin     Reference Pin  Required(ns)  Actual(ns)  Slack(ns)  Location  Pin
Min Period        n/a     BUFG/I      n/a            2.155         8.000       5.845                i_daisy/i_rx/i_parclk_buf/I
Low Pulse Width   Slow    SRL16E/CLK  n/a            0.980         4.000       3.020                i_daisy/i_rx/genblk1[0].bitslip_r_reg[1]_srl2/CLK
High Pulse Width  Slow    SRL16E/CLK  n/a            0.980         4.000       3.020                i_daisy/i_rx/genblk1[0].bitslip_r_reg[1]_srl2/CLK



---------------------------------------------------------------------------------------------------
From Clock:  pll_dac_clk_2x
  To Clock:  pll_adc_clk

Setup :            0  Failing Endpoints,  Worst Slack        2.968ns,  Total Violation        0.000ns
Hold  :           NA  Failing Endpoints,  Worst Slack           NA  ,  Total Violation           NA
---------------------------------------------------------------------------------------------------


Max Delay Paths
--------------------------------------------------------------------------------------
Slack (MET) :             2.968ns  (required time - arrival time)
  Source:                 i_asg/chA/inst_axi_dac/inst_asg_dat_fifo/U0/inst_fifo_gen/gconvfifo.rf/grf.rf/gntv_or_sync_fifo.gcx.clkx/wr_pntr_cdc_inst/src_gray_ff_reg[0]/C
                            (rising edge-triggered cell FDRE clocked by pll_dac_clk_2x  {rise@0.000ns fall@2.000ns period=4.000ns})
  Destination:            i_asg/chA/inst_axi_dac/inst_asg_dat_fifo/U0/inst_fifo_gen/gconvfifo.rf/grf.rf/gntv_or_sync_fifo.gcx.clkx/wr_pntr_cdc_inst/dest_graysync_ff_reg[0][0]/D
                            (rising edge-triggered cell FDRE clocked by pll_adc_clk  {rise@0.000ns fall@4.000ns period=8.000ns})
  Path Group:             pll_adc_clk
  Path Type:              Setup (Max at Slow Process Corner)
  Requirement:            4.000ns  (MaxDelay Path 4.000ns)
  Data Path Delay:        0.812ns  (logic 0.478ns (58.867%)  route 0.334ns (41.133%))
  Logic Levels:           0  
  Timing Exception:       MaxDelay Path 4.000ns -datapath_only

    Location             Delay type                Incr(ns)  Path(ns)    Netlist Resource(s)
  -------------------------------------------------------------------    -------------------
                                                      0.000     0.000 r  i_asg/chA/inst_axi_dac/inst_asg_dat_fifo/U0/inst_fifo_gen/gconvfifo.rf/grf.rf/gntv_or_sync_fifo.gcx.clkx/wr_pntr_cdc_inst/src_gray_ff_reg[0]/C
                         FDRE (Prop_fdre_C_Q)         0.478     0.478 r  i_asg/chA/inst_axi_dac/inst_asg_dat_fifo/U0/inst_fifo_gen/gconvfifo.rf/grf.rf/gntv_or_sync_fifo.gcx.clkx/wr_pntr_cdc_inst/src_gray_ff_reg[0]/Q
                         net (fo=1, unplaced)         0.334     0.812    i_asg/chA/inst_axi_dac/inst_asg_dat_fifo/U0/inst_fifo_gen/gconvfifo.rf/grf.rf/gntv_or_sync_fifo.gcx.clkx/wr_pntr_cdc_inst/async_path[0]
                         FDRE                                         r  i_asg/chA/inst_axi_dac/inst_asg_dat_fifo/U0/inst_fifo_gen/gconvfifo.rf/grf.rf/gntv_or_sync_fifo.gcx.clkx/wr_pntr_cdc_inst/dest_graysync_ff_reg[0][0]/D
  -------------------------------------------------------------------    -------------------

                         max delay                    4.000     4.000    
                         FDRE (Setup_fdre_C_D)       -0.220     3.780    i_asg/chA/inst_axi_dac/inst_asg_dat_fifo/U0/inst_fifo_gen/gconvfifo.rf/grf.rf/gntv_or_sync_fifo.gcx.clkx/wr_pntr_cdc_inst/dest_graysync_ff_reg[0][0]
  -------------------------------------------------------------------
                         required time                          3.780    
                         arrival time                          -0.812    
  -------------------------------------------------------------------
                         slack                                  2.968    





---------------------------------------------------------------------------------------------------
From Clock:  clk_fpga_0
  To Clock:  pll_adc_clk

Setup :            0  Failing Endpoints,  Worst Slack        6.506ns,  Total Violation        0.000ns
Hold  :           NA  Failing Endpoints,  Worst Slack           NA  ,  Total Violation           NA
---------------------------------------------------------------------------------------------------


Max Delay Paths
--------------------------------------------------------------------------------------
Slack (MET) :             6.506ns  (required time - arrival time)
  Source:                 ps/axi_slave_gp0/rd_araddr_reg[0]/C
                            (rising edge-triggered cell FDRE clocked by clk_fpga_0  {rise@0.000ns fall@4.000ns period=8.000ns})
  Destination:            sys_bus_interconnect/for_bus[0].inst_sys_bus_cdc/bus_m\\.addr_reg[0]/D
                            (rising edge-triggered cell FDRE clocked by pll_adc_clk  {rise@0.000ns fall@4.000ns period=8.000ns})
  Path Group:             pll_adc_clk
  Path Type:              Setup (Max at Slow Process Corner)
  Requirement:            8.000ns  (MaxDelay Path 8.000ns)
  Data Path Delay:        1.538ns  (logic 0.797ns (51.821%)  route 0.741ns (48.179%))
  Logic Levels:           1  (LUT3=1)
  Timing Exception:       MaxDelay Path 8.000ns -datapath_only

    Location             Delay type                Incr(ns)  Path(ns)    Netlist Resource(s)
  -------------------------------------------------------------------    -------------------
                                                      0.000     0.000 r  ps/axi_slave_gp0/rd_araddr_reg[0]/C
                         FDRE (Prop_fdre_C_Q)         0.478     0.478 r  ps/axi_slave_gp0/rd_araddr_reg[0]/Q
                         net (fo=1, unplaced)         0.741     1.219    ps/axi_slave_gp0/rd_araddr[0]
                         LUT3 (Prop_lut3_I0_O)        0.319     1.538 r  ps/axi_slave_gp0/bus\\.addr[0]_INST_0/O
                         net (fo=6, unplaced)         0.000     1.538    sys_bus_interconnect/for_bus[0].inst_sys_bus_cdc/bus_s\\.addr[0]
                         FDRE                                         r  sys_bus_interconnect/for_bus[0].inst_sys_bus_cdc/bus_m\\.addr_reg[0]/D
  -------------------------------------------------------------------    -------------------

                         max delay                    8.000     8.000    
                         FDRE (Setup_fdre_C_D)        0.044     8.044    sys_bus_interconnect/for_bus[0].inst_sys_bus_cdc/bus_m\\.addr_reg[0]
  -------------------------------------------------------------------
                         required time                          8.044    
                         arrival time                          -1.538    
  -------------------------------------------------------------------
                         slack                                  6.506    





---------------------------------------------------------------------------------------------------
From Clock:  pll_adc_clk
  To Clock:  pll_dac_clk_1x

Setup :            0  Failing Endpoints,  Worst Slack        4.274ns,  Total Violation        0.000ns
Hold  :            0  Failing Endpoints,  Worst Slack        0.019ns,  Total Violation        0.000ns
---------------------------------------------------------------------------------------------------


Max Delay Paths
--------------------------------------------------------------------------------------
Slack (MET) :             4.274ns  (required time - arrival time)
  Source:                 i_asg/chA/dac_o_reg[1]/C
                            (rising edge-triggered cell FDSE clocked by pll_adc_clk  {rise@0.000ns fall@4.000ns period=8.000ns})
  Destination:            dac_dat_a_reg[10]/D
                            (rising edge-triggered cell FDRE clocked by pll_dac_clk_1x  {rise@0.000ns fall@4.000ns period=8.000ns})
  Path Group:             pll_dac_clk_1x
  Path Type:              Setup (Max at Slow Process Corner)
  Requirement:            8.000ns  (pll_dac_clk_1x rise@8.000ns - pll_adc_clk rise@0.000ns)
  Data Path Delay:        3.386ns  (logic 1.980ns (58.476%)  route 1.406ns (41.524%))
  Logic Levels:           5  (CARRY4=3 LUT2=1 LUT5=1)
  Clock Path Skew:        -0.195ns (DCD - SCD + CPR)
    Destination Clock Delay (DCD):    2.937ns = ( 10.937 - 8.000 ) 
    Source Clock Delay      (SCD):    3.325ns
    Clock Pessimism Removal (CPR):    0.193ns
  Clock Uncertainty:      0.189ns  ((TSJ^2 + DJ^2)^1/2) / 2 + PE
    Total System Jitter     (TSJ):    0.071ns
    Discrete Jitter          (DJ):    0.118ns
    Phase Error              (PE):    0.120ns

    Location             Delay type                Incr(ns)  Path(ns)    Netlist Resource(s)
  -------------------------------------------------------------------    -------------------
                         (clock pll_adc_clk rise edge)
                                                      0.000     0.000 r  
    U18                                               0.000     0.000 r  adc_clk_i[1] (IN)
                         net (fo=0)                   0.000     0.000    adc_clk_i[1]
    U18                  IBUFDS (Prop_ibufds_I_O)     0.951     0.951 r  i_clk/O
                         net (fo=1, unplaced)         0.584     1.535    pll/clk
                         PLLE2_ADV (Prop_plle2_adv_CLKIN1_CLKOUT0)
                                                      0.089     1.624 r  pll/pll/CLKOUT0
                         net (fo=1, unplaced)         0.800     2.424    pll_adc_clk
                         BUFG (Prop_bufg_I_O)         0.101     2.525 r  bufg_adc_clk/O
                         net (fo=10260, unplaced)     0.800     3.325    i_asg/chA/dac_clk_i
                         FDSE                                         r  i_asg/chA/dac_o_reg[1]/C
  -------------------------------------------------------------------    -------------------
                         FDSE (Prop_fdse_C_Q)         0.478     3.803 r  i_asg/chA/dac_o_reg[1]/Q
                         net (fo=2, unplaced)         0.481     4.284    asg_dat[0][1]
                         LUT2 (Prop_lut2_I0_O)        0.295     4.579 r  adc_dat[0][3]_i_6/O
                         net (fo=1, unplaced)         0.000     4.579    adc_dat[0][3]_i_6_n_0
                         CARRY4 (Prop_carry4_S[1]_CO[3])
                                                      0.533     5.112 r  adc_dat_reg[0][3]_i_2/CO[3]
                         net (fo=1, unplaced)         0.009     5.121    adc_dat_reg[0][3]_i_2_n_0
                         CARRY4 (Prop_carry4_CI_CO[3])
                                                      0.117     5.238 r  adc_dat_reg[0][7]_i_2/CO[3]
                         net (fo=1, unplaced)         0.000     5.238    adc_dat_reg[0][7]_i_2_n_0
                         CARRY4 (Prop_carry4_CI_O[2])
                                                      0.256     5.494 f  adc_dat_reg[0][11]_i_2/O[2]
                         net (fo=2, unplaced)         0.916     6.410    adc_dat_reg[0][11]_i_2_n_5
                         LUT5 (Prop_lut5_I1_O)        0.301     6.711 r  dac_dat_a[10]_i_1/O
                         net (fo=1, unplaced)         0.000     6.711    dac_dat_a[10]_i_1_n_0
                         FDRE                                         r  dac_dat_a_reg[10]/D
  -------------------------------------------------------------------    -------------------

                         (clock pll_dac_clk_1x rise edge)
                                                      8.000     8.000 r  
    U18                                               0.000     8.000 r  adc_clk_i[1] (IN)
                         net (fo=0)                   0.000     8.000    adc_clk_i[1]
    U18                  IBUFDS (Prop_ibufds_I_O)     0.909     8.909 r  i_clk/O
                         net (fo=1, unplaced)         0.439     9.348    pll/clk
                         PLLE2_ADV (Prop_plle2_adv_CLKIN1_CLKOUT1)
                                                      0.084     9.432 r  pll/pll/CLKOUT1
                         net (fo=1, unplaced)         0.760    10.191    pll_dac_clk_1x
                         BUFG (Prop_bufg_I_O)         0.091    10.282 r  bufg_dac_clk_1x/O
                         net (fo=45, unplaced)        0.655    10.937    dac_clk_1x
                         FDRE                                         r  dac_dat_a_reg[10]/C
                         clock pessimism              0.193    11.130    
                         clock uncertainty           -0.189    10.941    
                         FDRE (Setup_fdre_C_D)        0.044    10.985    dac_dat_a_reg[10]
  -------------------------------------------------------------------
                         required time                         10.985    
                         arrival time                          -6.711    
  -------------------------------------------------------------------
                         slack                                  4.274    





Min Delay Paths
--------------------------------------------------------------------------------------
Slack (MET) :             0.019ns  (arrival time - required time)
  Source:                 i_hk/digital_loop_reg[1]/C
                            (rising edge-triggered cell FDRE clocked by pll_adc_clk  {rise@0.000ns fall@4.000ns period=8.000ns})
  Destination:            dac_dat_a_reg[13]/D
                            (rising edge-triggered cell FDRE clocked by pll_dac_clk_1x  {rise@0.000ns fall@4.000ns period=8.000ns})
  Path Group:             pll_dac_clk_1x
  Path Type:              Hold (Min at Fast Process Corner)
  Requirement:            0.000ns  (pll_dac_clk_1x rise@0.000ns - pll_adc_clk rise@0.000ns)
  Data Path Delay:        0.473ns  (logic 0.245ns (51.839%)  route 0.228ns (48.161%))
  Logic Levels:           1  (LUT3=1)
  Clock Path Skew:        0.166ns (DCD - SCD - CPR)
    Destination Clock Delay (DCD):    1.453ns
    Source Clock Delay      (SCD):    1.108ns
    Clock Pessimism Removal (CPR):    0.179ns
  Clock Uncertainty:      0.189ns  ((TSJ^2 + DJ^2)^1/2) / 2 + PE
    Total System Jitter     (TSJ):    0.071ns
    Discrete Jitter          (DJ):    0.118ns
    Phase Error              (PE):    0.120ns

    Location             Delay type                Incr(ns)  Path(ns)    Netlist Resource(s)
  -------------------------------------------------------------------    -------------------
                         (clock pll_adc_clk rise edge)
                                                      0.000     0.000 r  
    U18                                               0.000     0.000 r  adc_clk_i[1] (IN)
                         net (fo=0)                   0.000     0.000    adc_clk_i[1]
    U18                  IBUFDS (Prop_ibufds_I_O)     0.370     0.370 r  i_clk/O
                         net (fo=1, unplaced)         0.114     0.484    pll/clk
                         PLLE2_ADV (Prop_plle2_adv_CLKIN1_CLKOUT0)
                                                      0.051     0.535 r  pll/pll/CLKOUT0
                         net (fo=1, unplaced)         0.337     0.872    pll_adc_clk
                         BUFG (Prop_bufg_I_O)         0.026     0.898 r  bufg_adc_clk/O
                         net (fo=10260, unplaced)     0.210     1.108    i_hk/clk_i
                         FDRE                                         r  i_hk/digital_loop_reg[1]/C
  -------------------------------------------------------------------    -------------------
                         FDRE (Prop_fdre_C_Q)         0.147     1.255 r  i_hk/digital_loop_reg[1]/Q
                         net (fo=30, unplaced)        0.228     1.483    i_hk_n_8
                         LUT3 (Prop_lut3_I2_O)        0.098     1.581 r  dac_dat_a[13]_i_1/O
                         net (fo=1, unplaced)         0.000     1.581    dac_dat_a[13]_i_1_n_0
                         FDRE                                         r  dac_dat_a_reg[13]/D
  -------------------------------------------------------------------    -------------------

                         (clock pll_dac_clk_1x rise edge)
                                                      0.000     0.000 r  
    U18                                               0.000     0.000 r  adc_clk_i[1] (IN)
                         net (fo=0)                   0.000     0.000    adc_clk_i[1]
    U18                  IBUFDS (Prop_ibufds_I_O)     0.401     0.401 r  i_clk/O
                         net (fo=1, unplaced)         0.259     0.660    pll/clk
                         PLLE2_ADV (Prop_plle2_adv_CLKIN1_CLKOUT1)
                                                      0.054     0.714 r  pll/pll/CLKOUT1
                         net (fo=1, unplaced)         0.355     1.069    pll_dac_clk_1x
                         BUFG (Prop_bufg_I_O)         0.029     1.098 r  bufg_dac_clk_1x/O
                         net (fo=45, unplaced)        0.355     1.453    dac_clk_1x
                         FDRE                                         r  dac_dat_a_reg[13]/C
                         clock pessimism             -0.179     1.274    
                         clock uncertainty            0.189     1.463    
                         FDRE (Hold_fdre_C_D)         0.099     1.562    dac_dat_a_reg[13]
  -------------------------------------------------------------------
                         required time                         -1.562    
                         arrival time                           1.581    
  -------------------------------------------------------------------
                         slack                                  0.019    





---------------------------------------------------------------------------------------------------
From Clock:  pll_adc_clk
  To Clock:  clk_fpga_0

Setup :            0  Failing Endpoints,  Worst Slack        3.810ns,  Total Violation        0.000ns
Hold  :            0  Failing Endpoints,  Worst Slack        0.100ns,  Total Violation        0.000ns
---------------------------------------------------------------------------------------------------


Max Delay Paths
--------------------------------------------------------------------------------------
Slack (MET) :             3.810ns  (required time - arrival time)
  Source:                 i_asg/sys_rdata_reg[11]/C
                            (rising edge-triggered cell FDRE clocked by pll_adc_clk  {rise@0.000ns fall@4.000ns period=8.000ns})
  Destination:            ps/axi_slave_gp0/axi\\.RDATA_reg[11]/D
                            (rising edge-triggered cell FDRE clocked by clk_fpga_0  {rise@0.000ns fall@4.000ns period=8.000ns})
  Path Group:             clk_fpga_0
  Path Type:              Setup (Max at Slow Process Corner)
  Requirement:            8.000ns  (clk_fpga_0 rise@8.000ns - pll_adc_clk rise@0.000ns)
  Data Path Delay:        2.745ns  (logic 1.164ns (42.404%)  route 1.581ns (57.596%))
  Logic Levels:           3  (LUT2=1 LUT6=1 MUXF7=1)
  Clock Path Skew:        -1.289ns (DCD - SCD + CPR)
    Destination Clock Delay (DCD):    2.035ns = ( 10.035 - 8.000 ) 
    Source Clock Delay      (SCD):    3.325ns
    Clock Pessimism Removal (CPR):    0.000ns
  Clock Uncertainty:      0.235ns  ((TSJ^2 + TIJ^2 + DJ^2)^1/2) / 2 + PE
    Total System Jitter     (TSJ):    0.071ns
    Total Input Jitter      (TIJ):    0.240ns
    Discrete Jitter          (DJ):    0.118ns
    Phase Error              (PE):    0.097ns
  Clock Domain Crossing:  Inter clock paths are considered valid unless explicitly excluded by timing constraints such as set_clock_groups or set_false_path.

    Location             Delay type                Incr(ns)  Path(ns)    Netlist Resource(s)
  -------------------------------------------------------------------    -------------------
                         (clock pll_adc_clk rise edge)
                                                      0.000     0.000 r  
    U18                                               0.000     0.000 r  adc_clk_i[1] (IN)
                         net (fo=0)                   0.000     0.000    adc_clk_i[1]
    U18                  IBUFDS (Prop_ibufds_I_O)     0.951     0.951 r  i_clk/O
                         net (fo=1, unplaced)         0.584     1.535    pll/clk
                         PLLE2_ADV (Prop_plle2_adv_CLKIN1_CLKOUT0)
                                                      0.089     1.624 r  pll/pll/CLKOUT0
                         net (fo=1, unplaced)         0.800     2.424    pll_adc_clk
                         BUFG (Prop_bufg_I_O)         0.101     2.525 r  bufg_adc_clk/O
                         net (fo=10260, unplaced)     0.800     3.325    i_asg/dac_clk_i
                         FDRE                                         r  i_asg/sys_rdata_reg[11]/C
  -------------------------------------------------------------------    -------------------
                         FDRE (Prop_fdre_C_Q)         0.478     3.803 r  i_asg/sys_rdata_reg[11]/Q
                         net (fo=1, unplaced)         0.470     4.273    sys_bus_interconnect/for_bus[2].inst_sys_bus_cdc/bus_m\\.rdata[11]
                         LUT2 (Prop_lut2_I0_O)        0.321     4.594 r  sys_bus_interconnect/for_bus[2].inst_sys_bus_cdc/bus_s\\.rdata[11]_INST_0/O
                         net (fo=1, unplaced)         1.111     5.705    sys_bus_interconnect/p_51_out[11]
                         LUT6 (Prop_lut6_I1_O)        0.124     5.829 r  sys_bus_interconnect/bus_m\\.rdata[11]_INST_0_i_1/O
                         net (fo=1, unplaced)         0.000     5.829    sys_bus_interconnect/bus_m\\.rdata[11]_INST_0_i_1_n_0
                         MUXF7 (Prop_muxf7_I0_O)      0.241     6.070 r  sys_bus_interconnect/bus_m\\.rdata[11]_INST_0/O
                         net (fo=1, unplaced)         0.000     6.070    ps/axi_slave_gp0/bus\\.rdata[11]
                         FDRE                                         r  ps/axi_slave_gp0/axi\\.RDATA_reg[11]/D
  -------------------------------------------------------------------    -------------------

                         (clock clk_fpga_0 rise edge)
                                                      8.000     8.000 r  
    PS7_X0Y0             PS7                          0.000     8.000 r  ps/system_i/processing_system7/inst/PS7_i/FCLKCLK[0]
                         net (fo=1, unplaced)         0.760     8.760    ps/system_i/processing_system7/inst/FCLK_CLK_unbuffered[0]
                         BUFG (Prop_bufg_I_O)         0.091     8.851 r  ps/system_i/processing_system7/inst/buffer_fclk_clk_0.FCLK_CLK_0_BUFG/O
                         net (fo=1, unplaced)         0.439     9.290    ps/fclk_clk[0]
                         BUFG (Prop_bufg_I_O)         0.091     9.381 r  ps/fclk_buf[0]/O
                         net (fo=239, unplaced)       0.655    10.035    ps/axi_slave_gp0/axi\\.ACLK
                         FDRE                                         r  ps/axi_slave_gp0/axi\\.RDATA_reg[11]/C
                         clock pessimism              0.000    10.035    
                         clock uncertainty           -0.235     9.800    
                         FDRE (Setup_fdre_C_D)        0.080     9.880    ps/axi_slave_gp0/axi\\.RDATA_reg[11]
  -------------------------------------------------------------------
                         required time                          9.880    
                         arrival time                          -6.070    
  -------------------------------------------------------------------
                         slack                                  3.810    





Min Delay Paths
--------------------------------------------------------------------------------------
Slack (MET) :             0.100ns  (arrival time - required time)
  Source:                 i_hk/i_freq_meter/mes_gate_csff_reg[2]/C
                            (rising edge-triggered cell FDRE clocked by pll_adc_clk  {rise@0.000ns fall@4.000ns period=8.000ns})
  Destination:            i_hk/i_freq_meter/ref_gate_csff_reg[0]/D
                            (rising edge-triggered cell FDRE clocked by clk_fpga_0  {rise@0.000ns fall@4.000ns period=8.000ns})
  Path Group:             clk_fpga_0
  Path Type:              Hold (Min at Fast Process Corner)
  Requirement:            0.000ns  (clk_fpga_0 rise@0.000ns - pll_adc_clk rise@0.000ns)
  Data Path Delay:        0.292ns  (logic 0.147ns (50.342%)  route 0.145ns (49.658%))
  Logic Levels:           0  
  Clock Path Skew:        -0.081ns (DCD - SCD - CPR)
    Destination Clock Delay (DCD):    1.027ns
    Source Clock Delay      (SCD):    1.108ns
    Clock Pessimism Removal (CPR):    -0.000ns
  Clock Uncertainty:      0.235ns  ((TSJ^2 + TIJ^2 + DJ^2)^1/2) / 2 + PE
    Total System Jitter     (TSJ):    0.071ns
    Total Input Jitter      (TIJ):    0.240ns
    Discrete Jitter          (DJ):    0.118ns
    Phase Error              (PE):    0.097ns
  Clock Domain Crossing:  Inter clock paths are considered valid unless explicitly excluded by timing constraints such as set_clock_groups or set_false_path.

    Location             Delay type                Incr(ns)  Path(ns)    Netlist Resource(s)
  -------------------------------------------------------------------    -------------------
                         (clock pll_adc_clk rise edge)
                                                      0.000     0.000 r  
    U18                                               0.000     0.000 r  adc_clk_i[1] (IN)
                         net (fo=0)                   0.000     0.000    adc_clk_i[1]
    U18                  IBUFDS (Prop_ibufds_I_O)     0.370     0.370 r  i_clk/O
                         net (fo=1, unplaced)         0.114     0.484    pll/clk
                         PLLE2_ADV (Prop_plle2_adv_CLKIN1_CLKOUT0)
                                                      0.051     0.535 r  pll/pll/CLKOUT0
                         net (fo=1, unplaced)         0.337     0.872    pll_adc_clk
                         BUFG (Prop_bufg_I_O)         0.026     0.898 r  bufg_adc_clk/O
                         net (fo=10260, unplaced)     0.210     1.108    i_hk/i_freq_meter/mes_clk_i
                         FDRE                                         r  i_hk/i_freq_meter/mes_gate_csff_reg[2]/C
  -------------------------------------------------------------------    -------------------
                         FDRE (Prop_fdre_C_Q)         0.147     1.255 r  i_hk/i_freq_meter/mes_gate_csff_reg[2]/Q
                         net (fo=2, unplaced)         0.145     1.400    i_hk/i_freq_meter/mes_gate_csff[2]
                         FDRE                                         r  i_hk/i_freq_meter/ref_gate_csff_reg[0]/D
  -------------------------------------------------------------------    -------------------

                         (clock clk_fpga_0 rise edge)
                                                      0.000     0.000 r  
    PS7_X0Y0             PS7                          0.000     0.000 r  ps/system_i/processing_system7/inst/PS7_i/FCLKCLK[0]
                         net (fo=1, unplaced)         0.355     0.355    ps/system_i/processing_system7/inst/FCLK_CLK_unbuffered[0]
                         BUFG (Prop_bufg_I_O)         0.029     0.384 r  ps/system_i/processing_system7/inst/buffer_fclk_clk_0.FCLK_CLK_0_BUFG/O
                         net (fo=1, unplaced)         0.259     0.643    ps/fclk_clk[0]
                         BUFG (Prop_bufg_I_O)         0.029     0.672 r  ps/fclk_buf[0]/O
                         net (fo=239, unplaced)       0.355     1.027    i_hk/i_freq_meter/ref_clk_i
                         FDRE                                         r  i_hk/i_freq_meter/ref_gate_csff_reg[0]/C
                         clock pessimism              0.000     1.027    
                         clock uncertainty            0.235     1.262    
                         FDRE (Hold_fdre_C_D)         0.038     1.300    i_hk/i_freq_meter/ref_gate_csff_reg[0]
  -------------------------------------------------------------------
                         required time                         -1.300    
                         arrival time                           1.400    
  -------------------------------------------------------------------
                         slack                                  0.100    





