Copyright 1986-2020 Xilinx, Inc. All Rights Reserved.
------------------------------------------------------------------------------------
| Tool Version : Vivado v.2020.1 (lin64) Build 2902540 Wed May 27 19:54:35 MDT 2020
| Date         : Wed Aug 12 20:53:10 2026
| Host         : LoloVictus running 64-bit Ubuntu 20.04.3 LTS
| Command      : report_timing_summary -file out/post_place_timing_summary.rpt
| Design       : mca_red_pitaya_top
| Device       : 7z010-clg400
| Speed File   : -1  PRODUCTION 1.12 2019-11-22
------------------------------------------------------------------------------------

Timing Summary Report

------------------------------------------------------------------------------------------------
| Timer Settings
| --------------
------------------------------------------------------------------------------------------------

  Enable Multi Corner Analysis               :  Yes
  Enable Pessimism Removal                   :  Yes
  Pessimism Removal Resolution               :  Nearest Common Node
  Enable Input Delay Default Clock           :  No
  Enable Preset / Clear Arcs                 :  No
  Disable Flight Delays                      :  No
  Ignore I/O Paths                           :  No
  Timing Early Launch at Borrowing Latches   :  No
  Borrow Time for Max Delay Exceptions       :  Yes
  Merge Timing Exceptions                    :  Yes

  Corner  Analyze    Analyze    
  Name    Max Paths  Min Paths  
  ------  ---------  ---------  
  Slow    Yes        Yes        
  Fast    Yes        Yes        



check_timing report

Table of Contents
-----------------
1. checking no_clock (52)
2. checking constant_clock (0)
3. checking pulse_width_clock (0)
4. checking unconstrained_internal_endpoints (19)
5. checking no_input_delay (17)
6. checking no_output_delay (50)
7. checking multiple_clock (0)
8. checking generated_clocks (0)
9. checking loops (0)
10. checking partial_input_delay (0)
11. checking partial_output_delay (0)
12. checking latch_loops (0)

1. checking no_clock (52)
-------------------------
 There are 17 register/latch pins with no clock driven by root clock pin: i_daisy/genblk4[0].tx_cfg_sel_reg[1]/Q (HIGH)

 There are 17 register/latch pins with no clock driven by root clock pin: i_daisy/genblk4[0].tx_cfg_sel_reg[2]/Q (HIGH)

 There are 17 register/latch pins with no clock driven by root clock pin: i_hk/daisy_mode_o_reg[0]/Q (HIGH)

 There is 1 register/latch pin with no clock driven by root clock pin: i_hk/dna_clk_reg/Q (HIGH)


2. checking constant_clock (0)
------------------------------
 There are 0 register/latch pins with constant_clock.


3. checking pulse_width_clock (0)
---------------------------------
 There are 0 register/latch pins which need pulse_width check


4. checking unconstrained_internal_endpoints (19)
-------------------------------------------------
 There are 19 pins that are not constrained for maximum delay. (HIGH)

 There are 0 pins that are not constrained for maximum delay due to constant clock.


5. checking no_input_delay (17)
-------------------------------
 There are 17 input ports with no input delay specified. (HIGH)

 There are 0 input ports with no input delay but user has a false path constraint.


6. checking no_output_delay (50)
--------------------------------
 There are 49 ports with no output delay specified. (HIGH)

 There are 0 ports with no output delay but user has a false path constraint

 There is 1 port with no output delay but with a timing clock defined on it or propagating through it (LOW)


7. checking multiple_clock (0)
------------------------------
 There are 0 register/latch pins with multiple clocks.


8. checking generated_clocks (0)
--------------------------------
 There are 0 generated clocks that are not connected to a clock source.


9. checking loops (0)
---------------------
 There are 0 combinational loops in the design.


10. checking partial_input_delay (0)
------------------------------------
 There are 0 input ports with partial input delay specified.


11. checking partial_output_delay (0)
-------------------------------------
 There are 0 ports with partial output delay specified.


12. checking latch_loops (0)
----------------------------
 There are 0 combinational latch loops in the design through latch input



------------------------------------------------------------------------------------------------
| Design Timing Summary
| ---------------------
------------------------------------------------------------------------------------------------

    WNS(ns)      TNS(ns)  TNS Failing Endpoints  TNS Total Endpoints      WHS(ns)      THS(ns)  THS Failing Endpoints  THS Total Endpoints     WPWS(ns)     TPWS(ns)  TPWS Failing Endpoints  TPWS Total Endpoints  
    -------      -------  ---------------------  -------------------      -------      -------  ---------------------  -------------------     --------     --------  ----------------------  --------------------  
      0.011        0.000                      0                22571       -0.875      -12.958                     37                22438        1.000        0.000                       0                  8338  


Timing constraints are not met.


------------------------------------------------------------------------------------------------
| Clock Summary
| -------------
------------------------------------------------------------------------------------------------

Clock             Waveform(ns)         Period(ns)      Frequency(MHz)
-----             ------------         ----------      --------------
adc_clk           {0.000 4.000}        8.000           125.000         
  clk_fb          {0.000 4.000}        8.000           125.000         
  pll_adc_clk     {0.000 4.000}        8.000           125.000         
  pll_dac_clk_1x  {0.000 4.000}        8.000           125.000         
  pll_dac_clk_2p  {-0.500 1.500}       4.000           250.000         
  pll_dac_clk_2x  {0.000 2.000}        4.000           250.000         
  pll_ser_clk     {0.000 2.000}        4.000           250.000         
clk_fpga_0        {0.000 4.000}        8.000           125.000         
clk_fpga_1        {0.000 2.000}        4.000           250.000         
clk_fpga_2        {0.000 10.000}       20.000          50.000          
clk_fpga_3        {0.000 2.500}        5.000           200.000         
dac_clk_o         {0.000 4.000}        8.000           125.000         
rx_clk            {0.000 2.000}        4.000           250.000         
  par_clk         {0.000 4.000}        8.000           125.000         


------------------------------------------------------------------------------------------------
| Intra Clock Table
| -----------------
------------------------------------------------------------------------------------------------

Clock                 WNS(ns)      TNS(ns)  TNS Failing Endpoints  TNS Total Endpoints      WHS(ns)      THS(ns)  THS Failing Endpoints  THS Total Endpoints     WPWS(ns)     TPWS(ns)  TPWS Failing Endpoints  TPWS Total Endpoints  
-----                 -------      -------  ---------------------  -------------------      -------      -------  ---------------------  -------------------     --------     --------  ----------------------  --------------------  
adc_clk                                                                                                                                                             2.000        0.000                       0                     1  
  clk_fb                                                                                                                                                            6.751        0.000                       0                     2  
  pll_adc_clk           0.070        0.000                      0                19230       -0.050       -0.108                      3                19230        2.750        0.000                       0                  6729  
  pll_dac_clk_1x        1.083        0.000                      0                   45       -0.145       -0.652                      7                   45        3.500        0.000                       0                    47  
  pll_dac_clk_2p                                                                                                                                                    1.845        0.000                       0                     3  
  pll_dac_clk_2x        0.370        0.000                      0                  106        0.230        0.000                      0                  106        1.500        0.000                       0                    41  
  pll_ser_clk                                                                                                                                                       1.845        0.000                       0                     4  
clk_fpga_0              2.003        0.000                      0                  434        0.062        0.000                      0                  434        3.500        0.000                       0                   236  
clk_fpga_3              0.011        0.000                      0                 2113        0.127        0.000                      0                 2113        1.000        0.000                       0                   987  
rx_clk                                                                                                                                                              2.333        0.000                       0                     4  
  par_clk               3.359        0.000                      0                  481       -0.875      -12.133                     26                  481        3.020        0.000                       0                   284  


------------------------------------------------------------------------------------------------
| Inter Clock Table
| -----------------
------------------------------------------------------------------------------------------------

From Clock      To Clock            WNS(ns)      TNS(ns)  TNS Failing Endpoints  TNS Total Endpoints      WHS(ns)      THS(ns)  THS Failing Endpoints  THS Total Endpoints  
----------      --------            -------      -------  ---------------------  -------------------      -------      -------  ---------------------  -------------------  
clk_fpga_0      pll_adc_clk           4.469        0.000                      0                  125                                                                        
pll_adc_clk     pll_dac_clk_1x        4.605        0.000                      0                   29       -0.066       -0.066                      1                   29  
pll_adc_clk     clk_fpga_0            0.835        0.000                      0                   40        1.331        0.000                      0                   32  


------------------------------------------------------------------------------------------------
| Other Path Groups Table
| -----------------------
------------------------------------------------------------------------------------------------

Path Group    From Clock    To Clock          WNS(ns)      TNS(ns)  TNS Failing Endpoints  TNS Total Endpoints      WHS(ns)      THS(ns)  THS Failing Endpoints  THS Total Endpoints  
----------    ----------    --------          -------      -------  ---------------------  -------------------      -------      -------  ---------------------  -------------------  


------------------------------------------------------------------------------------------------
| Timing Details
| --------------
------------------------------------------------------------------------------------------------


---------------------------------------------------------------------------------------------------
From Clock:  adc_clk
  To Clock:  adc_clk

Setup :           NA  Failing Endpoints,  Worst Slack           NA  ,  Total Violation           NA
Hold  :           NA  Failing Endpoints,  Worst Slack           NA  ,  Total Violation           NA
PW    :            0  Failing Endpoints,  Worst Slack        2.000ns,  Total Violation        0.000ns
---------------------------------------------------------------------------------------------------


Pulse Width Checks
--------------------------------------------------------------------------------------
Clock Name:         adc_clk
Waveform(ns):       { 0.000 4.000 }
Period(ns):         8.000
Sources:            { adc_clk_i[1] }

Check Type        Corner  Lib Pin           Reference Pin  Required(ns)  Actual(ns)  Slack(ns)  Location        Pin
Min Period        n/a     PLLE2_ADV/CLKIN1  n/a            1.249         8.000       6.751      PLLE2_ADV_X0Y0  pll/pll/CLKIN1
Max Period        n/a     PLLE2_ADV/CLKIN1  n/a            52.633        8.000       44.633     PLLE2_ADV_X0Y0  pll/pll/CLKIN1
Low Pulse Width   Slow    PLLE2_ADV/CLKIN1  n/a            2.000         4.000       2.000      PLLE2_ADV_X0Y0  pll/pll/CLKIN1
High Pulse Width  Fast    PLLE2_ADV/CLKIN1  n/a            2.000         4.000       2.000      PLLE2_ADV_X0Y0  pll/pll/CLKIN1



---------------------------------------------------------------------------------------------------
From Clock:  clk_fb
  To Clock:  clk_fb

Setup :           NA  Failing Endpoints,  Worst Slack           NA  ,  Total Violation           NA
Hold  :           NA  Failing Endpoints,  Worst Slack           NA  ,  Total Violation           NA
PW    :            0  Failing Endpoints,  Worst Slack        6.751ns,  Total Violation        0.000ns
---------------------------------------------------------------------------------------------------


Pulse Width Checks
--------------------------------------------------------------------------------------
Clock Name:         clk_fb
Waveform(ns):       { 0.000 4.000 }
Period(ns):         8.000
Sources:            { pll/pll/CLKFBOUT }

Check Type  Corner  Lib Pin             Reference Pin  Required(ns)  Actual(ns)  Slack(ns)  Location        Pin
Min Period  n/a     PLLE2_ADV/CLKFBOUT  n/a            1.249         8.000       6.751      PLLE2_ADV_X0Y0  pll/pll/CLKFBOUT
Max Period  n/a     PLLE2_ADV/CLKFBIN   n/a            52.633        8.000       44.633     PLLE2_ADV_X0Y0  pll/pll/CLKFBIN



---------------------------------------------------------------------------------------------------
From Clock:  pll_adc_clk
  To Clock:  pll_adc_clk

Setup :            0  Failing Endpoints,  Worst Slack        0.070ns,  Total Violation        0.000ns
Hold  :            3  Failing Endpoints,  Worst Slack       -0.050ns,  Total Violation       -0.108ns
PW    :            0  Failing Endpoints,  Worst Slack        2.750ns,  Total Violation        0.000ns
---------------------------------------------------------------------------------------------------


Max Delay Paths
--------------------------------------------------------------------------------------
Slack (MET) :             0.070ns  (required time - arrival time)
  Source:                 i_mca/i_feat/q_tot_reg[20]/C
                            (rising edge-triggered cell FDRE clocked by pll_adc_clk  {rise@0.000ns fall@4.000ns period=8.000ns})
  Destination:            i_mca/i_feat/cnt_rej_amp_o_reg[24]/CE
                            (rising edge-triggered cell FDRE clocked by pll_adc_clk  {rise@0.000ns fall@4.000ns period=8.000ns})
  Path Group:             pll_adc_clk
  Path Type:              Setup (Max at Slow Process Corner)
  Requirement:            8.000ns  (pll_adc_clk rise@8.000ns - pll_adc_clk rise@0.000ns)
  Data Path Delay:        7.527ns  (logic 2.029ns (26.956%)  route 5.498ns (73.044%))
  Logic Levels:           9  (CARRY4=2 LUT2=1 LUT4=3 LUT5=1 LUT6=2)
  Clock Path Skew:        -0.129ns (DCD - SCD + CPR)
    Destination Clock Delay (DCD):    5.525ns = ( 13.525 - 8.000 ) 
    Source Clock Delay      (SCD):    5.980ns
    Clock Pessimism Removal (CPR):    0.326ns
  Clock Uncertainty:      0.069ns  ((TSJ^2 + DJ^2)^1/2) / 2 + PE
    Total System Jitter     (TSJ):    0.071ns
    Discrete Jitter          (DJ):    0.118ns
    Phase Error              (PE):    0.000ns

    Location             Delay type                Incr(ns)  Path(ns)    Netlist Resource(s)
  -------------------------------------------------------------------    -------------------
                         (clock pll_adc_clk rise edge)
                                                      0.000     0.000 r  
    U18                                               0.000     0.000 r  adc_clk_i[1] (IN)
                         net (fo=0)                   0.000     0.000    adc_clk_i[1]
    U18                  IBUFDS (Prop_ibufds_I_O)     0.983     0.983 r  i_clk/O
                         net (fo=1, estimated)        1.306     2.289    pll/clk
    PLLE2_ADV_X0Y0       PLLE2_ADV (Prop_plle2_adv_CLKIN1_CLKOUT0)
                                                      0.089     2.378 r  pll/pll/CLKOUT0
                         net (fo=1, estimated)        1.754     4.132    pll_adc_clk
    BUFGCTRL_X0Y0        BUFG (Prop_bufg_I_O)         0.101     4.233 r  bufg_adc_clk/O
                         net (fo=6730, estimated)     1.747     5.980    i_mca/i_feat/clk_i
    SLICE_X38Y33         FDRE                                         r  i_mca/i_feat/q_tot_reg[20]/C
  -------------------------------------------------------------------    -------------------
    SLICE_X38Y33         FDRE (Prop_fdre_C_Q)         0.478     6.458 r  i_mca/i_feat/q_tot_reg[20]/Q
                         net (fo=11, estimated)       0.840     7.298    i_mca/i_feat/q_tot_reg_n_0_[20]
    SLICE_X37Y33         LUT5 (Prop_lut5_I0_O)        0.295     7.593 r  i_mca/i_feat/hold_amp[12]_i_11/O
                         net (fo=4, estimated)        0.674     8.267    i_mca/i_feat/hold_amp[12]_i_11_n_0
    SLICE_X37Y33         LUT6 (Prop_lut6_I0_O)        0.124     8.391 r  i_mca/i_feat/hold_amp[6]_i_4/O
                         net (fo=2, estimated)        0.645     9.036    i_mca/i_feat/hold_amp[6]_i_4_n_0
    SLICE_X37Y34         LUT4 (Prop_lut4_I0_O)        0.124     9.160 r  i_mca/i_feat/hold_amp[5]_i_3/O
                         net (fo=1, estimated)        0.717     9.877    i_mca/i_feat/hold_amp[5]_i_3_n_0
    SLICE_X37Y36         LUT6 (Prop_lut6_I2_O)        0.124    10.001 r  i_mca/i_feat/hold_amp[5]_i_2/O
                         net (fo=5, estimated)        0.823    10.824    i_mca/i_feat/amp_sel[5]
    SLICE_X35Y36         LUT4 (Prop_lut4_I0_O)        0.124    10.948 r  i_mca/i_feat/cnt_rej_amp_o[31]_i_29/O
                         net (fo=1, routed)           0.000    10.948    i_mca/i_feat/cnt_rej_amp_o[31]_i_29_n_0
    SLICE_X35Y36         CARRY4 (Prop_carry4_S[2]_CO[3])
                                                      0.398    11.346 r  i_mca/i_feat/cnt_rej_amp_o_reg[31]_i_6/CO[3]
                         net (fo=1, estimated)        0.000    11.346    i_mca/i_feat/cnt_rej_amp_o_reg[31]_i_6_n_0
    SLICE_X35Y37         CARRY4 (Prop_carry4_CI_CO[3])
                                                      0.114    11.460 f  i_mca/i_feat/cnt_rej_amp_o_reg[31]_i_3/CO[3]
                         net (fo=4, estimated)        0.966    12.426    i_mca/i_feat/amp_ok0
    SLICE_X37Y42         LUT4 (Prop_lut4_I0_O)        0.124    12.550 r  i_mca/i_feat/cnt_rej_amp_o[31]_i_1/O
                         net (fo=14, estimated)       0.202    12.752    i_mca/i_feat/cnt_rej_amp_o[31]_i_1_n_0
    SLICE_X37Y42         LUT2 (Prop_lut2_I0_O)        0.124    12.876 r  i_mca/i_feat/cnt_rej_amp_o_reg[10]_CE_cooolgate_en_gate_234/O
                         net (fo=19, estimated)       0.631    13.507    i_mca/i_feat/cnt_rej_amp_o_reg[10]_CE_cooolgate_en_sig_52
    SLICE_X35Y44         FDRE                                         r  i_mca/i_feat/cnt_rej_amp_o_reg[24]/CE
  -------------------------------------------------------------------    -------------------

                         (clock pll_adc_clk rise edge)
                                                      8.000     8.000 r  
    U18                                               0.000     8.000 r  adc_clk_i[1] (IN)
                         net (fo=0)                   0.000     8.000    adc_clk_i[1]
    U18                  IBUFDS (Prop_ibufds_I_O)     0.940     8.940 r  i_clk/O
                         net (fo=1, estimated)        1.241    10.181    pll/clk
    PLLE2_ADV_X0Y0       PLLE2_ADV (Prop_plle2_adv_CLKIN1_CLKOUT0)
                                                      0.084    10.265 r  pll/pll/CLKOUT0
                         net (fo=1, estimated)        1.666    11.931    pll_adc_clk
    BUFGCTRL_X0Y0        BUFG (Prop_bufg_I_O)         0.091    12.022 r  bufg_adc_clk/O
                         net (fo=6730, estimated)     1.503    13.525    i_mca/i_feat/clk_i
    SLICE_X35Y44         FDRE                                         r  i_mca/i_feat/cnt_rej_amp_o_reg[24]/C
                         clock pessimism              0.326    13.851    
                         clock uncertainty           -0.069    13.782    
    SLICE_X35Y44         FDRE (Setup_fdre_C_CE)      -0.205    13.577    i_mca/i_feat/cnt_rej_amp_o_reg[24]
  -------------------------------------------------------------------
                         required time                         13.577    
                         arrival time                         -13.507    
  -------------------------------------------------------------------
                         slack                                  0.070    





Min Delay Paths
--------------------------------------------------------------------------------------
Slack (VIOLATED) :        -0.050ns  (arrival time - required time)
  Source:                 i_hk/digital_loop_reg[0]/C
                            (rising edge-triggered cell FDRE clocked by pll_adc_clk  {rise@0.000ns fall@4.000ns period=8.000ns})
  Destination:            adc_dat_reg[1][4]/R
                            (rising edge-triggered cell FDRE clocked by pll_adc_clk  {rise@0.000ns fall@4.000ns period=8.000ns})
  Path Group:             pll_adc_clk
  Path Type:              Hold (Min at Fast Process Corner)
  Requirement:            0.000ns  (pll_adc_clk rise@0.000ns - pll_adc_clk rise@0.000ns)
  Data Path Delay:        0.760ns  (logic 0.164ns (21.578%)  route 0.596ns (78.422%))
  Logic Levels:           0  
  Clock Path Skew:        0.449ns (DCD - SCD - CPR)
    Destination Clock Delay (DCD):    2.881ns
    Source Clock Delay      (SCD):    2.326ns
    Clock Pessimism Removal (CPR):    0.105ns

    Location             Delay type                Incr(ns)  Path(ns)    Netlist Resource(s)
  -------------------------------------------------------------------    -------------------
                         (clock pll_adc_clk rise edge)
                                                      0.000     0.000 r  
    U18                                               0.000     0.000 r  adc_clk_i[1] (IN)
                         net (fo=0)                   0.000     0.000    adc_clk_i[1]
    U18                  IBUFDS (Prop_ibufds_I_O)     0.401     0.401 r  i_clk/O
                         net (fo=1, estimated)        0.551     0.952    pll/clk
    PLLE2_ADV_X0Y0       PLLE2_ADV (Prop_plle2_adv_CLKIN1_CLKOUT0)
                                                      0.051     1.003 r  pll/pll/CLKOUT0
                         net (fo=1, estimated)        0.739     1.742    pll_adc_clk
    BUFGCTRL_X0Y0        BUFG (Prop_bufg_I_O)         0.026     1.768 r  bufg_adc_clk/O
                         net (fo=6730, estimated)     0.558     2.326    i_hk/clk_i
    SLICE_X28Y56         FDRE                                         r  i_hk/digital_loop_reg[0]/C
  -------------------------------------------------------------------    -------------------
    SLICE_X28Y56         FDRE (Prop_fdre_C_Q)         0.164     2.490 r  i_hk/digital_loop_reg[0]/Q
                         net (fo=30, estimated)       0.596     3.086    digital_loop__0[0]
    ILOGIC_X0Y49         FDRE                                         r  adc_dat_reg[1][4]/R
  -------------------------------------------------------------------    -------------------

                         (clock pll_adc_clk rise edge)
                                                      0.000     0.000 r  
    U18                                               0.000     0.000 r  adc_clk_i[1] (IN)
                         net (fo=0)                   0.000     0.000    adc_clk_i[1]
    U18                  IBUFDS (Prop_ibufds_I_O)     0.433     0.433 r  i_clk/O
                         net (fo=1, estimated)        0.579     1.012    pll/clk
    PLLE2_ADV_X0Y0       PLLE2_ADV (Prop_plle2_adv_CLKIN1_CLKOUT0)
                                                      0.054     1.066 r  pll/pll/CLKOUT0
                         net (fo=1, estimated)        0.778     1.845    pll_adc_clk
    BUFGCTRL_X0Y0        BUFG (Prop_bufg_I_O)         0.029     1.874 r  bufg_adc_clk/O
                         net (fo=6730, estimated)     1.007     2.881    adc_clk
    ILOGIC_X0Y49         FDRE                                         r  adc_dat_reg[1][4]/C
                         clock pessimism             -0.105     2.775    
    ILOGIC_X0Y49         FDRE (Hold_fdre_C_R)         0.361     3.136    adc_dat_reg[1][4]
  -------------------------------------------------------------------
                         required time                         -3.136    
                         arrival time                           3.086    
  -------------------------------------------------------------------
                         slack                                 -0.050    





Pulse Width Checks
--------------------------------------------------------------------------------------
Clock Name:         pll_adc_clk
Waveform(ns):       { 0.000 4.000 }
Period(ns):         8.000
Sources:            { pll/pll/CLKOUT0 }

Check Type        Corner  Lib Pin            Reference Pin  Required(ns)  Actual(ns)  Slack(ns)  Location        Pin
Min Period        n/a     DSP48E1/CLK        n/a            3.884         8.000       4.116      DSP48_X1Y9      i_scope/genblk2[0].i_calib_ch/gain_calc_r1__0/CLK
Max Period        n/a     PLLE2_ADV/CLKOUT0  n/a            160.000       8.000       152.000    PLLE2_ADV_X0Y0  pll/pll/CLKOUT0
Low Pulse Width   Slow    RAMD32/CLK         n/a            1.250         4.000       2.750      SLICE_X4Y6      ps/axi_master_0/axi_awfifo_reg_0_15_0_5/RAMA/CLK
High Pulse Width  Slow    RAMD32/CLK         n/a            1.250         4.000       2.750      SLICE_X0Y9      ps/axi_master_0/axi_awfifo_reg_0_15_24_29/RAMA/CLK



---------------------------------------------------------------------------------------------------
From Clock:  pll_dac_clk_1x
  To Clock:  pll_dac_clk_1x

Setup :            0  Failing Endpoints,  Worst Slack        1.083ns,  Total Violation        0.000ns
Hold  :            7  Failing Endpoints,  Worst Slack       -0.145ns,  Total Violation       -0.652ns
PW    :            0  Failing Endpoints,  Worst Slack        3.500ns,  Total Violation        0.000ns
---------------------------------------------------------------------------------------------------


Max Delay Paths
--------------------------------------------------------------------------------------
Slack (MET) :             1.083ns  (required time - arrival time)
  Source:                 dac_dat_a_reg[13]/C
                            (rising edge-triggered cell FDRE clocked by pll_dac_clk_1x  {rise@0.000ns fall@4.000ns period=8.000ns})
  Destination:            oddr_dac_dat[13]/D2
                            (falling edge-triggered cell ODDR clocked by pll_dac_clk_1x  {rise@0.000ns fall@4.000ns period=8.000ns})
  Path Group:             pll_dac_clk_1x
  Path Type:              Setup (Max at Slow Process Corner)
  Requirement:            4.000ns  (pll_dac_clk_1x fall@4.000ns - pll_dac_clk_1x rise@0.000ns)
  Data Path Delay:        2.337ns  (logic 0.518ns (22.165%)  route 1.819ns (77.835%))
  Logic Levels:           0  
  Clock Path Skew:        0.323ns (DCD - SCD + CPR)
    Destination Clock Delay (DCD):    5.970ns = ( 9.970 - 4.000 ) 
    Source Clock Delay      (SCD):    5.973ns
    Clock Pessimism Removal (CPR):    0.326ns
  Clock Uncertainty:      0.069ns  ((TSJ^2 + DJ^2)^1/2) / 2 + PE
    Total System Jitter     (TSJ):    0.071ns
    Discrete Jitter          (DJ):    0.118ns
    Phase Error              (PE):    0.000ns

    Location             Delay type                Incr(ns)  Path(ns)    Netlist Resource(s)
  -------------------------------------------------------------------    -------------------
                         (clock pll_dac_clk_1x rise edge)
                                                      0.000     0.000 r  
    U18                                               0.000     0.000 r  adc_clk_i[1] (IN)
                         net (fo=0)                   0.000     0.000    adc_clk_i[1]
    U18                  IBUFDS (Prop_ibufds_I_O)     0.983     0.983 r  i_clk/O
                         net (fo=1, estimated)        1.306     2.289    pll/clk
    PLLE2_ADV_X0Y0       PLLE2_ADV (Prop_plle2_adv_CLKIN1_CLKOUT1)
                                                      0.089     2.378 r  pll/pll/CLKOUT1
                         net (fo=1, estimated)        1.754     4.132    pll_dac_clk_1x
    BUFGCTRL_X0Y4        BUFG (Prop_bufg_I_O)         0.101     4.233 r  bufg_dac_clk_1x/O
                         net (fo=45, estimated)       1.740     5.973    dac_clk_1x
    SLICE_X42Y53         FDRE                                         r  dac_dat_a_reg[13]/C
  -------------------------------------------------------------------    -------------------
    SLICE_X42Y53         FDRE (Prop_fdre_C_Q)         0.518     6.491 r  dac_dat_a_reg[13]/Q
                         net (fo=1, estimated)        1.819     8.310    dac_dat_a[13]
    OLOGIC_X0Y92         ODDR                                         r  oddr_dac_dat[13]/D2
  -------------------------------------------------------------------    -------------------

                         (clock pll_dac_clk_1x fall edge)
                                                      4.000     4.000 f  
    U18                                               0.000     4.000 f  adc_clk_i[1] (IN)
                         net (fo=0)                   0.000     4.000    adc_clk_i[1]
    U18                  IBUFDS (Prop_ibufds_I_O)     0.940     4.940 f  i_clk/O
                         net (fo=1, estimated)        1.241     6.181    pll/clk
    PLLE2_ADV_X0Y0       PLLE2_ADV (Prop_plle2_adv_CLKIN1_CLKOUT1)
                                                      0.084     6.265 f  pll/pll/CLKOUT1
                         net (fo=1, estimated)        1.666     7.931    pll_dac_clk_1x
    BUFGCTRL_X0Y4        BUFG (Prop_bufg_I_O)         0.091     8.022 f  bufg_dac_clk_1x/O
                         net (fo=45, estimated)       1.948     9.970    dac_clk_1x
    OLOGIC_X0Y92         ODDR                                         f  oddr_dac_dat[13]/C
                         clock pessimism              0.326    10.296    
                         clock uncertainty           -0.069    10.227    
    OLOGIC_X0Y92         ODDR (Setup_oddr_C_D2)      -0.834     9.393    oddr_dac_dat[13]
  -------------------------------------------------------------------
                         required time                          9.393    
                         arrival time                          -8.310    
  -------------------------------------------------------------------
                         slack                                  1.083    





Min Delay Paths
--------------------------------------------------------------------------------------
Slack (VIOLATED) :        -0.145ns  (arrival time - required time)
  Source:                 dac_rst_reg/C
                            (rising edge-triggered cell FDRE clocked by pll_dac_clk_1x  {rise@0.000ns fall@4.000ns period=8.000ns})
  Destination:            oddr_dac_dat[8]/R
                            (rising edge-triggered cell ODDR clocked by pll_dac_clk_1x  {rise@0.000ns fall@4.000ns period=8.000ns})
  Path Group:             pll_dac_clk_1x
  Path Type:              Hold (Min at Fast Process Corner)
  Requirement:            0.000ns  (pll_dac_clk_1x rise@0.000ns - pll_dac_clk_1x rise@0.000ns)
  Data Path Delay:        0.508ns  (logic 0.164ns (32.286%)  route 0.344ns (67.714%))
  Logic Levels:           0  
  Clock Path Skew:        0.177ns (DCD - SCD - CPR)
    Destination Clock Delay (DCD):    2.870ns
    Source Clock Delay      (SCD):    2.353ns
    Clock Pessimism Removal (CPR):    0.339ns

    Location             Delay type                Incr(ns)  Path(ns)    Netlist Resource(s)
  -------------------------------------------------------------------    -------------------
                         (clock pll_dac_clk_1x rise edge)
                                                      0.000     0.000 r  
    U18                                               0.000     0.000 r  adc_clk_i[1] (IN)
                         net (fo=0)                   0.000     0.000    adc_clk_i[1]
    U18                  IBUFDS (Prop_ibufds_I_O)     0.401     0.401 r  i_clk/O
                         net (fo=1, estimated)        0.551     0.952    pll/clk
    PLLE2_ADV_X0Y0       PLLE2_ADV (Prop_plle2_adv_CLKIN1_CLKOUT1)
                                                      0.051     1.003 r  pll/pll/CLKOUT1
                         net (fo=1, estimated)        0.739     1.742    pll_dac_clk_1x
    BUFGCTRL_X0Y4        BUFG (Prop_bufg_I_O)         0.026     1.768 r  bufg_dac_clk_1x/O
                         net (fo=45, estimated)       0.585     2.353    dac_clk_1x
    SLICE_X42Y60         FDRE                                         r  dac_rst_reg/C
  -------------------------------------------------------------------    -------------------
    SLICE_X42Y60         FDRE (Prop_fdre_C_Q)         0.164     2.517 r  dac_rst_reg/Q
                         net (fo=17, estimated)       0.344     2.861    dac_rst
    OLOGIC_X0Y64         ODDR                                         r  oddr_dac_dat[8]/R
  -------------------------------------------------------------------    -------------------

                         (clock pll_dac_clk_1x rise edge)
                                                      0.000     0.000 r  
    U18                                               0.000     0.000 r  adc_clk_i[1] (IN)
                         net (fo=0)                   0.000     0.000    adc_clk_i[1]
    U18                  IBUFDS (Prop_ibufds_I_O)     0.433     0.433 r  i_clk/O
                         net (fo=1, estimated)        0.579     1.012    pll/clk
    PLLE2_ADV_X0Y0       PLLE2_ADV (Prop_plle2_adv_CLKIN1_CLKOUT1)
                                                      0.054     1.066 r  pll/pll/CLKOUT1
                         net (fo=1, estimated)        0.778     1.845    pll_dac_clk_1x
    BUFGCTRL_X0Y4        BUFG (Prop_bufg_I_O)         0.029     1.874 r  bufg_dac_clk_1x/O
                         net (fo=45, estimated)       0.996     2.870    dac_clk_1x
    OLOGIC_X0Y64         ODDR                                         r  oddr_dac_dat[8]/C
                         clock pessimism             -0.339     2.530    
    OLOGIC_X0Y64         ODDR (Hold_oddr_C_R)         0.476     3.006    oddr_dac_dat[8]
  -------------------------------------------------------------------
                         required time                         -3.006    
                         arrival time                           2.861    
  -------------------------------------------------------------------
                         slack                                 -0.145    





Pulse Width Checks
--------------------------------------------------------------------------------------
Clock Name:         pll_dac_clk_1x
Waveform(ns):       { 0.000 4.000 }
Period(ns):         8.000
Sources:            { pll/pll/CLKOUT1 }

Check Type        Corner  Lib Pin            Reference Pin  Required(ns)  Actual(ns)  Slack(ns)  Location        Pin
Min Period        n/a     BUFG/I             n/a            2.155         8.000       5.845      BUFGCTRL_X0Y4   bufg_dac_clk_1x/I
Max Period        n/a     PLLE2_ADV/CLKOUT1  n/a            160.000       8.000       152.000    PLLE2_ADV_X0Y0  pll/pll/CLKOUT1
Low Pulse Width   Slow    FDSE/C             n/a            0.500         4.000       3.500      SLICE_X43Y52    dac_dat_a_reg[0]/C
High Pulse Width  Fast    FDSE/C             n/a            0.500         4.000       3.500      SLICE_X43Y52    dac_dat_a_reg[0]/C



---------------------------------------------------------------------------------------------------
From Clock:  pll_dac_clk_2p
  To Clock:  pll_dac_clk_2p

Setup :           NA  Failing Endpoints,  Worst Slack           NA  ,  Total Violation           NA
Hold  :           NA  Failing Endpoints,  Worst Slack           NA  ,  Total Violation           NA
PW    :            0  Failing Endpoints,  Worst Slack        1.845ns,  Total Violation        0.000ns
---------------------------------------------------------------------------------------------------


Pulse Width Checks
--------------------------------------------------------------------------------------
Clock Name:         pll_dac_clk_2p
Waveform(ns):       { -0.500 1.500 }
Period(ns):         4.000
Sources:            { pll/pll/CLKOUT3 }

Check Type  Corner  Lib Pin            Reference Pin  Required(ns)  Actual(ns)  Slack(ns)  Location        Pin
Min Period  n/a     BUFG/I             n/a            2.155         4.000       1.845      BUFGCTRL_X0Y7   bufg_dac_clk_2p/I
Max Period  n/a     PLLE2_ADV/CLKOUT3  n/a            160.000       4.000       156.000    PLLE2_ADV_X0Y0  pll/pll/CLKOUT3



---------------------------------------------------------------------------------------------------
From Clock:  pll_dac_clk_2x
  To Clock:  pll_dac_clk_2x

Setup :            0  Failing Endpoints,  Worst Slack        0.370ns,  Total Violation        0.000ns
Hold  :            0  Failing Endpoints,  Worst Slack        0.230ns,  Total Violation        0.000ns
PW    :            0  Failing Endpoints,  Worst Slack        1.500ns,  Total Violation        0.000ns
---------------------------------------------------------------------------------------------------


Max Delay Paths
--------------------------------------------------------------------------------------
Slack (MET) :             0.370ns  (required time - arrival time)
  Source:                 ps/system_i/processing_system7/inst/PS7_i/SAXIHP3ACLK
                            (rising edge-triggered cell PS7 clocked by pll_dac_clk_2x  {rise@0.000ns fall@2.000ns period=4.000ns})
  Destination:            ps/axi_master_3/axi_awvalid_o_reg/D
                            (rising edge-triggered cell FDRE clocked by pll_dac_clk_2x  {rise@0.000ns fall@2.000ns period=4.000ns})
  Path Group:             pll_dac_clk_2x
  Path Type:              Setup (Max at Slow Process Corner)
  Requirement:            4.000ns  (pll_dac_clk_2x rise@4.000ns - pll_dac_clk_2x rise@0.000ns)
  Data Path Delay:        3.211ns  (logic 1.561ns (48.614%)  route 1.650ns (51.386%))
  Logic Levels:           2  (LUT3=1 LUT6=1)
  Clock Path Skew:        -0.108ns (DCD - SCD + CPR)
    Destination Clock Delay (DCD):    5.560ns = ( 9.560 - 4.000 ) 
    Source Clock Delay      (SCD):    6.029ns
    Clock Pessimism Removal (CPR):    0.361ns
  Clock Uncertainty:      0.063ns  ((TSJ^2 + DJ^2)^1/2) / 2 + PE
    Total System Jitter     (TSJ):    0.071ns
    Discrete Jitter          (DJ):    0.104ns
    Phase Error              (PE):    0.000ns

    Location             Delay type                Incr(ns)  Path(ns)    Netlist Resource(s)
  -------------------------------------------------------------------    -------------------
                         (clock pll_dac_clk_2x rise edge)
                                                      0.000     0.000 r  
    U18                                               0.000     0.000 r  adc_clk_i[1] (IN)
                         net (fo=0)                   0.000     0.000    adc_clk_i[1]
    U18                  IBUFDS (Prop_ibufds_I_O)     0.983     0.983 r  i_clk/O
                         net (fo=1, estimated)        1.306     2.289    pll/clk
    PLLE2_ADV_X0Y0       PLLE2_ADV (Prop_plle2_adv_CLKIN1_CLKOUT2)
                                                      0.089     2.378 r  pll/pll/CLKOUT2
                         net (fo=2, estimated)        1.754     4.132    pll_dac_clk_2x
    BUFGCTRL_X0Y5        BUFG (Prop_bufg_I_O)         0.101     4.233 r  bufg_dac_axi_clk/O
                         net (fo=39, estimated)       1.796     6.029    ps/system_i/processing_system7/inst/S_AXI_HP3_ACLK
    PS7_X0Y0             PS7                                          r  ps/system_i/processing_system7/inst/PS7_i/SAXIHP3ACLK
  -------------------------------------------------------------------    -------------------
    PS7_X0Y0             PS7 (Prop_ps7_SAXIHP3ACLK_SAXIHP3AWREADY)
                                                      1.319     7.348 r  ps/system_i/processing_system7/inst/PS7_i/SAXIHP3AWREADY
                         net (fo=3, estimated)        0.701     8.049    ps/axi_master_3/axi_awready_i
    SLICE_X2Y28          LUT6 (Prop_lut6_I5_O)        0.124     8.173 r  ps/axi_master_3/axi_awfill_lvl[3]_i_1/O
                         net (fo=6, estimated)        0.460     8.633    ps/axi_master_3/axi_awpop
    SLICE_X2Y28          LUT3 (Prop_lut3_I0_O)        0.118     8.751 r  ps/axi_master_3/axi_awvalid_o_i_2/O
                         net (fo=1, estimated)        0.489     9.240    ps/axi_master_3/axi_awvalid_o_i_2_n_0
    SLICE_X1Y28          FDRE                                         r  ps/axi_master_3/axi_awvalid_o_reg/D
  -------------------------------------------------------------------    -------------------

                         (clock pll_dac_clk_2x rise edge)
                                                      4.000     4.000 r  
    U18                                               0.000     4.000 r  adc_clk_i[1] (IN)
                         net (fo=0)                   0.000     4.000    adc_clk_i[1]
    U18                  IBUFDS (Prop_ibufds_I_O)     0.940     4.940 r  i_clk/O
                         net (fo=1, estimated)        1.241     6.181    pll/clk
    PLLE2_ADV_X0Y0       PLLE2_ADV (Prop_plle2_adv_CLKIN1_CLKOUT2)
                                                      0.084     6.265 r  pll/pll/CLKOUT2
                         net (fo=2, estimated)        1.666     7.931    pll_dac_clk_2x
    BUFGCTRL_X0Y5        BUFG (Prop_bufg_I_O)         0.091     8.022 r  bufg_dac_axi_clk/O
                         net (fo=39, estimated)       1.538     9.560    ps/axi_master_3/axi_clk_i
    SLICE_X1Y28          FDRE                                         r  ps/axi_master_3/axi_awvalid_o_reg/C
                         clock pessimism              0.361     9.921    
                         clock uncertainty           -0.063     9.858    
    SLICE_X1Y28          FDRE (Setup_fdre_C_D)       -0.249     9.609    ps/axi_master_3/axi_awvalid_o_reg
  -------------------------------------------------------------------
                         required time                          9.609    
                         arrival time                          -9.240    
  -------------------------------------------------------------------
                         slack                                  0.370    





Min Delay Paths
--------------------------------------------------------------------------------------
Slack (MET) :             0.230ns  (arrival time - required time)
  Source:                 ps/axi_master_3/axi_rfill_lvl_reg[0]/C
                            (rising edge-triggered cell FDRE clocked by pll_dac_clk_2x  {rise@0.000ns fall@2.000ns period=4.000ns})
  Destination:            ps/axi_master_3/rdata_in_reg_reg/D
                            (rising edge-triggered cell FDRE clocked by pll_dac_clk_2x  {rise@0.000ns fall@2.000ns period=4.000ns})
  Path Group:             pll_dac_clk_2x
  Path Type:              Hold (Min at Fast Process Corner)
  Requirement:            0.000ns  (pll_dac_clk_2x rise@0.000ns - pll_dac_clk_2x rise@0.000ns)
  Data Path Delay:        0.335ns  (logic 0.209ns (62.382%)  route 0.126ns (37.618%))
  Logic Levels:           1  (LUT6=1)
  Clock Path Skew:        0.014ns (DCD - SCD - CPR)
    Destination Clock Delay (DCD):    2.716ns
    Source Clock Delay      (SCD):    2.343ns
    Clock Pessimism Removal (CPR):    0.358ns

    Location             Delay type                Incr(ns)  Path(ns)    Netlist Resource(s)
  -------------------------------------------------------------------    -------------------
                         (clock pll_dac_clk_2x rise edge)
                                                      0.000     0.000 r  
    U18                                               0.000     0.000 r  adc_clk_i[1] (IN)
                         net (fo=0)                   0.000     0.000    adc_clk_i[1]
    U18                  IBUFDS (Prop_ibufds_I_O)     0.401     0.401 r  i_clk/O
                         net (fo=1, estimated)        0.551     0.952    pll/clk
    PLLE2_ADV_X0Y0       PLLE2_ADV (Prop_plle2_adv_CLKIN1_CLKOUT2)
                                                      0.051     1.003 r  pll/pll/CLKOUT2
                         net (fo=2, estimated)        0.739     1.742    pll_dac_clk_2x
    BUFGCTRL_X0Y5        BUFG (Prop_bufg_I_O)         0.026     1.768 r  bufg_dac_axi_clk/O
                         net (fo=39, estimated)       0.575     2.343    ps/axi_master_3/axi_clk_i
    SLICE_X0Y29          FDRE                                         r  ps/axi_master_3/axi_rfill_lvl_reg[0]/C
  -------------------------------------------------------------------    -------------------
    SLICE_X0Y29          FDRE (Prop_fdre_C_Q)         0.164     2.507 r  ps/axi_master_3/axi_rfill_lvl_reg[0]/Q
                         net (fo=7, estimated)        0.126     2.633    ps/axi_master_3/axi_rfill_lvl_reg[0]
    SLICE_X1Y29          LUT6 (Prop_lut6_I4_O)        0.045     2.678 r  ps/axi_master_3/rdata_in_reg_i_1/O
                         net (fo=1, routed)           0.000     2.678    ps/axi_master_3/rdata_in_reg_i_1_n_0
    SLICE_X1Y29          FDRE                                         r  ps/axi_master_3/rdata_in_reg_reg/D
  -------------------------------------------------------------------    -------------------

                         (clock pll_dac_clk_2x rise edge)
                                                      0.000     0.000 r  
    U18                                               0.000     0.000 r  adc_clk_i[1] (IN)
                         net (fo=0)                   0.000     0.000    adc_clk_i[1]
    U18                  IBUFDS (Prop_ibufds_I_O)     0.433     0.433 r  i_clk/O
                         net (fo=1, estimated)        0.579     1.012    pll/clk
    PLLE2_ADV_X0Y0       PLLE2_ADV (Prop_plle2_adv_CLKIN1_CLKOUT2)
                                                      0.054     1.066 r  pll/pll/CLKOUT2
                         net (fo=2, estimated)        0.778     1.845    pll_dac_clk_2x
    BUFGCTRL_X0Y5        BUFG (Prop_bufg_I_O)         0.029     1.874 r  bufg_dac_axi_clk/O
                         net (fo=39, estimated)       0.842     2.716    ps/axi_master_3/axi_clk_i
    SLICE_X1Y29          FDRE                                         r  ps/axi_master_3/rdata_in_reg_reg/C
                         clock pessimism             -0.358     2.357    
    SLICE_X1Y29          FDRE (Hold_fdre_C_D)         0.091     2.448    ps/axi_master_3/rdata_in_reg_reg
  -------------------------------------------------------------------
                         required time                         -2.448    
                         arrival time                           2.678    
  -------------------------------------------------------------------
                         slack                                  0.230    





Pulse Width Checks
--------------------------------------------------------------------------------------
Clock Name:         pll_dac_clk_2x
Waveform(ns):       { 0.000 2.000 }
Period(ns):         4.000
Sources:            { pll/pll/CLKOUT2 }

Check Type        Corner  Lib Pin            Reference Pin  Required(ns)  Actual(ns)  Slack(ns)  Location        Pin
Min Period        n/a     BUFG/I             n/a            2.155         4.000       1.845      BUFGCTRL_X0Y5   bufg_dac_axi_clk/I
Max Period        n/a     PLLE2_ADV/CLKOUT2  n/a            160.000       4.000       156.000    PLLE2_ADV_X0Y0  pll/pll/CLKOUT2
Low Pulse Width   Slow    FDRE/C             n/a            0.500         2.000       1.500      SLICE_X2Y27     ps/axi_master_2/awdata_in_reg_reg/C
High Pulse Width  Slow    FDRE/C             n/a            0.500         2.000       1.500      SLICE_X2Y31     dac_axi_rstn_reg/C



---------------------------------------------------------------------------------------------------
From Clock:  pll_ser_clk
  To Clock:  pll_ser_clk

Setup :           NA  Failing Endpoints,  Worst Slack           NA  ,  Total Violation           NA
Hold  :           NA  Failing Endpoints,  Worst Slack           NA  ,  Total Violation           NA
PW    :            0  Failing Endpoints,  Worst Slack        1.845ns,  Total Violation        0.000ns
---------------------------------------------------------------------------------------------------


Pulse Width Checks
--------------------------------------------------------------------------------------
Clock Name:         pll_ser_clk
Waveform(ns):       { 0.000 2.000 }
Period(ns):         4.000
Sources:            { pll/pll/CLKOUT4 }

Check Type  Corner  Lib Pin            Reference Pin  Required(ns)  Actual(ns)  Slack(ns)  Location        Pin
Min Period  n/a     BUFG/I             n/a            2.155         4.000       1.845      BUFGCTRL_X0Y6   bufg_ser_clk/I
Max Period  n/a     PLLE2_ADV/CLKOUT4  n/a            160.000       4.000       156.000    PLLE2_ADV_X0Y0  pll/pll/CLKOUT4



---------------------------------------------------------------------------------------------------
From Clock:  clk_fpga_0
  To Clock:  clk_fpga_0

Setup :            0  Failing Endpoints,  Worst Slack        2.003ns,  Total Violation        0.000ns
Hold  :            0  Failing Endpoints,  Worst Slack        0.062ns,  Total Violation        0.000ns
PW    :            0  Failing Endpoints,  Worst Slack        3.500ns,  Total Violation        0.000ns
---------------------------------------------------------------------------------------------------


Max Delay Paths
--------------------------------------------------------------------------------------
Slack (MET) :             2.003ns  (required time - arrival time)
  Source:                 ps/system_i/processing_system7/inst/PS7_i/MAXIGP0ACLK
                            (rising edge-triggered cell PS7 clocked by clk_fpga_0  {rise@0.000ns fall@4.000ns period=8.000ns})
  Destination:            ps/axi_slave_gp0/bus\\.ren_reg/D
                            (rising edge-triggered cell FDRE clocked by clk_fpga_0  {rise@0.000ns fall@4.000ns period=8.000ns})
  Path Group:             clk_fpga_0
  Path Type:              Setup (Max at Slow Process Corner)
  Requirement:            8.000ns  (clk_fpga_0 rise@8.000ns - clk_fpga_0 rise@0.000ns)
  Data Path Delay:        5.524ns  (logic 2.046ns (37.038%)  route 3.478ns (62.962%))
  Logic Levels:           3  (LUT3=1 LUT4=1 LUT5=1)
  Clock Path Skew:        -0.099ns (DCD - SCD + CPR)
    Destination Clock Delay (DCD):    2.792ns = ( 10.792 - 8.000 ) 
    Source Clock Delay      (SCD):    3.076ns
    Clock Pessimism Removal (CPR):    0.185ns
  Clock Uncertainty:      0.125ns  ((TSJ^2 + TIJ^2)^1/2 + DJ) / 2 + PE
    Total System Jitter     (TSJ):    0.071ns
    Total Input Jitter      (TIJ):    0.240ns
    Discrete Jitter          (DJ):    0.000ns
    Phase Error              (PE):    0.000ns

    Location             Delay type                Incr(ns)  Path(ns)    Netlist Resource(s)
  -------------------------------------------------------------------    -------------------
                         (clock clk_fpga_0 rise edge)
                                                      0.000     0.000 r  
    PS7_X0Y0             PS7                          0.000     0.000 r  ps/system_i/processing_system7/inst/PS7_i/FCLKCLK[0]
                         net (fo=1, estimated)        1.207     1.207    ps/lopt
    BUFGCTRL_X0Y2        BUFG (Prop_bufg_I_O)         0.101     1.308 r  ps/fclk_buf[0]/O
                         net (fo=236, estimated)      1.768     3.076    ps/system_i/processing_system7/inst/M_AXI_GP0_ACLK
    PS7_X0Y0             PS7                                          r  ps/system_i/processing_system7/inst/PS7_i/MAXIGP0ACLK
  -------------------------------------------------------------------    -------------------
    PS7_X0Y0             PS7 (Prop_ps7_MAXIGP0ACLK_MAXIGP0ARLEN[3])
                                                      1.416     4.492 f  ps/system_i/processing_system7/inst/PS7_i/MAXIGP0ARLEN[3]
                         net (fo=1, estimated)        0.958     5.450    ps/axi_slave_gp0/axi\\.ARLEN[3]
    SLICE_X1Y40          LUT4 (Prop_lut4_I0_O)        0.124     5.574 f  ps/axi_slave_gp0/axi\\.BVALID_i_3/O
                         net (fo=2, estimated)        0.867     6.441    ps/axi_slave_gp0/rd_errorw01_in
    SLICE_X1Y40          LUT3 (Prop_lut3_I0_O)        0.152     6.593 f  ps/axi_slave_gp0/axi\\.BVALID_i_2/O
                         net (fo=4, estimated)        1.163     7.756    ps/axi_slave_gp0/rd_errorw
    SLICE_X1Y44          LUT5 (Prop_lut5_I4_O)        0.354     8.110 r  ps/axi_slave_gp0/bus\\.ren_i_1/O
                         net (fo=1, estimated)        0.490     8.600    ps/axi_slave_gp0/bus\\.ren0
    SLICE_X3Y44          FDRE                                         r  ps/axi_slave_gp0/bus\\.ren_reg/D
  -------------------------------------------------------------------    -------------------

                         (clock clk_fpga_0 rise edge)
                                                      8.000     8.000 r  
    PS7_X0Y0             PS7                          0.000     8.000 r  ps/system_i/processing_system7/inst/PS7_i/FCLKCLK[0]
                         net (fo=1, estimated)        1.147     9.147    ps/lopt
    BUFGCTRL_X0Y2        BUFG (Prop_bufg_I_O)         0.091     9.238 r  ps/fclk_buf[0]/O
                         net (fo=236, estimated)      1.554    10.792    ps/axi_slave_gp0/axi\\.ACLK
    SLICE_X3Y44          FDRE                                         r  ps/axi_slave_gp0/bus\\.ren_reg/C
                         clock pessimism              0.185    10.977    
                         clock uncertainty           -0.125    10.852    
    SLICE_X3Y44          FDRE (Setup_fdre_C_D)       -0.249    10.603    ps/axi_slave_gp0/bus\\.ren_reg
  -------------------------------------------------------------------
                         required time                         10.603    
                         arrival time                          -8.600    
  -------------------------------------------------------------------
                         slack                                  2.003    





Min Delay Paths
--------------------------------------------------------------------------------------
Slack (MET) :             0.062ns  (arrival time - required time)
  Source:                 fpll_locked_r2_reg/C
                            (rising edge-triggered cell FDRE clocked by clk_fpga_0  {rise@0.000ns fall@4.000ns period=8.000ns})
  Destination:            fpll_locked_r3_reg/D
                            (rising edge-triggered cell FDRE clocked by clk_fpga_0  {rise@0.000ns fall@4.000ns period=8.000ns})
  Path Group:             clk_fpga_0
  Path Type:              Hold (Min at Fast Process Corner)
  Requirement:            0.000ns  (clk_fpga_0 rise@0.000ns - clk_fpga_0 rise@0.000ns)
  Data Path Delay:        0.408ns  (logic 0.141ns (34.538%)  route 0.267ns (65.462%))
  Logic Levels:           0  
  Clock Path Skew:        0.276ns (DCD - SCD - CPR)
    Destination Clock Delay (DCD):    1.428ns
    Source Clock Delay      (SCD):    1.122ns
    Clock Pessimism Removal (CPR):    0.030ns

    Location             Delay type                Incr(ns)  Path(ns)    Netlist Resource(s)
  -------------------------------------------------------------------    -------------------
                         (clock clk_fpga_0 rise edge)
                                                      0.000     0.000 r  
    PS7_X0Y0             PS7                          0.000     0.000 r  ps/system_i/processing_system7/inst/PS7_i/FCLKCLK[0]
                         net (fo=1, estimated)        0.509     0.509    ps/lopt
    BUFGCTRL_X0Y2        BUFG (Prop_bufg_I_O)         0.026     0.535 r  ps/fclk_buf[0]/O
                         net (fo=236, estimated)      0.587     1.122    fclk[0]
    SLICE_X41Y53         FDRE                                         r  fpll_locked_r2_reg/C
  -------------------------------------------------------------------    -------------------
    SLICE_X41Y53         FDRE (Prop_fdre_C_Q)         0.141     1.263 r  fpll_locked_r2_reg/Q
                         net (fo=2, estimated)        0.267     1.530    fpll_locked_r2
    SLICE_X41Y47         FDRE                                         r  fpll_locked_r3_reg/D
  -------------------------------------------------------------------    -------------------

                         (clock clk_fpga_0 rise edge)
                                                      0.000     0.000 r  
    PS7_X0Y0             PS7                          0.000     0.000 r  ps/system_i/processing_system7/inst/PS7_i/FCLKCLK[0]
                         net (fo=1, estimated)        0.536     0.536    ps/lopt
    BUFGCTRL_X0Y2        BUFG (Prop_bufg_I_O)         0.029     0.565 r  ps/fclk_buf[0]/O
                         net (fo=236, estimated)      0.863     1.428    fclk[0]
    SLICE_X41Y47         FDRE                                         r  fpll_locked_r3_reg/C
                         clock pessimism             -0.030     1.398    
    SLICE_X41Y47         FDRE (Hold_fdre_C_D)         0.070     1.468    fpll_locked_r3_reg
  -------------------------------------------------------------------
                         required time                         -1.468    
                         arrival time                           1.530    
  -------------------------------------------------------------------
                         slack                                  0.062    





Pulse Width Checks
--------------------------------------------------------------------------------------
Clock Name:         clk_fpga_0
Waveform(ns):       { 0.000 4.000 }
Period(ns):         8.000
Sources:            { ps/system_i/processing_system7/inst/PS7_i/FCLKCLK[0] }

Check Type        Corner  Lib Pin  Reference Pin  Required(ns)  Actual(ns)  Slack(ns)  Location       Pin
Min Period        n/a     BUFG/I   n/a            2.155         8.000       5.845      BUFGCTRL_X0Y2  ps/fclk_buf[0]/I
Low Pulse Width   Slow    FDRE/C   n/a            0.500         4.000       3.500      SLICE_X41Y53   fpll_locked_r2_reg/C
High Pulse Width  Slow    FDRE/C   n/a            0.500         4.000       3.500      SLICE_X15Y57   i_hk/i_freq_meter/ref_cnt_reg[16]/C



---------------------------------------------------------------------------------------------------
From Clock:  clk_fpga_3
  To Clock:  clk_fpga_3

Setup :            0  Failing Endpoints,  Worst Slack        0.011ns,  Total Violation        0.000ns
Hold  :            0  Failing Endpoints,  Worst Slack        0.127ns,  Total Violation        0.000ns
PW    :            0  Failing Endpoints,  Worst Slack        1.000ns,  Total Violation        0.000ns
---------------------------------------------------------------------------------------------------


Max Delay Paths
--------------------------------------------------------------------------------------
Slack (MET) :             0.011ns  (required time - arrival time)
  Source:                 ps/system_i/axi_protocol_converter_0/inst/gen_axilite.gen_b2s_conv.axilite_b2s/WR.b_channel_0/bid_fifo_0/cnt_read_reg[1]/C
                            (rising edge-triggered cell FDSE clocked by clk_fpga_3  {rise@0.000ns fall@2.500ns period=5.000ns})
  Destination:            ps/system_i/axi_protocol_converter_0/inst/gen_axilite.gen_b2s_conv.axilite_b2s/WR.aw_channel_0/cmd_translator_0/incr_cmd_0/axaddr_incr_reg[9]/D
                            (rising edge-triggered cell FDRE clocked by clk_fpga_3  {rise@0.000ns fall@2.500ns period=5.000ns})
  Path Group:             clk_fpga_3
  Path Type:              Setup (Max at Slow Process Corner)
  Requirement:            5.000ns  (clk_fpga_3 rise@5.000ns - clk_fpga_3 rise@0.000ns)
  Data Path Delay:        4.823ns  (logic 2.322ns (48.144%)  route 2.501ns (51.856%))
  Logic Levels:           7  (CARRY4=3 LUT2=1 LUT3=1 LUT4=1 LUT5=1)
  Clock Path Skew:        -0.114ns (DCD - SCD + CPR)
    Destination Clock Delay (DCD):    2.719ns = ( 7.719 - 5.000 ) 
    Source Clock Delay      (SCD):    3.018ns
    Clock Pessimism Removal (CPR):    0.185ns
  Clock Uncertainty:      0.083ns  ((TSJ^2 + TIJ^2)^1/2 + DJ) / 2 + PE
    Total System Jitter     (TSJ):    0.071ns
    Total Input Jitter      (TIJ):    0.150ns
    Discrete Jitter          (DJ):    0.000ns
    Phase Error              (PE):    0.000ns

    Location             Delay type                Incr(ns)  Path(ns)    Netlist Resource(s)
  -------------------------------------------------------------------    -------------------
                         (clock clk_fpga_3 rise edge)
                                                      0.000     0.000 r  
    PS7_X0Y0             PS7                          0.000     0.000 r  ps/system_i/processing_system7/inst/PS7_i/FCLKCLK[3]
                         net (fo=1, estimated)        1.207     1.207    ps/system_i/processing_system7/inst/FCLK_CLK_unbuffered[3]
    BUFGCTRL_X0Y1        BUFG (Prop_bufg_I_O)         0.101     1.308 r  ps/system_i/processing_system7/inst/buffer_fclk_clk_3.FCLK_CLK_3_BUFG/O
                         net (fo=987, estimated)      1.710     3.018    ps/system_i/axi_protocol_converter_0/inst/gen_axilite.gen_b2s_conv.axilite_b2s/WR.b_channel_0/bid_fifo_0/clk
    SLICE_X4Y62          FDSE                                         r  ps/system_i/axi_protocol_converter_0/inst/gen_axilite.gen_b2s_conv.axilite_b2s/WR.b_channel_0/bid_fifo_0/cnt_read_reg[1]/C
  -------------------------------------------------------------------    -------------------
    SLICE_X4Y62          FDSE (Prop_fdse_C_Q)         0.478     3.496 f  ps/system_i/axi_protocol_converter_0/inst/gen_axilite.gen_b2s_conv.axilite_b2s/WR.b_channel_0/bid_fifo_0/cnt_read_reg[1]/Q
                         net (fo=19, estimated)       0.608     4.104    ps/system_i/axi_protocol_converter_0/inst/gen_axilite.gen_b2s_conv.axilite_b2s/WR.b_channel_0/bid_fifo_0/cnt_read[1]
    SLICE_X5Y65          LUT2 (Prop_lut2_I0_O)        0.295     4.399 f  ps/system_i/axi_protocol_converter_0/inst/gen_axilite.gen_b2s_conv.axilite_b2s/WR.b_channel_0/bid_fifo_0/full_INST_0/O
                         net (fo=3, estimated)        0.739     5.138    ps/system_i/axi_protocol_converter_0/inst/gen_axilite.gen_b2s_conv.axilite_b2s/WR.aw_channel_0/aw_cmd_fsm_0/b_full
    SLICE_X2Y67          LUT5 (Prop_lut5_I1_O)        0.124     5.262 r  ps/system_i/axi_protocol_converter_0/inst/gen_axilite.gen_b2s_conv.axilite_b2s/WR.aw_channel_0/aw_cmd_fsm_0/next_INST_0/O
                         net (fo=29, estimated)       0.713     5.975    ps/system_i/axi_protocol_converter_0/inst/gen_axilite.gen_b2s_conv.axilite_b2s/WR.aw_channel_0/cmd_translator_0/incr_cmd_0/next
    SLICE_X7Y68          LUT4 (Prop_lut4_I3_O)        0.124     6.099 r  ps/system_i/axi_protocol_converter_0/inst/gen_axilite.gen_b2s_conv.axilite_b2s/WR.aw_channel_0/cmd_translator_0/incr_cmd_0/axaddr_incr[3]_i_9/O
                         net (fo=1, routed)           0.000     6.099    ps/system_i/axi_protocol_converter_0/inst/gen_axilite.gen_b2s_conv.axilite_b2s/WR.aw_channel_0/cmd_translator_0/incr_cmd_0/axaddr_incr[3]_i_9_n_0
    SLICE_X7Y68          CARRY4 (Prop_carry4_S[1]_CO[3])
                                                      0.550     6.649 r  ps/system_i/axi_protocol_converter_0/inst/gen_axilite.gen_b2s_conv.axilite_b2s/WR.aw_channel_0/cmd_translator_0/incr_cmd_0/axaddr_incr_reg[3]_i_2/CO[3]
                         net (fo=1, estimated)        0.000     6.649    ps/system_i/axi_protocol_converter_0/inst/gen_axilite.gen_b2s_conv.axilite_b2s/WR.aw_channel_0/cmd_translator_0/incr_cmd_0/axaddr_incr_reg[3]_i_2_n_0
    SLICE_X7Y69          CARRY4 (Prop_carry4_CI_CO[3])
                                                      0.114     6.763 r  ps/system_i/axi_protocol_converter_0/inst/gen_axilite.gen_b2s_conv.axilite_b2s/WR.aw_channel_0/cmd_translator_0/incr_cmd_0/axaddr_incr_reg[7]_i_2/CO[3]
                         net (fo=1, estimated)        0.000     6.763    ps/system_i/axi_protocol_converter_0/inst/gen_axilite.gen_b2s_conv.axilite_b2s/WR.aw_channel_0/cmd_translator_0/incr_cmd_0/axaddr_incr_reg[7]_i_2_n_0
    SLICE_X7Y70          CARRY4 (Prop_carry4_CI_O[1])
                                                      0.334     7.097 r  ps/system_i/axi_protocol_converter_0/inst/gen_axilite.gen_b2s_conv.axilite_b2s/WR.aw_channel_0/cmd_translator_0/incr_cmd_0/axaddr_incr_reg[11]_i_3/O[1]
                         net (fo=1, estimated)        0.441     7.538    ps/system_i/axi_protocol_converter_0/inst/gen_axilite.gen_b2s_conv.axilite_b2s/WR.aw_channel_0/cmd_translator_0/incr_cmd_0/axaddr_incr[9]
    SLICE_X9Y71          LUT3 (Prop_lut3_I0_O)        0.303     7.841 r  ps/system_i/axi_protocol_converter_0/inst/gen_axilite.gen_b2s_conv.axilite_b2s/WR.aw_channel_0/cmd_translator_0/incr_cmd_0/axaddr_incr[9]_i_1/O
                         net (fo=1, routed)           0.000     7.841    ps/system_i/axi_protocol_converter_0/inst/gen_axilite.gen_b2s_conv.axilite_b2s/WR.aw_channel_0/cmd_translator_0/incr_cmd_0/p_1_in[9]
    SLICE_X9Y71          FDRE                                         r  ps/system_i/axi_protocol_converter_0/inst/gen_axilite.gen_b2s_conv.axilite_b2s/WR.aw_channel_0/cmd_translator_0/incr_cmd_0/axaddr_incr_reg[9]/D
  -------------------------------------------------------------------    -------------------

                         (clock clk_fpga_3 rise edge)
                                                      5.000     5.000 r  
    PS7_X0Y0             PS7                          0.000     5.000 r  ps/system_i/processing_system7/inst/PS7_i/FCLKCLK[3]
                         net (fo=1, estimated)        1.147     6.147    ps/system_i/processing_system7/inst/FCLK_CLK_unbuffered[3]
    BUFGCTRL_X0Y1        BUFG (Prop_bufg_I_O)         0.091     6.238 r  ps/system_i/processing_system7/inst/buffer_fclk_clk_3.FCLK_CLK_3_BUFG/O
                         net (fo=987, estimated)      1.481     7.719    ps/system_i/axi_protocol_converter_0/inst/gen_axilite.gen_b2s_conv.axilite_b2s/WR.aw_channel_0/cmd_translator_0/incr_cmd_0/clk
    SLICE_X9Y71          FDRE                                         r  ps/system_i/axi_protocol_converter_0/inst/gen_axilite.gen_b2s_conv.axilite_b2s/WR.aw_channel_0/cmd_translator_0/incr_cmd_0/axaddr_incr_reg[9]/C
                         clock pessimism              0.185     7.904    
                         clock uncertainty           -0.083     7.821    
    SLICE_X9Y71          FDRE (Setup_fdre_C_D)        0.031     7.852    ps/system_i/axi_protocol_converter_0/inst/gen_axilite.gen_b2s_conv.axilite_b2s/WR.aw_channel_0/cmd_translator_0/incr_cmd_0/axaddr_incr_reg[9]
  -------------------------------------------------------------------
                         required time                          7.852    
                         arrival time                          -7.841    
  -------------------------------------------------------------------
                         slack                                  0.011    





Min Delay Paths
--------------------------------------------------------------------------------------
Slack (MET) :             0.127ns  (arrival time - required time)
  Source:                 ps/system_i/axi_protocol_converter_0/inst/gen_axilite.gen_b2s_conv.axilite_b2s/RD.r_channel_0/r_arid_r_reg[8]/C
                            (rising edge-triggered cell FDRE clocked by clk_fpga_3  {rise@0.000ns fall@2.500ns period=5.000ns})
  Destination:            ps/system_i/axi_protocol_converter_0/inst/gen_axilite.gen_b2s_conv.axilite_b2s/RD.r_channel_0/transaction_fifo_0/memory_reg[31][9]_srl32/D
                            (rising edge-triggered cell SRLC32E clocked by clk_fpga_3  {rise@0.000ns fall@2.500ns period=5.000ns})
  Path Group:             clk_fpga_3
  Path Type:              Hold (Min at Fast Process Corner)
  Requirement:            0.000ns  (clk_fpga_3 rise@0.000ns - clk_fpga_3 rise@0.000ns)
  Data Path Delay:        0.273ns  (logic 0.128ns (46.886%)  route 0.145ns (53.114%))
  Logic Levels:           0  
  Clock Path Skew:        0.016ns (DCD - SCD - CPR)
    Destination Clock Delay (DCD):    1.415ns
    Source Clock Delay      (SCD):    1.116ns
    Clock Pessimism Removal (CPR):    0.283ns

    Location             Delay type                Incr(ns)  Path(ns)    Netlist Resource(s)
  -------------------------------------------------------------------    -------------------
                         (clock clk_fpga_3 rise edge)
                                                      0.000     0.000 r  
    PS7_X0Y0             PS7                          0.000     0.000 r  ps/system_i/processing_system7/inst/PS7_i/FCLKCLK[3]
                         net (fo=1, estimated)        0.509     0.509    ps/system_i/processing_system7/inst/FCLK_CLK_unbuffered[3]
    BUFGCTRL_X0Y1        BUFG (Prop_bufg_I_O)         0.026     0.535 r  ps/system_i/processing_system7/inst/buffer_fclk_clk_3.FCLK_CLK_3_BUFG/O
                         net (fo=987, estimated)      0.581     1.116    ps/system_i/axi_protocol_converter_0/inst/gen_axilite.gen_b2s_conv.axilite_b2s/RD.r_channel_0/clk
    SLICE_X3Y51          FDRE                                         r  ps/system_i/axi_protocol_converter_0/inst/gen_axilite.gen_b2s_conv.axilite_b2s/RD.r_channel_0/r_arid_r_reg[8]/C
  -------------------------------------------------------------------    -------------------
    SLICE_X3Y51          FDRE (Prop_fdre_C_Q)         0.128     1.244 r  ps/system_i/axi_protocol_converter_0/inst/gen_axilite.gen_b2s_conv.axilite_b2s/RD.r_channel_0/r_arid_r_reg[8]/Q
                         net (fo=1, estimated)        0.145     1.389    ps/system_i/axi_protocol_converter_0/inst/gen_axilite.gen_b2s_conv.axilite_b2s/RD.r_channel_0/transaction_fifo_0/din[9]
    SLICE_X4Y52          SRLC32E                                      r  ps/system_i/axi_protocol_converter_0/inst/gen_axilite.gen_b2s_conv.axilite_b2s/RD.r_channel_0/transaction_fifo_0/memory_reg[31][9]_srl32/D
  -------------------------------------------------------------------    -------------------

                         (clock clk_fpga_3 rise edge)
                                                      0.000     0.000 r  
    PS7_X0Y0             PS7                          0.000     0.000 r  ps/system_i/processing_system7/inst/PS7_i/FCLKCLK[3]
                         net (fo=1, estimated)        0.536     0.536    ps/system_i/processing_system7/inst/FCLK_CLK_unbuffered[3]
    BUFGCTRL_X0Y1        BUFG (Prop_bufg_I_O)         0.029     0.565 r  ps/system_i/processing_system7/inst/buffer_fclk_clk_3.FCLK_CLK_3_BUFG/O
                         net (fo=987, estimated)      0.850     1.415    ps/system_i/axi_protocol_converter_0/inst/gen_axilite.gen_b2s_conv.axilite_b2s/RD.r_channel_0/transaction_fifo_0/clk
    SLICE_X4Y52          SRLC32E                                      r  ps/system_i/axi_protocol_converter_0/inst/gen_axilite.gen_b2s_conv.axilite_b2s/RD.r_channel_0/transaction_fifo_0/memory_reg[31][9]_srl32/CLK
                         clock pessimism             -0.283     1.132    
    SLICE_X4Y52          SRLC32E (Hold_srlc32e_CLK_D)
                                                      0.130     1.262    ps/system_i/axi_protocol_converter_0/inst/gen_axilite.gen_b2s_conv.axilite_b2s/RD.r_channel_0/transaction_fifo_0/memory_reg[31][9]_srl32
  -------------------------------------------------------------------
                         required time                         -1.262    
                         arrival time                           1.389    
  -------------------------------------------------------------------
                         slack                                  0.127    





Pulse Width Checks
--------------------------------------------------------------------------------------
Clock Name:         clk_fpga_3
Waveform(ns):       { 0.000 2.500 }
Period(ns):         5.000
Sources:            { ps/system_i/processing_system7/inst/PS7_i/FCLKCLK[3] }

Check Type        Corner  Lib Pin     Reference Pin  Required(ns)  Actual(ns)  Slack(ns)  Location      Pin
Min Period        n/a     XADC/DCLK   n/a            4.000         5.000       1.000      XADC_X0Y0     ps/system_i/xadc/inst/AXI_XADC_CORE_I/XADC_INST/DCLK
Low Pulse Width   Slow    SRL16E/CLK  n/a            0.980         2.500       1.520      SLICE_X24Y72  ps/system_i/proc_sys_reset/U0/EXT_LPF/POR_SRL_I/CLK
High Pulse Width  Fast    SRL16E/CLK  n/a            0.980         2.500       1.520      SLICE_X4Y61   ps/system_i/axi_protocol_converter_0/inst/gen_axilite.gen_b2s_conv.axilite_b2s/WR.b_channel_0/bid_fifo_0/memory_reg[3][0]_srl4/CLK



---------------------------------------------------------------------------------------------------
From Clock:  rx_clk
  To Clock:  rx_clk

Setup :           NA  Failing Endpoints,  Worst Slack           NA  ,  Total Violation           NA
Hold  :           NA  Failing Endpoints,  Worst Slack           NA  ,  Total Violation           NA
PW    :            0  Failing Endpoints,  Worst Slack        2.333ns,  Total Violation        0.000ns
---------------------------------------------------------------------------------------------------


Pulse Width Checks
--------------------------------------------------------------------------------------
Clock Name:         rx_clk
Waveform(ns):       { 0.000 2.000 }
Period(ns):         4.000
Sources:            { daisy_p_i[1] }

Check Type  Corner  Lib Pin        Reference Pin  Required(ns)  Actual(ns)  Slack(ns)  Location      Pin
Min Period  n/a     ISERDESE2/CLK  n/a            1.667         4.000       2.333      ILOGIC_X0Y38  i_daisy/i_rx/genblk1[0].i_iserdese/CLK



---------------------------------------------------------------------------------------------------
From Clock:  par_clk
  To Clock:  par_clk

Setup :            0  Failing Endpoints,  Worst Slack        3.359ns,  Total Violation        0.000ns
Hold  :           26  Failing Endpoints,  Worst Slack       -0.875ns,  Total Violation      -12.133ns
PW    :            0  Failing Endpoints,  Worst Slack        3.020ns,  Total Violation        0.000ns
---------------------------------------------------------------------------------------------------


Max Delay Paths
--------------------------------------------------------------------------------------
Slack (MET) :             3.359ns  (required time - arrival time)
  Source:                 i_daisy/i_rx/genblk1[0].par_dat_r_reg[5]/C
                            (rising edge-triggered cell FDRE clocked by par_clk  {rise@0.000ns fall@4.000ns period=8.000ns})
  Destination:            i_daisy/i_rx/genblk1[0].par_dv_reg/CE
                            (rising edge-triggered cell FDRE clocked by par_clk  {rise@0.000ns fall@4.000ns period=8.000ns})
  Path Group:             par_clk
  Path Type:              Setup (Max at Slow Process Corner)
  Requirement:            8.000ns  (par_clk rise@8.000ns - par_clk rise@0.000ns)
  Data Path Delay:        4.373ns  (logic 1.087ns (24.857%)  route 3.286ns (75.143%))
  Logic Levels:           4  (LUT4=3 LUT6=1)
  Clock Path Skew:        -0.064ns (DCD - SCD + CPR)
    Destination Clock Delay (DCD):    4.223ns = ( 12.223 - 8.000 ) 
    Source Clock Delay      (SCD):    4.614ns
    Clock Pessimism Removal (CPR):    0.327ns
  Clock Uncertainty:      0.035ns  ((TSJ^2 + TIJ^2)^1/2 + DJ) / 2 + PE
    Total System Jitter     (TSJ):    0.071ns
    Total Input Jitter      (TIJ):    0.000ns
    Discrete Jitter          (DJ):    0.000ns
    Phase Error              (PE):    0.000ns

    Location             Delay type                Incr(ns)  Path(ns)    Netlist Resource(s)
  -------------------------------------------------------------------    -------------------
                         (clock par_clk rise edge)    0.000     0.000 r  
    N18                                               0.000     0.000 r  daisy_p_i[1] (IN)
                         net (fo=0)                   0.000     0.000    i_daisy/daisy_p_i[1]
    N18                  IBUFDS (Prop_ibufds_I_O)     0.945     0.945 r  i_daisy/i_IBUFGDS_clk/O
                         net (fo=2, estimated)        0.510     1.455    i_daisy/i_rx/ser_clk_i
    BUFR_X0Y1            BUFR (Prop_bufr_I_O)         1.032     2.487 r  i_daisy/i_rx/i_BUFR_clk/O
                         net (fo=51, estimated)       0.285     2.772    i_daisy/i_rx/par_clk
    BUFGCTRL_X0Y3        BUFG (Prop_bufg_I_O)         0.101     2.873 r  i_daisy/i_rx/i_parclk_buf/O
                         net (fo=233, estimated)      1.741     4.614    i_daisy/i_rx/par_clk_o
    SLICE_X41Y50         FDRE                                         r  i_daisy/i_rx/genblk1[0].par_dat_r_reg[5]/C
  -------------------------------------------------------------------    -------------------
    SLICE_X41Y50         FDRE (Prop_fdre_C_Q)         0.419     5.033 r  i_daisy/i_rx/genblk1[0].par_dat_r_reg[5]/Q
                         net (fo=2, estimated)        0.814     5.847    i_daisy/i_rx/genblk1[0].par_dat_r[5]
    SLICE_X41Y51         LUT4 (Prop_lut4_I0_O)        0.296     6.143 f  i_daisy/i_rx/genblk1[0].par_ok[0]_i_4/O
                         net (fo=1, estimated)        0.997     7.140    i_daisy/i_rx/genblk1[0].par_ok[0]_i_4_n_0
    SLICE_X40Y51         LUT4 (Prop_lut4_I0_O)        0.124     7.264 f  i_daisy/i_rx/genblk1[0].par_ok[0]_i_3/O
                         net (fo=2, estimated)        0.448     7.712    i_daisy/i_rx/genblk1[0].par_ok[0]_i_3_n_0
    SLICE_X39Y50         LUT6 (Prop_lut6_I2_O)        0.124     7.836 r  i_daisy/i_rx/genblk1[0].par_ok[0]_i_2/O
                         net (fo=2, estimated)        0.506     8.342    i_daisy/i_rx/genblk1[0].par_ok[0]_i_2_n_0
    SLICE_X39Y50         LUT4 (Prop_lut4_I1_O)        0.124     8.466 r  i_daisy/i_rx/genblk1[0].par_dv_reg_CE_cooolgate_en_gate_690/O
                         net (fo=1, estimated)        0.521     8.987    i_daisy/i_rx/genblk1[0].par_dv_reg_CE_cooolgate_en_sig_196
    SLICE_X38Y50         FDRE                                         r  i_daisy/i_rx/genblk1[0].par_dv_reg/CE
  -------------------------------------------------------------------    -------------------

                         (clock par_clk rise edge)    8.000     8.000 r  
    N18                                               0.000     8.000 r  daisy_p_i[1] (IN)
                         net (fo=0)                   0.000     8.000    i_daisy/daisy_p_i[1]
    N18                  IBUFDS (Prop_ibufds_I_O)     0.902     8.902 r  i_daisy/i_IBUFGDS_clk/O
                         net (fo=2, estimated)        0.484     9.387    i_daisy/i_rx/ser_clk_i
    BUFR_X0Y1            BUFR (Prop_bufr_I_O)         0.919    10.306 r  i_daisy/i_rx/i_BUFR_clk/O
                         net (fo=51, estimated)       0.264    10.570    i_daisy/i_rx/par_clk
    BUFGCTRL_X0Y3        BUFG (Prop_bufg_I_O)         0.091    10.661 r  i_daisy/i_rx/i_parclk_buf/O
                         net (fo=233, estimated)      1.562    12.223    i_daisy/i_rx/par_clk_o
    SLICE_X38Y50         FDRE                                         r  i_daisy/i_rx/genblk1[0].par_dv_reg/C
                         clock pessimism              0.327    12.550    
                         clock uncertainty           -0.035    12.515    
    SLICE_X38Y50         FDRE (Setup_fdre_C_CE)      -0.169    12.346    i_daisy/i_rx/genblk1[0].par_dv_reg
  -------------------------------------------------------------------
                         required time                         12.346    
                         arrival time                          -8.987    
  -------------------------------------------------------------------
                         slack                                  3.359    





Min Delay Paths
--------------------------------------------------------------------------------------
Slack (VIOLATED) :        -0.875ns  (arrival time - required time)
  Source:                 i_daisy/i_rx/genblk1[0].par_dat_reg[14]/C
                            (rising edge-triggered cell FDRE clocked by par_clk  {rise@0.000ns fall@4.000ns period=8.000ns})
  Destination:            i_daisy/i_rx/genblk1[0].par_dat_r_reg[14]/D
                            (rising edge-triggered cell FDRE clocked by par_clk  {rise@0.000ns fall@4.000ns period=8.000ns})
  Path Group:             par_clk
  Path Type:              Hold (Min at Slow Process Corner)
  Requirement:            0.000ns  (par_clk rise@0.000ns - par_clk rise@0.000ns)
  Data Path Delay:        0.660ns  (logic 0.367ns (55.640%)  route 0.293ns (44.360%))
  Logic Levels:           0  
  Clock Path Skew:        1.364ns (DCD - SCD - CPR)
    Destination Clock Delay (DCD):    4.614ns
    Source Clock Delay      (SCD):    3.069ns
    Clock Pessimism Removal (CPR):    0.181ns

    Location             Delay type                Incr(ns)  Path(ns)    Netlist Resource(s)
  -------------------------------------------------------------------    -------------------
                         (clock par_clk rise edge)    0.000     0.000 r  
    N18                                               0.000     0.000 r  daisy_p_i[1] (IN)
                         net (fo=0)                   0.000     0.000    i_daisy/daisy_p_i[1]
    N18                  IBUFDS (Prop_ibufds_I_O)     0.902     0.902 r  i_daisy/i_IBUFGDS_clk/O
                         net (fo=2, estimated)        0.484     1.387    i_daisy/i_rx/ser_clk_i
    BUFR_X0Y1            BUFR (Prop_bufr_I_O)         0.919     2.306 r  i_daisy/i_rx/i_BUFR_clk/O
                         net (fo=51, estimated)       0.763     3.069    i_daisy/i_rx/par_clk
    SLICE_X40Y49         FDRE                                         r  i_daisy/i_rx/genblk1[0].par_dat_reg[14]/C
  -------------------------------------------------------------------    -------------------
    SLICE_X40Y49         FDRE (Prop_fdre_C_Q)         0.367     3.436 r  i_daisy/i_rx/genblk1[0].par_dat_reg[14]/Q
                         net (fo=1, estimated)        0.293     3.728    i_daisy/i_rx/genblk1[0].par_dat[14]
    SLICE_X40Y51         FDRE                                         r  i_daisy/i_rx/genblk1[0].par_dat_r_reg[14]/D
  -------------------------------------------------------------------    -------------------

                         (clock par_clk rise edge)    0.000     0.000 r  
    N18                                               0.000     0.000 r  daisy_p_i[1] (IN)
                         net (fo=0)                   0.000     0.000    i_daisy/daisy_p_i[1]
    N18                  IBUFDS (Prop_ibufds_I_O)     0.945     0.945 r  i_daisy/i_IBUFGDS_clk/O
                         net (fo=2, estimated)        0.510     1.455    i_daisy/i_rx/ser_clk_i
    BUFR_X0Y1            BUFR (Prop_bufr_I_O)         1.032     2.487 r  i_daisy/i_rx/i_BUFR_clk/O
                         net (fo=51, estimated)       0.285     2.772    i_daisy/i_rx/par_clk
    BUFGCTRL_X0Y3        BUFG (Prop_bufg_I_O)         0.101     2.873 r  i_daisy/i_rx/i_parclk_buf/O
                         net (fo=233, estimated)      1.741     4.614    i_daisy/i_rx/par_clk_o
    SLICE_X40Y51         FDRE                                         r  i_daisy/i_rx/genblk1[0].par_dat_r_reg[14]/C
                         clock pessimism             -0.181     4.433    
    SLICE_X40Y51         FDRE (Hold_fdre_C_D)         0.171     4.604    i_daisy/i_rx/genblk1[0].par_dat_r_reg[14]
  -------------------------------------------------------------------
                         required time                         -4.604    
                         arrival time                           3.728    
  -------------------------------------------------------------------
                         slack                                 -0.875    





Pulse Width Checks
--------------------------------------------------------------------------------------
Clock Name:         par_clk
Waveform(ns):       { 0.000 4.000 }
Period(ns):         8.000
Sources:            { i_daisy/i_rx/i_BUFR_clk/O }

Check Type        Corner  Lib Pin     Reference Pin  Required(ns)  Actual(ns)  Slack(ns)  Location       Pin
Min Period        n/a     BUFG/I      n/a            2.155         8.000       5.845      BUFGCTRL_X0Y3  i_daisy/i_rx/i_parclk_buf/I
Low Pulse Width   Fast    SRL16E/CLK  n/a            0.980         4.000       3.020      SLICE_X42Y49   i_daisy/i_rx/genblk1[0].bitslip_r_reg[1]_srl2/CLK
High Pulse Width  Slow    SRL16E/CLK  n/a            0.980         4.000       3.020      SLICE_X42Y49   i_daisy/i_rx/genblk1[0].bitslip_r_reg[1]_srl2/CLK



---------------------------------------------------------------------------------------------------
From Clock:  clk_fpga_0
  To Clock:  pll_adc_clk

Setup :            0  Failing Endpoints,  Worst Slack        4.469ns,  Total Violation        0.000ns
Hold  :           NA  Failing Endpoints,  Worst Slack           NA  ,  Total Violation           NA
---------------------------------------------------------------------------------------------------


Max Delay Paths
--------------------------------------------------------------------------------------
Slack (MET) :             4.469ns  (required time - arrival time)
  Source:                 ps/axi_slave_gp0/rd_araddr_reg[4]/C
                            (rising edge-triggered cell FDRE clocked by clk_fpga_0  {rise@0.000ns fall@4.000ns period=8.000ns})
  Destination:            sys_bus_interconnect/for_bus[0].inst_sys_bus_cdc/bus_m\\.addr_reg[4]/D
                            (rising edge-triggered cell FDRE clocked by pll_adc_clk  {rise@0.000ns fall@4.000ns period=8.000ns})
  Path Group:             pll_adc_clk
  Path Type:              Setup (Max at Slow Process Corner)
  Requirement:            8.000ns  (MaxDelay Path 8.000ns)
  Data Path Delay:        3.298ns  (logic 0.670ns (20.315%)  route 2.628ns (79.685%))
  Logic Levels:           1  (LUT3=1)
  Timing Exception:       MaxDelay Path 8.000ns -datapath_only

    Location             Delay type                Incr(ns)  Path(ns)    Netlist Resource(s)
  -------------------------------------------------------------------    -------------------
    SLICE_X0Y41                                       0.000     0.000 r  ps/axi_slave_gp0/rd_araddr_reg[4]/C
    SLICE_X0Y41          FDRE (Prop_fdre_C_Q)         0.518     0.518 r  ps/axi_slave_gp0/rd_araddr_reg[4]/Q
                         net (fo=1, estimated)        0.990     1.508    ps/axi_slave_gp0/rd_araddr[4]
    SLICE_X3Y45          LUT3 (Prop_lut3_I0_O)        0.152     1.660 r  ps/axi_slave_gp0/bus\\.addr[4]_INST_0/O
                         net (fo=5, estimated)        1.638     3.298    sys_bus_interconnect/for_bus[0].inst_sys_bus_cdc/bus_s\\.addr[4]
    SLICE_X24Y54         FDRE                                         r  sys_bus_interconnect/for_bus[0].inst_sys_bus_cdc/bus_m\\.addr_reg[4]/D
  -------------------------------------------------------------------    -------------------

                         max delay                    8.000     8.000    
    SLICE_X24Y54         FDRE (Setup_fdre_C_D)       -0.233     7.767    sys_bus_interconnect/for_bus[0].inst_sys_bus_cdc/bus_m\\.addr_reg[4]
  -------------------------------------------------------------------
                         required time                          7.767    
                         arrival time                          -3.298    
  -------------------------------------------------------------------
                         slack                                  4.469    





---------------------------------------------------------------------------------------------------
From Clock:  pll_adc_clk
  To Clock:  pll_dac_clk_1x

Setup :            0  Failing Endpoints,  Worst Slack        4.605ns,  Total Violation        0.000ns
Hold  :            1  Failing Endpoint ,  Worst Slack       -0.066ns,  Total Violation       -0.066ns
---------------------------------------------------------------------------------------------------


Max Delay Paths
--------------------------------------------------------------------------------------
Slack (MET) :             4.605ns  (required time - arrival time)
  Source:                 i_hk/digital_loop_reg[1]/C
                            (rising edge-triggered cell FDRE clocked by pll_adc_clk  {rise@0.000ns fall@4.000ns period=8.000ns})
  Destination:            dac_dat_b_reg[11]/S
                            (rising edge-triggered cell FDSE clocked by pll_dac_clk_1x  {rise@0.000ns fall@4.000ns period=8.000ns})
  Path Group:             pll_dac_clk_1x
  Path Type:              Setup (Max at Slow Process Corner)
  Requirement:            8.000ns  (pll_dac_clk_1x rise@8.000ns - pll_adc_clk rise@0.000ns)
  Data Path Delay:        2.487ns  (logic 0.642ns (25.814%)  route 1.845ns (74.186%))
  Logic Levels:           1  (LUT1=1)
  Clock Path Skew:        -0.195ns (DCD - SCD + CPR)
    Destination Clock Delay (DCD):    5.585ns = ( 13.585 - 8.000 ) 
    Source Clock Delay      (SCD):    5.893ns
    Clock Pessimism Removal (CPR):    0.113ns
  Clock Uncertainty:      0.189ns  ((TSJ^2 + DJ^2)^1/2) / 2 + PE
    Total System Jitter     (TSJ):    0.071ns
    Discrete Jitter          (DJ):    0.118ns
    Phase Error              (PE):    0.120ns

    Location             Delay type                Incr(ns)  Path(ns)    Netlist Resource(s)
  -------------------------------------------------------------------    -------------------
                         (clock pll_adc_clk rise edge)
                                                      0.000     0.000 r  
    U18                                               0.000     0.000 r  adc_clk_i[1] (IN)
                         net (fo=0)                   0.000     0.000    adc_clk_i[1]
    U18                  IBUFDS (Prop_ibufds_I_O)     0.983     0.983 r  i_clk/O
                         net (fo=1, estimated)        1.306     2.289    pll/clk
    PLLE2_ADV_X0Y0       PLLE2_ADV (Prop_plle2_adv_CLKIN1_CLKOUT0)
                                                      0.089     2.378 r  pll/pll/CLKOUT0
                         net (fo=1, estimated)        1.754     4.132    pll_adc_clk
    BUFGCTRL_X0Y0        BUFG (Prop_bufg_I_O)         0.101     4.233 r  bufg_adc_clk/O
                         net (fo=6730, estimated)     1.660     5.893    i_hk/clk_i
    SLICE_X28Y56         FDRE                                         r  i_hk/digital_loop_reg[1]/C
  -------------------------------------------------------------------    -------------------
    SLICE_X28Y56         FDRE (Prop_fdre_C_Q)         0.518     6.411 f  i_hk/digital_loop_reg[1]/Q
                         net (fo=3, estimated)        0.938     7.349    digital_loop[1]
    SLICE_X41Y56         LUT1 (Prop_lut1_I0_O)        0.124     7.473 r  dac_dat_a[13]_i_1/O
                         net (fo=28, estimated)       0.907     8.380    p_0_out
    SLICE_X42Y52         FDSE                                         r  dac_dat_b_reg[11]/S
  -------------------------------------------------------------------    -------------------

                         (clock pll_dac_clk_1x rise edge)
                                                      8.000     8.000 r  
    U18                                               0.000     8.000 r  adc_clk_i[1] (IN)
                         net (fo=0)                   0.000     8.000    adc_clk_i[1]
    U18                  IBUFDS (Prop_ibufds_I_O)     0.940     8.940 r  i_clk/O
                         net (fo=1, estimated)        1.241    10.181    pll/clk
    PLLE2_ADV_X0Y0       PLLE2_ADV (Prop_plle2_adv_CLKIN1_CLKOUT1)
                                                      0.084    10.265 r  pll/pll/CLKOUT1
                         net (fo=1, estimated)        1.666    11.931    pll_dac_clk_1x
    BUFGCTRL_X0Y4        BUFG (Prop_bufg_I_O)         0.091    12.022 r  bufg_dac_clk_1x/O
                         net (fo=45, estimated)       1.563    13.585    dac_clk_1x
    SLICE_X42Y52         FDSE                                         r  dac_dat_b_reg[11]/C
                         clock pessimism              0.113    13.698    
                         clock uncertainty           -0.189    13.510    
    SLICE_X42Y52         FDSE (Setup_fdse_C_S)       -0.524    12.986    dac_dat_b_reg[11]
  -------------------------------------------------------------------
                         required time                         12.986    
                         arrival time                          -8.380    
  -------------------------------------------------------------------
                         slack                                  4.605    





Min Delay Paths
--------------------------------------------------------------------------------------
Slack (VIOLATED) :        -0.066ns  (arrival time - required time)
  Source:                 rst_cnt_reg[6]/C
                            (rising edge-triggered cell FDRE clocked by pll_adc_clk  {rise@0.000ns fall@4.000ns period=8.000ns})
  Destination:            dac_rst_reg/D
                            (rising edge-triggered cell FDRE clocked by pll_dac_clk_1x  {rise@0.000ns fall@4.000ns period=8.000ns})
  Path Group:             pll_dac_clk_1x
  Path Type:              Hold (Min at Fast Process Corner)
  Requirement:            0.000ns  (pll_dac_clk_1x rise@0.000ns - pll_adc_clk rise@0.000ns)
  Data Path Delay:        0.557ns  (logic 0.209ns (37.511%)  route 0.348ns (62.489%))
  Logic Levels:           1  (LUT3=1)
  Clock Path Skew:        0.314ns (DCD - SCD - CPR)
    Destination Clock Delay (DCD):    2.729ns
    Source Clock Delay      (SCD):    2.351ns
    Clock Pessimism Removal (CPR):    0.063ns
  Clock Uncertainty:      0.189ns  ((TSJ^2 + DJ^2)^1/2) / 2 + PE
    Total System Jitter     (TSJ):    0.071ns
    Discrete Jitter          (DJ):    0.118ns
    Phase Error              (PE):    0.120ns

    Location             Delay type                Incr(ns)  Path(ns)    Netlist Resource(s)
  -------------------------------------------------------------------    -------------------
                         (clock pll_adc_clk rise edge)
                                                      0.000     0.000 r  
    U18                                               0.000     0.000 r  adc_clk_i[1] (IN)
                         net (fo=0)                   0.000     0.000    adc_clk_i[1]
    U18                  IBUFDS (Prop_ibufds_I_O)     0.401     0.401 r  i_clk/O
                         net (fo=1, estimated)        0.551     0.952    pll/clk
    PLLE2_ADV_X0Y0       PLLE2_ADV (Prop_plle2_adv_CLKIN1_CLKOUT0)
                                                      0.051     1.003 r  pll/pll/CLKOUT0
                         net (fo=1, estimated)        0.739     1.742    pll_adc_clk
    BUFGCTRL_X0Y0        BUFG (Prop_bufg_I_O)         0.026     1.768 r  bufg_adc_clk/O
                         net (fo=6730, estimated)     0.583     2.351    adc_clk
    SLICE_X42Y63         FDRE                                         r  rst_cnt_reg[6]/C
  -------------------------------------------------------------------    -------------------
    SLICE_X42Y63         FDRE (Prop_fdre_C_Q)         0.164     2.515 r  rst_cnt_reg[6]/Q
                         net (fo=3, estimated)        0.348     2.864    rst_cnt[6]
    SLICE_X42Y60         LUT3 (Prop_lut3_I1_O)        0.045     2.909 r  dac_rst_i_1/O
                         net (fo=1, routed)           0.000     2.909    dac_rst_reg0
    SLICE_X42Y60         FDRE                                         r  dac_rst_reg/D
  -------------------------------------------------------------------    -------------------

                         (clock pll_dac_clk_1x rise edge)
                                                      0.000     0.000 r  
    U18                                               0.000     0.000 r  adc_clk_i[1] (IN)
                         net (fo=0)                   0.000     0.000    adc_clk_i[1]
    U18                  IBUFDS (Prop_ibufds_I_O)     0.433     0.433 r  i_clk/O
                         net (fo=1, estimated)        0.579     1.012    pll/clk
    PLLE2_ADV_X0Y0       PLLE2_ADV (Prop_plle2_adv_CLKIN1_CLKOUT1)
                                                      0.054     1.066 r  pll/pll/CLKOUT1
                         net (fo=1, estimated)        0.778     1.845    pll_dac_clk_1x
    BUFGCTRL_X0Y4        BUFG (Prop_bufg_I_O)         0.029     1.874 r  bufg_dac_clk_1x/O
                         net (fo=45, estimated)       0.855     2.729    dac_clk_1x
    SLICE_X42Y60         FDRE                                         r  dac_rst_reg/C
                         clock pessimism             -0.063     2.665    
                         clock uncertainty            0.189     2.854    
    SLICE_X42Y60         FDRE (Hold_fdre_C_D)         0.120     2.974    dac_rst_reg
  -------------------------------------------------------------------
                         required time                         -2.974    
                         arrival time                           2.909    
  -------------------------------------------------------------------
                         slack                                 -0.066    





---------------------------------------------------------------------------------------------------
From Clock:  pll_adc_clk
  To Clock:  clk_fpga_0

Setup :            0  Failing Endpoints,  Worst Slack        0.835ns,  Total Violation        0.000ns
Hold  :            0  Failing Endpoints,  Worst Slack        1.331ns,  Total Violation        0.000ns
---------------------------------------------------------------------------------------------------


Max Delay Paths
--------------------------------------------------------------------------------------
Slack (MET) :             0.835ns  (required time - arrival time)
  Source:                 i_scope/i_cfg/sys_rdata_reg[9]/C
                            (rising edge-triggered cell FDRE clocked by pll_adc_clk  {rise@0.000ns fall@4.000ns period=8.000ns})
  Destination:            ps/axi_slave_gp0/axi\\.RDATA_reg[9]/D
                            (rising edge-triggered cell FDRE clocked by clk_fpga_0  {rise@0.000ns fall@4.000ns period=8.000ns})
  Path Group:             clk_fpga_0
  Path Type:              Setup (Max at Slow Process Corner)
  Requirement:            8.000ns  (clk_fpga_0 rise@8.000ns - pll_adc_clk rise@0.000ns)
  Data Path Delay:        3.878ns  (logic 1.211ns (31.227%)  route 2.667ns (68.773%))
  Logic Levels:           3  (LUT2=1 LUT5=1 MUXF7=1)
  Clock Path Skew:        -3.164ns (DCD - SCD + CPR)
    Destination Clock Delay (DCD):    2.739ns = ( 10.739 - 8.000 ) 
    Source Clock Delay      (SCD):    5.903ns
    Clock Pessimism Removal (CPR):    0.000ns
  Clock Uncertainty:      0.235ns  ((TSJ^2 + TIJ^2 + DJ^2)^1/2) / 2 + PE
    Total System Jitter     (TSJ):    0.071ns
    Total Input Jitter      (TIJ):    0.240ns
    Discrete Jitter          (DJ):    0.118ns
    Phase Error              (PE):    0.097ns
  Clock Domain Crossing:  Inter clock paths are considered valid unless explicitly excluded by timing constraints such as set_clock_groups or set_false_path.

    Location             Delay type                Incr(ns)  Path(ns)    Netlist Resource(s)
  -------------------------------------------------------------------    -------------------
                         (clock pll_adc_clk rise edge)
                                                      0.000     0.000 r  
    U18                                               0.000     0.000 r  adc_clk_i[1] (IN)
                         net (fo=0)                   0.000     0.000    adc_clk_i[1]
    U18                  IBUFDS (Prop_ibufds_I_O)     0.983     0.983 r  i_clk/O
                         net (fo=1, estimated)        1.306     2.289    pll/clk
    PLLE2_ADV_X0Y0       PLLE2_ADV (Prop_plle2_adv_CLKIN1_CLKOUT0)
                                                      0.089     2.378 r  pll/pll/CLKOUT0
                         net (fo=1, estimated)        1.754     4.132    pll_adc_clk
    BUFGCTRL_X0Y0        BUFG (Prop_bufg_I_O)         0.101     4.233 r  bufg_adc_clk/O
                         net (fo=6730, estimated)     1.670     5.903    i_scope/i_cfg/adc_clk_i
    SLICE_X24Y10         FDRE                                         r  i_scope/i_cfg/sys_rdata_reg[9]/C
  -------------------------------------------------------------------    -------------------
    SLICE_X24Y10         FDRE (Prop_fdre_C_Q)         0.518     6.421 r  i_scope/i_cfg/sys_rdata_reg[9]/Q
                         net (fo=1, estimated)        1.552     7.973    sys_bus_interconnect/for_bus[1].inst_sys_bus_cdc/bus_m\\.rdata[9]
    SLICE_X20Y32         LUT2 (Prop_lut2_I0_O)        0.153     8.126 r  sys_bus_interconnect/for_bus[1].inst_sys_bus_cdc/bus_s\\.rdata[9]_INST_0/O
                         net (fo=1, estimated)        1.115     9.241    sys_bus_interconnect/p_60_out[9]
    SLICE_X20Y42         LUT5 (Prop_lut5_I2_O)        0.331     9.572 r  sys_bus_interconnect/bus_m\\.rdata[9]_INST_0_i_1/O
                         net (fo=1, routed)           0.000     9.572    sys_bus_interconnect/bus_m\\.rdata[9]_INST_0_i_1_n_0
    SLICE_X20Y42         MUXF7 (Prop_muxf7_I0_O)      0.209     9.781 r  sys_bus_interconnect/bus_m\\.rdata[9]_INST_0/O
                         net (fo=1, routed)           0.000     9.781    ps/axi_slave_gp0/bus\\.rdata[9]
    SLICE_X20Y42         FDRE                                         r  ps/axi_slave_gp0/axi\\.RDATA_reg[9]/D
  -------------------------------------------------------------------    -------------------

                         (clock clk_fpga_0 rise edge)
                                                      8.000     8.000 r  
    PS7_X0Y0             PS7                          0.000     8.000 r  ps/system_i/processing_system7/inst/PS7_i/FCLKCLK[0]
                         net (fo=1, estimated)        1.147     9.147    ps/lopt
    BUFGCTRL_X0Y2        BUFG (Prop_bufg_I_O)         0.091     9.238 r  ps/fclk_buf[0]/O
                         net (fo=236, estimated)      1.501    10.739    ps/axi_slave_gp0/axi\\.ACLK
    SLICE_X20Y42         FDRE                                         r  ps/axi_slave_gp0/axi\\.RDATA_reg[9]/C
                         clock pessimism              0.000    10.739    
                         clock uncertainty           -0.235    10.503    
    SLICE_X20Y42         FDRE (Setup_fdre_C_D)        0.113    10.616    ps/axi_slave_gp0/axi\\.RDATA_reg[9]
  -------------------------------------------------------------------
                         required time                         10.616    
                         arrival time                          -9.781    
  -------------------------------------------------------------------
                         slack                                  0.835    





Min Delay Paths
--------------------------------------------------------------------------------------
Slack (MET) :             1.331ns  (arrival time - required time)
  Source:                 i_hk/sys_rdata_reg[21]/C
                            (rising edge-triggered cell FDRE clocked by pll_adc_clk  {rise@0.000ns fall@4.000ns period=8.000ns})
  Destination:            ps/axi_slave_gp0/axi\\.RDATA_reg[21]/D
                            (rising edge-triggered cell FDRE clocked by clk_fpga_0  {rise@0.000ns fall@4.000ns period=8.000ns})
  Path Group:             clk_fpga_0
  Path Type:              Hold (Min at Fast Process Corner)
  Requirement:            0.000ns  (clk_fpga_0 rise@0.000ns - pll_adc_clk rise@0.000ns)
  Data Path Delay:        0.743ns  (logic 0.293ns (39.447%)  route 0.450ns (60.553%))
  Logic Levels:           3  (LUT2=1 LUT5=1 MUXF7=1)
  Clock Path Skew:        -0.929ns (DCD - SCD - CPR)
    Destination Clock Delay (DCD):    1.398ns
    Source Clock Delay      (SCD):    2.326ns
    Clock Pessimism Removal (CPR):    -0.000ns
  Clock Uncertainty:      0.235ns  ((TSJ^2 + TIJ^2 + DJ^2)^1/2) / 2 + PE
    Total System Jitter     (TSJ):    0.071ns
    Total Input Jitter      (TIJ):    0.240ns
    Discrete Jitter          (DJ):    0.118ns
    Phase Error              (PE):    0.097ns
  Clock Domain Crossing:  Inter clock paths are considered valid unless explicitly excluded by timing constraints such as set_clock_groups or set_false_path.

    Location             Delay type                Incr(ns)  Path(ns)    Netlist Resource(s)
  -------------------------------------------------------------------    -------------------
                         (clock pll_adc_clk rise edge)
                                                      0.000     0.000 r  
    U18                                               0.000     0.000 r  adc_clk_i[1] (IN)
                         net (fo=0)                   0.000     0.000    adc_clk_i[1]
    U18                  IBUFDS (Prop_ibufds_I_O)     0.401     0.401 r  i_clk/O
                         net (fo=1, estimated)        0.551     0.952    pll/clk
    PLLE2_ADV_X0Y0       PLLE2_ADV (Prop_plle2_adv_CLKIN1_CLKOUT0)
                                                      0.051     1.003 r  pll/pll/CLKOUT0
                         net (fo=1, estimated)        0.739     1.742    pll_adc_clk
    BUFGCTRL_X0Y0        BUFG (Prop_bufg_I_O)         0.026     1.768 r  bufg_adc_clk/O
                         net (fo=6730, estimated)     0.558     2.326    i_hk/clk_i
    SLICE_X19Y54         FDRE                                         r  i_hk/sys_rdata_reg[21]/C
  -------------------------------------------------------------------    -------------------
    SLICE_X19Y54         FDRE (Prop_fdre_C_Q)         0.141     2.467 r  i_hk/sys_rdata_reg[21]/Q
                         net (fo=1, estimated)        0.385     2.852    sys_bus_interconnect/for_bus[0].inst_sys_bus_cdc/bus_m\\.rdata[21]
    SLICE_X15Y47         LUT2 (Prop_lut2_I0_O)        0.045     2.897 r  sys_bus_interconnect/for_bus[0].inst_sys_bus_cdc/bus_s\\.rdata[21]_INST_0/O
                         net (fo=1, estimated)        0.065     2.962    sys_bus_interconnect/p_69_out[21]
    SLICE_X15Y47         LUT5 (Prop_lut5_I4_O)        0.045     3.007 r  sys_bus_interconnect/bus_m\\.rdata[21]_INST_0_i_1/O
                         net (fo=1, routed)           0.000     3.007    sys_bus_interconnect/bus_m\\.rdata[21]_INST_0_i_1_n_0
    SLICE_X15Y47         MUXF7 (Prop_muxf7_I0_O)      0.062     3.069 r  sys_bus_interconnect/bus_m\\.rdata[21]_INST_0/O
                         net (fo=1, routed)           0.000     3.069    ps/axi_slave_gp0/bus\\.rdata[21]
    SLICE_X15Y47         FDRE                                         r  ps/axi_slave_gp0/axi\\.RDATA_reg[21]/D
  -------------------------------------------------------------------    -------------------

                         (clock clk_fpga_0 rise edge)
                                                      0.000     0.000 r  
    PS7_X0Y0             PS7                          0.000     0.000 r  ps/system_i/processing_system7/inst/PS7_i/FCLKCLK[0]
                         net (fo=1, estimated)        0.536     0.536    ps/lopt
    BUFGCTRL_X0Y2        BUFG (Prop_bufg_I_O)         0.029     0.565 r  ps/fclk_buf[0]/O
                         net (fo=236, estimated)      0.833     1.398    ps/axi_slave_gp0/axi\\.ACLK
    SLICE_X15Y47         FDRE                                         r  ps/axi_slave_gp0/axi\\.RDATA_reg[21]/C
                         clock pessimism              0.000     1.398    
                         clock uncertainty            0.235     1.633    
    SLICE_X15Y47         FDRE (Hold_fdre_C_D)         0.105     1.738    ps/axi_slave_gp0/axi\\.RDATA_reg[21]
  -------------------------------------------------------------------
                         required time                         -1.738    
                         arrival time                           3.069    
  -------------------------------------------------------------------
                         slack                                  1.331    





