Copyright 1986-2020 Xilinx, Inc. All Rights Reserved.
------------------------------------------------------------------------------------
| Tool Version : Vivado v.2020.1 (lin64) Build 2902540 Wed May 27 19:54:35 MDT 2020
| Date         : Wed Aug 12 20:53:42 2026
| Host         : LoloVictus running 64-bit Ubuntu 20.04.3 LTS
| Command      : report_timing_summary -file out/post_route_timing_summary.rpt
| Design       : mca_red_pitaya_top
| Device       : 7z010-clg400
| Speed File   : -1  PRODUCTION 1.12 2019-11-22
------------------------------------------------------------------------------------

Timing Summary Report

------------------------------------------------------------------------------------------------
| Timer Settings
| --------------
------------------------------------------------------------------------------------------------

  Enable Multi Corner Analysis               :  Yes
  Enable Pessimism Removal                   :  Yes
  Pessimism Removal Resolution               :  Nearest Common Node
  Enable Input Delay Default Clock           :  No
  Enable Preset / Clear Arcs                 :  No
  Disable Flight Delays                      :  No
  Ignore I/O Paths                           :  No
  Timing Early Launch at Borrowing Latches   :  No
  Borrow Time for Max Delay Exceptions       :  Yes
  Merge Timing Exceptions                    :  Yes

  Corner  Analyze    Analyze    
  Name    Max Paths  Min Paths  
  ------  ---------  ---------  
  Slow    Yes        Yes        
  Fast    Yes        Yes        



check_timing report

Table of Contents
-----------------
1. checking no_clock (52)
2. checking constant_clock (0)
3. checking pulse_width_clock (0)
4. checking unconstrained_internal_endpoints (19)
5. checking no_input_delay (17)
6. checking no_output_delay (50)
7. checking multiple_clock (0)
8. checking generated_clocks (0)
9. checking loops (0)
10. checking partial_input_delay (0)
11. checking partial_output_delay (0)
12. checking latch_loops (0)

1. checking no_clock (52)
-------------------------
 There are 17 register/latch pins with no clock driven by root clock pin: i_daisy/genblk4[0].tx_cfg_sel_reg[1]/Q (HIGH)

 There are 17 register/latch pins with no clock driven by root clock pin: i_daisy/genblk4[0].tx_cfg_sel_reg[2]/Q (HIGH)

 There are 17 register/latch pins with no clock driven by root clock pin: i_hk/daisy_mode_o_reg[0]/Q (HIGH)

 There is 1 register/latch pin with no clock driven by root clock pin: i_hk/dna_clk_reg/Q (HIGH)


2. checking constant_clock (0)
------------------------------
 There are 0 register/latch pins with constant_clock.


3. checking pulse_width_clock (0)
---------------------------------
 There are 0 register/latch pins which need pulse_width check


4. checking unconstrained_internal_endpoints (19)
-------------------------------------------------
 There are 19 pins that are not constrained for maximum delay. (HIGH)

 There are 0 pins that are not constrained for maximum delay due to constant clock.


5. checking no_input_delay (17)
-------------------------------
 There are 17 input ports with no input delay specified. (HIGH)

 There are 0 input ports with no input delay but user has a false path constraint.


6. checking no_output_delay (50)
--------------------------------
 There are 49 ports with no output delay specified. (HIGH)

 There are 0 ports with no output delay but user has a false path constraint

 There is 1 port with no output delay but with a timing clock defined on it or propagating through it (LOW)


7. checking multiple_clock (0)
------------------------------
 There are 0 register/latch pins with multiple clocks.


8. checking generated_clocks (0)
--------------------------------
 There are 0 generated clocks that are not connected to a clock source.


9. checking loops (0)
---------------------
 There are 0 combinational loops in the design.


10. checking partial_input_delay (0)
------------------------------------
 There are 0 input ports with partial input delay specified.


11. checking partial_output_delay (0)
-------------------------------------
 There are 0 ports with partial output delay specified.


12. checking latch_loops (0)
----------------------------
 There are 0 combinational latch loops in the design through latch input



------------------------------------------------------------------------------------------------
| Design Timing Summary
| ---------------------
------------------------------------------------------------------------------------------------

    WNS(ns)      TNS(ns)  TNS Failing Endpoints  TNS Total Endpoints      WHS(ns)      THS(ns)  THS Failing Endpoints  THS Total Endpoints     WPWS(ns)     TPWS(ns)  TPWS Failing Endpoints  TPWS Total Endpoints  
    -------      -------  ---------------------  -------------------      -------      -------  ---------------------  -------------------     --------     --------  ----------------------  --------------------  
     -0.027       -0.372                     22                22571        0.024        0.000                      0                22438        1.000        0.000                       0                  8338  


Timing constraints are not met.


------------------------------------------------------------------------------------------------
| Clock Summary
| -------------
------------------------------------------------------------------------------------------------

Clock             Waveform(ns)         Period(ns)      Frequency(MHz)
-----             ------------         ----------      --------------
adc_clk           {0.000 4.000}        8.000           125.000         
  clk_fb          {0.000 4.000}        8.000           125.000         
  pll_adc_clk     {0.000 4.000}        8.000           125.000         
  pll_dac_clk_1x  {0.000 4.000}        8.000           125.000         
  pll_dac_clk_2p  {-0.500 1.500}       4.000           250.000         
  pll_dac_clk_2x  {0.000 2.000}        4.000           250.000         
  pll_ser_clk     {0.000 2.000}        4.000           250.000         
clk_fpga_0        {0.000 4.000}        8.000           125.000         
clk_fpga_1        {0.000 2.000}        4.000           250.000         
clk_fpga_2        {0.000 10.000}       20.000          50.000          
clk_fpga_3        {0.000 2.500}        5.000           200.000         
dac_clk_o         {0.000 4.000}        8.000           125.000         
rx_clk            {0.000 2.000}        4.000           250.000         
  par_clk         {0.000 4.000}        8.000           125.000         


------------------------------------------------------------------------------------------------
| Intra Clock Table
| -----------------
------------------------------------------------------------------------------------------------

Clock                 WNS(ns)      TNS(ns)  TNS Failing Endpoints  TNS Total Endpoints      WHS(ns)      THS(ns)  THS Failing Endpoints  THS Total Endpoints     WPWS(ns)     TPWS(ns)  TPWS Failing Endpoints  TPWS Total Endpoints  
-----                 -------      -------  ---------------------  -------------------      -------      -------  ---------------------  -------------------     --------     --------  ----------------------  --------------------  
adc_clk                                                                                                                                                             2.000        0.000                       0                     1  
  clk_fb                                                                                                                                                            6.751        0.000                       0                     2  
  pll_adc_clk          -0.027       -0.345                     17                19230        0.024        0.000                      0                19230        2.750        0.000                       0                  6729  
  pll_dac_clk_1x        0.602        0.000                      0                   45        0.290        0.000                      0                   45        3.500        0.000                       0                    47  
  pll_dac_clk_2p                                                                                                                                                    1.845        0.000                       0                     3  
  pll_dac_clk_2x        0.404        0.000                      0                  106        0.201        0.000                      0                  106        1.500        0.000                       0                    41  
  pll_ser_clk                                                                                                                                                       1.845        0.000                       0                     4  
clk_fpga_0              2.320        0.000                      0                  434        0.152        0.000                      0                  434        3.500        0.000                       0                   236  
clk_fpga_3             -0.005       -0.027                      5                 2113        0.086        0.000                      0                 2113        1.000        0.000                       0                   987  
rx_clk                                                                                                                                                              2.333        0.000                       0                     4  
  par_clk               2.762        0.000                      0                  481        0.103        0.000                      0                  481        3.020        0.000                       0                   284  


------------------------------------------------------------------------------------------------
| Inter Clock Table
| -----------------
------------------------------------------------------------------------------------------------

From Clock      To Clock            WNS(ns)      TNS(ns)  TNS Failing Endpoints  TNS Total Endpoints      WHS(ns)      THS(ns)  THS Failing Endpoints  THS Total Endpoints  
----------      --------            -------      -------  ---------------------  -------------------      -------      -------  ---------------------  -------------------  
clk_fpga_0      pll_adc_clk           2.837        0.000                      0                  125                                                                        
pll_adc_clk     pll_dac_clk_1x        3.904        0.000                      0                   29        0.181        0.000                      0                   29  
pll_adc_clk     clk_fpga_0            0.917        0.000                      0                   40        0.941        0.000                      0                   32  


------------------------------------------------------------------------------------------------
| Other Path Groups Table
| -----------------------
------------------------------------------------------------------------------------------------

Path Group    From Clock    To Clock          WNS(ns)      TNS(ns)  TNS Failing Endpoints  TNS Total Endpoints      WHS(ns)      THS(ns)  THS Failing Endpoints  THS Total Endpoints  
----------    ----------    --------          -------      -------  ---------------------  -------------------      -------      -------  ---------------------  -------------------  


------------------------------------------------------------------------------------------------
| Timing Details
| --------------
------------------------------------------------------------------------------------------------


---------------------------------------------------------------------------------------------------
From Clock:  adc_clk
  To Clock:  adc_clk

Setup :           NA  Failing Endpoints,  Worst Slack           NA  ,  Total Violation           NA
Hold  :           NA  Failing Endpoints,  Worst Slack           NA  ,  Total Violation           NA
PW    :            0  Failing Endpoints,  Worst Slack        2.000ns,  Total Violation        0.000ns
---------------------------------------------------------------------------------------------------


Pulse Width Checks
--------------------------------------------------------------------------------------
Clock Name:         adc_clk
Waveform(ns):       { 0.000 4.000 }
Period(ns):         8.000
Sources:            { adc_clk_i[1] }

Check Type        Corner  Lib Pin           Reference Pin  Required(ns)  Actual(ns)  Slack(ns)  Location        Pin
Min Period        n/a     PLLE2_ADV/CLKIN1  n/a            1.249         8.000       6.751      PLLE2_ADV_X0Y0  pll/pll/CLKIN1
Max Period        n/a     PLLE2_ADV/CLKIN1  n/a            52.633        8.000       44.633     PLLE2_ADV_X0Y0  pll/pll/CLKIN1
Low Pulse Width   Fast    PLLE2_ADV/CLKIN1  n/a            2.000         4.000       2.000      PLLE2_ADV_X0Y0  pll/pll/CLKIN1
High Pulse Width  Slow    PLLE2_ADV/CLKIN1  n/a            2.000         4.000       2.000      PLLE2_ADV_X0Y0  pll/pll/CLKIN1



---------------------------------------------------------------------------------------------------
From Clock:  clk_fb
  To Clock:  clk_fb

Setup :           NA  Failing Endpoints,  Worst Slack           NA  ,  Total Violation           NA
Hold  :           NA  Failing Endpoints,  Worst Slack           NA  ,  Total Violation           NA
PW    :            0  Failing Endpoints,  Worst Slack        6.751ns,  Total Violation        0.000ns
---------------------------------------------------------------------------------------------------


Pulse Width Checks
--------------------------------------------------------------------------------------
Clock Name:         clk_fb
Waveform(ns):       { 0.000 4.000 }
Period(ns):         8.000
Sources:            { pll/pll/CLKFBOUT }

Check Type  Corner  Lib Pin             Reference Pin  Required(ns)  Actual(ns)  Slack(ns)  Location        Pin
Min Period  n/a     PLLE2_ADV/CLKFBOUT  n/a            1.249         8.000       6.751      PLLE2_ADV_X0Y0  pll/pll/CLKFBOUT
Max Period  n/a     PLLE2_ADV/CLKFBIN   n/a            52.633        8.000       44.633     PLLE2_ADV_X0Y0  pll/pll/CLKFBIN



---------------------------------------------------------------------------------------------------
From Clock:  pll_adc_clk
  To Clock:  pll_adc_clk

Setup :           17  Failing Endpoints,  Worst Slack       -0.027ns,  Total Violation       -0.345ns
Hold  :            0  Failing Endpoints,  Worst Slack        0.024ns,  Total Violation        0.000ns
PW    :            0  Failing Endpoints,  Worst Slack        2.750ns,  Total Violation        0.000ns
---------------------------------------------------------------------------------------------------


Max Delay Paths
--------------------------------------------------------------------------------------
Slack (VIOLATED) :        -0.027ns  (required time - arrival time)
  Source:                 i_mca/i_feat/q_tot_reg[14]/C
                            (rising edge-triggered cell FDRE clocked by pll_adc_clk  {rise@0.000ns fall@4.000ns period=8.000ns})
  Destination:            i_mca/i_feat/cnt_rej_amp_o_reg[24]/CE
                            (rising edge-triggered cell FDRE clocked by pll_adc_clk  {rise@0.000ns fall@4.000ns period=8.000ns})
  Path Group:             pll_adc_clk
  Path Type:              Setup (Max at Slow Process Corner)
  Requirement:            8.000ns  (pll_adc_clk rise@8.000ns - pll_adc_clk rise@0.000ns)
  Data Path Delay:        7.627ns  (logic 2.012ns (26.380%)  route 5.615ns (73.620%))
  Logic Levels:           8  (CARRY4=1 LUT2=1 LUT4=3 LUT5=1 LUT6=2)
  Clock Path Skew:        -0.126ns (DCD - SCD + CPR)
    Destination Clock Delay (DCD):    5.390ns = ( 13.390 - 8.000 ) 
    Source Clock Delay      (SCD):    5.974ns
    Clock Pessimism Removal (CPR):    0.458ns
  Clock Uncertainty:      0.069ns  ((TSJ^2 + DJ^2)^1/2) / 2 + PE
    Total System Jitter     (TSJ):    0.071ns
    Discrete Jitter          (DJ):    0.118ns
    Phase Error              (PE):    0.000ns

    Location             Delay type                Incr(ns)  Path(ns)    Netlist Resource(s)
  -------------------------------------------------------------------    -------------------
                         (clock pll_adc_clk rise edge)
                                                      0.000     0.000 r  
    U18                                               0.000     0.000 r  adc_clk_i[1] (IN)
                         net (fo=0)                   0.000     0.000    adc_clk_i[1]
    U18                  IBUFDS (Prop_ibufds_I_O)     0.983     0.983 r  i_clk/O
                         net (fo=1, routed)           1.306     2.289    pll/clk
    PLLE2_ADV_X0Y0       PLLE2_ADV (Prop_plle2_adv_CLKIN1_CLKOUT0)
                                                      0.089     2.378 r  pll/pll/CLKOUT0
                         net (fo=1, routed)           1.754     4.132    pll_adc_clk
    BUFGCTRL_X0Y0        BUFG (Prop_bufg_I_O)         0.101     4.233 r  bufg_adc_clk/O
                         net (fo=6730, routed)        1.741     5.974    i_mca/i_feat/clk_i
    SLICE_X37Y31         FDRE                                         r  i_mca/i_feat/q_tot_reg[14]/C
  -------------------------------------------------------------------    -------------------
    SLICE_X37Y31         FDRE (Prop_fdre_C_Q)         0.419     6.393 r  i_mca/i_feat/q_tot_reg[14]/Q
                         net (fo=8, routed)           0.726     7.119    i_mca/i_feat/q_tot_reg_n_0_[14]
    SLICE_X41Y32         LUT5 (Prop_lut5_I4_O)        0.299     7.418 r  i_mca/i_feat/hold_amp[14]_i_15/O
                         net (fo=4, routed)           0.770     8.189    i_mca/i_feat/hold_amp[14]_i_15_n_0
    SLICE_X37Y34         LUT6 (Prop_lut6_I1_O)        0.124     8.313 r  i_mca/i_feat/hold_amp[12]_i_6/O
                         net (fo=2, routed)           0.640     8.953    i_mca/i_feat/hold_amp[12]_i_6_n_0
    SLICE_X38Y38         LUT4 (Prop_lut4_I2_O)        0.124     9.077 r  i_mca/i_feat/hold_amp[11]_i_3/O
                         net (fo=1, routed)           0.564     9.641    i_mca/i_feat/hold_amp[11]_i_3_n_0
    SLICE_X37Y38         LUT6 (Prop_lut6_I2_O)        0.124     9.765 r  i_mca/i_feat/hold_amp[11]_i_2/O
                         net (fo=5, routed)           0.827    10.591    i_mca/i_feat/amp_sel[11]
    SLICE_X35Y37         LUT4 (Prop_lut4_I0_O)        0.124    10.715 r  i_mca/i_feat/cnt_rej_amp_o[31]_i_13/O
                         net (fo=1, routed)           0.000    10.715    i_mca/i_feat/cnt_rej_amp_o[31]_i_13_n_0
    SLICE_X35Y37         CARRY4 (Prop_carry4_S[1]_CO[3])
                                                      0.550    11.265 f  i_mca/i_feat/cnt_rej_amp_o_reg[31]_i_3/CO[3]
                         net (fo=4, routed)           1.270    12.535    i_mca/i_feat/amp_ok0
    SLICE_X37Y42         LUT4 (Prop_lut4_I0_O)        0.124    12.659 r  i_mca/i_feat/cnt_rej_amp_o[31]_i_1/O
                         net (fo=14, routed)          0.199    12.858    i_mca/i_feat/cnt_rej_amp_o[31]_i_1_n_0
    SLICE_X37Y42         LUT2 (Prop_lut2_I0_O)        0.124    12.982 r  i_mca/i_feat/cnt_rej_amp_o_reg[10]_CE_cooolgate_en_gate_234/O
                         net (fo=19, routed)          0.619    13.601    i_mca/i_feat/cnt_rej_amp_o_reg[10]_CE_cooolgate_en_sig_52
    SLICE_X35Y44         FDRE                                         r  i_mca/i_feat/cnt_rej_amp_o_reg[24]/CE
  -------------------------------------------------------------------    -------------------

                         (clock pll_adc_clk rise edge)
                                                      8.000     8.000 r  
    U18                                               0.000     8.000 r  adc_clk_i[1] (IN)
                         net (fo=0)                   0.000     8.000    adc_clk_i[1]
    U18                  IBUFDS (Prop_ibufds_I_O)     0.940     8.940 r  i_clk/O
                         net (fo=1, routed)           1.181    10.121    pll/clk
    PLLE2_ADV_X0Y0       PLLE2_ADV (Prop_plle2_adv_CLKIN1_CLKOUT0)
                                                      0.084    10.205 r  pll/pll/CLKOUT0
                         net (fo=1, routed)           1.594    11.799    pll_adc_clk
    BUFGCTRL_X0Y0        BUFG (Prop_bufg_I_O)         0.091    11.890 r  bufg_adc_clk/O
                         net (fo=6730, routed)        1.500    13.390    i_mca/i_feat/clk_i
    SLICE_X35Y44         FDRE                                         r  i_mca/i_feat/cnt_rej_amp_o_reg[24]/C
                         clock pessimism              0.458    13.848    
                         clock uncertainty           -0.069    13.779    
    SLICE_X35Y44         FDRE (Setup_fdre_C_CE)      -0.205    13.574    i_mca/i_feat/cnt_rej_amp_o_reg[24]
  -------------------------------------------------------------------
                         required time                         13.574    
                         arrival time                         -13.601    
  -------------------------------------------------------------------
                         slack                                 -0.027    





Min Delay Paths
--------------------------------------------------------------------------------------
Slack (MET) :             0.024ns  (arrival time - required time)
  Source:                 sys_bus_interconnect/for_bus[0].inst_sys_bus_cdc/reg_we_csff_reg[1]/C
                            (rising edge-triggered cell FDRE clocked by pll_adc_clk  {rise@0.000ns fall@4.000ns period=8.000ns})
  Destination:            sys_bus_interconnect/for_bus[0].inst_sys_bus_cdc/reg_write_reg/D
                            (rising edge-triggered cell FDRE clocked by pll_adc_clk  {rise@0.000ns fall@4.000ns period=8.000ns})
  Path Group:             pll_adc_clk
  Path Type:              Hold (Min at Fast Process Corner)
  Requirement:            0.000ns  (pll_adc_clk rise@0.000ns - pll_adc_clk rise@0.000ns)
  Data Path Delay:        0.383ns  (logic 0.226ns (58.963%)  route 0.157ns (41.037%))
  Logic Levels:           1  (LUT5=1)
  Clock Path Skew:        0.267ns (DCD - SCD - CPR)
    Destination Clock Delay (DCD):    2.375ns
    Source Clock Delay      (SCD):    1.982ns
    Clock Pessimism Removal (CPR):    0.125ns

    Location             Delay type                Incr(ns)  Path(ns)    Netlist Resource(s)
  -------------------------------------------------------------------    -------------------
                         (clock pll_adc_clk rise edge)
                                                      0.000     0.000 r  
    U18                                               0.000     0.000 r  adc_clk_i[1] (IN)
                         net (fo=0)                   0.000     0.000    adc_clk_i[1]
    U18                  IBUFDS (Prop_ibufds_I_O)     0.401     0.401 r  i_clk/O
                         net (fo=1, routed)           0.440     0.842    pll/clk
    PLLE2_ADV_X0Y0       PLLE2_ADV (Prop_plle2_adv_CLKIN1_CLKOUT0)
                                                      0.051     0.893 r  pll/pll/CLKOUT0
                         net (fo=1, routed)           0.497     1.390    pll_adc_clk
    BUFGCTRL_X0Y0        BUFG (Prop_bufg_I_O)         0.026     1.416 r  bufg_adc_clk/O
                         net (fo=6730, routed)        0.567     1.982    sys_bus_interconnect/for_bus[0].inst_sys_bus_cdc/bus_m\\.clk
    SLICE_X11Y48         FDRE                                         r  sys_bus_interconnect/for_bus[0].inst_sys_bus_cdc/reg_we_csff_reg[1]/C
  -------------------------------------------------------------------    -------------------
    SLICE_X11Y48         FDRE (Prop_fdre_C_Q)         0.128     2.110 r  sys_bus_interconnect/for_bus[0].inst_sys_bus_cdc/reg_we_csff_reg[1]/Q
                         net (fo=2, routed)           0.157     2.267    sys_bus_interconnect/for_bus[0].inst_sys_bus_cdc/reg_we_csff[1]
    SLICE_X11Y50         LUT5 (Prop_lut5_I4_O)        0.098     2.365 r  sys_bus_interconnect/for_bus[0].inst_sys_bus_cdc/reg_write_i_2/O
                         net (fo=1, routed)           0.000     2.365    sys_bus_interconnect/for_bus[0].inst_sys_bus_cdc/reg_write_i_2_n_0
    SLICE_X11Y50         FDRE                                         r  sys_bus_interconnect/for_bus[0].inst_sys_bus_cdc/reg_write_reg/D
  -------------------------------------------------------------------    -------------------

                         (clock pll_adc_clk rise edge)
                                                      0.000     0.000 r  
    U18                                               0.000     0.000 r  adc_clk_i[1] (IN)
                         net (fo=0)                   0.000     0.000    adc_clk_i[1]
    U18                  IBUFDS (Prop_ibufds_I_O)     0.433     0.433 r  i_clk/O
                         net (fo=1, routed)           0.481     0.914    pll/clk
    PLLE2_ADV_X0Y0       PLLE2_ADV (Prop_plle2_adv_CLKIN1_CLKOUT0)
                                                      0.054     0.968 r  pll/pll/CLKOUT0
                         net (fo=1, routed)           0.544     1.512    pll_adc_clk
    BUFGCTRL_X0Y0        BUFG (Prop_bufg_I_O)         0.029     1.541 r  bufg_adc_clk/O
                         net (fo=6730, routed)        0.834     2.375    sys_bus_interconnect/for_bus[0].inst_sys_bus_cdc/bus_m\\.clk
    SLICE_X11Y50         FDRE                                         r  sys_bus_interconnect/for_bus[0].inst_sys_bus_cdc/reg_write_reg/C
                         clock pessimism             -0.125     2.250    
    SLICE_X11Y50         FDRE (Hold_fdre_C_D)         0.092     2.342    sys_bus_interconnect/for_bus[0].inst_sys_bus_cdc/reg_write_reg
  -------------------------------------------------------------------
                         required time                         -2.342    
                         arrival time                           2.365    
  -------------------------------------------------------------------
                         slack                                  0.024    





Pulse Width Checks
--------------------------------------------------------------------------------------
Clock Name:         pll_adc_clk
Waveform(ns):       { 0.000 4.000 }
Period(ns):         8.000
Sources:            { pll/pll/CLKOUT0 }

Check Type        Corner  Lib Pin            Reference Pin  Required(ns)  Actual(ns)  Slack(ns)  Location        Pin
Min Period        n/a     DSP48E1/CLK        n/a            3.884         8.000       4.116      DSP48_X1Y9      i_scope/genblk2[0].i_calib_ch/gain_calc_r1__0/CLK
Max Period        n/a     PLLE2_ADV/CLKOUT0  n/a            160.000       8.000       152.000    PLLE2_ADV_X0Y0  pll/pll/CLKOUT0
Low Pulse Width   Slow    RAMD32/CLK         n/a            1.250         4.000       2.750      SLICE_X0Y6      ps/axi_master_0/axi_awfifo_reg_0_15_36_36/RAMA/CLK
High Pulse Width  Slow    RAMD32/CLK         n/a            1.250         4.000       2.750      SLICE_X0Y0      ps/axi_master_0/axi_wfifo_reg_0_15_30_35/RAMA/CLK



---------------------------------------------------------------------------------------------------
From Clock:  pll_dac_clk_1x
  To Clock:  pll_dac_clk_1x

Setup :            0  Failing Endpoints,  Worst Slack        0.602ns,  Total Violation        0.000ns
Hold  :            0  Failing Endpoints,  Worst Slack        0.290ns,  Total Violation        0.000ns
PW    :            0  Failing Endpoints,  Worst Slack        3.500ns,  Total Violation        0.000ns
---------------------------------------------------------------------------------------------------


Max Delay Paths
--------------------------------------------------------------------------------------
Slack (MET) :             0.602ns  (required time - arrival time)
  Source:                 dac_rst_reg/C
                            (rising edge-triggered cell FDRE clocked by pll_dac_clk_1x  {rise@0.000ns fall@4.000ns period=8.000ns})
  Destination:            oddr_dac_dat[7]/R
                            (falling edge-triggered cell ODDR clocked by pll_dac_clk_1x  {rise@0.000ns fall@4.000ns period=8.000ns})
  Path Group:             pll_dac_clk_1x
  Path Type:              Setup (Max at Slow Process Corner)
  Requirement:            4.000ns  (pll_dac_clk_1x fall@4.000ns - pll_dac_clk_1x rise@0.000ns)
  Data Path Delay:        2.444ns  (logic 0.518ns (21.196%)  route 1.926ns (78.804%))
  Logic Levels:           0  
  Clock Path Skew:        -0.088ns (DCD - SCD + CPR)
    Destination Clock Delay (DCD):    5.429ns = ( 9.429 - 4.000 ) 
    Source Clock Delay      (SCD):    5.974ns
    Clock Pessimism Removal (CPR):    0.457ns
  Clock Uncertainty:      0.069ns  ((TSJ^2 + DJ^2)^1/2) / 2 + PE
    Total System Jitter     (TSJ):    0.071ns
    Discrete Jitter          (DJ):    0.118ns
    Phase Error              (PE):    0.000ns

    Location             Delay type                Incr(ns)  Path(ns)    Netlist Resource(s)
  -------------------------------------------------------------------    -------------------
                         (clock pll_dac_clk_1x rise edge)
                                                      0.000     0.000 r  
    U18                                               0.000     0.000 r  adc_clk_i[1] (IN)
                         net (fo=0)                   0.000     0.000    adc_clk_i[1]
    U18                  IBUFDS (Prop_ibufds_I_O)     0.983     0.983 r  i_clk/O
                         net (fo=1, routed)           1.306     2.289    pll/clk
    PLLE2_ADV_X0Y0       PLLE2_ADV (Prop_plle2_adv_CLKIN1_CLKOUT1)
                                                      0.089     2.378 r  pll/pll/CLKOUT1
                         net (fo=1, routed)           1.754     4.132    pll_dac_clk_1x
    BUFGCTRL_X0Y4        BUFG (Prop_bufg_I_O)         0.101     4.233 r  bufg_dac_clk_1x/O
                         net (fo=45, routed)          1.741     5.974    dac_clk_1x
    SLICE_X42Y60         FDRE                                         r  dac_rst_reg/C
  -------------------------------------------------------------------    -------------------
    SLICE_X42Y60         FDRE (Prop_fdre_C_Q)         0.518     6.492 r  dac_rst_reg/Q
                         net (fo=17, routed)          1.926     8.418    dac_rst
    OLOGIC_X0Y65         ODDR                                         r  oddr_dac_dat[7]/R
  -------------------------------------------------------------------    -------------------

                         (clock pll_dac_clk_1x fall edge)
                                                      4.000     4.000 f  
    U18                                               0.000     4.000 f  adc_clk_i[1] (IN)
                         net (fo=0)                   0.000     4.000    adc_clk_i[1]
    U18                  IBUFDS (Prop_ibufds_I_O)     0.940     4.940 f  i_clk/O
                         net (fo=1, routed)           1.181     6.121    pll/clk
    PLLE2_ADV_X0Y0       PLLE2_ADV (Prop_plle2_adv_CLKIN1_CLKOUT1)
                                                      0.084     6.205 f  pll/pll/CLKOUT1
                         net (fo=1, routed)           1.594     7.799    pll_dac_clk_1x
    BUFGCTRL_X0Y4        BUFG (Prop_bufg_I_O)         0.091     7.890 f  bufg_dac_clk_1x/O
                         net (fo=45, routed)          1.539     9.429    dac_clk_1x
    OLOGIC_X0Y65         ODDR                                         f  oddr_dac_dat[7]/C
                         clock pessimism              0.457     9.887    
                         clock uncertainty           -0.069     9.818    
    OLOGIC_X0Y65         ODDR (Setup_oddr_C_R)       -0.798     9.020    oddr_dac_dat[7]
  -------------------------------------------------------------------
                         required time                          9.020    
                         arrival time                          -8.418    
  -------------------------------------------------------------------
                         slack                                  0.602    





Min Delay Paths
--------------------------------------------------------------------------------------
Slack (MET) :             0.290ns  (arrival time - required time)
  Source:                 dac_rst_reg/C
                            (rising edge-triggered cell FDRE clocked by pll_dac_clk_1x  {rise@0.000ns fall@4.000ns period=8.000ns})
  Destination:            oddr_dac_dat[6]/R
                            (rising edge-triggered cell ODDR clocked by pll_dac_clk_1x  {rise@0.000ns fall@4.000ns period=8.000ns})
  Path Group:             pll_dac_clk_1x
  Path Type:              Hold (Min at Fast Process Corner)
  Requirement:            0.000ns  (pll_dac_clk_1x rise@0.000ns - pll_dac_clk_1x rise@0.000ns)
  Data Path Delay:        0.795ns  (logic 0.164ns (20.634%)  route 0.631ns (79.366%))
  Logic Levels:           0  
  Clock Path Skew:        0.029ns (DCD - SCD - CPR)
    Destination Clock Delay (DCD):    2.392ns
    Source Clock Delay      (SCD):    2.003ns
    Clock Pessimism Removal (CPR):    0.360ns

    Location             Delay type                Incr(ns)  Path(ns)    Netlist Resource(s)
  -------------------------------------------------------------------    -------------------
                         (clock pll_dac_clk_1x rise edge)
                                                      0.000     0.000 r  
    U18                                               0.000     0.000 r  adc_clk_i[1] (IN)
                         net (fo=0)                   0.000     0.000    adc_clk_i[1]
    U18                  IBUFDS (Prop_ibufds_I_O)     0.401     0.401 r  i_clk/O
                         net (fo=1, routed)           0.440     0.842    pll/clk
    PLLE2_ADV_X0Y0       PLLE2_ADV (Prop_plle2_adv_CLKIN1_CLKOUT1)
                                                      0.051     0.893 r  pll/pll/CLKOUT1
                         net (fo=1, routed)           0.497     1.390    pll_dac_clk_1x
    BUFGCTRL_X0Y4        BUFG (Prop_bufg_I_O)         0.026     1.416 r  bufg_dac_clk_1x/O
                         net (fo=45, routed)          0.588     2.003    dac_clk_1x
    SLICE_X42Y60         FDRE                                         r  dac_rst_reg/C
  -------------------------------------------------------------------    -------------------
    SLICE_X42Y60         FDRE (Prop_fdre_C_Q)         0.164     2.167 r  dac_rst_reg/Q
                         net (fo=17, routed)          0.631     2.798    dac_rst
    OLOGIC_X0Y66         ODDR                                         r  oddr_dac_dat[6]/R
  -------------------------------------------------------------------    -------------------

                         (clock pll_dac_clk_1x rise edge)
                                                      0.000     0.000 r  
    U18                                               0.000     0.000 r  adc_clk_i[1] (IN)
                         net (fo=0)                   0.000     0.000    adc_clk_i[1]
    U18                  IBUFDS (Prop_ibufds_I_O)     0.433     0.433 r  i_clk/O
                         net (fo=1, routed)           0.481     0.914    pll/clk
    PLLE2_ADV_X0Y0       PLLE2_ADV (Prop_plle2_adv_CLKIN1_CLKOUT1)
                                                      0.054     0.968 r  pll/pll/CLKOUT1
                         net (fo=1, routed)           0.544     1.512    pll_dac_clk_1x
    BUFGCTRL_X0Y4        BUFG (Prop_bufg_I_O)         0.029     1.541 r  bufg_dac_clk_1x/O
                         net (fo=45, routed)          0.851     2.392    dac_clk_1x
    OLOGIC_X0Y66         ODDR                                         r  oddr_dac_dat[6]/C
                         clock pessimism             -0.360     2.032    
    OLOGIC_X0Y66         ODDR (Hold_oddr_C_R)         0.476     2.508    oddr_dac_dat[6]
  -------------------------------------------------------------------
                         required time                         -2.508    
                         arrival time                           2.798    
  -------------------------------------------------------------------
                         slack                                  0.290    





Pulse Width Checks
--------------------------------------------------------------------------------------
Clock Name:         pll_dac_clk_1x
Waveform(ns):       { 0.000 4.000 }
Period(ns):         8.000
Sources:            { pll/pll/CLKOUT1 }

Check Type        Corner  Lib Pin            Reference Pin  Required(ns)  Actual(ns)  Slack(ns)  Location        Pin
Min Period        n/a     BUFG/I             n/a            2.155         8.000       5.845      BUFGCTRL_X0Y4   bufg_dac_clk_1x/I
Max Period        n/a     PLLE2_ADV/CLKOUT1  n/a            160.000       8.000       152.000    PLLE2_ADV_X0Y0  pll/pll/CLKOUT1
Low Pulse Width   Slow    FDSE/C             n/a            0.500         4.000       3.500      SLICE_X43Y54    dac_dat_a_reg[10]/C
High Pulse Width  Slow    FDSE/C             n/a            0.500         4.000       3.500      SLICE_X43Y52    dac_dat_a_reg[0]/C



---------------------------------------------------------------------------------------------------
From Clock:  pll_dac_clk_2p
  To Clock:  pll_dac_clk_2p

Setup :           NA  Failing Endpoints,  Worst Slack           NA  ,  Total Violation           NA
Hold  :           NA  Failing Endpoints,  Worst Slack           NA  ,  Total Violation           NA
PW    :            0  Failing Endpoints,  Worst Slack        1.845ns,  Total Violation        0.000ns
---------------------------------------------------------------------------------------------------


Pulse Width Checks
--------------------------------------------------------------------------------------
Clock Name:         pll_dac_clk_2p
Waveform(ns):       { -0.500 1.500 }
Period(ns):         4.000
Sources:            { pll/pll/CLKOUT3 }

Check Type  Corner  Lib Pin            Reference Pin  Required(ns)  Actual(ns)  Slack(ns)  Location        Pin
Min Period  n/a     BUFG/I             n/a            2.155         4.000       1.845      BUFGCTRL_X0Y7   bufg_dac_clk_2p/I
Max Period  n/a     PLLE2_ADV/CLKOUT3  n/a            160.000       4.000       156.000    PLLE2_ADV_X0Y0  pll/pll/CLKOUT3



---------------------------------------------------------------------------------------------------
From Clock:  pll_dac_clk_2x
  To Clock:  pll_dac_clk_2x

Setup :            0  Failing Endpoints,  Worst Slack        0.404ns,  Total Violation        0.000ns
Hold  :            0  Failing Endpoints,  Worst Slack        0.201ns,  Total Violation        0.000ns
PW    :            0  Failing Endpoints,  Worst Slack        1.500ns,  Total Violation        0.000ns
---------------------------------------------------------------------------------------------------


Max Delay Paths
--------------------------------------------------------------------------------------
Slack (MET) :             0.404ns  (required time - arrival time)
  Source:                 ps/system_i/processing_system7/inst/PS7_i/SAXIHP3ACLK
                            (rising edge-triggered cell PS7 clocked by pll_dac_clk_2x  {rise@0.000ns fall@2.000ns period=4.000ns})
  Destination:            ps/axi_master_3/wdata_in_reg_reg/D
                            (rising edge-triggered cell FDRE clocked by pll_dac_clk_2x  {rise@0.000ns fall@2.000ns period=4.000ns})
  Path Group:             pll_dac_clk_2x
  Path Type:              Setup (Max at Slow Process Corner)
  Requirement:            4.000ns  (pll_dac_clk_2x rise@4.000ns - pll_dac_clk_2x rise@0.000ns)
  Data Path Delay:        3.159ns  (logic 1.568ns (49.638%)  route 1.591ns (50.362%))
  Logic Levels:           2  (LUT4=1 LUT6=1)
  Clock Path Skew:        -0.106ns (DCD - SCD + CPR)
    Destination Clock Delay (DCD):    5.426ns = ( 9.426 - 4.000 ) 
    Source Clock Delay      (SCD):    6.026ns
    Clock Pessimism Removal (CPR):    0.494ns
  Clock Uncertainty:      0.063ns  ((TSJ^2 + DJ^2)^1/2) / 2 + PE
    Total System Jitter     (TSJ):    0.071ns
    Discrete Jitter          (DJ):    0.104ns
    Phase Error              (PE):    0.000ns

    Location             Delay type                Incr(ns)  Path(ns)    Netlist Resource(s)
  -------------------------------------------------------------------    -------------------
                         (clock pll_dac_clk_2x rise edge)
                                                      0.000     0.000 r  
    U18                                               0.000     0.000 r  adc_clk_i[1] (IN)
                         net (fo=0)                   0.000     0.000    adc_clk_i[1]
    U18                  IBUFDS (Prop_ibufds_I_O)     0.983     0.983 r  i_clk/O
                         net (fo=1, routed)           1.306     2.289    pll/clk
    PLLE2_ADV_X0Y0       PLLE2_ADV (Prop_plle2_adv_CLKIN1_CLKOUT2)
                                                      0.089     2.378 r  pll/pll/CLKOUT2
                         net (fo=2, routed)           1.754     4.132    pll_dac_clk_2x
    BUFGCTRL_X0Y5        BUFG (Prop_bufg_I_O)         0.101     4.233 r  bufg_dac_axi_clk/O
                         net (fo=39, routed)          1.793     6.026    ps/system_i/processing_system7/inst/S_AXI_HP3_ACLK
    PS7_X0Y0             PS7                                          r  ps/system_i/processing_system7/inst/PS7_i/SAXIHP3ACLK
  -------------------------------------------------------------------    -------------------
    PS7_X0Y0             PS7 (Prop_ps7_SAXIHP3ACLK_SAXIHP3WREADY)
                                                      1.326     7.352 r  ps/system_i/processing_system7/inst/PS7_i/SAXIHP3WREADY
                         net (fo=3, routed)           0.494     7.845    ps/axi_master_3/axi_wready_i
    SLICE_X3Y28          LUT6 (Prop_lut6_I5_O)        0.124     7.969 r  ps/axi_master_3/axi_wfill_lvl[3]_i_1/O
                         net (fo=6, routed)           0.566     8.535    ps/axi_master_3/axi_wpop
    SLICE_X2Y30          LUT4 (Prop_lut4_I0_O)        0.118     8.653 r  ps/axi_master_3/wdata_in_reg_i_1/O
                         net (fo=1, routed)           0.531     9.185    ps/axi_master_3/wdata_in_reg_i_1_n_0
    SLICE_X1Y30          FDRE                                         r  ps/axi_master_3/wdata_in_reg_reg/D
  -------------------------------------------------------------------    -------------------

                         (clock pll_dac_clk_2x rise edge)
                                                      4.000     4.000 r  
    U18                                               0.000     4.000 r  adc_clk_i[1] (IN)
                         net (fo=0)                   0.000     4.000    adc_clk_i[1]
    U18                  IBUFDS (Prop_ibufds_I_O)     0.940     4.940 r  i_clk/O
                         net (fo=1, routed)           1.181     6.121    pll/clk
    PLLE2_ADV_X0Y0       PLLE2_ADV (Prop_plle2_adv_CLKIN1_CLKOUT2)
                                                      0.084     6.205 r  pll/pll/CLKOUT2
                         net (fo=2, routed)           1.594     7.799    pll_dac_clk_2x
    BUFGCTRL_X0Y5        BUFG (Prop_bufg_I_O)         0.091     7.890 r  bufg_dac_axi_clk/O
                         net (fo=39, routed)          1.536     9.426    ps/axi_master_3/axi_clk_i
    SLICE_X1Y30          FDRE                                         r  ps/axi_master_3/wdata_in_reg_reg/C
                         clock pessimism              0.494     9.920    
                         clock uncertainty           -0.063     9.857    
    SLICE_X1Y30          FDRE (Setup_fdre_C_D)       -0.269     9.588    ps/axi_master_3/wdata_in_reg_reg
  -------------------------------------------------------------------
                         required time                          9.588    
                         arrival time                          -9.185    
  -------------------------------------------------------------------
                         slack                                  0.404    





Min Delay Paths
--------------------------------------------------------------------------------------
Slack (MET) :             0.201ns  (arrival time - required time)
  Source:                 ps/axi_master_3/axi_rfill_lvl_reg[1]/C
                            (rising edge-triggered cell FDRE clocked by pll_dac_clk_2x  {rise@0.000ns fall@2.000ns period=4.000ns})
  Destination:            ps/axi_master_3/axi_rready_o_reg/D
                            (rising edge-triggered cell FDSE clocked by pll_dac_clk_2x  {rise@0.000ns fall@2.000ns period=4.000ns})
  Path Group:             pll_dac_clk_2x
  Path Type:              Hold (Min at Fast Process Corner)
  Requirement:            0.000ns  (pll_dac_clk_2x rise@0.000ns - pll_dac_clk_2x rise@0.000ns)
  Data Path Delay:        0.305ns  (logic 0.209ns (68.447%)  route 0.096ns (31.553%))
  Logic Levels:           1  (LUT3=1)
  Clock Path Skew:        0.013ns (DCD - SCD - CPR)
    Destination Clock Delay (DCD):    2.380ns
    Source Clock Delay      (SCD):    1.988ns
    Clock Pessimism Removal (CPR):    0.379ns

    Location             Delay type                Incr(ns)  Path(ns)    Netlist Resource(s)
  -------------------------------------------------------------------    -------------------
                         (clock pll_dac_clk_2x rise edge)
                                                      0.000     0.000 r  
    U18                                               0.000     0.000 r  adc_clk_i[1] (IN)
                         net (fo=0)                   0.000     0.000    adc_clk_i[1]
    U18                  IBUFDS (Prop_ibufds_I_O)     0.401     0.401 r  i_clk/O
                         net (fo=1, routed)           0.440     0.842    pll/clk
    PLLE2_ADV_X0Y0       PLLE2_ADV (Prop_plle2_adv_CLKIN1_CLKOUT2)
                                                      0.051     0.893 r  pll/pll/CLKOUT2
                         net (fo=2, routed)           0.497     1.390    pll_dac_clk_2x
    BUFGCTRL_X0Y5        BUFG (Prop_bufg_I_O)         0.026     1.416 r  bufg_dac_axi_clk/O
                         net (fo=39, routed)          0.573     1.988    ps/axi_master_3/axi_clk_i
    SLICE_X0Y28          FDRE                                         r  ps/axi_master_3/axi_rfill_lvl_reg[1]/C
  -------------------------------------------------------------------    -------------------
    SLICE_X0Y28          FDRE (Prop_fdre_C_Q)         0.164     2.152 f  ps/axi_master_3/axi_rfill_lvl_reg[1]/Q
                         net (fo=7, routed)           0.096     2.249    ps/axi_master_3/axi_rfill_lvl_reg[1]
    SLICE_X1Y28          LUT3 (Prop_lut3_I1_O)        0.045     2.294 r  ps/axi_master_3/axi_rready_o_i_1/O
                         net (fo=1, routed)           0.000     2.294    ps/axi_master_3/axi_rready_o_i_1_n_0
    SLICE_X1Y28          FDSE                                         r  ps/axi_master_3/axi_rready_o_reg/D
  -------------------------------------------------------------------    -------------------

                         (clock pll_dac_clk_2x rise edge)
                                                      0.000     0.000 r  
    U18                                               0.000     0.000 r  adc_clk_i[1] (IN)
                         net (fo=0)                   0.000     0.000    adc_clk_i[1]
    U18                  IBUFDS (Prop_ibufds_I_O)     0.433     0.433 r  i_clk/O
                         net (fo=1, routed)           0.481     0.914    pll/clk
    PLLE2_ADV_X0Y0       PLLE2_ADV (Prop_plle2_adv_CLKIN1_CLKOUT2)
                                                      0.054     0.968 r  pll/pll/CLKOUT2
                         net (fo=2, routed)           0.544     1.512    pll_dac_clk_2x
    BUFGCTRL_X0Y5        BUFG (Prop_bufg_I_O)         0.029     1.541 r  bufg_dac_axi_clk/O
                         net (fo=39, routed)          0.839     2.380    ps/axi_master_3/axi_clk_i
    SLICE_X1Y28          FDSE                                         r  ps/axi_master_3/axi_rready_o_reg/C
                         clock pessimism             -0.379     2.001    
    SLICE_X1Y28          FDSE (Hold_fdse_C_D)         0.091     2.092    ps/axi_master_3/axi_rready_o_reg
  -------------------------------------------------------------------
                         required time                         -2.092    
                         arrival time                           2.294    
  -------------------------------------------------------------------
                         slack                                  0.201    





Pulse Width Checks
--------------------------------------------------------------------------------------
Clock Name:         pll_dac_clk_2x
Waveform(ns):       { 0.000 2.000 }
Period(ns):         4.000
Sources:            { pll/pll/CLKOUT2 }

Check Type        Corner  Lib Pin            Reference Pin  Required(ns)  Actual(ns)  Slack(ns)  Location        Pin
Min Period        n/a     BUFG/I             n/a            2.155         4.000       1.845      BUFGCTRL_X0Y5   bufg_dac_axi_clk/I
Max Period        n/a     PLLE2_ADV/CLKOUT2  n/a            160.000       4.000       156.000    PLLE2_ADV_X0Y0  pll/pll/CLKOUT2
Low Pulse Width   Slow    FDRE/C             n/a            0.500         2.000       1.500      SLICE_X1Y27     ps/axi_master_2/axi_awfill_lvl_reg[0]/C
High Pulse Width  Slow    FDRE/C             n/a            0.500         2.000       1.500      SLICE_X2Y27     ps/axi_master_2/awdata_in_reg_reg/C



---------------------------------------------------------------------------------------------------
From Clock:  pll_ser_clk
  To Clock:  pll_ser_clk

Setup :           NA  Failing Endpoints,  Worst Slack           NA  ,  Total Violation           NA
Hold  :           NA  Failing Endpoints,  Worst Slack           NA  ,  Total Violation           NA
PW    :            0  Failing Endpoints,  Worst Slack        1.845ns,  Total Violation        0.000ns
---------------------------------------------------------------------------------------------------


Pulse Width Checks
--------------------------------------------------------------------------------------
Clock Name:         pll_ser_clk
Waveform(ns):       { 0.000 2.000 }
Period(ns):         4.000
Sources:            { pll/pll/CLKOUT4 }

Check Type  Corner  Lib Pin            Reference Pin  Required(ns)  Actual(ns)  Slack(ns)  Location        Pin
Min Period  n/a     BUFG/I             n/a            2.155         4.000       1.845      BUFGCTRL_X0Y6   bufg_ser_clk/I
Max Period  n/a     PLLE2_ADV/CLKOUT4  n/a            160.000       4.000       156.000    PLLE2_ADV_X0Y0  pll/pll/CLKOUT4



---------------------------------------------------------------------------------------------------
From Clock:  clk_fpga_0
  To Clock:  clk_fpga_0

Setup :            0  Failing Endpoints,  Worst Slack        2.320ns,  Total Violation        0.000ns
Hold  :            0  Failing Endpoints,  Worst Slack        0.152ns,  Total Violation        0.000ns
PW    :            0  Failing Endpoints,  Worst Slack        3.500ns,  Total Violation        0.000ns
---------------------------------------------------------------------------------------------------


Max Delay Paths
--------------------------------------------------------------------------------------
Slack (MET) :             2.320ns  (required time - arrival time)
  Source:                 ps/system_i/processing_system7/inst/PS7_i/MAXIGP0ACLK
                            (rising edge-triggered cell PS7 clocked by clk_fpga_0  {rise@0.000ns fall@4.000ns period=8.000ns})
  Destination:            ps/system_i/processing_system7/inst/PS7_i/MAXIGP0WREADY
                            (rising edge-triggered cell PS7 clocked by clk_fpga_0  {rise@0.000ns fall@4.000ns period=8.000ns})
  Path Group:             clk_fpga_0
  Path Type:              Setup (Max at Slow Process Corner)
  Requirement:            8.000ns  (clk_fpga_0 rise@8.000ns - clk_fpga_0 rise@0.000ns)
  Data Path Delay:        4.672ns  (logic 1.752ns (37.502%)  route 2.920ns (62.498%))
  Logic Levels:           3  (LUT3=2 LUT4=1)
  Clock Path Skew:        0.000ns (DCD - SCD + CPR)
    Destination Clock Delay (DCD):    2.781ns = ( 10.781 - 8.000 ) 
    Source Clock Delay      (SCD):    3.073ns
    Clock Pessimism Removal (CPR):    0.291ns
  Clock Uncertainty:      0.125ns  ((TSJ^2 + TIJ^2)^1/2 + DJ) / 2 + PE
    Total System Jitter     (TSJ):    0.071ns
    Total Input Jitter      (TIJ):    0.240ns
    Discrete Jitter          (DJ):    0.000ns
    Phase Error              (PE):    0.000ns

    Location             Delay type                Incr(ns)  Path(ns)    Netlist Resource(s)
  -------------------------------------------------------------------    -------------------
                         (clock clk_fpga_0 rise edge)
                                                      0.000     0.000 r  
    PS7_X0Y0             PS7                          0.000     0.000 r  ps/system_i/processing_system7/inst/PS7_i/FCLKCLK[0]
                         net (fo=1, routed)           1.207     1.207    ps/lopt
    BUFGCTRL_X0Y2        BUFG (Prop_bufg_I_O)         0.101     1.308 r  ps/fclk_buf[0]/O
                         net (fo=236, routed)         1.765     3.073    ps/system_i/processing_system7/inst/M_AXI_GP0_ACLK
    PS7_X0Y0             PS7                                          r  ps/system_i/processing_system7/inst/PS7_i/MAXIGP0ACLK
  -------------------------------------------------------------------    -------------------
    PS7_X0Y0             PS7 (Prop_ps7_MAXIGP0ACLK_MAXIGP0AWLEN[3])
                                                      1.380     4.453 r  ps/system_i/processing_system7/inst/PS7_i/MAXIGP0AWLEN[3]
                         net (fo=1, routed)           1.154     5.607    ps/axi_slave_gp0/axi\\.AWLEN[3]
    SLICE_X1Y43          LUT4 (Prop_lut4_I0_O)        0.124     5.731 r  ps/axi_slave_gp0/axi\\.WREADY_INST_0_i_2/O
                         net (fo=2, routed)           0.638     6.369    ps/axi_slave_gp0/wr_errorw03_in
    SLICE_X1Y44          LUT3 (Prop_lut3_I0_O)        0.124     6.493 r  ps/axi_slave_gp0/axi\\.WREADY_INST_0_i_1/O
                         net (fo=7, routed)           0.645     7.138    ps/axi_slave_gp0/wr_errorw
    SLICE_X3Y44          LUT3 (Prop_lut3_I2_O)        0.124     7.262 r  ps/axi_slave_gp0/axi\\.WREADY_INST_0/O
                         net (fo=1, routed)           0.483     7.745    ps/system_i/processing_system7/inst/M_AXI_GP0_WREADY
    PS7_X0Y0             PS7                                          r  ps/system_i/processing_system7/inst/PS7_i/MAXIGP0WREADY
  -------------------------------------------------------------------    -------------------

                         (clock clk_fpga_0 rise edge)
                                                      8.000     8.000 r  
    PS7_X0Y0             PS7                          0.000     8.000 r  ps/system_i/processing_system7/inst/PS7_i/FCLKCLK[0]
                         net (fo=1, routed)           1.101     9.101    ps/lopt
    BUFGCTRL_X0Y2        BUFG (Prop_bufg_I_O)         0.091     9.192 r  ps/fclk_buf[0]/O
                         net (fo=236, routed)         1.589    10.781    ps/system_i/processing_system7/inst/M_AXI_GP0_ACLK
    PS7_X0Y0             PS7                                          r  ps/system_i/processing_system7/inst/PS7_i/MAXIGP0ACLK
                         clock pessimism              0.291    11.073    
                         clock uncertainty           -0.125    10.948    
    PS7_X0Y0             PS7 (Setup_ps7_MAXIGP0ACLK_MAXIGP0WREADY)
                                                     -0.883    10.065    ps/system_i/processing_system7/inst/PS7_i
  -------------------------------------------------------------------
                         required time                         10.065    
                         arrival time                          -7.745    
  -------------------------------------------------------------------
                         slack                                  2.320    





Min Delay Paths
--------------------------------------------------------------------------------------
Slack (MET) :             0.152ns  (arrival time - required time)
  Source:                 fpll_locked_r2_reg/C
                            (rising edge-triggered cell FDRE clocked by clk_fpga_0  {rise@0.000ns fall@4.000ns period=8.000ns})
  Destination:            fpll_locked_r3_reg/D
                            (rising edge-triggered cell FDRE clocked by clk_fpga_0  {rise@0.000ns fall@4.000ns period=8.000ns})
  Path Group:             clk_fpga_0
  Path Type:              Hold (Min at Fast Process Corner)
  Requirement:            0.000ns  (clk_fpga_0 rise@0.000ns - clk_fpga_0 rise@0.000ns)
  Data Path Delay:        0.495ns  (logic 0.141ns (28.509%)  route 0.354ns (71.491%))
  Logic Levels:           0  
  Clock Path Skew:        0.272ns (DCD - SCD - CPR)
    Destination Clock Delay (DCD):    1.232ns
    Source Clock Delay      (SCD):    0.931ns
    Clock Pessimism Removal (CPR):    0.029ns

    Location             Delay type                Incr(ns)  Path(ns)    Netlist Resource(s)
  -------------------------------------------------------------------    -------------------
                         (clock clk_fpga_0 rise edge)
                                                      0.000     0.000 r  
    PS7_X0Y0             PS7                          0.000     0.000 r  ps/system_i/processing_system7/inst/PS7_i/FCLKCLK[0]
                         net (fo=1, routed)           0.315     0.315    ps/lopt
    BUFGCTRL_X0Y2        BUFG (Prop_bufg_I_O)         0.026     0.341 r  ps/fclk_buf[0]/O
                         net (fo=236, routed)         0.590     0.931    fclk[0]
    SLICE_X41Y53         FDRE                                         r  fpll_locked_r2_reg/C
  -------------------------------------------------------------------    -------------------
    SLICE_X41Y53         FDRE (Prop_fdre_C_Q)         0.141     1.072 r  fpll_locked_r2_reg/Q
                         net (fo=2, routed)           0.354     1.425    fpll_locked_r2
    SLICE_X41Y47         FDRE                                         r  fpll_locked_r3_reg/D
  -------------------------------------------------------------------    -------------------

                         (clock clk_fpga_0 rise edge)
                                                      0.000     0.000 r  
    PS7_X0Y0             PS7                          0.000     0.000 r  ps/system_i/processing_system7/inst/PS7_i/FCLKCLK[0]
                         net (fo=1, routed)           0.341     0.341    ps/lopt
    BUFGCTRL_X0Y2        BUFG (Prop_bufg_I_O)         0.029     0.370 r  ps/fclk_buf[0]/O
                         net (fo=236, routed)         0.862     1.232    fclk[0]
    SLICE_X41Y47         FDRE                                         r  fpll_locked_r3_reg/C
                         clock pessimism             -0.029     1.203    
    SLICE_X41Y47         FDRE (Hold_fdre_C_D)         0.070     1.273    fpll_locked_r3_reg
  -------------------------------------------------------------------
                         required time                         -1.273    
                         arrival time                           1.425    
  -------------------------------------------------------------------
                         slack                                  0.152    





Pulse Width Checks
--------------------------------------------------------------------------------------
Clock Name:         clk_fpga_0
Waveform(ns):       { 0.000 4.000 }
Period(ns):         8.000
Sources:            { ps/system_i/processing_system7/inst/PS7_i/FCLKCLK[0] }

Check Type        Corner  Lib Pin  Reference Pin  Required(ns)  Actual(ns)  Slack(ns)  Location       Pin
Min Period        n/a     BUFG/I   n/a            2.155         8.000       5.845      BUFGCTRL_X0Y2  ps/fclk_buf[0]/I
Low Pulse Width   Slow    FDSE/C   n/a            0.500         4.000       3.500      SLICE_X15Y53   i_hk/i_freq_meter/ref_cnt_reg[0]/C
High Pulse Width  Slow    FDRE/C   n/a            0.500         4.000       3.500      SLICE_X7Y46    sys_bus_interconnect/for_bus[0].inst_sys_bus_cdc/ctrl_do_reg/C



---------------------------------------------------------------------------------------------------
From Clock:  clk_fpga_3
  To Clock:  clk_fpga_3

Setup :            5  Failing Endpoints,  Worst Slack       -0.005ns,  Total Violation       -0.027ns
Hold  :            0  Failing Endpoints,  Worst Slack        0.086ns,  Total Violation        0.000ns
PW    :            0  Failing Endpoints,  Worst Slack        1.000ns,  Total Violation        0.000ns
---------------------------------------------------------------------------------------------------


Max Delay Paths
--------------------------------------------------------------------------------------
Slack (VIOLATED) :        -0.005ns  (required time - arrival time)
  Source:                 ps/system_i/axi_protocol_converter_0/inst/gen_axilite.gen_b2s_conv.axilite_b2s/SI_REG/aw.aw_pipe/m_payload_i_reg[5]/C
                            (rising edge-triggered cell FDRE clocked by clk_fpga_3  {rise@0.000ns fall@2.500ns period=5.000ns})
  Destination:            ps/system_i/xadc/inst/AXI_XADC_CORE_I/status_reg_reg[10]/CE
                            (rising edge-triggered cell FDRE clocked by clk_fpga_3  {rise@0.000ns fall@2.500ns period=5.000ns})
  Path Group:             clk_fpga_3
  Path Type:              Setup (Max at Slow Process Corner)
  Requirement:            5.000ns  (clk_fpga_3 rise@5.000ns - clk_fpga_3 rise@0.000ns)
  Data Path Delay:        4.656ns  (logic 1.394ns (29.937%)  route 3.262ns (70.063%))
  Logic Levels:           6  (LUT3=2 LUT4=1 LUT5=1 LUT6=2)
  Clock Path Skew:        -0.061ns (DCD - SCD + CPR)
    Destination Clock Delay (DCD):    2.678ns = ( 7.678 - 5.000 ) 
    Source Clock Delay      (SCD):    2.969ns
    Clock Pessimism Removal (CPR):    0.230ns
  Clock Uncertainty:      0.083ns  ((TSJ^2 + TIJ^2)^1/2 + DJ) / 2 + PE
    Total System Jitter     (TSJ):    0.071ns
    Total Input Jitter      (TIJ):    0.150ns
    Discrete Jitter          (DJ):    0.000ns
    Phase Error              (PE):    0.000ns

    Location             Delay type                Incr(ns)  Path(ns)    Netlist Resource(s)
  -------------------------------------------------------------------    -------------------
                         (clock clk_fpga_3 rise edge)
                                                      0.000     0.000 r  
    PS7_X0Y0             PS7                          0.000     0.000 r  ps/system_i/processing_system7/inst/PS7_i/FCLKCLK[3]
                         net (fo=1, routed)           1.207     1.207    ps/system_i/processing_system7/inst/FCLK_CLK_unbuffered[3]
    BUFGCTRL_X0Y1        BUFG (Prop_bufg_I_O)         0.101     1.308 r  ps/system_i/processing_system7/inst/buffer_fclk_clk_3.FCLK_CLK_3_BUFG/O
                         net (fo=987, routed)         1.661     2.969    ps/system_i/axi_protocol_converter_0/inst/gen_axilite.gen_b2s_conv.axilite_b2s/SI_REG/aw.aw_pipe/ACLK
    SLICE_X8Y67          FDRE                                         r  ps/system_i/axi_protocol_converter_0/inst/gen_axilite.gen_b2s_conv.axilite_b2s/SI_REG/aw.aw_pipe/m_payload_i_reg[5]/C
  -------------------------------------------------------------------    -------------------
    SLICE_X8Y67          FDRE (Prop_fdre_C_Q)         0.478     3.447 f  ps/system_i/axi_protocol_converter_0/inst/gen_axilite.gen_b2s_conv.axilite_b2s/SI_REG/aw.aw_pipe/m_payload_i_reg[5]/Q
                         net (fo=8, routed)           0.661     4.108    ps/system_i/axi_protocol_converter_0/inst/gen_axilite.gen_b2s_conv.axilite_b2s/WR.aw_channel_0/cmd_translator_0/wrap_cmd_0/axaddr[5]
    SLICE_X8Y66          LUT3 (Prop_lut3_I0_O)        0.296     4.404 f  ps/system_i/axi_protocol_converter_0/inst/gen_axilite.gen_b2s_conv.axilite_b2s/WR.aw_channel_0/cmd_translator_0/wrap_cmd_0/cmd_byte_addr[5]_INST_0/O
                         net (fo=1, routed)           0.446     4.850    ps/system_i/xadc/inst/AXI_LITE_IPIF_I/I_SLAVE_ATTACHMENT/lopt_44
    SLICE_X10Y66         LUT5 (Prop_lut5_I0_O)        0.124     4.974 f  ps/system_i/xadc/inst/AXI_LITE_IPIF_I/I_SLAVE_ATTACHMENT/Bus2IP_Addr[5]_INST_0_LOPT_REMAP_1/O
                         net (fo=1, routed)           0.423     5.397    ps/system_i/xadc/inst/AXI_LITE_IPIF_I/I_SLAVE_ATTACHMENT/xlnx_opt_Bus2IP_Addr[5]
    SLICE_X10Y67         LUT3 (Prop_lut3_I2_O)        0.124     5.521 f  ps/system_i/xadc/inst/AXI_LITE_IPIF_I/I_SLAVE_ATTACHMENT/Bus2IP_Addr[5]_INST_0_LOPT_REMAP_2/O
                         net (fo=18, routed)          0.694     6.215    ps/system_i/xadc/inst/AXI_LITE_IPIF_I/I_SLAVE_ATTACHMENT/I_DECODER/MEM_DECODE_GEN[0].GEN_FOR_MULTI_CS.MEM_SELECT_I/A[4]
    SLICE_X11Y67         LUT6 (Prop_lut6_I0_O)        0.124     6.339 r  ps/system_i/xadc/inst/AXI_LITE_IPIF_I/I_SLAVE_ATTACHMENT/I_DECODER/MEM_DECODE_GEN[0].GEN_FOR_MULTI_CS.MEM_SELECT_I/CS_INST_0/O
                         net (fo=8, routed)           0.188     6.528    ps/system_i/xadc/inst/AXI_LITE_IPIF_I/I_SLAVE_ATTACHMENT/I_DECODER/MEM_DECODE_GEN[0].PER_CE_GEN[1].MULTIPLE_CES_THIS_CS_GEN.CE_I/AValid
    SLICE_X11Y67         LUT4 (Prop_lut4_I3_O)        0.124     6.652 r  ps/system_i/xadc/inst/AXI_LITE_IPIF_I/I_SLAVE_ATTACHMENT/I_DECODER/MEM_DECODE_GEN[0].PER_CE_GEN[1].MULTIPLE_CES_THIS_CS_GEN.CE_I/CS_INST_0/O
                         net (fo=4, routed)           0.326     6.978    ps/system_i/xadc/inst/AXI_XADC_CORE_I/pwropt_4
    SLICE_X11Y68         LUT6 (Prop_lut6_I1_O)        0.124     7.102 r  ps/system_i/xadc/inst/AXI_XADC_CORE_I/status_reg_reg[0]_CE_cooolgate_en_gate_315/O
                         net (fo=8, routed)           0.524     7.625    ps/system_i/xadc/inst/AXI_XADC_CORE_I/status_reg_reg[0]_CE_cooolgate_en_sig_61
    SLICE_X13Y69         FDRE                                         r  ps/system_i/xadc/inst/AXI_XADC_CORE_I/status_reg_reg[10]/CE
  -------------------------------------------------------------------    -------------------

                         (clock clk_fpga_3 rise edge)
                                                      5.000     5.000 r  
    PS7_X0Y0             PS7                          0.000     5.000 r  ps/system_i/processing_system7/inst/PS7_i/FCLKCLK[3]
                         net (fo=1, routed)           1.101     6.101    ps/system_i/processing_system7/inst/FCLK_CLK_unbuffered[3]
    BUFGCTRL_X0Y1        BUFG (Prop_bufg_I_O)         0.091     6.192 r  ps/system_i/processing_system7/inst/buffer_fclk_clk_3.FCLK_CLK_3_BUFG/O
                         net (fo=987, routed)         1.486     7.678    ps/system_i/xadc/inst/AXI_XADC_CORE_I/Bus2IP_Clk
    SLICE_X13Y69         FDRE                                         r  ps/system_i/xadc/inst/AXI_XADC_CORE_I/status_reg_reg[10]/C
                         clock pessimism              0.230     7.908    
                         clock uncertainty           -0.083     7.825    
    SLICE_X13Y69         FDRE (Setup_fdre_C_CE)      -0.205     7.620    ps/system_i/xadc/inst/AXI_XADC_CORE_I/status_reg_reg[10]
  -------------------------------------------------------------------
                         required time                          7.620    
                         arrival time                          -7.625    
  -------------------------------------------------------------------
                         slack                                 -0.005    





Min Delay Paths
--------------------------------------------------------------------------------------
Slack (MET) :             0.086ns  (arrival time - required time)
  Source:                 ps/system_i/axi_protocol_converter_0/inst/gen_axilite.gen_b2s_conv.axilite_b2s/RD.r_channel_0/r_arid_r_reg[8]/C
                            (rising edge-triggered cell FDRE clocked by clk_fpga_3  {rise@0.000ns fall@2.500ns period=5.000ns})
  Destination:            ps/system_i/axi_protocol_converter_0/inst/gen_axilite.gen_b2s_conv.axilite_b2s/RD.r_channel_0/transaction_fifo_0/memory_reg[31][9]_srl32/D
                            (rising edge-triggered cell SRLC32E clocked by clk_fpga_3  {rise@0.000ns fall@2.500ns period=5.000ns})
  Path Group:             clk_fpga_3
  Path Type:              Hold (Min at Fast Process Corner)
  Requirement:            0.000ns  (clk_fpga_3 rise@0.000ns - clk_fpga_3 rise@0.000ns)
  Data Path Delay:        0.232ns  (logic 0.128ns (55.169%)  route 0.104ns (44.831%))
  Logic Levels:           0  
  Clock Path Skew:        0.016ns (DCD - SCD - CPR)
    Destination Clock Delay (DCD):    1.223ns
    Source Clock Delay      (SCD):    0.925ns
    Clock Pessimism Removal (CPR):    0.282ns

    Location             Delay type                Incr(ns)  Path(ns)    Netlist Resource(s)
  -------------------------------------------------------------------    -------------------
                         (clock clk_fpga_3 rise edge)
                                                      0.000     0.000 r  
    PS7_X0Y0             PS7                          0.000     0.000 r  ps/system_i/processing_system7/inst/PS7_i/FCLKCLK[3]
                         net (fo=1, routed)           0.315     0.315    ps/system_i/processing_system7/inst/FCLK_CLK_unbuffered[3]
    BUFGCTRL_X0Y1        BUFG (Prop_bufg_I_O)         0.026     0.341 r  ps/system_i/processing_system7/inst/buffer_fclk_clk_3.FCLK_CLK_3_BUFG/O
                         net (fo=987, routed)         0.584     0.925    ps/system_i/axi_protocol_converter_0/inst/gen_axilite.gen_b2s_conv.axilite_b2s/RD.r_channel_0/clk
    SLICE_X3Y51          FDRE                                         r  ps/system_i/axi_protocol_converter_0/inst/gen_axilite.gen_b2s_conv.axilite_b2s/RD.r_channel_0/r_arid_r_reg[8]/C
  -------------------------------------------------------------------    -------------------
    SLICE_X3Y51          FDRE (Prop_fdre_C_Q)         0.128     1.053 r  ps/system_i/axi_protocol_converter_0/inst/gen_axilite.gen_b2s_conv.axilite_b2s/RD.r_channel_0/r_arid_r_reg[8]/Q
                         net (fo=1, routed)           0.104     1.157    ps/system_i/axi_protocol_converter_0/inst/gen_axilite.gen_b2s_conv.axilite_b2s/RD.r_channel_0/transaction_fifo_0/din[9]
    SLICE_X4Y52          SRLC32E                                      r  ps/system_i/axi_protocol_converter_0/inst/gen_axilite.gen_b2s_conv.axilite_b2s/RD.r_channel_0/transaction_fifo_0/memory_reg[31][9]_srl32/D
  -------------------------------------------------------------------    -------------------

                         (clock clk_fpga_3 rise edge)
                                                      0.000     0.000 r  
    PS7_X0Y0             PS7                          0.000     0.000 r  ps/system_i/processing_system7/inst/PS7_i/FCLKCLK[3]
                         net (fo=1, routed)           0.341     0.341    ps/system_i/processing_system7/inst/FCLK_CLK_unbuffered[3]
    BUFGCTRL_X0Y1        BUFG (Prop_bufg_I_O)         0.029     0.370 r  ps/system_i/processing_system7/inst/buffer_fclk_clk_3.FCLK_CLK_3_BUFG/O
                         net (fo=987, routed)         0.853     1.223    ps/system_i/axi_protocol_converter_0/inst/gen_axilite.gen_b2s_conv.axilite_b2s/RD.r_channel_0/transaction_fifo_0/clk
    SLICE_X4Y52          SRLC32E                                      r  ps/system_i/axi_protocol_converter_0/inst/gen_axilite.gen_b2s_conv.axilite_b2s/RD.r_channel_0/transaction_fifo_0/memory_reg[31][9]_srl32/CLK
                         clock pessimism             -0.282     0.941    
    SLICE_X4Y52          SRLC32E (Hold_srlc32e_CLK_D)
                                                      0.130     1.071    ps/system_i/axi_protocol_converter_0/inst/gen_axilite.gen_b2s_conv.axilite_b2s/RD.r_channel_0/transaction_fifo_0/memory_reg[31][9]_srl32
  -------------------------------------------------------------------
                         required time                         -1.071    
                         arrival time                           1.157    
  -------------------------------------------------------------------
                         slack                                  0.086    





Pulse Width Checks
--------------------------------------------------------------------------------------
Clock Name:         clk_fpga_3
Waveform(ns):       { 0.000 2.500 }
Period(ns):         5.000
Sources:            { ps/system_i/processing_system7/inst/PS7_i/FCLKCLK[3] }

Check Type        Corner  Lib Pin      Reference Pin  Required(ns)  Actual(ns)  Slack(ns)  Location     Pin
Min Period        n/a     XADC/DCLK    n/a            4.000         5.000       1.000      XADC_X0Y0    ps/system_i/xadc/inst/AXI_XADC_CORE_I/XADC_INST/DCLK
Low Pulse Width   Slow    SRLC32E/CLK  n/a            0.980         2.500       1.520      SLICE_X4Y52  ps/system_i/axi_protocol_converter_0/inst/gen_axilite.gen_b2s_conv.axilite_b2s/RD.r_channel_0/transaction_fifo_0/memory_reg[31][11]_srl32/CLK
High Pulse Width  Fast    SRL16E/CLK   n/a            0.980         2.500       1.520      SLICE_X4Y61  ps/system_i/axi_protocol_converter_0/inst/gen_axilite.gen_b2s_conv.axilite_b2s/WR.b_channel_0/bid_fifo_0/memory_reg[3][0]_srl4/CLK



---------------------------------------------------------------------------------------------------
From Clock:  rx_clk
  To Clock:  rx_clk

Setup :           NA  Failing Endpoints,  Worst Slack           NA  ,  Total Violation           NA
Hold  :           NA  Failing Endpoints,  Worst Slack           NA  ,  Total Violation           NA
PW    :            0  Failing Endpoints,  Worst Slack        2.333ns,  Total Violation        0.000ns
---------------------------------------------------------------------------------------------------


Pulse Width Checks
--------------------------------------------------------------------------------------
Clock Name:         rx_clk
Waveform(ns):       { 0.000 2.000 }
Period(ns):         4.000
Sources:            { daisy_p_i[1] }

Check Type  Corner  Lib Pin        Reference Pin  Required(ns)  Actual(ns)  Slack(ns)  Location      Pin
Min Period  n/a     ISERDESE2/CLK  n/a            1.667         4.000       2.333      ILOGIC_X0Y38  i_daisy/i_rx/genblk1[0].i_iserdese/CLK



---------------------------------------------------------------------------------------------------
From Clock:  par_clk
  To Clock:  par_clk

Setup :            0  Failing Endpoints,  Worst Slack        2.762ns,  Total Violation        0.000ns
Hold  :            0  Failing Endpoints,  Worst Slack        0.103ns,  Total Violation        0.000ns
PW    :            0  Failing Endpoints,  Worst Slack        3.020ns,  Total Violation        0.000ns
---------------------------------------------------------------------------------------------------


Max Delay Paths
--------------------------------------------------------------------------------------
Slack (MET) :             2.762ns  (required time - arrival time)
  Source:                 i_daisy/i_rx/genblk1[0].par_dat_r_reg[1]/C
                            (rising edge-triggered cell FDRE clocked by par_clk  {rise@0.000ns fall@4.000ns period=8.000ns})
  Destination:            i_daisy/i_rx/genblk1[0].par_dv_reg/CE
                            (rising edge-triggered cell FDRE clocked by par_clk  {rise@0.000ns fall@4.000ns period=8.000ns})
  Path Group:             par_clk
  Path Type:              Setup (Max at Slow Process Corner)
  Requirement:            8.000ns  (par_clk rise@8.000ns - par_clk rise@0.000ns)
  Data Path Delay:        4.969ns  (logic 0.952ns (19.157%)  route 4.017ns (80.843%))
  Logic Levels:           4  (LUT4=3 LUT6=1)
  Clock Path Skew:        -0.064ns (DCD - SCD + CPR)
    Destination Clock Delay (DCD):    4.669ns = ( 12.669 - 8.000 ) 
    Source Clock Delay      (SCD):    5.146ns
    Clock Pessimism Removal (CPR):    0.413ns
  Clock Uncertainty:      0.035ns  ((TSJ^2 + TIJ^2)^1/2 + DJ) / 2 + PE
    Total System Jitter     (TSJ):    0.071ns
    Total Input Jitter      (TIJ):    0.000ns
    Discrete Jitter          (DJ):    0.000ns
    Phase Error              (PE):    0.000ns

    Location             Delay type                Incr(ns)  Path(ns)    Netlist Resource(s)
  -------------------------------------------------------------------    -------------------
                         (clock par_clk rise edge)    0.000     0.000 r  
    N18                                               0.000     0.000 r  daisy_p_i[1] (IN)
                         net (fo=0)                   0.000     0.000    i_daisy/daisy_p_i[1]
    N18                  IBUFDS (Prop_ibufds_I_O)     0.945     0.945 r  i_daisy/i_IBUFGDS_clk/O
                         net (fo=2, routed)           0.510     1.455    i_daisy/i_rx/ser_clk_i
    BUFR_X0Y1            BUFR (Prop_bufr_I_O)         1.032     2.487 r  i_daisy/i_rx/i_BUFR_clk/O
                         net (fo=51, routed)          0.814     3.301    i_daisy/i_rx/par_clk
    BUFGCTRL_X0Y3        BUFG (Prop_bufg_I_O)         0.101     3.402 r  i_daisy/i_rx/i_parclk_buf/O
                         net (fo=233, routed)         1.744     5.146    i_daisy/i_rx/par_clk_o
    SLICE_X41Y50         FDRE                                         r  i_daisy/i_rx/genblk1[0].par_dat_r_reg[1]/C
  -------------------------------------------------------------------    -------------------
    SLICE_X41Y50         FDRE (Prop_fdre_C_Q)         0.456     5.602 r  i_daisy/i_rx/genblk1[0].par_dat_r_reg[1]/Q
                         net (fo=2, routed)           1.111     6.713    i_daisy/i_rx/genblk1[0].par_dat_r[1]
    SLICE_X41Y51         LUT4 (Prop_lut4_I0_O)        0.124     6.837 f  i_daisy/i_rx/genblk1[0].par_ok[0]_i_5/O
                         net (fo=1, routed)           0.968     7.805    i_daisy/i_rx/genblk1[0].par_ok[0]_i_5_n_0
    SLICE_X40Y51         LUT4 (Prop_lut4_I1_O)        0.124     7.929 f  i_daisy/i_rx/genblk1[0].par_ok[0]_i_3/O
                         net (fo=2, routed)           0.423     8.352    i_daisy/i_rx/genblk1[0].par_ok[0]_i_3_n_0
    SLICE_X39Y50         LUT6 (Prop_lut6_I2_O)        0.124     8.476 r  i_daisy/i_rx/genblk1[0].par_ok[0]_i_2/O
                         net (fo=2, routed)           0.446     8.922    i_daisy/i_rx/genblk1[0].par_ok[0]_i_2_n_0
    SLICE_X39Y50         LUT4 (Prop_lut4_I1_O)        0.124     9.046 r  i_daisy/i_rx/genblk1[0].par_dv_reg_CE_cooolgate_en_gate_690/O
                         net (fo=1, routed)           1.070    10.115    i_daisy/i_rx/genblk1[0].par_dv_reg_CE_cooolgate_en_sig_196
    SLICE_X38Y50         FDRE                                         r  i_daisy/i_rx/genblk1[0].par_dv_reg/CE
  -------------------------------------------------------------------    -------------------

                         (clock par_clk rise edge)    8.000     8.000 r  
    N18                                               0.000     8.000 r  daisy_p_i[1] (IN)
                         net (fo=0)                   0.000     8.000    i_daisy/daisy_p_i[1]
    N18                  IBUFDS (Prop_ibufds_I_O)     0.902     8.902 r  i_daisy/i_IBUFGDS_clk/O
                         net (fo=2, routed)           0.459     9.361    i_daisy/i_rx/ser_clk_i
    BUFR_X0Y1            BUFR (Prop_bufr_I_O)         0.919    10.280 r  i_daisy/i_rx/i_BUFR_clk/O
                         net (fo=51, routed)          0.732    11.012    i_daisy/i_rx/par_clk
    BUFGCTRL_X0Y3        BUFG (Prop_bufg_I_O)         0.091    11.103 r  i_daisy/i_rx/i_parclk_buf/O
                         net (fo=233, routed)         1.566    12.669    i_daisy/i_rx/par_clk_o
    SLICE_X38Y50         FDRE                                         r  i_daisy/i_rx/genblk1[0].par_dv_reg/C
                         clock pessimism              0.413    13.082    
                         clock uncertainty           -0.035    13.047    
    SLICE_X38Y50         FDRE (Setup_fdre_C_CE)      -0.169    12.878    i_daisy/i_rx/genblk1[0].par_dv_reg
  -------------------------------------------------------------------
                         required time                         12.878    
                         arrival time                         -10.115    
  -------------------------------------------------------------------
                         slack                                  2.762    





Min Delay Paths
--------------------------------------------------------------------------------------
Slack (MET) :             0.103ns  (arrival time - required time)
  Source:                 i_daisy/i_rx/par_rstn_reg/C
                            (rising edge-triggered cell FDCE clocked by par_clk  {rise@0.000ns fall@4.000ns period=8.000ns})
  Destination:            i_daisy/i_rx/par_rstn_o_reg/D
                            (rising edge-triggered cell FDRE clocked by par_clk  {rise@0.000ns fall@4.000ns period=8.000ns})
  Path Group:             par_clk
  Path Type:              Hold (Min at Slow Process Corner)
  Requirement:            0.000ns  (par_clk rise@0.000ns - par_clk rise@0.000ns)
  Data Path Delay:        2.231ns  (logic 0.367ns (16.449%)  route 1.864ns (83.551%))
  Logic Levels:           0  
  Clock Path Skew:        1.894ns (DCD - SCD - CPR)
    Destination Clock Delay (DCD):    5.144ns
    Source Clock Delay      (SCD):    3.043ns
    Clock Pessimism Removal (CPR):    0.207ns

    Location             Delay type                Incr(ns)  Path(ns)    Netlist Resource(s)
  -------------------------------------------------------------------    -------------------
                         (clock par_clk rise edge)    0.000     0.000 r  
    N18                                               0.000     0.000 r  daisy_p_i[1] (IN)
                         net (fo=0)                   0.000     0.000    i_daisy/daisy_p_i[1]
    N18                  IBUFDS (Prop_ibufds_I_O)     0.902     0.902 r  i_daisy/i_IBUFGDS_clk/O
                         net (fo=2, routed)           0.459     1.361    i_daisy/i_rx/ser_clk_i
    BUFR_X0Y1            BUFR (Prop_bufr_I_O)         0.919     2.280 r  i_daisy/i_rx/i_BUFR_clk/O
                         net (fo=51, routed)          0.763     3.043    i_daisy/i_rx/par_clk
    SLICE_X37Y48         FDCE                                         r  i_daisy/i_rx/par_rstn_reg/C
  -------------------------------------------------------------------    -------------------
    SLICE_X37Y48         FDCE (Prop_fdce_C_Q)         0.367     3.410 r  i_daisy/i_rx/par_rstn_reg/Q
                         net (fo=4, routed)           1.864     5.275    i_daisy/i_rx/par_rstn
    SLICE_X38Y51         FDRE                                         r  i_daisy/i_rx/par_rstn_o_reg/D
  -------------------------------------------------------------------    -------------------

                         (clock par_clk rise edge)    0.000     0.000 r  
    N18                                               0.000     0.000 r  daisy_p_i[1] (IN)
                         net (fo=0)                   0.000     0.000    i_daisy/daisy_p_i[1]
    N18                  IBUFDS (Prop_ibufds_I_O)     0.945     0.945 r  i_daisy/i_IBUFGDS_clk/O
                         net (fo=2, routed)           0.510     1.455    i_daisy/i_rx/ser_clk_i
    BUFR_X0Y1            BUFR (Prop_bufr_I_O)         1.032     2.487 r  i_daisy/i_rx/i_BUFR_clk/O
                         net (fo=51, routed)          0.814     3.301    i_daisy/i_rx/par_clk
    BUFGCTRL_X0Y3        BUFG (Prop_bufg_I_O)         0.101     3.402 r  i_daisy/i_rx/i_parclk_buf/O
                         net (fo=233, routed)         1.742     5.144    i_daisy/i_rx/par_clk_o
    SLICE_X38Y51         FDRE                                         r  i_daisy/i_rx/par_rstn_o_reg/C
                         clock pessimism             -0.207     4.937    
    SLICE_X38Y51         FDRE (Hold_fdre_C_D)         0.234     5.171    i_daisy/i_rx/par_rstn_o_reg
  -------------------------------------------------------------------
                         required time                         -5.171    
                         arrival time                           5.275    
  -------------------------------------------------------------------
                         slack                                  0.103    





Pulse Width Checks
--------------------------------------------------------------------------------------
Clock Name:         par_clk
Waveform(ns):       { 0.000 4.000 }
Period(ns):         8.000
Sources:            { i_daisy/i_rx/i_BUFR_clk/O }

Check Type        Corner  Lib Pin     Reference Pin  Required(ns)  Actual(ns)  Slack(ns)  Location       Pin
Min Period        n/a     BUFG/I      n/a            2.155         8.000       5.845      BUFGCTRL_X0Y3  i_daisy/i_rx/i_parclk_buf/I
Low Pulse Width   Fast    SRL16E/CLK  n/a            0.980         4.000       3.020      SLICE_X42Y49   i_daisy/i_rx/genblk1[0].bitslip_r_reg[1]_srl2/CLK
High Pulse Width  Slow    SRL16E/CLK  n/a            0.980         4.000       3.020      SLICE_X42Y49   i_daisy/i_rx/genblk1[0].bitslip_r_reg[1]_srl2/CLK



---------------------------------------------------------------------------------------------------
From Clock:  clk_fpga_0
  To Clock:  pll_adc_clk

Setup :            0  Failing Endpoints,  Worst Slack        2.837ns,  Total Violation        0.000ns
Hold  :           NA  Failing Endpoints,  Worst Slack           NA  ,  Total Violation           NA
---------------------------------------------------------------------------------------------------


Max Delay Paths
--------------------------------------------------------------------------------------
Slack (MET) :             2.837ns  (required time - arrival time)
  Source:                 ps/axi_slave_gp0/rd_do_reg/C
                            (rising edge-triggered cell FDRE clocked by clk_fpga_0  {rise@0.000ns fall@4.000ns period=8.000ns})
  Destination:            sys_bus_interconnect/for_bus[0].inst_sys_bus_cdc/bus_m\\.addr_reg[4]/D
                            (rising edge-triggered cell FDRE clocked by pll_adc_clk  {rise@0.000ns fall@4.000ns period=8.000ns})
  Path Group:             pll_adc_clk
  Path Type:              Setup (Max at Slow Process Corner)
  Requirement:            8.000ns  (MaxDelay Path 8.000ns)
  Data Path Delay:        4.930ns  (logic 0.668ns (13.550%)  route 4.262ns (86.450%))
  Logic Levels:           1  (LUT3=1)
  Timing Exception:       MaxDelay Path 8.000ns -datapath_only

    Location             Delay type                Incr(ns)  Path(ns)    Netlist Resource(s)
  -------------------------------------------------------------------    -------------------
    SLICE_X0Y44                                       0.000     0.000 r  ps/axi_slave_gp0/rd_do_reg/C
    SLICE_X0Y44          FDRE (Prop_fdre_C_Q)         0.518     0.518 r  ps/axi_slave_gp0/rd_do_reg/Q
                         net (fo=37, routed)          1.244     1.762    ps/axi_slave_gp0/rd_do
    SLICE_X3Y45          LUT3 (Prop_lut3_I2_O)        0.150     1.912 r  ps/axi_slave_gp0/bus\\.addr[4]_INST_0/O
                         net (fo=5, routed)           3.018     4.930    sys_bus_interconnect/for_bus[0].inst_sys_bus_cdc/bus_s\\.addr[4]
    SLICE_X24Y54         FDRE                                         r  sys_bus_interconnect/for_bus[0].inst_sys_bus_cdc/bus_m\\.addr_reg[4]/D
  -------------------------------------------------------------------    -------------------

                         max delay                    8.000     8.000    
    SLICE_X24Y54         FDRE (Setup_fdre_C_D)       -0.233     7.767    sys_bus_interconnect/for_bus[0].inst_sys_bus_cdc/bus_m\\.addr_reg[4]
  -------------------------------------------------------------------
                         required time                          7.767    
                         arrival time                          -4.930    
  -------------------------------------------------------------------
                         slack                                  2.837    





---------------------------------------------------------------------------------------------------
From Clock:  pll_adc_clk
  To Clock:  pll_dac_clk_1x

Setup :            0  Failing Endpoints,  Worst Slack        3.904ns,  Total Violation        0.000ns
Hold  :            0  Failing Endpoints,  Worst Slack        0.181ns,  Total Violation        0.000ns
---------------------------------------------------------------------------------------------------


Max Delay Paths
--------------------------------------------------------------------------------------
Slack (MET) :             3.904ns  (required time - arrival time)
  Source:                 i_hk/digital_loop_reg[1]/C
                            (rising edge-triggered cell FDRE clocked by pll_adc_clk  {rise@0.000ns fall@4.000ns period=8.000ns})
  Destination:            dac_dat_a_reg[5]/S
                            (rising edge-triggered cell FDSE clocked by pll_dac_clk_1x  {rise@0.000ns fall@4.000ns period=8.000ns})
  Path Group:             pll_dac_clk_1x
  Path Type:              Setup (Max at Slow Process Corner)
  Requirement:            8.000ns  (pll_dac_clk_1x rise@8.000ns - pll_adc_clk rise@0.000ns)
  Data Path Delay:        3.211ns  (logic 0.642ns (19.991%)  route 2.569ns (80.009%))
  Logic Levels:           1  (LUT1=1)
  Clock Path Skew:        -0.266ns (DCD - SCD + CPR)
    Destination Clock Delay (DCD):    5.457ns = ( 13.457 - 8.000 ) 
    Source Clock Delay      (SCD):    5.896ns
    Clock Pessimism Removal (CPR):    0.173ns
  Clock Uncertainty:      0.189ns  ((TSJ^2 + DJ^2)^1/2) / 2 + PE
    Total System Jitter     (TSJ):    0.071ns
    Discrete Jitter          (DJ):    0.118ns
    Phase Error              (PE):    0.120ns

    Location             Delay type                Incr(ns)  Path(ns)    Netlist Resource(s)
  -------------------------------------------------------------------    -------------------
                         (clock pll_adc_clk rise edge)
                                                      0.000     0.000 r  
    U18                                               0.000     0.000 r  adc_clk_i[1] (IN)
                         net (fo=0)                   0.000     0.000    adc_clk_i[1]
    U18                  IBUFDS (Prop_ibufds_I_O)     0.983     0.983 r  i_clk/O
                         net (fo=1, routed)           1.306     2.289    pll/clk
    PLLE2_ADV_X0Y0       PLLE2_ADV (Prop_plle2_adv_CLKIN1_CLKOUT0)
                                                      0.089     2.378 r  pll/pll/CLKOUT0
                         net (fo=1, routed)           1.754     4.132    pll_adc_clk
    BUFGCTRL_X0Y0        BUFG (Prop_bufg_I_O)         0.101     4.233 r  bufg_adc_clk/O
                         net (fo=6730, routed)        1.663     5.896    i_hk/clk_i
    SLICE_X28Y56         FDRE                                         r  i_hk/digital_loop_reg[1]/C
  -------------------------------------------------------------------    -------------------
    SLICE_X28Y56         FDRE (Prop_fdre_C_Q)         0.518     6.414 f  i_hk/digital_loop_reg[1]/Q
                         net (fo=3, routed)           1.265     7.679    digital_loop[1]
    SLICE_X41Y56         LUT1 (Prop_lut1_I0_O)        0.124     7.803 r  dac_dat_a[13]_i_1/O
                         net (fo=28, routed)          1.304     9.108    p_0_out
    SLICE_X43Y51         FDSE                                         r  dac_dat_a_reg[5]/S
  -------------------------------------------------------------------    -------------------

                         (clock pll_dac_clk_1x rise edge)
                                                      8.000     8.000 r  
    U18                                               0.000     8.000 r  adc_clk_i[1] (IN)
                         net (fo=0)                   0.000     8.000    adc_clk_i[1]
    U18                  IBUFDS (Prop_ibufds_I_O)     0.940     8.940 r  i_clk/O
                         net (fo=1, routed)           1.181    10.121    pll/clk
    PLLE2_ADV_X0Y0       PLLE2_ADV (Prop_plle2_adv_CLKIN1_CLKOUT1)
                                                      0.084    10.205 r  pll/pll/CLKOUT1
                         net (fo=1, routed)           1.594    11.799    pll_dac_clk_1x
    BUFGCTRL_X0Y4        BUFG (Prop_bufg_I_O)         0.091    11.890 r  bufg_dac_clk_1x/O
                         net (fo=45, routed)          1.567    13.457    dac_clk_1x
    SLICE_X43Y51         FDSE                                         r  dac_dat_a_reg[5]/C
                         clock pessimism              0.173    13.630    
                         clock uncertainty           -0.189    13.441    
    SLICE_X43Y51         FDSE (Setup_fdse_C_S)       -0.429    13.012    dac_dat_a_reg[5]
  -------------------------------------------------------------------
                         required time                         13.012    
                         arrival time                          -9.108    
  -------------------------------------------------------------------
                         slack                                  3.904    





Min Delay Paths
--------------------------------------------------------------------------------------
Slack (MET) :             0.181ns  (arrival time - required time)
  Source:                 rst_cnt_reg[6]/C
                            (rising edge-triggered cell FDRE clocked by pll_adc_clk  {rise@0.000ns fall@4.000ns period=8.000ns})
  Destination:            dac_rst_reg/D
                            (rising edge-triggered cell FDRE clocked by pll_dac_clk_1x  {rise@0.000ns fall@4.000ns period=8.000ns})
  Path Group:             pll_dac_clk_1x
  Path Type:              Hold (Min at Fast Process Corner)
  Requirement:            0.000ns  (pll_dac_clk_1x rise@0.000ns - pll_adc_clk rise@0.000ns)
  Data Path Delay:        0.812ns  (logic 0.209ns (25.737%)  route 0.603ns (74.263%))
  Logic Levels:           1  (LUT3=1)
  Clock Path Skew:        0.322ns (DCD - SCD - CPR)
    Destination Clock Delay (DCD):    2.399ns
    Source Clock Delay      (SCD):    2.001ns
    Clock Pessimism Removal (CPR):    0.075ns
  Clock Uncertainty:      0.189ns  ((TSJ^2 + DJ^2)^1/2) / 2 + PE
    Total System Jitter     (TSJ):    0.071ns
    Discrete Jitter          (DJ):    0.118ns
    Phase Error              (PE):    0.120ns

    Location             Delay type                Incr(ns)  Path(ns)    Netlist Resource(s)
  -------------------------------------------------------------------    -------------------
                         (clock pll_adc_clk rise edge)
                                                      0.000     0.000 r  
    U18                                               0.000     0.000 r  adc_clk_i[1] (IN)
                         net (fo=0)                   0.000     0.000    adc_clk_i[1]
    U18                  IBUFDS (Prop_ibufds_I_O)     0.401     0.401 r  i_clk/O
                         net (fo=1, routed)           0.440     0.842    pll/clk
    PLLE2_ADV_X0Y0       PLLE2_ADV (Prop_plle2_adv_CLKIN1_CLKOUT0)
                                                      0.051     0.893 r  pll/pll/CLKOUT0
                         net (fo=1, routed)           0.497     1.390    pll_adc_clk
    BUFGCTRL_X0Y0        BUFG (Prop_bufg_I_O)         0.026     1.416 r  bufg_adc_clk/O
                         net (fo=6730, routed)        0.586     2.001    adc_clk
    SLICE_X42Y63         FDRE                                         r  rst_cnt_reg[6]/C
  -------------------------------------------------------------------    -------------------
    SLICE_X42Y63         FDRE (Prop_fdre_C_Q)         0.164     2.165 r  rst_cnt_reg[6]/Q
                         net (fo=3, routed)           0.603     2.768    rst_cnt[6]
    SLICE_X42Y60         LUT3 (Prop_lut3_I1_O)        0.045     2.813 r  dac_rst_i_1/O
                         net (fo=1, routed)           0.000     2.813    dac_rst_reg0
    SLICE_X42Y60         FDRE                                         r  dac_rst_reg/D
  -------------------------------------------------------------------    -------------------

                         (clock pll_dac_clk_1x rise edge)
                                                      0.000     0.000 r  
    U18                                               0.000     0.000 r  adc_clk_i[1] (IN)
                         net (fo=0)                   0.000     0.000    adc_clk_i[1]
    U18                  IBUFDS (Prop_ibufds_I_O)     0.433     0.433 r  i_clk/O
                         net (fo=1, routed)           0.481     0.914    pll/clk
    PLLE2_ADV_X0Y0       PLLE2_ADV (Prop_plle2_adv_CLKIN1_CLKOUT1)
                                                      0.054     0.968 r  pll/pll/CLKOUT1
                         net (fo=1, routed)           0.544     1.512    pll_dac_clk_1x
    BUFGCTRL_X0Y4        BUFG (Prop_bufg_I_O)         0.029     1.541 r  bufg_dac_clk_1x/O
                         net (fo=45, routed)          0.858     2.399    dac_clk_1x
    SLICE_X42Y60         FDRE                                         r  dac_rst_reg/C
                         clock pessimism             -0.075     2.324    
                         clock uncertainty            0.189     2.513    
    SLICE_X42Y60         FDRE (Hold_fdre_C_D)         0.120     2.633    dac_rst_reg
  -------------------------------------------------------------------
                         required time                         -2.633    
                         arrival time                           2.813    
  -------------------------------------------------------------------
                         slack                                  0.181    





---------------------------------------------------------------------------------------------------
From Clock:  pll_adc_clk
  To Clock:  clk_fpga_0

Setup :            0  Failing Endpoints,  Worst Slack        0.917ns,  Total Violation        0.000ns
Hold  :            0  Failing Endpoints,  Worst Slack        0.941ns,  Total Violation        0.000ns
---------------------------------------------------------------------------------------------------


Max Delay Paths
--------------------------------------------------------------------------------------
Slack (MET) :             0.917ns  (required time - arrival time)
  Source:                 i_daisy/sys_rdata_o_reg[17]/C
                            (rising edge-triggered cell FDRE clocked by pll_adc_clk  {rise@0.000ns fall@4.000ns period=8.000ns})
  Destination:            ps/axi_slave_gp0/axi\\.RDATA_reg[17]/D
                            (rising edge-triggered cell FDRE clocked by clk_fpga_0  {rise@0.000ns fall@4.000ns period=8.000ns})
  Path Group:             clk_fpga_0
  Path Type:              Setup (Max at Slow Process Corner)
  Requirement:            8.000ns  (clk_fpga_0 rise@8.000ns - pll_adc_clk rise@0.000ns)
  Data Path Delay:        3.715ns  (logic 1.344ns (36.182%)  route 2.371ns (63.818%))
  Logic Levels:           3  (LUT2=1 LUT5=1 MUXF7=1)
  Clock Path Skew:        -3.197ns (DCD - SCD + CPR)
    Destination Clock Delay (DCD):    2.699ns = ( 10.700 - 8.000 ) 
    Source Clock Delay      (SCD):    5.896ns
    Clock Pessimism Removal (CPR):    0.000ns
  Clock Uncertainty:      0.235ns  ((TSJ^2 + TIJ^2 + DJ^2)^1/2) / 2 + PE
    Total System Jitter     (TSJ):    0.071ns
    Total Input Jitter      (TIJ):    0.240ns
    Discrete Jitter          (DJ):    0.118ns
    Phase Error              (PE):    0.097ns
  Clock Domain Crossing:  Inter clock paths are considered valid unless explicitly excluded by timing constraints such as set_clock_groups or set_false_path.

    Location             Delay type                Incr(ns)  Path(ns)    Netlist Resource(s)
  -------------------------------------------------------------------    -------------------
                         (clock pll_adc_clk rise edge)
                                                      0.000     0.000 r  
    U18                                               0.000     0.000 r  adc_clk_i[1] (IN)
                         net (fo=0)                   0.000     0.000    adc_clk_i[1]
    U18                  IBUFDS (Prop_ibufds_I_O)     0.983     0.983 r  i_clk/O
                         net (fo=1, routed)           1.306     2.289    pll/clk
    PLLE2_ADV_X0Y0       PLLE2_ADV (Prop_plle2_adv_CLKIN1_CLKOUT0)
                                                      0.089     2.378 r  pll/pll/CLKOUT0
                         net (fo=1, routed)           1.754     4.132    pll_adc_clk
    BUFGCTRL_X0Y0        BUFG (Prop_bufg_I_O)         0.101     4.233 r  bufg_adc_clk/O
                         net (fo=6730, routed)        1.663     5.896    i_daisy/par_clk_i
    SLICE_X32Y56         FDRE                                         r  i_daisy/sys_rdata_o_reg[17]/C
  -------------------------------------------------------------------    -------------------
    SLICE_X32Y56         FDRE (Prop_fdre_C_Q)         0.478     6.374 r  i_daisy/sys_rdata_o_reg[17]/Q
                         net (fo=1, routed)           0.987     7.361    sys_bus_interconnect/for_bus[5].inst_sys_bus_cdc/bus_m\\.rdata[17]
    SLICE_X31Y54         LUT2 (Prop_lut2_I1_O)        0.323     7.684 r  sys_bus_interconnect/for_bus[5].inst_sys_bus_cdc/bus_s\\.rdata[17]_INST_0/O
                         net (fo=1, routed)           1.384     9.068    sys_bus_interconnect/p_24_out[17]
    SLICE_X13Y44         LUT5 (Prop_lut5_I2_O)        0.326     9.394 r  sys_bus_interconnect/bus_m\\.rdata[17]_INST_0_i_2/O
                         net (fo=1, routed)           0.000     9.394    sys_bus_interconnect/bus_m\\.rdata[17]_INST_0_i_2_n_0
    SLICE_X13Y44         MUXF7 (Prop_muxf7_I1_O)      0.217     9.611 r  sys_bus_interconnect/bus_m\\.rdata[17]_INST_0/O
                         net (fo=1, routed)           0.000     9.611    ps/axi_slave_gp0/bus\\.rdata[17]
    SLICE_X13Y44         FDRE                                         r  ps/axi_slave_gp0/axi\\.RDATA_reg[17]/D
  -------------------------------------------------------------------    -------------------

                         (clock clk_fpga_0 rise edge)
                                                      8.000     8.000 r  
    PS7_X0Y0             PS7                          0.000     8.000 r  ps/system_i/processing_system7/inst/PS7_i/FCLKCLK[0]
                         net (fo=1, routed)           1.101     9.101    ps/lopt
    BUFGCTRL_X0Y2        BUFG (Prop_bufg_I_O)         0.091     9.192 r  ps/fclk_buf[0]/O
                         net (fo=236, routed)         1.507    10.699    ps/axi_slave_gp0/axi\\.ACLK
    SLICE_X13Y44         FDRE                                         r  ps/axi_slave_gp0/axi\\.RDATA_reg[17]/C
                         clock pessimism              0.000    10.699    
                         clock uncertainty           -0.235    10.464    
    SLICE_X13Y44         FDRE (Setup_fdre_C_D)        0.064    10.528    ps/axi_slave_gp0/axi\\.RDATA_reg[17]
  -------------------------------------------------------------------
                         required time                         10.528    
                         arrival time                          -9.611    
  -------------------------------------------------------------------
                         slack                                  0.917    





Min Delay Paths
--------------------------------------------------------------------------------------
Slack (MET) :             0.941ns  (arrival time - required time)
  Source:                 i_mca/sys_rdata_reg[4]/C
                            (rising edge-triggered cell FDRE clocked by pll_adc_clk  {rise@0.000ns fall@4.000ns period=8.000ns})
  Destination:            ps/axi_slave_gp0/axi\\.RDATA_reg[4]/D
                            (rising edge-triggered cell FDRE clocked by clk_fpga_0  {rise@0.000ns fall@4.000ns period=8.000ns})
  Path Group:             clk_fpga_0
  Path Type:              Hold (Min at Fast Process Corner)
  Requirement:            0.000ns  (clk_fpga_0 rise@0.000ns - pll_adc_clk rise@0.000ns)
  Data Path Delay:        0.506ns  (logic 0.319ns (62.993%)  route 0.187ns (37.007%))
  Logic Levels:           3  (LUT2=1 LUT4=1 MUXF7=1)
  Clock Path Skew:        -0.775ns (DCD - SCD - CPR)
    Destination Clock Delay (DCD):    1.200ns
    Source Clock Delay      (SCD):    1.975ns
    Clock Pessimism Removal (CPR):    -0.000ns
  Clock Uncertainty:      0.235ns  ((TSJ^2 + TIJ^2 + DJ^2)^1/2) / 2 + PE
    Total System Jitter     (TSJ):    0.071ns
    Total Input Jitter      (TIJ):    0.240ns
    Discrete Jitter          (DJ):    0.118ns
    Phase Error              (PE):    0.097ns
  Clock Domain Crossing:  Inter clock paths are considered valid unless explicitly excluded by timing constraints such as set_clock_groups or set_false_path.

    Location             Delay type                Incr(ns)  Path(ns)    Netlist Resource(s)
  -------------------------------------------------------------------    -------------------
                         (clock pll_adc_clk rise edge)
                                                      0.000     0.000 r  
    U18                                               0.000     0.000 r  adc_clk_i[1] (IN)
                         net (fo=0)                   0.000     0.000    adc_clk_i[1]
    U18                  IBUFDS (Prop_ibufds_I_O)     0.401     0.401 r  i_clk/O
                         net (fo=1, routed)           0.440     0.842    pll/clk
    PLLE2_ADV_X0Y0       PLLE2_ADV (Prop_plle2_adv_CLKIN1_CLKOUT0)
                                                      0.051     0.893 r  pll/pll/CLKOUT0
                         net (fo=1, routed)           0.497     1.390    pll_adc_clk
    BUFGCTRL_X0Y0        BUFG (Prop_bufg_I_O)         0.026     1.416 r  bufg_adc_clk/O
                         net (fo=6730, routed)        0.560     1.975    i_mca/adc_clk_i
    SLICE_X20Y45         FDRE                                         r  i_mca/sys_rdata_reg[4]/C
  -------------------------------------------------------------------    -------------------
    SLICE_X20Y45         FDRE (Prop_fdre_C_Q)         0.164     2.139 r  i_mca/sys_rdata_reg[4]/Q
                         net (fo=1, routed)           0.136     2.275    sys_bus_interconnect/for_bus[7].inst_sys_bus_cdc/bus_m\\.rdata[4]
    SLICE_X21Y45         LUT2 (Prop_lut2_I1_O)        0.045     2.320 r  sys_bus_interconnect/for_bus[7].inst_sys_bus_cdc/bus_s\\.rdata[4]_INST_0/O
                         net (fo=1, routed)           0.051     2.372    sys_bus_interconnect/bus_int_i\\.rdata[4]
    SLICE_X21Y45         LUT4 (Prop_lut4_I0_O)        0.045     2.417 r  sys_bus_interconnect/bus_m\\.rdata[4]_INST_0_i_2/O
                         net (fo=1, routed)           0.000     2.417    sys_bus_interconnect/bus_m\\.rdata[4]_INST_0_i_2_n_0
    SLICE_X21Y45         MUXF7 (Prop_muxf7_I1_O)      0.065     2.482 r  sys_bus_interconnect/bus_m\\.rdata[4]_INST_0/O
                         net (fo=1, routed)           0.000     2.482    ps/axi_slave_gp0/bus\\.rdata[4]
    SLICE_X21Y45         FDRE                                         r  ps/axi_slave_gp0/axi\\.RDATA_reg[4]/D
  -------------------------------------------------------------------    -------------------

                         (clock clk_fpga_0 rise edge)
                                                      0.000     0.000 r  
    PS7_X0Y0             PS7                          0.000     0.000 r  ps/system_i/processing_system7/inst/PS7_i/FCLKCLK[0]
                         net (fo=1, routed)           0.341     0.341    ps/lopt
    BUFGCTRL_X0Y2        BUFG (Prop_bufg_I_O)         0.029     0.370 r  ps/fclk_buf[0]/O
                         net (fo=236, routed)         0.830     1.200    ps/axi_slave_gp0/axi\\.ACLK
    SLICE_X21Y45         FDRE                                         r  ps/axi_slave_gp0/axi\\.RDATA_reg[4]/C
                         clock pessimism              0.000     1.200    
                         clock uncertainty            0.235     1.435    
    SLICE_X21Y45         FDRE (Hold_fdre_C_D)         0.105     1.540    ps/axi_slave_gp0/axi\\.RDATA_reg[4]
  -------------------------------------------------------------------
                         required time                         -1.540    
                         arrival time                           2.482    
  -------------------------------------------------------------------
                         slack                                  0.941    





