Copyright 1986-2020 Xilinx, Inc. All Rights Reserved.
------------------------------------------------------------------------------------
| Tool Version : Vivado v.2020.1 (lin64) Build 2902540 Wed May 27 19:54:35 MDT 2020
| Date         : Thu Aug 13 18:02:23 2026
| Host         : LoloVictus running 64-bit Ubuntu 20.04.3 LTS
| Command      : report_timing_summary -file out/post_place_timing_summary.rpt
| Design       : mca_red_pitaya_top
| Device       : 7z010-clg400
| Speed File   : -1  PRODUCTION 1.12 2019-11-22
------------------------------------------------------------------------------------

Timing Summary Report

------------------------------------------------------------------------------------------------
| Timer Settings
| --------------
------------------------------------------------------------------------------------------------

  Enable Multi Corner Analysis               :  Yes
  Enable Pessimism Removal                   :  Yes
  Pessimism Removal Resolution               :  Nearest Common Node
  Enable Input Delay Default Clock           :  No
  Enable Preset / Clear Arcs                 :  No
  Disable Flight Delays                      :  No
  Ignore I/O Paths                           :  No
  Timing Early Launch at Borrowing Latches   :  No
  Borrow Time for Max Delay Exceptions       :  Yes
  Merge Timing Exceptions                    :  Yes

  Corner  Analyze    Analyze    
  Name    Max Paths  Min Paths  
  ------  ---------  ---------  
  Slow    Yes        Yes        
  Fast    Yes        Yes        



check_timing report

Table of Contents
-----------------
1. checking no_clock (52)
2. checking constant_clock (0)
3. checking pulse_width_clock (0)
4. checking unconstrained_internal_endpoints (19)
5. checking no_input_delay (17)
6. checking no_output_delay (50)
7. checking multiple_clock (0)
8. checking generated_clocks (0)
9. checking loops (0)
10. checking partial_input_delay (0)
11. checking partial_output_delay (0)
12. checking latch_loops (0)

1. checking no_clock (52)
-------------------------
 There are 17 register/latch pins with no clock driven by root clock pin: i_daisy/genblk4[0].tx_cfg_sel_reg[1]/Q (HIGH)

 There are 17 register/latch pins with no clock driven by root clock pin: i_daisy/genblk4[0].tx_cfg_sel_reg[2]/Q (HIGH)

 There are 17 register/latch pins with no clock driven by root clock pin: i_hk/daisy_mode_o_reg[0]/Q (HIGH)

 There is 1 register/latch pin with no clock driven by root clock pin: i_hk/dna_clk_reg/Q (HIGH)


2. checking constant_clock (0)
------------------------------
 There are 0 register/latch pins with constant_clock.


3. checking pulse_width_clock (0)
---------------------------------
 There are 0 register/latch pins which need pulse_width check


4. checking unconstrained_internal_endpoints (19)
-------------------------------------------------
 There are 19 pins that are not constrained for maximum delay. (HIGH)

 There are 0 pins that are not constrained for maximum delay due to constant clock.


5. checking no_input_delay (17)
-------------------------------
 There are 17 input ports with no input delay specified. (HIGH)

 There are 0 input ports with no input delay but user has a false path constraint.


6. checking no_output_delay (50)
--------------------------------
 There are 49 ports with no output delay specified. (HIGH)

 There are 0 ports with no output delay but user has a false path constraint

 There is 1 port with no output delay but with a timing clock defined on it or propagating through it (LOW)


7. checking multiple_clock (0)
------------------------------
 There are 0 register/latch pins with multiple clocks.


8. checking generated_clocks (0)
--------------------------------
 There are 0 generated clocks that are not connected to a clock source.


9. checking loops (0)
---------------------
 There are 0 combinational loops in the design.


10. checking partial_input_delay (0)
------------------------------------
 There are 0 input ports with partial input delay specified.


11. checking partial_output_delay (0)
-------------------------------------
 There are 0 ports with partial output delay specified.


12. checking latch_loops (0)
----------------------------
 There are 0 combinational latch loops in the design through latch input



------------------------------------------------------------------------------------------------
| Design Timing Summary
| ---------------------
------------------------------------------------------------------------------------------------

    WNS(ns)      TNS(ns)  TNS Failing Endpoints  TNS Total Endpoints      WHS(ns)      THS(ns)  THS Failing Endpoints  THS Total Endpoints     WPWS(ns)     TPWS(ns)  TPWS Failing Endpoints  TPWS Total Endpoints  
    -------      -------  ---------------------  -------------------      -------      -------  ---------------------  -------------------     --------     --------  ----------------------  --------------------  
      0.048        0.000                      0                22578       -0.943      -13.326                     46                22445        1.000        0.000                       0                  8340  


Timing constraints are not met.


------------------------------------------------------------------------------------------------
| Clock Summary
| -------------
------------------------------------------------------------------------------------------------

Clock             Waveform(ns)         Period(ns)      Frequency(MHz)
-----             ------------         ----------      --------------
adc_clk           {0.000 4.000}        8.000           125.000         
  clk_fb          {0.000 4.000}        8.000           125.000         
  pll_adc_clk     {0.000 4.000}        8.000           125.000         
  pll_dac_clk_1x  {0.000 4.000}        8.000           125.000         
  pll_dac_clk_2p  {-0.500 1.500}       4.000           250.000         
  pll_dac_clk_2x  {0.000 2.000}        4.000           250.000         
  pll_ser_clk     {0.000 2.000}        4.000           250.000         
clk_fpga_0        {0.000 4.000}        8.000           125.000         
clk_fpga_1        {0.000 2.000}        4.000           250.000         
clk_fpga_2        {0.000 10.000}       20.000          50.000          
clk_fpga_3        {0.000 2.500}        5.000           200.000         
dac_clk_o         {0.000 4.000}        8.000           125.000         
rx_clk            {0.000 2.000}        4.000           250.000         
  par_clk         {0.000 4.000}        8.000           125.000         


------------------------------------------------------------------------------------------------
| Intra Clock Table
| -----------------
------------------------------------------------------------------------------------------------

Clock                 WNS(ns)      TNS(ns)  TNS Failing Endpoints  TNS Total Endpoints      WHS(ns)      THS(ns)  THS Failing Endpoints  THS Total Endpoints     WPWS(ns)     TPWS(ns)  TPWS Failing Endpoints  TPWS Total Endpoints  
-----                 -------      -------  ---------------------  -------------------      -------      -------  ---------------------  -------------------     --------     --------  ----------------------  --------------------  
adc_clk                                                                                                                                                             2.000        0.000                       0                     1  
  clk_fb                                                                                                                                                            6.751        0.000                       0                     2  
  pll_adc_clk           0.063        0.000                      0                19234       -0.047       -0.347                     13                19234        2.750        0.000                       0                  6731  
  pll_dac_clk_1x        0.729        0.000                      0                   45       -0.260       -0.720                      7                   45        3.500        0.000                       0                    47  
  pll_dac_clk_2p                                                                                                                                                    1.845        0.000                       0                     3  
  pll_dac_clk_2x        0.331        0.000                      0                  106        0.182        0.000                      0                  106        1.500        0.000                       0                    41  
  pll_ser_clk                                                                                                                                                       1.845        0.000                       0                     4  
clk_fpga_0              2.118        0.000                      0                  434        0.060        0.000                      0                  434        3.500        0.000                       0                   236  
clk_fpga_3              0.048        0.000                      0                 2115        0.128        0.000                      0                 2115        1.000        0.000                       0                   987  
rx_clk                                                                                                                                                              2.333        0.000                       0                     4  
  par_clk               3.608        0.000                      0                  482       -0.943      -12.196                     25                  482        3.020        0.000                       0                   284  


------------------------------------------------------------------------------------------------
| Inter Clock Table
| -----------------
------------------------------------------------------------------------------------------------

From Clock      To Clock            WNS(ns)      TNS(ns)  TNS Failing Endpoints  TNS Total Endpoints      WHS(ns)      THS(ns)  THS Failing Endpoints  THS Total Endpoints  
----------      --------            -------      -------  ---------------------  -------------------      -------      -------  ---------------------  -------------------  
clk_fpga_0      pll_adc_clk           3.892        0.000                      0                  125                                                                        
pll_adc_clk     pll_dac_clk_1x        4.442        0.000                      0                   29       -0.064       -0.064                      1                   29  
pll_adc_clk     clk_fpga_0            0.859        0.000                      0                   40        1.278        0.000                      0                   32  


------------------------------------------------------------------------------------------------
| Other Path Groups Table
| -----------------------
------------------------------------------------------------------------------------------------

Path Group    From Clock    To Clock          WNS(ns)      TNS(ns)  TNS Failing Endpoints  TNS Total Endpoints      WHS(ns)      THS(ns)  THS Failing Endpoints  THS Total Endpoints  
----------    ----------    --------          -------      -------  ---------------------  -------------------      -------      -------  ---------------------  -------------------  


------------------------------------------------------------------------------------------------
| Timing Details
| --------------
------------------------------------------------------------------------------------------------


---------------------------------------------------------------------------------------------------
From Clock:  adc_clk
  To Clock:  adc_clk

Setup :           NA  Failing Endpoints,  Worst Slack           NA  ,  Total Violation           NA
Hold  :           NA  Failing Endpoints,  Worst Slack           NA  ,  Total Violation           NA
PW    :            0  Failing Endpoints,  Worst Slack        2.000ns,  Total Violation        0.000ns
---------------------------------------------------------------------------------------------------


Pulse Width Checks
--------------------------------------------------------------------------------------
Clock Name:         adc_clk
Waveform(ns):       { 0.000 4.000 }
Period(ns):         8.000
Sources:            { adc_clk_i[1] }

Check Type        Corner  Lib Pin           Reference Pin  Required(ns)  Actual(ns)  Slack(ns)  Location        Pin
Min Period        n/a     PLLE2_ADV/CLKIN1  n/a            1.249         8.000       6.751      PLLE2_ADV_X0Y0  pll/pll/CLKIN1
Max Period        n/a     PLLE2_ADV/CLKIN1  n/a            52.633        8.000       44.633     PLLE2_ADV_X0Y0  pll/pll/CLKIN1
Low Pulse Width   Slow    PLLE2_ADV/CLKIN1  n/a            2.000         4.000       2.000      PLLE2_ADV_X0Y0  pll/pll/CLKIN1
High Pulse Width  Fast    PLLE2_ADV/CLKIN1  n/a            2.000         4.000       2.000      PLLE2_ADV_X0Y0  pll/pll/CLKIN1



---------------------------------------------------------------------------------------------------
From Clock:  clk_fb
  To Clock:  clk_fb

Setup :           NA  Failing Endpoints,  Worst Slack           NA  ,  Total Violation           NA
Hold  :           NA  Failing Endpoints,  Worst Slack           NA  ,  Total Violation           NA
PW    :            0  Failing Endpoints,  Worst Slack        6.751ns,  Total Violation        0.000ns
---------------------------------------------------------------------------------------------------


Pulse Width Checks
--------------------------------------------------------------------------------------
Clock Name:         clk_fb
Waveform(ns):       { 0.000 4.000 }
Period(ns):         8.000
Sources:            { pll/pll/CLKFBOUT }

Check Type  Corner  Lib Pin             Reference Pin  Required(ns)  Actual(ns)  Slack(ns)  Location        Pin
Min Period  n/a     PLLE2_ADV/CLKFBOUT  n/a            1.249         8.000       6.751      PLLE2_ADV_X0Y0  pll/pll/CLKFBOUT
Max Period  n/a     PLLE2_ADV/CLKFBIN   n/a            52.633        8.000       44.633     PLLE2_ADV_X0Y0  pll/pll/CLKFBIN



---------------------------------------------------------------------------------------------------
From Clock:  pll_adc_clk
  To Clock:  pll_adc_clk

Setup :            0  Failing Endpoints,  Worst Slack        0.063ns,  Total Violation        0.000ns
Hold  :           13  Failing Endpoints,  Worst Slack       -0.047ns,  Total Violation       -0.347ns
PW    :            0  Failing Endpoints,  Worst Slack        2.750ns,  Total Violation        0.000ns
---------------------------------------------------------------------------------------------------


Max Delay Paths
--------------------------------------------------------------------------------------
Slack (MET) :             0.063ns  (required time - arrival time)
  Source:                 i_mca/i_feat/q_tot_reg[19]/C
                            (rising edge-triggered cell FDRE clocked by pll_adc_clk  {rise@0.000ns fall@4.000ns period=8.000ns})
  Destination:            i_mca/i_feat/cnt_rej_amp_o_reg[12]/CE
                            (rising edge-triggered cell FDRE clocked by pll_adc_clk  {rise@0.000ns fall@4.000ns period=8.000ns})
  Path Group:             pll_adc_clk
  Path Type:              Setup (Max at Slow Process Corner)
  Requirement:            8.000ns  (pll_adc_clk rise@8.000ns - pll_adc_clk rise@0.000ns)
  Data Path Delay:        7.501ns  (logic 1.956ns (26.077%)  route 5.545ns (73.923%))
  Logic Levels:           9  (CARRY4=2 LUT2=1 LUT4=3 LUT5=1 LUT6=2)
  Clock Path Skew:        -0.162ns (DCD - SCD + CPR)
    Destination Clock Delay (DCD):    5.601ns = ( 13.601 - 8.000 ) 
    Source Clock Delay      (SCD):    5.974ns
    Clock Pessimism Removal (CPR):    0.211ns
  Clock Uncertainty:      0.069ns  ((TSJ^2 + DJ^2)^1/2) / 2 + PE
    Total System Jitter     (TSJ):    0.071ns
    Discrete Jitter          (DJ):    0.118ns
    Phase Error              (PE):    0.000ns

    Location             Delay type                Incr(ns)  Path(ns)    Netlist Resource(s)
  -------------------------------------------------------------------    -------------------
                         (clock pll_adc_clk rise edge)
                                                      0.000     0.000 r  
    U18                                               0.000     0.000 r  adc_clk_i[1] (IN)
                         net (fo=0)                   0.000     0.000    adc_clk_i[1]
    U18                  IBUFDS (Prop_ibufds_I_O)     0.983     0.983 r  i_clk/O
                         net (fo=1, estimated)        1.306     2.289    pll/clk
    PLLE2_ADV_X0Y0       PLLE2_ADV (Prop_plle2_adv_CLKIN1_CLKOUT0)
                                                      0.089     2.378 r  pll/pll/CLKOUT0
                         net (fo=1, estimated)        1.754     4.132    pll_adc_clk
    BUFGCTRL_X0Y0        BUFG (Prop_bufg_I_O)         0.101     4.233 r  bufg_adc_clk/O
                         net (fo=6732, estimated)     1.741     5.974    i_mca/i_feat/clk_i
    SLICE_X41Y50         FDRE                                         r  i_mca/i_feat/q_tot_reg[19]/C
  -------------------------------------------------------------------    -------------------
    SLICE_X41Y50         FDRE (Prop_fdre_C_Q)         0.419     6.393 r  i_mca/i_feat/q_tot_reg[19]/Q
                         net (fo=11, estimated)       0.843     7.236    i_mca/i_feat/q_tot_reg_n_0_[19]
    SLICE_X43Y50         LUT5 (Prop_lut5_I0_O)        0.296     7.532 r  i_mca/i_feat/hold_amp[10]_i_5/O
                         net (fo=4, estimated)        0.806     8.338    i_mca/i_feat/hold_amp[10]_i_5_n_0
    SLICE_X41Y48         LUT6 (Prop_lut6_I0_O)        0.124     8.462 r  i_mca/i_feat/hold_amp[4]_i_3/O
                         net (fo=2, estimated)        0.799     9.261    i_mca/i_feat/hold_amp[4]_i_3_n_0
    SLICE_X37Y46         LUT4 (Prop_lut4_I0_O)        0.124     9.385 r  i_mca/i_feat/hold_amp[5]_i_3/O
                         net (fo=1, estimated)        0.738    10.123    i_mca/i_feat/hold_amp[5]_i_3_n_0
    SLICE_X35Y46         LUT6 (Prop_lut6_I0_O)        0.124    10.247 r  i_mca/i_feat/hold_amp[5]_i_2/O
                         net (fo=5, estimated)        0.622    10.869    i_mca/i_feat/amp_sel[5]
    SLICE_X34Y48         LUT4 (Prop_lut4_I0_O)        0.124    10.993 r  i_mca/i_feat/cnt_rej_amp_o[31]_i_37/O
                         net (fo=1, routed)           0.000    10.993    i_mca/i_feat/cnt_rej_amp_o[31]_i_37_n_0
    SLICE_X34Y48         CARRY4 (Prop_carry4_S[2]_CO[3])
                                                      0.380    11.373 r  i_mca/i_feat/cnt_rej_amp_o_reg[31]_i_15/CO[3]
                         net (fo=1, estimated)        0.000    11.373    i_mca/i_feat/cnt_rej_amp_o_reg[31]_i_15_n_0
    SLICE_X34Y49         CARRY4 (Prop_carry4_CI_CO[3])
                                                      0.117    11.490 f  i_mca/i_feat/cnt_rej_amp_o_reg[31]_i_5/CO[3]
                         net (fo=3, estimated)        0.774    12.264    i_mca/i_feat/amp_ok021_in
    SLICE_X35Y50         LUT4 (Prop_lut4_I3_O)        0.124    12.388 r  i_mca/i_feat/cnt_rej_amp_o[31]_i_1/O
                         net (fo=14, estimated)       0.207    12.595    i_mca/i_feat/cnt_rej_amp_o[31]_i_1_n_0
    SLICE_X35Y50         LUT2 (Prop_lut2_I0_O)        0.124    12.719 r  i_mca/i_feat/cnt_rej_amp_o_reg[10]_CE_cooolgate_en_gate_234/O
                         net (fo=19, estimated)       0.756    13.475    i_mca/i_feat/cnt_rej_amp_o_reg[10]_CE_cooolgate_en_sig_52
    SLICE_X36Y48         FDRE                                         r  i_mca/i_feat/cnt_rej_amp_o_reg[12]/CE
  -------------------------------------------------------------------    -------------------

                         (clock pll_adc_clk rise edge)
                                                      8.000     8.000 r  
    U18                                               0.000     8.000 r  adc_clk_i[1] (IN)
                         net (fo=0)                   0.000     8.000    adc_clk_i[1]
    U18                  IBUFDS (Prop_ibufds_I_O)     0.940     8.940 r  i_clk/O
                         net (fo=1, estimated)        1.241    10.181    pll/clk
    PLLE2_ADV_X0Y0       PLLE2_ADV (Prop_plle2_adv_CLKIN1_CLKOUT0)
                                                      0.084    10.265 r  pll/pll/CLKOUT0
                         net (fo=1, estimated)        1.666    11.931    pll_adc_clk
    BUFGCTRL_X0Y0        BUFG (Prop_bufg_I_O)         0.091    12.022 r  bufg_adc_clk/O
                         net (fo=6732, estimated)     1.579    13.601    i_mca/i_feat/clk_i
    SLICE_X36Y48         FDRE                                         r  i_mca/i_feat/cnt_rej_amp_o_reg[12]/C
                         clock pessimism              0.211    13.812    
                         clock uncertainty           -0.069    13.743    
    SLICE_X36Y48         FDRE (Setup_fdre_C_CE)      -0.205    13.538    i_mca/i_feat/cnt_rej_amp_o_reg[12]
  -------------------------------------------------------------------
                         required time                         13.538    
                         arrival time                         -13.475    
  -------------------------------------------------------------------
                         slack                                  0.063    





Min Delay Paths
--------------------------------------------------------------------------------------
Slack (VIOLATED) :        -0.047ns  (arrival time - required time)
  Source:                 i_mca/livetime_cnt_reg[39]/C
                            (rising edge-triggered cell FDRE clocked by pll_adc_clk  {rise@0.000ns fall@4.000ns period=8.000ns})
  Destination:            i_mca/lt_hi_shadow_reg[7]/D
                            (rising edge-triggered cell FDRE clocked by pll_adc_clk  {rise@0.000ns fall@4.000ns period=8.000ns})
  Path Group:             pll_adc_clk
  Path Type:              Hold (Min at Fast Process Corner)
  Requirement:            0.000ns  (pll_adc_clk rise@0.000ns - pll_adc_clk rise@0.000ns)
  Data Path Delay:        0.291ns  (logic 0.141ns (48.373%)  route 0.150ns (51.627%))
  Logic Levels:           0  
  Clock Path Skew:        0.266ns (DCD - SCD - CPR)
    Destination Clock Delay (DCD):    2.701ns
    Source Clock Delay      (SCD):    2.324ns
    Clock Pessimism Removal (CPR):    0.110ns

    Location             Delay type                Incr(ns)  Path(ns)    Netlist Resource(s)
  -------------------------------------------------------------------    -------------------
                         (clock pll_adc_clk rise edge)
                                                      0.000     0.000 r  
    U18                                               0.000     0.000 r  adc_clk_i[1] (IN)
                         net (fo=0)                   0.000     0.000    adc_clk_i[1]
    U18                  IBUFDS (Prop_ibufds_I_O)     0.401     0.401 r  i_clk/O
                         net (fo=1, estimated)        0.551     0.952    pll/clk
    PLLE2_ADV_X0Y0       PLLE2_ADV (Prop_plle2_adv_CLKIN1_CLKOUT0)
                                                      0.051     1.003 r  pll/pll/CLKOUT0
                         net (fo=1, estimated)        0.739     1.742    pll_adc_clk
    BUFGCTRL_X0Y0        BUFG (Prop_bufg_I_O)         0.026     1.768 r  bufg_adc_clk/O
                         net (fo=6732, estimated)     0.556     2.324    i_mca/adc_clk_i
    SLICE_X22Y52         FDRE                                         r  i_mca/livetime_cnt_reg[39]/C
  -------------------------------------------------------------------    -------------------
    SLICE_X22Y52         FDRE (Prop_fdre_C_Q)         0.141     2.465 r  i_mca/livetime_cnt_reg[39]/Q
                         net (fo=2, estimated)        0.150     2.616    i_mca/livetime_cnt_reg[39]
    SLICE_X21Y52         FDRE                                         r  i_mca/lt_hi_shadow_reg[7]/D
  -------------------------------------------------------------------    -------------------

                         (clock pll_adc_clk rise edge)
                                                      0.000     0.000 r  
    U18                                               0.000     0.000 r  adc_clk_i[1] (IN)
                         net (fo=0)                   0.000     0.000    adc_clk_i[1]
    U18                  IBUFDS (Prop_ibufds_I_O)     0.433     0.433 r  i_clk/O
                         net (fo=1, estimated)        0.579     1.012    pll/clk
    PLLE2_ADV_X0Y0       PLLE2_ADV (Prop_plle2_adv_CLKIN1_CLKOUT0)
                                                      0.054     1.066 r  pll/pll/CLKOUT0
                         net (fo=1, estimated)        0.778     1.845    pll_adc_clk
    BUFGCTRL_X0Y0        BUFG (Prop_bufg_I_O)         0.029     1.874 r  bufg_adc_clk/O
                         net (fo=6732, estimated)     0.827     2.701    i_mca/adc_clk_i
    SLICE_X21Y52         FDRE                                         r  i_mca/lt_hi_shadow_reg[7]/C
                         clock pessimism             -0.110     2.590    
    SLICE_X21Y52         FDRE (Hold_fdre_C_D)         0.072     2.662    i_mca/lt_hi_shadow_reg[7]
  -------------------------------------------------------------------
                         required time                         -2.662    
                         arrival time                           2.616    
  -------------------------------------------------------------------
                         slack                                 -0.047    





Pulse Width Checks
--------------------------------------------------------------------------------------
Clock Name:         pll_adc_clk
Waveform(ns):       { 0.000 4.000 }
Period(ns):         8.000
Sources:            { pll/pll/CLKOUT0 }

Check Type        Corner  Lib Pin            Reference Pin  Required(ns)  Actual(ns)  Slack(ns)  Location        Pin
Min Period        n/a     DSP48E1/CLK        n/a            3.884         8.000       4.116      DSP48_X1Y11     i_scope/genblk2[0].i_calib_ch/gain_calc_r1__0/CLK
Max Period        n/a     PLLE2_ADV/CLKOUT0  n/a            160.000       8.000       152.000    PLLE2_ADV_X0Y0  pll/pll/CLKOUT0
Low Pulse Width   Slow    RAMD32/CLK         n/a            1.250         4.000       2.750      SLICE_X4Y6      ps/axi_master_0/axi_awfifo_reg_0_15_6_11/RAMA/CLK
High Pulse Width  Slow    RAMD32/CLK         n/a            1.250         4.000       2.750      SLICE_X0Y9      ps/axi_master_0/axi_awfifo_reg_0_15_12_17/RAMA/CLK



---------------------------------------------------------------------------------------------------
From Clock:  pll_dac_clk_1x
  To Clock:  pll_dac_clk_1x

Setup :            0  Failing Endpoints,  Worst Slack        0.729ns,  Total Violation        0.000ns
Hold  :            7  Failing Endpoints,  Worst Slack       -0.260ns,  Total Violation       -0.720ns
PW    :            0  Failing Endpoints,  Worst Slack        3.500ns,  Total Violation        0.000ns
---------------------------------------------------------------------------------------------------


Max Delay Paths
--------------------------------------------------------------------------------------
Slack (MET) :             0.729ns  (required time - arrival time)
  Source:                 dac_dat_a_reg[13]/C
                            (rising edge-triggered cell FDRE clocked by pll_dac_clk_1x  {rise@0.000ns fall@4.000ns period=8.000ns})
  Destination:            oddr_dac_dat[13]/D2
                            (falling edge-triggered cell ODDR clocked by pll_dac_clk_1x  {rise@0.000ns fall@4.000ns period=8.000ns})
  Path Group:             pll_dac_clk_1x
  Path Type:              Setup (Max at Slow Process Corner)
  Requirement:            4.000ns  (pll_dac_clk_1x fall@4.000ns - pll_dac_clk_1x rise@0.000ns)
  Data Path Delay:        2.559ns  (logic 0.518ns (20.242%)  route 2.041ns (79.758%))
  Logic Levels:           0  
  Clock Path Skew:        0.191ns (DCD - SCD + CPR)
    Destination Clock Delay (DCD):    5.970ns = ( 9.970 - 4.000 ) 
    Source Clock Delay      (SCD):    5.990ns
    Clock Pessimism Removal (CPR):    0.211ns
  Clock Uncertainty:      0.069ns  ((TSJ^2 + DJ^2)^1/2) / 2 + PE
    Total System Jitter     (TSJ):    0.071ns
    Discrete Jitter          (DJ):    0.118ns
    Phase Error              (PE):    0.000ns

    Location             Delay type                Incr(ns)  Path(ns)    Netlist Resource(s)
  -------------------------------------------------------------------    -------------------
                         (clock pll_dac_clk_1x rise edge)
                                                      0.000     0.000 r  
    U18                                               0.000     0.000 r  adc_clk_i[1] (IN)
                         net (fo=0)                   0.000     0.000    adc_clk_i[1]
    U18                  IBUFDS (Prop_ibufds_I_O)     0.983     0.983 r  i_clk/O
                         net (fo=1, estimated)        1.306     2.289    pll/clk
    PLLE2_ADV_X0Y0       PLLE2_ADV (Prop_plle2_adv_CLKIN1_CLKOUT1)
                                                      0.089     2.378 r  pll/pll/CLKOUT1
                         net (fo=1, estimated)        1.754     4.132    pll_dac_clk_1x
    BUFGCTRL_X0Y4        BUFG (Prop_bufg_I_O)         0.101     4.233 r  bufg_dac_clk_1x/O
                         net (fo=45, estimated)       1.757     5.990    dac_clk_1x
    SLICE_X42Y43         FDRE                                         r  dac_dat_a_reg[13]/C
  -------------------------------------------------------------------    -------------------
    SLICE_X42Y43         FDRE (Prop_fdre_C_Q)         0.518     6.508 r  dac_dat_a_reg[13]/Q
                         net (fo=1, estimated)        2.041     8.549    dac_dat_a[13]
    OLOGIC_X0Y92         ODDR                                         r  oddr_dac_dat[13]/D2
  -------------------------------------------------------------------    -------------------

                         (clock pll_dac_clk_1x fall edge)
                                                      4.000     4.000 f  
    U18                                               0.000     4.000 f  adc_clk_i[1] (IN)
                         net (fo=0)                   0.000     4.000    adc_clk_i[1]
    U18                  IBUFDS (Prop_ibufds_I_O)     0.940     4.940 f  i_clk/O
                         net (fo=1, estimated)        1.241     6.181    pll/clk
    PLLE2_ADV_X0Y0       PLLE2_ADV (Prop_plle2_adv_CLKIN1_CLKOUT1)
                                                      0.084     6.265 f  pll/pll/CLKOUT1
                         net (fo=1, estimated)        1.666     7.931    pll_dac_clk_1x
    BUFGCTRL_X0Y4        BUFG (Prop_bufg_I_O)         0.091     8.022 f  bufg_dac_clk_1x/O
                         net (fo=45, estimated)       1.948     9.970    dac_clk_1x
    OLOGIC_X0Y92         ODDR                                         f  oddr_dac_dat[13]/C
                         clock pessimism              0.211    10.181    
                         clock uncertainty           -0.069    10.112    
    OLOGIC_X0Y92         ODDR (Setup_oddr_C_D2)      -0.834     9.278    oddr_dac_dat[13]
  -------------------------------------------------------------------
                         required time                          9.278    
                         arrival time                          -8.549    
  -------------------------------------------------------------------
                         slack                                  0.729    





Min Delay Paths
--------------------------------------------------------------------------------------
Slack (VIOLATED) :        -0.260ns  (arrival time - required time)
  Source:                 dac_rst_reg/C
                            (rising edge-triggered cell FDRE clocked by pll_dac_clk_1x  {rise@0.000ns fall@4.000ns period=8.000ns})
  Destination:            oddr_dac_sel/R
                            (rising edge-triggered cell ODDR clocked by pll_dac_clk_1x  {rise@0.000ns fall@4.000ns period=8.000ns})
  Path Group:             pll_dac_clk_1x
  Path Type:              Hold (Min at Fast Process Corner)
  Requirement:            0.000ns  (pll_dac_clk_1x rise@0.000ns - pll_dac_clk_1x rise@0.000ns)
  Data Path Delay:        0.396ns  (logic 0.141ns (35.604%)  route 0.255ns (64.396%))
  Logic Levels:           0  
  Clock Path Skew:        0.180ns (DCD - SCD - CPR)
    Destination Clock Delay (DCD):    2.874ns
    Source Clock Delay      (SCD):    2.354ns
    Clock Pessimism Removal (CPR):    0.339ns

    Location             Delay type                Incr(ns)  Path(ns)    Netlist Resource(s)
  -------------------------------------------------------------------    -------------------
                         (clock pll_dac_clk_1x rise edge)
                                                      0.000     0.000 r  
    U18                                               0.000     0.000 r  adc_clk_i[1] (IN)
                         net (fo=0)                   0.000     0.000    adc_clk_i[1]
    U18                  IBUFDS (Prop_ibufds_I_O)     0.401     0.401 r  i_clk/O
                         net (fo=1, estimated)        0.551     0.952    pll/clk
    PLLE2_ADV_X0Y0       PLLE2_ADV (Prop_plle2_adv_CLKIN1_CLKOUT1)
                                                      0.051     1.003 r  pll/pll/CLKOUT1
                         net (fo=1, estimated)        0.739     1.742    pll_dac_clk_1x
    BUFGCTRL_X0Y4        BUFG (Prop_bufg_I_O)         0.026     1.768 r  bufg_dac_clk_1x/O
                         net (fo=45, estimated)       0.586     2.354    dac_clk_1x
    SLICE_X43Y57         FDRE                                         r  dac_rst_reg/C
  -------------------------------------------------------------------    -------------------
    SLICE_X43Y57         FDRE (Prop_fdre_C_Q)         0.141     2.495 r  dac_rst_reg/Q
                         net (fo=17, estimated)       0.255     2.750    dac_rst
    OLOGIC_X0Y57         ODDR                                         r  oddr_dac_sel/R
  -------------------------------------------------------------------    -------------------

                         (clock pll_dac_clk_1x rise edge)
                                                      0.000     0.000 r  
    U18                                               0.000     0.000 r  adc_clk_i[1] (IN)
                         net (fo=0)                   0.000     0.000    adc_clk_i[1]
    U18                  IBUFDS (Prop_ibufds_I_O)     0.433     0.433 r  i_clk/O
                         net (fo=1, estimated)        0.579     1.012    pll/clk
    PLLE2_ADV_X0Y0       PLLE2_ADV (Prop_plle2_adv_CLKIN1_CLKOUT1)
                                                      0.054     1.066 r  pll/pll/CLKOUT1
                         net (fo=1, estimated)        0.778     1.845    pll_dac_clk_1x
    BUFGCTRL_X0Y4        BUFG (Prop_bufg_I_O)         0.029     1.874 r  bufg_dac_clk_1x/O
                         net (fo=45, estimated)       1.000     2.874    dac_clk_1x
    OLOGIC_X0Y57         ODDR                                         r  oddr_dac_sel/C
                         clock pessimism             -0.339     2.534    
    OLOGIC_X0Y57         ODDR (Hold_oddr_C_R)         0.476     3.010    oddr_dac_sel
  -------------------------------------------------------------------
                         required time                         -3.010    
                         arrival time                           2.750    
  -------------------------------------------------------------------
                         slack                                 -0.260    





Pulse Width Checks
--------------------------------------------------------------------------------------
Clock Name:         pll_dac_clk_1x
Waveform(ns):       { 0.000 4.000 }
Period(ns):         8.000
Sources:            { pll/pll/CLKOUT1 }

Check Type        Corner  Lib Pin            Reference Pin  Required(ns)  Actual(ns)  Slack(ns)  Location        Pin
Min Period        n/a     BUFG/I             n/a            2.155         8.000       5.845      BUFGCTRL_X0Y4   bufg_dac_clk_1x/I
Max Period        n/a     PLLE2_ADV/CLKOUT1  n/a            160.000       8.000       152.000    PLLE2_ADV_X0Y0  pll/pll/CLKOUT1
Low Pulse Width   Slow    FDSE/C             n/a            0.500         4.000       3.500      SLICE_X43Y36    dac_dat_a_reg[11]/C
High Pulse Width  Slow    FDSE/C             n/a            0.500         4.000       3.500      SLICE_X43Y39    dac_dat_a_reg[0]/C



---------------------------------------------------------------------------------------------------
From Clock:  pll_dac_clk_2p
  To Clock:  pll_dac_clk_2p

Setup :           NA  Failing Endpoints,  Worst Slack           NA  ,  Total Violation           NA
Hold  :           NA  Failing Endpoints,  Worst Slack           NA  ,  Total Violation           NA
PW    :            0  Failing Endpoints,  Worst Slack        1.845ns,  Total Violation        0.000ns
---------------------------------------------------------------------------------------------------


Pulse Width Checks
--------------------------------------------------------------------------------------
Clock Name:         pll_dac_clk_2p
Waveform(ns):       { -0.500 1.500 }
Period(ns):         4.000
Sources:            { pll/pll/CLKOUT3 }

Check Type  Corner  Lib Pin            Reference Pin  Required(ns)  Actual(ns)  Slack(ns)  Location        Pin
Min Period  n/a     BUFG/I             n/a            2.155         4.000       1.845      BUFGCTRL_X0Y7   bufg_dac_clk_2p/I
Max Period  n/a     PLLE2_ADV/CLKOUT3  n/a            160.000       4.000       156.000    PLLE2_ADV_X0Y0  pll/pll/CLKOUT3



---------------------------------------------------------------------------------------------------
From Clock:  pll_dac_clk_2x
  To Clock:  pll_dac_clk_2x

Setup :            0  Failing Endpoints,  Worst Slack        0.331ns,  Total Violation        0.000ns
Hold  :            0  Failing Endpoints,  Worst Slack        0.182ns,  Total Violation        0.000ns
PW    :            0  Failing Endpoints,  Worst Slack        1.500ns,  Total Violation        0.000ns
---------------------------------------------------------------------------------------------------


Max Delay Paths
--------------------------------------------------------------------------------------
Slack (MET) :             0.331ns  (required time - arrival time)
  Source:                 ps/system_i/processing_system7/inst/PS7_i/SAXIHP3ACLK
                            (rising edge-triggered cell PS7 clocked by pll_dac_clk_2x  {rise@0.000ns fall@2.000ns period=4.000ns})
  Destination:            ps/axi_master_3/axi_awvalid_o_reg/D
                            (rising edge-triggered cell FDRE clocked by pll_dac_clk_2x  {rise@0.000ns fall@2.000ns period=4.000ns})
  Path Group:             pll_dac_clk_2x
  Path Type:              Setup (Max at Slow Process Corner)
  Requirement:            4.000ns  (pll_dac_clk_2x rise@4.000ns - pll_dac_clk_2x rise@0.000ns)
  Data Path Delay:        3.231ns  (logic 1.561ns (48.313%)  route 1.670ns (51.687%))
  Logic Levels:           2  (LUT3=1 LUT6=1)
  Clock Path Skew:        -0.107ns (DCD - SCD + CPR)
    Destination Clock Delay (DCD):    5.561ns = ( 9.561 - 4.000 ) 
    Source Clock Delay      (SCD):    6.029ns
    Clock Pessimism Removal (CPR):    0.361ns
  Clock Uncertainty:      0.063ns  ((TSJ^2 + DJ^2)^1/2) / 2 + PE
    Total System Jitter     (TSJ):    0.071ns
    Discrete Jitter          (DJ):    0.104ns
    Phase Error              (PE):    0.000ns

    Location             Delay type                Incr(ns)  Path(ns)    Netlist Resource(s)
  -------------------------------------------------------------------    -------------------
                         (clock pll_dac_clk_2x rise edge)
                                                      0.000     0.000 r  
    U18                                               0.000     0.000 r  adc_clk_i[1] (IN)
                         net (fo=0)                   0.000     0.000    adc_clk_i[1]
    U18                  IBUFDS (Prop_ibufds_I_O)     0.983     0.983 r  i_clk/O
                         net (fo=1, estimated)        1.306     2.289    pll/clk
    PLLE2_ADV_X0Y0       PLLE2_ADV (Prop_plle2_adv_CLKIN1_CLKOUT2)
                                                      0.089     2.378 r  pll/pll/CLKOUT2
                         net (fo=2, estimated)        1.754     4.132    pll_dac_clk_2x
    BUFGCTRL_X0Y5        BUFG (Prop_bufg_I_O)         0.101     4.233 r  bufg_dac_axi_clk/O
                         net (fo=39, estimated)       1.796     6.029    ps/system_i/processing_system7/inst/S_AXI_HP3_ACLK
    PS7_X0Y0             PS7                                          r  ps/system_i/processing_system7/inst/PS7_i/SAXIHP3ACLK
  -------------------------------------------------------------------    -------------------
    PS7_X0Y0             PS7 (Prop_ps7_SAXIHP3ACLK_SAXIHP3AWREADY)
                                                      1.319     7.348 r  ps/system_i/processing_system7/inst/PS7_i/SAXIHP3AWREADY
                         net (fo=3, estimated)        0.704     8.052    ps/axi_master_3/axi_awready_i
    SLICE_X2Y28          LUT6 (Prop_lut6_I5_O)        0.124     8.176 r  ps/axi_master_3/axi_awfill_lvl[3]_i_1/O
                         net (fo=6, estimated)        0.581     8.757    ps/axi_master_3/axi_awpop
    SLICE_X1Y28          LUT3 (Prop_lut3_I0_O)        0.118     8.875 r  ps/axi_master_3/axi_awvalid_o_i_2/O
                         net (fo=1, estimated)        0.385     9.260    ps/axi_master_3/axi_awvalid_o_i_2_n_0
    SLICE_X1Y29          FDRE                                         r  ps/axi_master_3/axi_awvalid_o_reg/D
  -------------------------------------------------------------------    -------------------

                         (clock pll_dac_clk_2x rise edge)
                                                      4.000     4.000 r  
    U18                                               0.000     4.000 r  adc_clk_i[1] (IN)
                         net (fo=0)                   0.000     4.000    adc_clk_i[1]
    U18                  IBUFDS (Prop_ibufds_I_O)     0.940     4.940 r  i_clk/O
                         net (fo=1, estimated)        1.241     6.181    pll/clk
    PLLE2_ADV_X0Y0       PLLE2_ADV (Prop_plle2_adv_CLKIN1_CLKOUT2)
                                                      0.084     6.265 r  pll/pll/CLKOUT2
                         net (fo=2, estimated)        1.666     7.931    pll_dac_clk_2x
    BUFGCTRL_X0Y5        BUFG (Prop_bufg_I_O)         0.091     8.022 r  bufg_dac_axi_clk/O
                         net (fo=39, estimated)       1.539     9.561    ps/axi_master_3/axi_clk_i
    SLICE_X1Y29          FDRE                                         r  ps/axi_master_3/axi_awvalid_o_reg/C
                         clock pessimism              0.361     9.922    
                         clock uncertainty           -0.063     9.859    
    SLICE_X1Y29          FDRE (Setup_fdre_C_D)       -0.269     9.590    ps/axi_master_3/axi_awvalid_o_reg
  -------------------------------------------------------------------
                         required time                          9.590    
                         arrival time                          -9.260    
  -------------------------------------------------------------------
                         slack                                  0.331    





Min Delay Paths
--------------------------------------------------------------------------------------
Slack (MET) :             0.182ns  (arrival time - required time)
  Source:                 ps/axi_master_3/axi_rfill_lvl_reg[3]/C
                            (rising edge-triggered cell FDRE clocked by pll_dac_clk_2x  {rise@0.000ns fall@2.000ns period=4.000ns})
  Destination:            ps/axi_master_3/axi_rready_o_reg/D
                            (rising edge-triggered cell FDSE clocked by pll_dac_clk_2x  {rise@0.000ns fall@2.000ns period=4.000ns})
  Path Group:             pll_dac_clk_2x
  Path Type:              Hold (Min at Fast Process Corner)
  Requirement:            0.000ns  (pll_dac_clk_2x rise@0.000ns - pll_dac_clk_2x rise@0.000ns)
  Data Path Delay:        0.332ns  (logic 0.186ns (55.979%)  route 0.146ns (44.021%))
  Logic Levels:           1  (LUT3=1)
  Clock Path Skew:        0.030ns (DCD - SCD - CPR)
    Destination Clock Delay (DCD):    2.714ns
    Source Clock Delay      (SCD):    2.344ns
    Clock Pessimism Removal (CPR):    0.339ns

    Location             Delay type                Incr(ns)  Path(ns)    Netlist Resource(s)
  -------------------------------------------------------------------    -------------------
                         (clock pll_dac_clk_2x rise edge)
                                                      0.000     0.000 r  
    U18                                               0.000     0.000 r  adc_clk_i[1] (IN)
                         net (fo=0)                   0.000     0.000    adc_clk_i[1]
    U18                  IBUFDS (Prop_ibufds_I_O)     0.401     0.401 r  i_clk/O
                         net (fo=1, estimated)        0.551     0.952    pll/clk
    PLLE2_ADV_X0Y0       PLLE2_ADV (Prop_plle2_adv_CLKIN1_CLKOUT2)
                                                      0.051     1.003 r  pll/pll/CLKOUT2
                         net (fo=2, estimated)        0.739     1.742    pll_dac_clk_2x
    BUFGCTRL_X0Y5        BUFG (Prop_bufg_I_O)         0.026     1.768 r  bufg_dac_axi_clk/O
                         net (fo=39, estimated)       0.576     2.344    ps/axi_master_3/axi_clk_i
    SLICE_X2Y27          FDRE                                         r  ps/axi_master_3/axi_rfill_lvl_reg[3]/C
  -------------------------------------------------------------------    -------------------
    SLICE_X2Y27          FDRE (Prop_fdre_C_Q)         0.141     2.485 f  ps/axi_master_3/axi_rfill_lvl_reg[3]/Q
                         net (fo=7, estimated)        0.146     2.632    ps/axi_master_3/axi_rfill_lvl_reg[3]
    SLICE_X0Y27          LUT3 (Prop_lut3_I2_O)        0.045     2.677 r  ps/axi_master_3/axi_rready_o_i_1/O
                         net (fo=1, routed)           0.000     2.677    ps/axi_master_3/axi_rready_o_i_1_n_0
    SLICE_X0Y27          FDSE                                         r  ps/axi_master_3/axi_rready_o_reg/D
  -------------------------------------------------------------------    -------------------

                         (clock pll_dac_clk_2x rise edge)
                                                      0.000     0.000 r  
    U18                                               0.000     0.000 r  adc_clk_i[1] (IN)
                         net (fo=0)                   0.000     0.000    adc_clk_i[1]
    U18                  IBUFDS (Prop_ibufds_I_O)     0.433     0.433 r  i_clk/O
                         net (fo=1, estimated)        0.579     1.012    pll/clk
    PLLE2_ADV_X0Y0       PLLE2_ADV (Prop_plle2_adv_CLKIN1_CLKOUT2)
                                                      0.054     1.066 r  pll/pll/CLKOUT2
                         net (fo=2, estimated)        0.778     1.845    pll_dac_clk_2x
    BUFGCTRL_X0Y5        BUFG (Prop_bufg_I_O)         0.029     1.874 r  bufg_dac_axi_clk/O
                         net (fo=39, estimated)       0.840     2.714    ps/axi_master_3/axi_clk_i
    SLICE_X0Y27          FDSE                                         r  ps/axi_master_3/axi_rready_o_reg/C
                         clock pessimism             -0.339     2.374    
    SLICE_X0Y27          FDSE (Hold_fdse_C_D)         0.120     2.494    ps/axi_master_3/axi_rready_o_reg
  -------------------------------------------------------------------
                         required time                         -2.494    
                         arrival time                           2.677    
  -------------------------------------------------------------------
                         slack                                  0.182    





Pulse Width Checks
--------------------------------------------------------------------------------------
Clock Name:         pll_dac_clk_2x
Waveform(ns):       { 0.000 2.000 }
Period(ns):         4.000
Sources:            { pll/pll/CLKOUT2 }

Check Type        Corner  Lib Pin            Reference Pin  Required(ns)  Actual(ns)  Slack(ns)  Location        Pin
Min Period        n/a     BUFG/I             n/a            2.155         4.000       1.845      BUFGCTRL_X0Y5   bufg_dac_axi_clk/I
Max Period        n/a     PLLE2_ADV/CLKOUT2  n/a            160.000       4.000       156.000    PLLE2_ADV_X0Y0  pll/pll/CLKOUT2
Low Pulse Width   Slow    FDRE/C             n/a            0.500         2.000       1.500      SLICE_X5Y28     dac_axi_rstn_reg/C
High Pulse Width  Fast    FDRE/C             n/a            0.500         2.000       1.500      SLICE_X5Y28     dac_axi_rstn_reg/C



---------------------------------------------------------------------------------------------------
From Clock:  pll_ser_clk
  To Clock:  pll_ser_clk

Setup :           NA  Failing Endpoints,  Worst Slack           NA  ,  Total Violation           NA
Hold  :           NA  Failing Endpoints,  Worst Slack           NA  ,  Total Violation           NA
PW    :            0  Failing Endpoints,  Worst Slack        1.845ns,  Total Violation        0.000ns
---------------------------------------------------------------------------------------------------


Pulse Width Checks
--------------------------------------------------------------------------------------
Clock Name:         pll_ser_clk
Waveform(ns):       { 0.000 2.000 }
Period(ns):         4.000
Sources:            { pll/pll/CLKOUT4 }

Check Type  Corner  Lib Pin            Reference Pin  Required(ns)  Actual(ns)  Slack(ns)  Location        Pin
Min Period  n/a     BUFG/I             n/a            2.155         4.000       1.845      BUFGCTRL_X0Y6   bufg_ser_clk/I
Max Period  n/a     PLLE2_ADV/CLKOUT4  n/a            160.000       4.000       156.000    PLLE2_ADV_X0Y0  pll/pll/CLKOUT4



---------------------------------------------------------------------------------------------------
From Clock:  clk_fpga_0
  To Clock:  clk_fpga_0

Setup :            0  Failing Endpoints,  Worst Slack        2.118ns,  Total Violation        0.000ns
Hold  :            0  Failing Endpoints,  Worst Slack        0.060ns,  Total Violation        0.000ns
PW    :            0  Failing Endpoints,  Worst Slack        3.500ns,  Total Violation        0.000ns
---------------------------------------------------------------------------------------------------


Max Delay Paths
--------------------------------------------------------------------------------------
Slack (MET) :             2.118ns  (required time - arrival time)
  Source:                 ps/system_i/processing_system7/inst/PS7_i/MAXIGP0ACLK
                            (rising edge-triggered cell PS7 clocked by clk_fpga_0  {rise@0.000ns fall@4.000ns period=8.000ns})
  Destination:            ps/axi_slave_gp0/bus\\.ren_reg/D
                            (rising edge-triggered cell FDRE clocked by clk_fpga_0  {rise@0.000ns fall@4.000ns period=8.000ns})
  Path Group:             clk_fpga_0
  Path Type:              Setup (Max at Slow Process Corner)
  Requirement:            8.000ns  (clk_fpga_0 rise@8.000ns - clk_fpga_0 rise@0.000ns)
  Data Path Delay:        5.388ns  (logic 2.046ns (37.973%)  route 3.342ns (62.027%))
  Logic Levels:           3  (LUT3=1 LUT4=1 LUT5=1)
  Clock Path Skew:        -0.100ns (DCD - SCD + CPR)
    Destination Clock Delay (DCD):    2.791ns = ( 10.791 - 8.000 ) 
    Source Clock Delay      (SCD):    3.076ns
    Clock Pessimism Removal (CPR):    0.185ns
  Clock Uncertainty:      0.125ns  ((TSJ^2 + TIJ^2)^1/2 + DJ) / 2 + PE
    Total System Jitter     (TSJ):    0.071ns
    Total Input Jitter      (TIJ):    0.240ns
    Discrete Jitter          (DJ):    0.000ns
    Phase Error              (PE):    0.000ns

    Location             Delay type                Incr(ns)  Path(ns)    Netlist Resource(s)
  -------------------------------------------------------------------    -------------------
                         (clock clk_fpga_0 rise edge)
                                                      0.000     0.000 r  
    PS7_X0Y0             PS7                          0.000     0.000 r  ps/system_i/processing_system7/inst/PS7_i/FCLKCLK[0]
                         net (fo=1, estimated)        1.207     1.207    ps/lopt
    BUFGCTRL_X0Y2        BUFG (Prop_bufg_I_O)         0.101     1.308 r  ps/fclk_buf[0]/O
                         net (fo=236, estimated)      1.768     3.076    ps/system_i/processing_system7/inst/M_AXI_GP0_ACLK
    PS7_X0Y0             PS7                                          r  ps/system_i/processing_system7/inst/PS7_i/MAXIGP0ACLK
  -------------------------------------------------------------------    -------------------
    PS7_X0Y0             PS7 (Prop_ps7_MAXIGP0ACLK_MAXIGP0ARLEN[3])
                                                      1.416     4.492 f  ps/system_i/processing_system7/inst/PS7_i/MAXIGP0ARLEN[3]
                         net (fo=1, estimated)        0.958     5.450    ps/axi_slave_gp0/axi\\.ARLEN[3]
    SLICE_X1Y40          LUT4 (Prop_lut4_I0_O)        0.124     5.574 f  ps/axi_slave_gp0/axi\\.BVALID_i_3/O
                         net (fo=2, estimated)        0.867     6.441    ps/axi_slave_gp0/rd_errorw01_in
    SLICE_X1Y40          LUT3 (Prop_lut3_I0_O)        0.152     6.593 f  ps/axi_slave_gp0/axi\\.BVALID_i_2/O
                         net (fo=4, estimated)        1.027     7.620    ps/axi_slave_gp0/rd_errorw
    SLICE_X1Y42          LUT5 (Prop_lut5_I4_O)        0.354     7.974 r  ps/axi_slave_gp0/bus\\.ren_i_1/O
                         net (fo=1, estimated)        0.490     8.464    ps/axi_slave_gp0/bus\\.ren0
    SLICE_X3Y42          FDRE                                         r  ps/axi_slave_gp0/bus\\.ren_reg/D
  -------------------------------------------------------------------    -------------------

                         (clock clk_fpga_0 rise edge)
                                                      8.000     8.000 r  
    PS7_X0Y0             PS7                          0.000     8.000 r  ps/system_i/processing_system7/inst/PS7_i/FCLKCLK[0]
                         net (fo=1, estimated)        1.147     9.147    ps/lopt
    BUFGCTRL_X0Y2        BUFG (Prop_bufg_I_O)         0.091     9.238 r  ps/fclk_buf[0]/O
                         net (fo=236, estimated)      1.553    10.791    ps/axi_slave_gp0/axi\\.ACLK
    SLICE_X3Y42          FDRE                                         r  ps/axi_slave_gp0/bus\\.ren_reg/C
                         clock pessimism              0.185    10.976    
                         clock uncertainty           -0.125    10.851    
    SLICE_X3Y42          FDRE (Setup_fdre_C_D)       -0.269    10.582    ps/axi_slave_gp0/bus\\.ren_reg
  -------------------------------------------------------------------
                         required time                         10.582    
                         arrival time                          -8.464    
  -------------------------------------------------------------------
                         slack                                  2.118    





Min Delay Paths
--------------------------------------------------------------------------------------
Slack (MET) :             0.060ns  (arrival time - required time)
  Source:                 fpll_locked_r2_reg/C
                            (rising edge-triggered cell FDRE clocked by clk_fpga_0  {rise@0.000ns fall@4.000ns period=8.000ns})
  Destination:            fpll_locked_r3_reg/D
                            (rising edge-triggered cell FDRE clocked by clk_fpga_0  {rise@0.000ns fall@4.000ns period=8.000ns})
  Path Group:             clk_fpga_0
  Path Type:              Hold (Min at Fast Process Corner)
  Requirement:            0.000ns  (clk_fpga_0 rise@0.000ns - clk_fpga_0 rise@0.000ns)
  Data Path Delay:        0.394ns  (logic 0.164ns (41.609%)  route 0.230ns (58.391%))
  Logic Levels:           0  
  Clock Path Skew:        0.275ns (DCD - SCD - CPR)
    Destination Clock Delay (DCD):    1.428ns
    Source Clock Delay      (SCD):    1.123ns
    Clock Pessimism Removal (CPR):    0.030ns

    Location             Delay type                Incr(ns)  Path(ns)    Netlist Resource(s)
  -------------------------------------------------------------------    -------------------
                         (clock clk_fpga_0 rise edge)
                                                      0.000     0.000 r  
    PS7_X0Y0             PS7                          0.000     0.000 r  ps/system_i/processing_system7/inst/PS7_i/FCLKCLK[0]
                         net (fo=1, estimated)        0.509     0.509    ps/lopt
    BUFGCTRL_X0Y2        BUFG (Prop_bufg_I_O)         0.026     0.535 r  ps/fclk_buf[0]/O
                         net (fo=236, estimated)      0.588     1.123    fclk[0]
    SLICE_X42Y51         FDRE                                         r  fpll_locked_r2_reg/C
  -------------------------------------------------------------------    -------------------
    SLICE_X42Y51         FDRE (Prop_fdre_C_Q)         0.164     1.287 r  fpll_locked_r2_reg/Q
                         net (fo=2, estimated)        0.230     1.517    fpll_locked_r2
    SLICE_X42Y46         FDRE                                         r  fpll_locked_r3_reg/D
  -------------------------------------------------------------------    -------------------

                         (clock clk_fpga_0 rise edge)
                                                      0.000     0.000 r  
    PS7_X0Y0             PS7                          0.000     0.000 r  ps/system_i/processing_system7/inst/PS7_i/FCLKCLK[0]
                         net (fo=1, estimated)        0.536     0.536    ps/lopt
    BUFGCTRL_X0Y2        BUFG (Prop_bufg_I_O)         0.029     0.565 r  ps/fclk_buf[0]/O
                         net (fo=236, estimated)      0.863     1.428    fclk[0]
    SLICE_X42Y46         FDRE                                         r  fpll_locked_r3_reg/C
                         clock pessimism             -0.030     1.398    
    SLICE_X42Y46         FDRE (Hold_fdre_C_D)         0.059     1.457    fpll_locked_r3_reg
  -------------------------------------------------------------------
                         required time                         -1.457    
                         arrival time                           1.517    
  -------------------------------------------------------------------
                         slack                                  0.060    





Pulse Width Checks
--------------------------------------------------------------------------------------
Clock Name:         clk_fpga_0
Waveform(ns):       { 0.000 4.000 }
Period(ns):         8.000
Sources:            { ps/system_i/processing_system7/inst/PS7_i/FCLKCLK[0] }

Check Type        Corner  Lib Pin  Reference Pin  Required(ns)  Actual(ns)  Slack(ns)  Location       Pin
Min Period        n/a     BUFG/I   n/a            2.155         8.000       5.845      BUFGCTRL_X0Y2  ps/fclk_buf[0]/I
Low Pulse Width   Slow    FDRE/C   n/a            0.500         4.000       3.500      SLICE_X42Y51   fpll_locked_r2_reg/C
High Pulse Width  Slow    FDRE/C   n/a            0.500         4.000       3.500      SLICE_X42Y51   fpll_locked_r2_reg/C



---------------------------------------------------------------------------------------------------
From Clock:  clk_fpga_3
  To Clock:  clk_fpga_3

Setup :            0  Failing Endpoints,  Worst Slack        0.048ns,  Total Violation        0.000ns
Hold  :            0  Failing Endpoints,  Worst Slack        0.128ns,  Total Violation        0.000ns
PW    :            0  Failing Endpoints,  Worst Slack        1.000ns,  Total Violation        0.000ns
---------------------------------------------------------------------------------------------------


Max Delay Paths
--------------------------------------------------------------------------------------
Slack (MET) :             0.048ns  (required time - arrival time)
  Source:                 ps/system_i/axi_protocol_converter_0/inst/gen_axilite.gen_b2s_conv.axilite_b2s/SI_REG/ar.ar_pipe/m_payload_i_reg[1]/C
                            (rising edge-triggered cell FDRE clocked by clk_fpga_3  {rise@0.000ns fall@2.500ns period=5.000ns})
  Destination:            ps/system_i/axi_protocol_converter_0/inst/gen_axilite.gen_b2s_conv.axilite_b2s/RD.ar_channel_0/cmd_translator_0/wrap_cmd_0/wrap_cnt_r_reg[0]/CE
                            (rising edge-triggered cell FDRE clocked by clk_fpga_3  {rise@0.000ns fall@2.500ns period=5.000ns})
  Path Group:             clk_fpga_3
  Path Type:              Setup (Max at Slow Process Corner)
  Requirement:            5.000ns  (clk_fpga_3 rise@5.000ns - clk_fpga_3 rise@0.000ns)
  Data Path Delay:        4.640ns  (logic 1.269ns (27.349%)  route 3.371ns (72.651%))
  Logic Levels:           5  (LUT4=2 LUT6=3)
  Clock Path Skew:        -0.060ns (DCD - SCD + CPR)
    Destination Clock Delay (DCD):    2.726ns = ( 7.726 - 5.000 ) 
    Source Clock Delay      (SCD):    2.971ns
    Clock Pessimism Removal (CPR):    0.185ns
  Clock Uncertainty:      0.083ns  ((TSJ^2 + TIJ^2)^1/2 + DJ) / 2 + PE
    Total System Jitter     (TSJ):    0.071ns
    Total Input Jitter      (TIJ):    0.150ns
    Discrete Jitter          (DJ):    0.000ns
    Phase Error              (PE):    0.000ns

    Location             Delay type                Incr(ns)  Path(ns)    Netlist Resource(s)
  -------------------------------------------------------------------    -------------------
                         (clock clk_fpga_3 rise edge)
                                                      0.000     0.000 r  
    PS7_X0Y0             PS7                          0.000     0.000 r  ps/system_i/processing_system7/inst/PS7_i/FCLKCLK[3]
                         net (fo=1, estimated)        1.207     1.207    ps/system_i/processing_system7/inst/FCLK_CLK_unbuffered[3]
    BUFGCTRL_X0Y1        BUFG (Prop_bufg_I_O)         0.101     1.308 r  ps/system_i/processing_system7/inst/buffer_fclk_clk_3.FCLK_CLK_3_BUFG/O
                         net (fo=987, estimated)      1.663     2.971    ps/system_i/axi_protocol_converter_0/inst/gen_axilite.gen_b2s_conv.axilite_b2s/SI_REG/ar.ar_pipe/ACLK
    SLICE_X8Y62          FDRE                                         r  ps/system_i/axi_protocol_converter_0/inst/gen_axilite.gen_b2s_conv.axilite_b2s/SI_REG/ar.ar_pipe/m_payload_i_reg[1]/C
  -------------------------------------------------------------------    -------------------
    SLICE_X8Y62          FDRE (Prop_fdre_C_Q)         0.478     3.449 r  ps/system_i/axi_protocol_converter_0/inst/gen_axilite.gen_b2s_conv.axilite_b2s/SI_REG/ar.ar_pipe/m_payload_i_reg[1]/Q
                         net (fo=6, estimated)        0.834     4.283    ps/system_i/axi_protocol_converter_0/inst/gen_axilite.gen_b2s_conv.axilite_b2s/RD.ar_channel_0/cmd_translator_0/wrap_cmd_0/axaddr[1]
    SLICE_X9Y63          LUT6 (Prop_lut6_I1_O)        0.295     4.578 r  ps/system_i/axi_protocol_converter_0/inst/gen_axilite.gen_b2s_conv.axilite_b2s/RD.ar_channel_0/cmd_translator_0/wrap_cmd_0/axaddr_offset_r[0]_i_2/O
                         net (fo=2, estimated)        0.584     5.162    ps/system_i/axi_protocol_converter_0/inst/gen_axilite.gen_b2s_conv.axilite_b2s/RD.ar_channel_0/cmd_translator_0/wrap_cmd_0/axaddr_offset_r[0]_i_2_n_0
    SLICE_X9Y64          LUT4 (Prop_lut4_I1_O)        0.124     5.286 r  ps/system_i/axi_protocol_converter_0/inst/gen_axilite.gen_b2s_conv.axilite_b2s/RD.ar_channel_0/cmd_translator_0/wrap_cmd_0/axaddr_offset_r[0]_i_1/O
                         net (fo=6, estimated)        0.666     5.952    ps/system_i/axi_protocol_converter_0/inst/gen_axilite.gen_b2s_conv.axilite_b2s/RD.ar_channel_0/cmd_translator_0/wrap_cmd_0/axaddr_offset[0]
    SLICE_X9Y65          LUT6 (Prop_lut6_I1_O)        0.124     6.076 r  ps/system_i/axi_protocol_converter_0/inst/gen_axilite.gen_b2s_conv.axilite_b2s/RD.ar_channel_0/cmd_translator_0/wrap_cmd_0/wrap_second_len_r[1]_i_1/O
                         net (fo=4, estimated)        0.616     6.692    ps/system_i/axi_protocol_converter_0/inst/gen_axilite.gen_b2s_conv.axilite_b2s/RD.ar_channel_0/cmd_translator_0/wrap_cmd_0/wrap_second_len[1]
    SLICE_X8Y64          LUT4 (Prop_lut4_I1_O)        0.124     6.816 r  ps/system_i/axi_protocol_converter_0/inst/gen_axilite.gen_b2s_conv.axilite_b2s/RD.ar_channel_0/cmd_translator_0/wrap_cmd_0/wrap_cnt_r[3]_i_1/O
                         net (fo=2, estimated)        0.330     7.146    ps/system_i/axi_protocol_converter_0/inst/gen_axilite.gen_b2s_conv.axilite_b2s/RD.ar_channel_0/cmd_translator_0/wrap_cmd_0/wrap_cnt[3]
    SLICE_X11Y64         LUT6 (Prop_lut6_I0_O)        0.124     7.270 r  ps/system_i/axi_protocol_converter_0/inst/gen_axilite.gen_b2s_conv.axilite_b2s/RD.ar_channel_0/cmd_translator_0/wrap_cmd_0/wrap_cnt_r_reg[0]_CE_cooolgate_en_gate_505/O
                         net (fo=3, estimated)        0.341     7.611    ps/system_i/axi_protocol_converter_0/inst/gen_axilite.gen_b2s_conv.axilite_b2s/RD.ar_channel_0/cmd_translator_0/wrap_cmd_0/wrap_cnt_r_reg[0]_CE_cooolgate_en_sig_106
    SLICE_X12Y64         FDRE                                         r  ps/system_i/axi_protocol_converter_0/inst/gen_axilite.gen_b2s_conv.axilite_b2s/RD.ar_channel_0/cmd_translator_0/wrap_cmd_0/wrap_cnt_r_reg[0]/CE
  -------------------------------------------------------------------    -------------------

                         (clock clk_fpga_3 rise edge)
                                                      5.000     5.000 r  
    PS7_X0Y0             PS7                          0.000     5.000 r  ps/system_i/processing_system7/inst/PS7_i/FCLKCLK[3]
                         net (fo=1, estimated)        1.147     6.147    ps/system_i/processing_system7/inst/FCLK_CLK_unbuffered[3]
    BUFGCTRL_X0Y1        BUFG (Prop_bufg_I_O)         0.091     6.238 r  ps/system_i/processing_system7/inst/buffer_fclk_clk_3.FCLK_CLK_3_BUFG/O
                         net (fo=987, estimated)      1.488     7.726    ps/system_i/axi_protocol_converter_0/inst/gen_axilite.gen_b2s_conv.axilite_b2s/RD.ar_channel_0/cmd_translator_0/wrap_cmd_0/clk
    SLICE_X12Y64         FDRE                                         r  ps/system_i/axi_protocol_converter_0/inst/gen_axilite.gen_b2s_conv.axilite_b2s/RD.ar_channel_0/cmd_translator_0/wrap_cmd_0/wrap_cnt_r_reg[0]/C
                         clock pessimism              0.185     7.911    
                         clock uncertainty           -0.083     7.828    
    SLICE_X12Y64         FDRE (Setup_fdre_C_CE)      -0.169     7.659    ps/system_i/axi_protocol_converter_0/inst/gen_axilite.gen_b2s_conv.axilite_b2s/RD.ar_channel_0/cmd_translator_0/wrap_cmd_0/wrap_cnt_r_reg[0]
  -------------------------------------------------------------------
                         required time                          7.659    
                         arrival time                          -7.611    
  -------------------------------------------------------------------
                         slack                                  0.048    





Min Delay Paths
--------------------------------------------------------------------------------------
Slack (MET) :             0.128ns  (arrival time - required time)
  Source:                 ps/system_i/axi_protocol_converter_0/inst/gen_axilite.gen_b2s_conv.axilite_b2s/RD.ar_channel_0/s_arid_r_reg[8]/C
                            (rising edge-triggered cell FDRE clocked by clk_fpga_3  {rise@0.000ns fall@2.500ns period=5.000ns})
  Destination:            ps/system_i/axi_protocol_converter_0/inst/gen_axilite.gen_b2s_conv.axilite_b2s/RD.r_channel_0/r_arid_r_reg[8]/D
                            (rising edge-triggered cell FDRE clocked by clk_fpga_3  {rise@0.000ns fall@2.500ns period=5.000ns})
  Path Group:             clk_fpga_3
  Path Type:              Hold (Min at Fast Process Corner)
  Requirement:            0.000ns  (clk_fpga_3 rise@0.000ns - clk_fpga_3 rise@0.000ns)
  Data Path Delay:        0.222ns  (logic 0.141ns (63.533%)  route 0.081ns (36.467%))
  Logic Levels:           0  
  Clock Path Skew:        0.016ns (DCD - SCD - CPR)
    Destination Clock Delay (DCD):    1.414ns
    Source Clock Delay      (SCD):    1.115ns
    Clock Pessimism Removal (CPR):    0.283ns

    Location             Delay type                Incr(ns)  Path(ns)    Netlist Resource(s)
  -------------------------------------------------------------------    -------------------
                         (clock clk_fpga_3 rise edge)
                                                      0.000     0.000 r  
    PS7_X0Y0             PS7                          0.000     0.000 r  ps/system_i/processing_system7/inst/PS7_i/FCLKCLK[3]
                         net (fo=1, estimated)        0.509     0.509    ps/system_i/processing_system7/inst/FCLK_CLK_unbuffered[3]
    BUFGCTRL_X0Y1        BUFG (Prop_bufg_I_O)         0.026     0.535 r  ps/system_i/processing_system7/inst/buffer_fclk_clk_3.FCLK_CLK_3_BUFG/O
                         net (fo=987, estimated)      0.580     1.115    ps/system_i/axi_protocol_converter_0/inst/gen_axilite.gen_b2s_conv.axilite_b2s/RD.ar_channel_0/clk
    SLICE_X3Y53          FDRE                                         r  ps/system_i/axi_protocol_converter_0/inst/gen_axilite.gen_b2s_conv.axilite_b2s/RD.ar_channel_0/s_arid_r_reg[8]/C
  -------------------------------------------------------------------    -------------------
    SLICE_X3Y53          FDRE (Prop_fdre_C_Q)         0.141     1.256 r  ps/system_i/axi_protocol_converter_0/inst/gen_axilite.gen_b2s_conv.axilite_b2s/RD.ar_channel_0/s_arid_r_reg[8]/Q
                         net (fo=1, estimated)        0.081     1.337    ps/system_i/axi_protocol_converter_0/inst/gen_axilite.gen_b2s_conv.axilite_b2s/RD.r_channel_0/r_arid[8]
    SLICE_X3Y53          FDRE                                         r  ps/system_i/axi_protocol_converter_0/inst/gen_axilite.gen_b2s_conv.axilite_b2s/RD.r_channel_0/r_arid_r_reg[8]/D
  -------------------------------------------------------------------    -------------------

                         (clock clk_fpga_3 rise edge)
                                                      0.000     0.000 r  
    PS7_X0Y0             PS7                          0.000     0.000 r  ps/system_i/processing_system7/inst/PS7_i/FCLKCLK[3]
                         net (fo=1, estimated)        0.536     0.536    ps/system_i/processing_system7/inst/FCLK_CLK_unbuffered[3]
    BUFGCTRL_X0Y1        BUFG (Prop_bufg_I_O)         0.029     0.565 r  ps/system_i/processing_system7/inst/buffer_fclk_clk_3.FCLK_CLK_3_BUFG/O
                         net (fo=987, estimated)      0.849     1.414    ps/system_i/axi_protocol_converter_0/inst/gen_axilite.gen_b2s_conv.axilite_b2s/RD.r_channel_0/clk
    SLICE_X3Y53          FDRE                                         r  ps/system_i/axi_protocol_converter_0/inst/gen_axilite.gen_b2s_conv.axilite_b2s/RD.r_channel_0/r_arid_r_reg[8]/C
                         clock pessimism             -0.283     1.131    
    SLICE_X3Y53          FDRE (Hold_fdre_C_D)         0.078     1.209    ps/system_i/axi_protocol_converter_0/inst/gen_axilite.gen_b2s_conv.axilite_b2s/RD.r_channel_0/r_arid_r_reg[8]
  -------------------------------------------------------------------
                         required time                         -1.209    
                         arrival time                           1.337    
  -------------------------------------------------------------------
                         slack                                  0.128    





Pulse Width Checks
--------------------------------------------------------------------------------------
Clock Name:         clk_fpga_3
Waveform(ns):       { 0.000 2.500 }
Period(ns):         5.000
Sources:            { ps/system_i/processing_system7/inst/PS7_i/FCLKCLK[3] }

Check Type        Corner  Lib Pin     Reference Pin  Required(ns)  Actual(ns)  Slack(ns)  Location      Pin
Min Period        n/a     XADC/DCLK   n/a            4.000         5.000       1.000      XADC_X0Y0     ps/system_i/xadc/inst/AXI_XADC_CORE_I/XADC_INST/DCLK
Low Pulse Width   Slow    SRL16E/CLK  n/a            0.980         2.500       1.520      SLICE_X20Y72  ps/system_i/proc_sys_reset/U0/EXT_LPF/POR_SRL_I/CLK
High Pulse Width  Fast    SRL16E/CLK  n/a            0.980         2.500       1.520      SLICE_X4Y61   ps/system_i/axi_protocol_converter_0/inst/gen_axilite.gen_b2s_conv.axilite_b2s/WR.b_channel_0/bid_fifo_0/memory_reg[3][0]_srl4/CLK



---------------------------------------------------------------------------------------------------
From Clock:  rx_clk
  To Clock:  rx_clk

Setup :           NA  Failing Endpoints,  Worst Slack           NA  ,  Total Violation           NA
Hold  :           NA  Failing Endpoints,  Worst Slack           NA  ,  Total Violation           NA
PW    :            0  Failing Endpoints,  Worst Slack        2.333ns,  Total Violation        0.000ns
---------------------------------------------------------------------------------------------------


Pulse Width Checks
--------------------------------------------------------------------------------------
Clock Name:         rx_clk
Waveform(ns):       { 0.000 2.000 }
Period(ns):         4.000
Sources:            { daisy_p_i[1] }

Check Type  Corner  Lib Pin        Reference Pin  Required(ns)  Actual(ns)  Slack(ns)  Location      Pin
Min Period  n/a     ISERDESE2/CLK  n/a            1.667         4.000       2.333      ILOGIC_X0Y38  i_daisy/i_rx/genblk1[0].i_iserdese/CLK



---------------------------------------------------------------------------------------------------
From Clock:  par_clk
  To Clock:  par_clk

Setup :            0  Failing Endpoints,  Worst Slack        3.608ns,  Total Violation        0.000ns
Hold  :           25  Failing Endpoints,  Worst Slack       -0.943ns,  Total Violation      -12.196ns
PW    :            0  Failing Endpoints,  Worst Slack        3.020ns,  Total Violation        0.000ns
---------------------------------------------------------------------------------------------------


Max Delay Paths
--------------------------------------------------------------------------------------
Slack (MET) :             3.608ns  (required time - arrival time)
  Source:                 i_daisy/i_rx/genblk1[0].par_dat_r_reg[1]/C
                            (rising edge-triggered cell FDRE clocked by par_clk  {rise@0.000ns fall@4.000ns period=8.000ns})
  Destination:            i_daisy/i_rx/genblk1[0].par_dv_reg/CE
                            (rising edge-triggered cell FDRE clocked by par_clk  {rise@0.000ns fall@4.000ns period=8.000ns})
  Path Group:             par_clk
  Path Type:              Setup (Max at Slow Process Corner)
  Requirement:            8.000ns  (par_clk rise@8.000ns - par_clk rise@0.000ns)
  Data Path Delay:        4.133ns  (logic 1.151ns (27.849%)  route 2.982ns (72.151%))
  Logic Levels:           4  (LUT4=3 LUT6=1)
  Clock Path Skew:        -0.055ns (DCD - SCD + CPR)
    Destination Clock Delay (DCD):    4.157ns = ( 12.157 - 8.000 ) 
    Source Clock Delay      (SCD):    4.539ns
    Clock Pessimism Removal (CPR):    0.327ns
  Clock Uncertainty:      0.035ns  ((TSJ^2 + TIJ^2)^1/2 + DJ) / 2 + PE
    Total System Jitter     (TSJ):    0.071ns
    Total Input Jitter      (TIJ):    0.000ns
    Discrete Jitter          (DJ):    0.000ns
    Phase Error              (PE):    0.000ns

    Location             Delay type                Incr(ns)  Path(ns)    Netlist Resource(s)
  -------------------------------------------------------------------    -------------------
                         (clock par_clk rise edge)    0.000     0.000 r  
    N18                                               0.000     0.000 r  daisy_p_i[1] (IN)
                         net (fo=0)                   0.000     0.000    i_daisy/daisy_p_i[1]
    N18                  IBUFDS (Prop_ibufds_I_O)     0.945     0.945 r  i_daisy/i_IBUFGDS_clk/O
                         net (fo=2, estimated)        0.510     1.455    i_daisy/i_rx/ser_clk_i
    BUFR_X0Y1            BUFR (Prop_bufr_I_O)         1.032     2.487 r  i_daisy/i_rx/i_BUFR_clk/O
                         net (fo=51, estimated)       0.285     2.772    i_daisy/i_rx/par_clk
    BUFGCTRL_X0Y3        BUFG (Prop_bufg_I_O)         0.101     2.873 r  i_daisy/i_rx/i_parclk_buf/O
                         net (fo=233, estimated)      1.666     4.539    i_daisy/i_rx/par_clk_o
    SLICE_X30Y31         FDRE                                         r  i_daisy/i_rx/genblk1[0].par_dat_r_reg[1]/C
  -------------------------------------------------------------------    -------------------
    SLICE_X30Y31         FDRE (Prop_fdre_C_Q)         0.478     5.017 r  i_daisy/i_rx/genblk1[0].par_dat_r_reg[1]/Q
                         net (fo=2, estimated)        0.815     5.832    i_daisy/i_rx/genblk1[0].par_dat_r[1]
    SLICE_X30Y33         LUT4 (Prop_lut4_I0_O)        0.301     6.133 f  i_daisy/i_rx/genblk1[0].par_ok[0]_i_5/O
                         net (fo=1, estimated)        0.775     6.908    i_daisy/i_rx/genblk1[0].par_ok[0]_i_5_n_0
    SLICE_X30Y32         LUT4 (Prop_lut4_I1_O)        0.124     7.032 f  i_daisy/i_rx/genblk1[0].par_ok[0]_i_3/O
                         net (fo=2, estimated)        0.325     7.357    i_daisy/i_rx/genblk1[0].par_ok[0]_i_3_n_0
    SLICE_X30Y33         LUT6 (Prop_lut6_I2_O)        0.124     7.481 r  i_daisy/i_rx/genblk1[0].par_ok[0]_i_2/O
                         net (fo=2, estimated)        0.579     8.060    i_daisy/i_rx/genblk1[0].par_ok[0]_i_2_n_0
    SLICE_X30Y33         LUT4 (Prop_lut4_I1_O)        0.124     8.184 r  i_daisy/i_rx/genblk1[0].par_dv_reg_CE_cooolgate_en_gate_693/O
                         net (fo=1, estimated)        0.488     8.672    i_daisy/i_rx/genblk1[0].par_dv_reg_CE_cooolgate_en_sig_197
    SLICE_X34Y33         FDRE                                         r  i_daisy/i_rx/genblk1[0].par_dv_reg/CE
  -------------------------------------------------------------------    -------------------

                         (clock par_clk rise edge)    8.000     8.000 r  
    N18                                               0.000     8.000 r  daisy_p_i[1] (IN)
                         net (fo=0)                   0.000     8.000    i_daisy/daisy_p_i[1]
    N18                  IBUFDS (Prop_ibufds_I_O)     0.902     8.902 r  i_daisy/i_IBUFGDS_clk/O
                         net (fo=2, estimated)        0.484     9.387    i_daisy/i_rx/ser_clk_i
    BUFR_X0Y1            BUFR (Prop_bufr_I_O)         0.919    10.306 r  i_daisy/i_rx/i_BUFR_clk/O
                         net (fo=51, estimated)       0.264    10.570    i_daisy/i_rx/par_clk
    BUFGCTRL_X0Y3        BUFG (Prop_bufg_I_O)         0.091    10.661 r  i_daisy/i_rx/i_parclk_buf/O
                         net (fo=233, estimated)      1.496    12.157    i_daisy/i_rx/par_clk_o
    SLICE_X34Y33         FDRE                                         r  i_daisy/i_rx/genblk1[0].par_dv_reg/C
                         clock pessimism              0.327    12.484    
                         clock uncertainty           -0.035    12.449    
    SLICE_X34Y33         FDRE (Setup_fdre_C_CE)      -0.169    12.280    i_daisy/i_rx/genblk1[0].par_dv_reg
  -------------------------------------------------------------------
                         required time                         12.280    
                         arrival time                          -8.672    
  -------------------------------------------------------------------
                         slack                                  3.608    





Min Delay Paths
--------------------------------------------------------------------------------------
Slack (VIOLATED) :        -0.943ns  (arrival time - required time)
  Source:                 i_daisy/i_rx/genblk1[0].par_dat_reg[13]/C
                            (rising edge-triggered cell FDRE clocked by par_clk  {rise@0.000ns fall@4.000ns period=8.000ns})
  Destination:            i_daisy/i_rx/genblk1[0].par_dat_r_reg[13]/D
                            (rising edge-triggered cell FDRE clocked by par_clk  {rise@0.000ns fall@4.000ns period=8.000ns})
  Path Group:             par_clk
  Path Type:              Hold (Min at Slow Process Corner)
  Requirement:            0.000ns  (par_clk rise@0.000ns - par_clk rise@0.000ns)
  Data Path Delay:        0.523ns  (logic 0.367ns (70.199%)  route 0.156ns (29.801%))
  Logic Levels:           0  
  Clock Path Skew:        1.235ns (DCD - SCD - CPR)
    Destination Clock Delay (DCD):    4.539ns
    Source Clock Delay      (SCD):    3.123ns
    Clock Pessimism Removal (CPR):    0.181ns

    Location             Delay type                Incr(ns)  Path(ns)    Netlist Resource(s)
  -------------------------------------------------------------------    -------------------
                         (clock par_clk rise edge)    0.000     0.000 r  
    N18                                               0.000     0.000 r  daisy_p_i[1] (IN)
                         net (fo=0)                   0.000     0.000    i_daisy/daisy_p_i[1]
    N18                  IBUFDS (Prop_ibufds_I_O)     0.902     0.902 r  i_daisy/i_IBUFGDS_clk/O
                         net (fo=2, estimated)        0.484     1.387    i_daisy/i_rx/ser_clk_i
    BUFR_X0Y1            BUFR (Prop_bufr_I_O)         0.919     2.306 r  i_daisy/i_rx/i_BUFR_clk/O
                         net (fo=51, estimated)       0.817     3.123    i_daisy/i_rx/par_clk
    SLICE_X31Y31         FDRE                                         r  i_daisy/i_rx/genblk1[0].par_dat_reg[13]/C
  -------------------------------------------------------------------    -------------------
    SLICE_X31Y31         FDRE (Prop_fdre_C_Q)         0.367     3.490 r  i_daisy/i_rx/genblk1[0].par_dat_reg[13]/Q
                         net (fo=1, estimated)        0.156     3.646    i_daisy/i_rx/genblk1[0].par_dat[13]
    SLICE_X30Y31         FDRE                                         r  i_daisy/i_rx/genblk1[0].par_dat_r_reg[13]/D
  -------------------------------------------------------------------    -------------------

                         (clock par_clk rise edge)    0.000     0.000 r  
    N18                                               0.000     0.000 r  daisy_p_i[1] (IN)
                         net (fo=0)                   0.000     0.000    i_daisy/daisy_p_i[1]
    N18                  IBUFDS (Prop_ibufds_I_O)     0.945     0.945 r  i_daisy/i_IBUFGDS_clk/O
                         net (fo=2, estimated)        0.510     1.455    i_daisy/i_rx/ser_clk_i
    BUFR_X0Y1            BUFR (Prop_bufr_I_O)         1.032     2.487 r  i_daisy/i_rx/i_BUFR_clk/O
                         net (fo=51, estimated)       0.285     2.772    i_daisy/i_rx/par_clk
    BUFGCTRL_X0Y3        BUFG (Prop_bufg_I_O)         0.101     2.873 r  i_daisy/i_rx/i_parclk_buf/O
                         net (fo=233, estimated)      1.666     4.539    i_daisy/i_rx/par_clk_o
    SLICE_X30Y31         FDRE                                         r  i_daisy/i_rx/genblk1[0].par_dat_r_reg[13]/C
                         clock pessimism             -0.181     4.358    
    SLICE_X30Y31         FDRE (Hold_fdre_C_D)         0.231     4.589    i_daisy/i_rx/genblk1[0].par_dat_r_reg[13]
  -------------------------------------------------------------------
                         required time                         -4.589    
                         arrival time                           3.646    
  -------------------------------------------------------------------
                         slack                                 -0.943    





Pulse Width Checks
--------------------------------------------------------------------------------------
Clock Name:         par_clk
Waveform(ns):       { 0.000 4.000 }
Period(ns):         8.000
Sources:            { i_daisy/i_rx/i_BUFR_clk/O }

Check Type        Corner  Lib Pin     Reference Pin  Required(ns)  Actual(ns)  Slack(ns)  Location       Pin
Min Period        n/a     BUFG/I      n/a            2.155         8.000       5.845      BUFGCTRL_X0Y3  i_daisy/i_rx/i_parclk_buf/I
Low Pulse Width   Fast    SRL16E/CLK  n/a            0.980         4.000       3.020      SLICE_X32Y32   i_daisy/i_rx/genblk1[0].bitslip_r_reg[1]_srl2/CLK
High Pulse Width  Slow    SRL16E/CLK  n/a            0.980         4.000       3.020      SLICE_X32Y32   i_daisy/i_rx/genblk1[0].bitslip_r_reg[1]_srl2/CLK



---------------------------------------------------------------------------------------------------
From Clock:  clk_fpga_0
  To Clock:  pll_adc_clk

Setup :            0  Failing Endpoints,  Worst Slack        3.892ns,  Total Violation        0.000ns
Hold  :           NA  Failing Endpoints,  Worst Slack           NA  ,  Total Violation           NA
---------------------------------------------------------------------------------------------------


Max Delay Paths
--------------------------------------------------------------------------------------
Slack (MET) :             3.892ns  (required time - arrival time)
  Source:                 ps/axi_slave_gp0/rd_araddr_reg[8]/C
                            (rising edge-triggered cell FDRE clocked by clk_fpga_0  {rise@0.000ns fall@4.000ns period=8.000ns})
  Destination:            sys_bus_interconnect/for_bus[1].inst_sys_bus_cdc/bus_m\\.addr_reg[8]/D
                            (rising edge-triggered cell FDRE clocked by pll_adc_clk  {rise@0.000ns fall@4.000ns period=8.000ns})
  Path Group:             pll_adc_clk
  Path Type:              Setup (Max at Slow Process Corner)
  Requirement:            8.000ns  (MaxDelay Path 8.000ns)
  Data Path Delay:        3.869ns  (logic 0.744ns (19.230%)  route 3.125ns (80.770%))
  Logic Levels:           1  (LUT3=1)
  Timing Exception:       MaxDelay Path 8.000ns -datapath_only

    Location             Delay type                Incr(ns)  Path(ns)    Netlist Resource(s)
  -------------------------------------------------------------------    -------------------
    SLICE_X2Y41                                       0.000     0.000 r  ps/axi_slave_gp0/rd_araddr_reg[8]/C
    SLICE_X2Y41          FDRE (Prop_fdre_C_Q)         0.419     0.419 r  ps/axi_slave_gp0/rd_araddr_reg[8]/Q
                         net (fo=1, estimated)        0.974     1.393    ps/axi_slave_gp0/rd_araddr[8]
    SLICE_X2Y41          LUT3 (Prop_lut3_I0_O)        0.325     1.718 r  ps/axi_slave_gp0/bus\\.addr[8]_INST_0/O
                         net (fo=5, estimated)        2.151     3.869    sys_bus_interconnect/for_bus[1].inst_sys_bus_cdc/bus_s\\.addr[8]
    SLICE_X28Y1          FDRE                                         r  sys_bus_interconnect/for_bus[1].inst_sys_bus_cdc/bus_m\\.addr_reg[8]/D
  -------------------------------------------------------------------    -------------------

                         max delay                    8.000     8.000    
    SLICE_X28Y1          FDRE (Setup_fdre_C_D)       -0.239     7.761    sys_bus_interconnect/for_bus[1].inst_sys_bus_cdc/bus_m\\.addr_reg[8]
  -------------------------------------------------------------------
                         required time                          7.761    
                         arrival time                          -3.869    
  -------------------------------------------------------------------
                         slack                                  3.892    





---------------------------------------------------------------------------------------------------
From Clock:  pll_adc_clk
  To Clock:  pll_dac_clk_1x

Setup :            0  Failing Endpoints,  Worst Slack        4.442ns,  Total Violation        0.000ns
Hold  :            1  Failing Endpoint ,  Worst Slack       -0.064ns,  Total Violation       -0.064ns
---------------------------------------------------------------------------------------------------


Max Delay Paths
--------------------------------------------------------------------------------------
Slack (MET) :             4.442ns  (required time - arrival time)
  Source:                 i_hk/digital_loop_reg[1]/C
                            (rising edge-triggered cell FDRE clocked by pll_adc_clk  {rise@0.000ns fall@4.000ns period=8.000ns})
  Destination:            dac_dat_a_reg[3]/S
                            (rising edge-triggered cell FDSE clocked by pll_dac_clk_1x  {rise@0.000ns fall@4.000ns period=8.000ns})
  Path Group:             pll_dac_clk_1x
  Path Type:              Setup (Max at Slow Process Corner)
  Requirement:            8.000ns  (pll_dac_clk_1x rise@8.000ns - pll_adc_clk rise@0.000ns)
  Data Path Delay:        2.655ns  (logic 0.580ns (21.846%)  route 2.075ns (78.154%))
  Logic Levels:           1  (LUT1=1)
  Clock Path Skew:        -0.190ns (DCD - SCD + CPR)
    Destination Clock Delay (DCD):    5.602ns = ( 13.602 - 8.000 ) 
    Source Clock Delay      (SCD):    5.905ns
    Clock Pessimism Removal (CPR):    0.113ns
  Clock Uncertainty:      0.189ns  ((TSJ^2 + DJ^2)^1/2) / 2 + PE
    Total System Jitter     (TSJ):    0.071ns
    Discrete Jitter          (DJ):    0.118ns
    Phase Error              (PE):    0.120ns

    Location             Delay type                Incr(ns)  Path(ns)    Netlist Resource(s)
  -------------------------------------------------------------------    -------------------
                         (clock pll_adc_clk rise edge)
                                                      0.000     0.000 r  
    U18                                               0.000     0.000 r  adc_clk_i[1] (IN)
                         net (fo=0)                   0.000     0.000    adc_clk_i[1]
    U18                  IBUFDS (Prop_ibufds_I_O)     0.983     0.983 r  i_clk/O
                         net (fo=1, estimated)        1.306     2.289    pll/clk
    PLLE2_ADV_X0Y0       PLLE2_ADV (Prop_plle2_adv_CLKIN1_CLKOUT0)
                                                      0.089     2.378 r  pll/pll/CLKOUT0
                         net (fo=1, estimated)        1.754     4.132    pll_adc_clk
    BUFGCTRL_X0Y0        BUFG (Prop_bufg_I_O)         0.101     4.233 r  bufg_adc_clk/O
                         net (fo=6732, estimated)     1.672     5.905    i_hk/clk_i
    SLICE_X21Y37         FDRE                                         r  i_hk/digital_loop_reg[1]/C
  -------------------------------------------------------------------    -------------------
    SLICE_X21Y37         FDRE (Prop_fdre_C_Q)         0.456     6.361 f  i_hk/digital_loop_reg[1]/Q
                         net (fo=3, estimated)        1.186     7.547    digital_loop[1]
    SLICE_X42Y37         LUT1 (Prop_lut1_I0_O)        0.124     7.671 r  dac_dat_a[13]_i_1/O
                         net (fo=28, estimated)       0.889     8.560    p_0_out
    SLICE_X42Y47         FDSE                                         r  dac_dat_a_reg[3]/S
  -------------------------------------------------------------------    -------------------

                         (clock pll_dac_clk_1x rise edge)
                                                      8.000     8.000 r  
    U18                                               0.000     8.000 r  adc_clk_i[1] (IN)
                         net (fo=0)                   0.000     8.000    adc_clk_i[1]
    U18                  IBUFDS (Prop_ibufds_I_O)     0.940     8.940 r  i_clk/O
                         net (fo=1, estimated)        1.241    10.181    pll/clk
    PLLE2_ADV_X0Y0       PLLE2_ADV (Prop_plle2_adv_CLKIN1_CLKOUT1)
                                                      0.084    10.265 r  pll/pll/CLKOUT1
                         net (fo=1, estimated)        1.666    11.931    pll_dac_clk_1x
    BUFGCTRL_X0Y4        BUFG (Prop_bufg_I_O)         0.091    12.022 r  bufg_dac_clk_1x/O
                         net (fo=45, estimated)       1.580    13.602    dac_clk_1x
    SLICE_X42Y47         FDSE                                         r  dac_dat_a_reg[3]/C
                         clock pessimism              0.113    13.715    
                         clock uncertainty           -0.189    13.527    
    SLICE_X42Y47         FDSE (Setup_fdse_C_S)       -0.524    13.003    dac_dat_a_reg[3]
  -------------------------------------------------------------------
                         required time                         13.003    
                         arrival time                          -8.560    
  -------------------------------------------------------------------
                         slack                                  4.442    





Min Delay Paths
--------------------------------------------------------------------------------------
Slack (VIOLATED) :        -0.064ns  (arrival time - required time)
  Source:                 rst_cnt_reg[6]/C
                            (rising edge-triggered cell FDRE clocked by pll_adc_clk  {rise@0.000ns fall@4.000ns period=8.000ns})
  Destination:            dac_rst_reg/D
                            (rising edge-triggered cell FDRE clocked by pll_dac_clk_1x  {rise@0.000ns fall@4.000ns period=8.000ns})
  Path Group:             pll_dac_clk_1x
  Path Type:              Hold (Min at Fast Process Corner)
  Requirement:            0.000ns  (pll_dac_clk_1x rise@0.000ns - pll_adc_clk rise@0.000ns)
  Data Path Delay:        0.529ns  (logic 0.186ns (35.181%)  route 0.343ns (64.819%))
  Logic Levels:           1  (LUT3=1)
  Clock Path Skew:        0.313ns (DCD - SCD - CPR)
    Destination Clock Delay (DCD):    2.731ns
    Source Clock Delay      (SCD):    2.354ns
    Clock Pessimism Removal (CPR):    0.063ns
  Clock Uncertainty:      0.189ns  ((TSJ^2 + DJ^2)^1/2) / 2 + PE
    Total System Jitter     (TSJ):    0.071ns
    Discrete Jitter          (DJ):    0.118ns
    Phase Error              (PE):    0.120ns

    Location             Delay type                Incr(ns)  Path(ns)    Netlist Resource(s)
  -------------------------------------------------------------------    -------------------
                         (clock pll_adc_clk rise edge)
                                                      0.000     0.000 r  
    U18                                               0.000     0.000 r  adc_clk_i[1] (IN)
                         net (fo=0)                   0.000     0.000    adc_clk_i[1]
    U18                  IBUFDS (Prop_ibufds_I_O)     0.401     0.401 r  i_clk/O
                         net (fo=1, estimated)        0.551     0.952    pll/clk
    PLLE2_ADV_X0Y0       PLLE2_ADV (Prop_plle2_adv_CLKIN1_CLKOUT0)
                                                      0.051     1.003 r  pll/pll/CLKOUT0
                         net (fo=1, estimated)        0.739     1.742    pll_adc_clk
    BUFGCTRL_X0Y0        BUFG (Prop_bufg_I_O)         0.026     1.768 r  bufg_adc_clk/O
                         net (fo=6732, estimated)     0.586     2.354    adc_clk
    SLICE_X43Y58         FDRE                                         r  rst_cnt_reg[6]/C
  -------------------------------------------------------------------    -------------------
    SLICE_X43Y58         FDRE (Prop_fdre_C_Q)         0.141     2.495 r  rst_cnt_reg[6]/Q
                         net (fo=3, estimated)        0.343     2.838    rst_cnt[6]
    SLICE_X43Y57         LUT3 (Prop_lut3_I1_O)        0.045     2.883 r  dac_rst_i_1/O
                         net (fo=1, routed)           0.000     2.883    dac_rst_reg0
    SLICE_X43Y57         FDRE                                         r  dac_rst_reg/D
  -------------------------------------------------------------------    -------------------

                         (clock pll_dac_clk_1x rise edge)
                                                      0.000     0.000 r  
    U18                                               0.000     0.000 r  adc_clk_i[1] (IN)
                         net (fo=0)                   0.000     0.000    adc_clk_i[1]
    U18                  IBUFDS (Prop_ibufds_I_O)     0.433     0.433 r  i_clk/O
                         net (fo=1, estimated)        0.579     1.012    pll/clk
    PLLE2_ADV_X0Y0       PLLE2_ADV (Prop_plle2_adv_CLKIN1_CLKOUT1)
                                                      0.054     1.066 r  pll/pll/CLKOUT1
                         net (fo=1, estimated)        0.778     1.845    pll_dac_clk_1x
    BUFGCTRL_X0Y4        BUFG (Prop_bufg_I_O)         0.029     1.874 r  bufg_dac_clk_1x/O
                         net (fo=45, estimated)       0.857     2.731    dac_clk_1x
    SLICE_X43Y57         FDRE                                         r  dac_rst_reg/C
                         clock pessimism             -0.063     2.667    
                         clock uncertainty            0.189     2.856    
    SLICE_X43Y57         FDRE (Hold_fdre_C_D)         0.091     2.947    dac_rst_reg
  -------------------------------------------------------------------
                         required time                         -2.947    
                         arrival time                           2.883    
  -------------------------------------------------------------------
                         slack                                 -0.064    





---------------------------------------------------------------------------------------------------
From Clock:  pll_adc_clk
  To Clock:  clk_fpga_0

Setup :            0  Failing Endpoints,  Worst Slack        0.859ns,  Total Violation        0.000ns
Hold  :            0  Failing Endpoints,  Worst Slack        1.278ns,  Total Violation        0.000ns
---------------------------------------------------------------------------------------------------


Max Delay Paths
--------------------------------------------------------------------------------------
Slack (MET) :             0.859ns  (required time - arrival time)
  Source:                 i_scope/i_cfg/sys_rdata_reg[11]/C
                            (rising edge-triggered cell FDRE clocked by pll_adc_clk  {rise@0.000ns fall@4.000ns period=8.000ns})
  Destination:            ps/axi_slave_gp0/axi\\.RDATA_reg[11]/D
                            (rising edge-triggered cell FDRE clocked by clk_fpga_0  {rise@0.000ns fall@4.000ns period=8.000ns})
  Path Group:             clk_fpga_0
  Path Type:              Setup (Max at Slow Process Corner)
  Requirement:            8.000ns  (clk_fpga_0 rise@8.000ns - pll_adc_clk rise@0.000ns)
  Data Path Delay:        3.797ns  (logic 1.170ns (30.814%)  route 2.627ns (69.186%))
  Logic Levels:           3  (LUT2=1 LUT5=1 MUXF7=1)
  Clock Path Skew:        -3.172ns (DCD - SCD + CPR)
    Destination Clock Delay (DCD):    2.736ns = ( 10.736 - 8.000 ) 
    Source Clock Delay      (SCD):    5.908ns
    Clock Pessimism Removal (CPR):    0.000ns
  Clock Uncertainty:      0.235ns  ((TSJ^2 + TIJ^2 + DJ^2)^1/2) / 2 + PE
    Total System Jitter     (TSJ):    0.071ns
    Total Input Jitter      (TIJ):    0.240ns
    Discrete Jitter          (DJ):    0.118ns
    Phase Error              (PE):    0.097ns
  Clock Domain Crossing:  Inter clock paths are considered valid unless explicitly excluded by timing constraints such as set_clock_groups or set_false_path.

    Location             Delay type                Incr(ns)  Path(ns)    Netlist Resource(s)
  -------------------------------------------------------------------    -------------------
                         (clock pll_adc_clk rise edge)
                                                      0.000     0.000 r  
    U18                                               0.000     0.000 r  adc_clk_i[1] (IN)
                         net (fo=0)                   0.000     0.000    adc_clk_i[1]
    U18                  IBUFDS (Prop_ibufds_I_O)     0.983     0.983 r  i_clk/O
                         net (fo=1, estimated)        1.306     2.289    pll/clk
    PLLE2_ADV_X0Y0       PLLE2_ADV (Prop_plle2_adv_CLKIN1_CLKOUT0)
                                                      0.089     2.378 r  pll/pll/CLKOUT0
                         net (fo=1, estimated)        1.754     4.132    pll_adc_clk
    BUFGCTRL_X0Y0        BUFG (Prop_bufg_I_O)         0.101     4.233 r  bufg_adc_clk/O
                         net (fo=6732, estimated)     1.675     5.908    i_scope/i_cfg/adc_clk_i
    SLICE_X26Y8          FDRE                                         r  i_scope/i_cfg/sys_rdata_reg[11]/C
  -------------------------------------------------------------------    -------------------
    SLICE_X26Y8          FDRE (Prop_fdre_C_Q)         0.456     6.364 r  i_scope/i_cfg/sys_rdata_reg[11]/Q
                         net (fo=1, estimated)        1.895     8.259    sys_bus_interconnect/for_bus[1].inst_sys_bus_cdc/bus_m\\.rdata[11]
    SLICE_X22Y35         LUT2 (Prop_lut2_I0_O)        0.150     8.409 r  sys_bus_interconnect/for_bus[1].inst_sys_bus_cdc/bus_s\\.rdata[11]_INST_0/O
                         net (fo=1, estimated)        0.732     9.141    sys_bus_interconnect/p_60_out[11]
    SLICE_X19Y35         LUT5 (Prop_lut5_I2_O)        0.326     9.467 r  sys_bus_interconnect/bus_m\\.rdata[11]_INST_0_i_1/O
                         net (fo=1, routed)           0.000     9.467    sys_bus_interconnect/bus_m\\.rdata[11]_INST_0_i_1_n_0
    SLICE_X19Y35         MUXF7 (Prop_muxf7_I0_O)      0.238     9.705 r  sys_bus_interconnect/bus_m\\.rdata[11]_INST_0/O
                         net (fo=1, routed)           0.000     9.705    ps/axi_slave_gp0/bus\\.rdata[11]
    SLICE_X19Y35         FDRE                                         r  ps/axi_slave_gp0/axi\\.RDATA_reg[11]/D
  -------------------------------------------------------------------    -------------------

                         (clock clk_fpga_0 rise edge)
                                                      8.000     8.000 r  
    PS7_X0Y0             PS7                          0.000     8.000 r  ps/system_i/processing_system7/inst/PS7_i/FCLKCLK[0]
                         net (fo=1, estimated)        1.147     9.147    ps/lopt
    BUFGCTRL_X0Y2        BUFG (Prop_bufg_I_O)         0.091     9.238 r  ps/fclk_buf[0]/O
                         net (fo=236, estimated)      1.498    10.736    ps/axi_slave_gp0/axi\\.ACLK
    SLICE_X19Y35         FDRE                                         r  ps/axi_slave_gp0/axi\\.RDATA_reg[11]/C
                         clock pessimism              0.000    10.736    
                         clock uncertainty           -0.235    10.500    
    SLICE_X19Y35         FDRE (Setup_fdre_C_D)        0.064    10.564    ps/axi_slave_gp0/axi\\.RDATA_reg[11]
  -------------------------------------------------------------------
                         required time                         10.564    
                         arrival time                          -9.705    
  -------------------------------------------------------------------
                         slack                                  0.859    





Min Delay Paths
--------------------------------------------------------------------------------------
Slack (MET) :             1.278ns  (arrival time - required time)
  Source:                 i_daisy/sys_rdata_o_reg[4]/C
                            (rising edge-triggered cell FDRE clocked by pll_adc_clk  {rise@0.000ns fall@4.000ns period=8.000ns})
  Destination:            ps/axi_slave_gp0/axi\\.RDATA_reg[4]/D
                            (rising edge-triggered cell FDRE clocked by clk_fpga_0  {rise@0.000ns fall@4.000ns period=8.000ns})
  Path Group:             clk_fpga_0
  Path Type:              Hold (Min at Fast Process Corner)
  Requirement:            0.000ns  (clk_fpga_0 rise@0.000ns - pll_adc_clk rise@0.000ns)
  Data Path Delay:        0.684ns  (logic 0.319ns (46.664%)  route 0.365ns (53.336%))
  Logic Levels:           3  (LUT2=1 LUT4=1 MUXF7=1)
  Clock Path Skew:        -0.935ns (DCD - SCD - CPR)
    Destination Clock Delay (DCD):    1.391ns
    Source Clock Delay      (SCD):    2.325ns
    Clock Pessimism Removal (CPR):    -0.000ns
  Clock Uncertainty:      0.235ns  ((TSJ^2 + TIJ^2 + DJ^2)^1/2) / 2 + PE
    Total System Jitter     (TSJ):    0.071ns
    Total Input Jitter      (TIJ):    0.240ns
    Discrete Jitter          (DJ):    0.118ns
    Phase Error              (PE):    0.097ns
  Clock Domain Crossing:  Inter clock paths are considered valid unless explicitly excluded by timing constraints such as set_clock_groups or set_false_path.

    Location             Delay type                Incr(ns)  Path(ns)    Netlist Resource(s)
  -------------------------------------------------------------------    -------------------
                         (clock pll_adc_clk rise edge)
                                                      0.000     0.000 r  
    U18                                               0.000     0.000 r  adc_clk_i[1] (IN)
                         net (fo=0)                   0.000     0.000    adc_clk_i[1]
    U18                  IBUFDS (Prop_ibufds_I_O)     0.401     0.401 r  i_clk/O
                         net (fo=1, estimated)        0.551     0.952    pll/clk
    PLLE2_ADV_X0Y0       PLLE2_ADV (Prop_plle2_adv_CLKIN1_CLKOUT0)
                                                      0.051     1.003 r  pll/pll/CLKOUT0
                         net (fo=1, estimated)        0.739     1.742    pll_adc_clk
    BUFGCTRL_X0Y0        BUFG (Prop_bufg_I_O)         0.026     1.768 r  bufg_adc_clk/O
                         net (fo=6732, estimated)     0.557     2.325    i_daisy/par_clk_i
    SLICE_X24Y34         FDRE                                         r  i_daisy/sys_rdata_o_reg[4]/C
  -------------------------------------------------------------------    -------------------
    SLICE_X24Y34         FDRE (Prop_fdre_C_Q)         0.164     2.489 r  i_daisy/sys_rdata_o_reg[4]/Q
                         net (fo=1, estimated)        0.179     2.668    sys_bus_interconnect/for_bus[5].inst_sys_bus_cdc/bus_m\\.rdata[4]
    SLICE_X24Y34         LUT2 (Prop_lut2_I1_O)        0.045     2.713 r  sys_bus_interconnect/for_bus[5].inst_sys_bus_cdc/bus_s\\.rdata[4]_INST_0/O
                         net (fo=1, estimated)        0.186     2.899    sys_bus_interconnect/p_24_out[4]
    SLICE_X21Y34         LUT4 (Prop_lut4_I3_O)        0.045     2.944 r  sys_bus_interconnect/bus_m\\.rdata[4]_INST_0_i_2/O
                         net (fo=1, routed)           0.000     2.944    sys_bus_interconnect/bus_m\\.rdata[4]_INST_0_i_2_n_0
    SLICE_X21Y34         MUXF7 (Prop_muxf7_I1_O)      0.065     3.009 r  sys_bus_interconnect/bus_m\\.rdata[4]_INST_0/O
                         net (fo=1, routed)           0.000     3.009    ps/axi_slave_gp0/bus\\.rdata[4]
    SLICE_X21Y34         FDRE                                         r  ps/axi_slave_gp0/axi\\.RDATA_reg[4]/D
  -------------------------------------------------------------------    -------------------

                         (clock clk_fpga_0 rise edge)
                                                      0.000     0.000 r  
    PS7_X0Y0             PS7                          0.000     0.000 r  ps/system_i/processing_system7/inst/PS7_i/FCLKCLK[0]
                         net (fo=1, estimated)        0.536     0.536    ps/lopt
    BUFGCTRL_X0Y2        BUFG (Prop_bufg_I_O)         0.029     0.565 r  ps/fclk_buf[0]/O
                         net (fo=236, estimated)      0.826     1.391    ps/axi_slave_gp0/axi\\.ACLK
    SLICE_X21Y34         FDRE                                         r  ps/axi_slave_gp0/axi\\.RDATA_reg[4]/C
                         clock pessimism              0.000     1.391    
                         clock uncertainty            0.235     1.626    
    SLICE_X21Y34         FDRE (Hold_fdre_C_D)         0.105     1.731    ps/axi_slave_gp0/axi\\.RDATA_reg[4]
  -------------------------------------------------------------------
                         required time                         -1.731    
                         arrival time                           3.009    
  -------------------------------------------------------------------
                         slack                                  1.278    





