Copyright 1986-2020 Xilinx, Inc. All Rights Reserved.
----------------------------------------------------------------------------------------------------------------
| Tool Version : Vivado v.2020.1 (lin64) Build 2902540 Wed May 27 19:54:35 MDT 2020
| Date         : Thu Aug 13 18:02:48 2026
| Host         : LoloVictus running 64-bit Ubuntu 20.04.3 LTS
| Command      : report_timing -file out/post_route_timing.rpt -sort_by group -max_paths 100 -path_type summary
| Design       : mca_red_pitaya_top
| Device       : 7z010-clg400
| Speed File   : -1  PRODUCTION 1.12 2019-11-22
----------------------------------------------------------------------------------------------------------------

Timing Report

Startpoint                     Endpoint                       Slack(ns)     
----------------------------------------------------------------------------
i_mca/i_feat/q_tot_reg[29]/C   i_mca/i_feat/cnt_rej_amp_o_reg[5]/CE
                                                              -0.294        
i_mca/i_feat/q_tot_reg[29]/C   i_mca/i_feat/cnt_rej_amp_o_reg[12]/CE
                                                              -0.226        
i_mca/i_feat/q_tot_reg[29]/C   i_mca/i_feat/cnt_rej_amp_o_reg[13]/CE
                                                              -0.226        
i_mca/i_feat/q_tot_reg[29]/C   i_mca/i_feat/cnt_rej_amp_o_reg[14]/CE
                                                              -0.226        
i_mca/i_feat/q_tot_reg[29]/C   i_mca/i_feat/cnt_rej_amp_o_reg[15]/CE
                                                              -0.226        
i_mca/i_feat/q_tot_reg[30]/C   i_mca/i_feat/cnt_rej_amp_o_reg[2]/CE
                                                              -0.203        
i_mca/i_feat/q_tot_reg[29]/C   i_mca/i_feat/cnt_rej_amp_o_reg[7]/CE
                                                              -0.194        
i_mca/i_feat/q_tot_reg[29]/C   i_mca/i_feat/cnt_rej_amp_o_reg[8]/CE
                                                              -0.193        
i_mca/i_feat/q_tot_reg[30]/C   i_mca/i_feat/cnt_rej_amp_o_reg[20]/CE
                                                              -0.144        
i_mca/i_feat/q_tot_reg[30]/C   i_mca/i_feat/cnt_rej_amp_o_reg[21]/CE
                                                              -0.144        
i_mca/i_feat/q_tot_reg[30]/C   i_mca/i_feat/cnt_rej_amp_o_reg[22]/CE
                                                              -0.144        
i_mca/i_feat/q_tot_reg[30]/C   i_mca/i_feat/cnt_rej_amp_o_reg[23]/CE
                                                              -0.144        
i_mca/i_feat/q_tot_reg[30]/C   i_mca/i_feat/cnt_rej_amp_o_reg[24]/CE
                                                              -0.091        
i_mca/i_feat/q_tot_reg[30]/C   i_mca/i_feat/cnt_rej_amp_o_reg[25]/CE
                                                              -0.091        
i_mca/i_feat/q_tot_reg[30]/C   i_mca/i_feat/cnt_rej_amp_o_reg[26]/CE
                                                              -0.091        
i_mca/i_feat/q_tot_reg[30]/C   i_mca/i_feat/cnt_rej_amp_o_reg[27]/CE
                                                              -0.091        
i_mca/i_feat/q_tot_reg[29]/C   i_mca/i_feat/cnt_rej_amp_o_reg[16]/CE
                                                              -0.086        
i_mca/i_feat/q_tot_reg[29]/C   i_mca/i_feat/cnt_rej_amp_o_reg[17]/CE
                                                              -0.086        
i_mca/i_feat/q_tot_reg[29]/C   i_mca/i_feat/cnt_rej_amp_o_reg[18]/CE
                                                              -0.086        
i_mca/i_feat/q_tot_reg[29]/C   i_mca/i_feat/cnt_rej_amp_o_reg[19]/CE
                                                              -0.086        
ps/system_i/xadc/inst/INTR_CTRLR_GEN_I.ip2bus_wrack_reg/C
                               ps/system_i/axi_protocol_converter_0/inst/gen_axilite.gen_b2s_conv.axilite_b2s/WR.aw_channel_0/cmd_translator_0/incr_cmd_0/axaddr_incr_reg[11]/D
                                                              -0.084        
ps/system_i/xadc/inst/INTR_CTRLR_GEN_I.ip2bus_wrack_reg/C
                               ps/system_i/axi_protocol_converter_0/inst/gen_axilite.gen_b2s_conv.axilite_b2s/WR.aw_channel_0/cmd_translator_0/incr_cmd_0/axaddr_incr_reg[6]/D
                                                              -0.081        
ps/system_i/xadc/inst/INTR_CTRLR_GEN_I.ip2bus_wrack_reg/C
                               ps/system_i/axi_protocol_converter_0/inst/gen_axilite.gen_b2s_conv.axilite_b2s/WR.aw_channel_0/cmd_translator_0/s_axburst_eq1_reg/D
                                                              -0.067        
ps/system_i/xadc/inst/INTR_CTRLR_GEN_I.ip2bus_wrack_reg/C
                               ps/system_i/axi_protocol_converter_0/inst/gen_axilite.gen_b2s_conv.axilite_b2s/WR.aw_channel_0/cmd_translator_0/incr_cmd_0/axaddr_incr_reg[9]/D
                                                              -0.063        
ps/system_i/axi_protocol_converter_0/inst/gen_axilite.gen_b2s_conv.axilite_b2s/SI_REG/aw.aw_pipe/m_payload_i_reg[8]/C
                               ps/system_i/xadc/inst/AXI_XADC_CORE_I/do_reg_reg[12]/CE
                                                              -0.055        
ps/system_i/axi_protocol_converter_0/inst/gen_axilite.gen_b2s_conv.axilite_b2s/SI_REG/aw.aw_pipe/m_payload_i_reg[8]/C
                               ps/system_i/xadc/inst/AXI_XADC_CORE_I/do_reg_reg[9]/CE
                                                              -0.055        
ps/system_i/xadc/inst/INTR_CTRLR_GEN_I.ip2bus_wrack_reg/C
                               ps/system_i/axi_protocol_converter_0/inst/gen_axilite.gen_b2s_conv.axilite_b2s/WR.aw_channel_0/cmd_translator_0/incr_cmd_0/axaddr_incr_reg[2]/CE
                                                              -0.046        
ps/system_i/xadc/inst/INTR_CTRLR_GEN_I.ip2bus_wrack_reg/C
                               ps/system_i/axi_protocol_converter_0/inst/gen_axilite.gen_b2s_conv.axilite_b2s/WR.aw_channel_0/cmd_translator_0/incr_cmd_0/axaddr_incr_reg[3]/CE
                                                              -0.046        
ps/system_i/xadc/inst/INTR_CTRLR_GEN_I.ip2bus_wrack_reg/C
                               ps/system_i/axi_protocol_converter_0/inst/gen_axilite.gen_b2s_conv.axilite_b2s/WR.aw_channel_0/cmd_translator_0/incr_cmd_0/axaddr_incr_reg[0]/CE
                                                              -0.042        
ps/system_i/xadc/inst/INTR_CTRLR_GEN_I.ip2bus_wrack_reg/C
                               ps/system_i/axi_protocol_converter_0/inst/gen_axilite.gen_b2s_conv.axilite_b2s/WR.aw_channel_0/cmd_translator_0/incr_cmd_0/axaddr_incr_reg[1]/CE
                                                              -0.042        
ps/system_i/axi_protocol_converter_0/inst/gen_axilite.gen_b2s_conv.axilite_b2s/SI_REG/aw.aw_pipe/m_payload_i_reg[8]/C
                               ps/system_i/xadc/inst/AXI_XADC_CORE_I/do_reg_reg[13]/CE
                                                              -0.039        
ps/system_i/axi_protocol_converter_0/inst/gen_axilite.gen_b2s_conv.axilite_b2s/SI_REG/aw.aw_pipe/m_payload_i_reg[8]/C
                               ps/system_i/xadc/inst/AXI_XADC_CORE_I/do_reg_reg[2]/CE
                                                              -0.039        
ps/system_i/axi_protocol_converter_0/inst/gen_axilite.gen_b2s_conv.axilite_b2s/SI_REG/aw.aw_pipe/m_payload_i_reg[8]/C
                               ps/system_i/xadc/inst/AXI_XADC_CORE_I/do_reg_reg[3]/CE
                                                              -0.039        
ps/system_i/axi_protocol_converter_0/inst/gen_axilite.gen_b2s_conv.axilite_b2s/SI_REG/aw.aw_pipe/m_payload_i_reg[8]/C
                               ps/system_i/xadc/inst/AXI_XADC_CORE_I/do_reg_reg[4]/CE
                                                              -0.039        
ps/system_i/axi_protocol_converter_0/inst/gen_axilite.gen_b2s_conv.axilite_b2s/SI_REG/aw.aw_pipe/m_payload_i_reg[8]/C
                               ps/system_i/xadc/inst/AXI_XADC_CORE_I/do_reg_reg[5]/CE
                                                              -0.039        
ps/system_i/axi_protocol_converter_0/inst/gen_axilite.gen_b2s_conv.axilite_b2s/SI_REG/aw.aw_pipe/m_payload_i_reg[8]/C
                               ps/system_i/xadc/inst/AXI_XADC_CORE_I/do_reg_reg[6]/CE
                                                              -0.039        
ps/system_i/axi_protocol_converter_0/inst/gen_axilite.gen_b2s_conv.axilite_b2s/SI_REG/aw.aw_pipe/m_payload_i_reg[8]/C
                               ps/system_i/xadc/inst/AXI_XADC_CORE_I/do_reg_reg[7]/CE
                                                              -0.039        
ps/system_i/axi_protocol_converter_0/inst/gen_axilite.gen_b2s_conv.axilite_b2s/SI_REG/aw.aw_pipe/m_payload_i_reg[8]/C
                               ps/system_i/xadc/inst/AXI_XADC_CORE_I/do_reg_reg[8]/CE
                                                              -0.039        
ps/system_i/axi_protocol_converter_0/inst/gen_axilite.gen_b2s_conv.axilite_b2s/SI_REG/aw.aw_pipe/m_payload_i_reg[8]/C
                               ps/system_i/xadc/inst/AXI_XADC_CORE_I/status_reg_reg[0]/CE
                                                              -0.023        
ps/system_i/axi_protocol_converter_0/inst/gen_axilite.gen_b2s_conv.axilite_b2s/SI_REG/aw.aw_pipe/m_payload_i_reg[8]/C
                               ps/system_i/xadc/inst/AXI_XADC_CORE_I/status_reg_reg[10]/CE
                                                              -0.023        
ps/system_i/axi_protocol_converter_0/inst/gen_axilite.gen_b2s_conv.axilite_b2s/SI_REG/aw.aw_pipe/m_payload_i_reg[8]/C
                               ps/system_i/xadc/inst/AXI_XADC_CORE_I/status_reg_reg[1]/CE
                                                              -0.023        
ps/system_i/axi_protocol_converter_0/inst/gen_axilite.gen_b2s_conv.axilite_b2s/SI_REG/aw.aw_pipe/m_payload_i_reg[8]/C
                               ps/system_i/xadc/inst/AXI_XADC_CORE_I/status_reg_reg[2]/CE
                                                              -0.023        
ps/system_i/axi_protocol_converter_0/inst/gen_axilite.gen_b2s_conv.axilite_b2s/SI_REG/aw.aw_pipe/m_payload_i_reg[8]/C
                               ps/system_i/xadc/inst/AXI_XADC_CORE_I/status_reg_reg[3]/CE
                                                              -0.023        
ps/system_i/axi_protocol_converter_0/inst/gen_axilite.gen_b2s_conv.axilite_b2s/SI_REG/aw.aw_pipe/m_payload_i_reg[8]/C
                               ps/system_i/xadc/inst/AXI_XADC_CORE_I/status_reg_reg[4]/CE
                                                              -0.023        
ps/system_i/axi_protocol_converter_0/inst/gen_axilite.gen_b2s_conv.axilite_b2s/SI_REG/aw.aw_pipe/m_payload_i_reg[8]/C
                               ps/system_i/xadc/inst/AXI_XADC_CORE_I/status_reg_reg[7]/CE
                                                              -0.023        
ps/system_i/axi_protocol_converter_0/inst/gen_axilite.gen_b2s_conv.axilite_b2s/SI_REG/aw.aw_pipe/m_payload_i_reg[8]/C
                               ps/system_i/xadc/inst/AXI_XADC_CORE_I/status_reg_reg[8]/CE
                                                              -0.023        
ps/system_i/xadc/inst/INTR_CTRLR_GEN_I.ip2bus_wrack_reg/C
                               ps/system_i/axi_protocol_converter_0/inst/gen_axilite.gen_b2s_conv.axilite_b2s/WR.aw_channel_0/cmd_translator_0/incr_cmd_0/axaddr_incr_reg[8]/D
                                                              -0.022        
ps/system_i/xadc/inst/INTR_CTRLR_GEN_I.ip2bus_wrack_reg/C
                               ps/system_i/axi_protocol_converter_0/inst/gen_axilite.gen_b2s_conv.axilite_b2s/WR.aw_channel_0/cmd_translator_0/incr_cmd_0/axaddr_incr_reg[2]/D
                                                              -0.015        
i_mca/g_hist_2d.i_hist_2d/a1_reg[5]/C
                               i_mca/g_hist_2d.i_hist_2d/wdata2_reg[29]/D
                                                              -0.013        
i_mca/i_feat/q_tot_reg[30]/C   i_mca/i_feat/cnt_rej_amp_o_reg[10]/CE
                                                              0.007         
i_mca/i_feat/q_tot_reg[30]/C   i_mca/i_feat/cnt_rej_amp_o_reg[11]/CE
                                                              0.007         
i_mca/i_feat/q_tot_reg[30]/C   i_mca/i_feat/cnt_rej_amp_o_reg[9]/CE
                                                              0.007         
i_mca/g_hist_2d.i_hist_2d/a1_reg[5]/C
                               i_mca/g_hist_2d.i_hist_2d/wdata2_reg[31]/D
                                                              0.008         
ps/system_i/axi_protocol_converter_0/inst/gen_axilite.gen_b2s_conv.axilite_b2s/WR.aw_channel_0/aw_cmd_fsm_0/FSM_sequential_state_reg[0]/C
                               ps/system_i/axi_protocol_converter_0/inst/gen_axilite.gen_b2s_conv.axilite_b2s/WR.aw_channel_0/cmd_translator_0/wrap_cmd_0/wrap_cnt_r_reg[3]/D
                                                              0.015         
ps/system_i/xadc/inst/INTR_CTRLR_GEN_I.ip2bus_wrack_reg/C
                               ps/system_i/axi_protocol_converter_0/inst/gen_axilite.gen_b2s_conv.axilite_b2s/WR.aw_channel_0/cmd_translator_0/incr_cmd_0/axaddr_incr_reg[5]/D
                                                              0.017         
ps/system_i/xadc/inst/INTR_CTRLR_GEN_I.ip2bus_wrack_reg/C
                               ps/system_i/axi_protocol_converter_0/inst/gen_axilite.gen_b2s_conv.axilite_b2s/WR.aw_channel_0/cmd_translator_0/incr_cmd_0/axaddr_incr_reg[7]/D
                                                              0.030         
ps/system_i/axi_protocol_converter_0/inst/gen_axilite.gen_b2s_conv.axilite_b2s/WR.aw_channel_0/cmd_translator_0/incr_cmd_0/sel_first_reg/C
                               ps/system_i/xadc/inst/AXI_XADC_CORE_I/alarm_reg_reg[3]/CE
                                                              0.030         
ps/system_i/xadc/inst/INTR_CTRLR_GEN_I.ip2bus_wrack_reg/C
                               ps/system_i/axi_protocol_converter_0/inst/gen_axilite.gen_b2s_conv.axilite_b2s/WR.aw_channel_0/cmd_translator_0/incr_cmd_0/axaddr_incr_reg[10]/D
                                                              0.030         
i_mca/i_feat/q_tot_reg[29]/C   i_mca/i_feat/cnt_rej_amp_o_reg[0]/CE
                                                              0.035         
i_mca/i_feat/q_tot_reg[29]/C   i_mca/i_feat/cnt_rej_amp_o_reg[1]/CE
                                                              0.035         
i_mca/i_feat/q_tot_reg[29]/C   i_mca/i_feat/cnt_rej_amp_o_reg[3]/CE
                                                              0.035         
ps/system_i/axi_protocol_converter_0/inst/gen_axilite.gen_b2s_conv.axilite_b2s/WR.aw_channel_0/cmd_translator_0/incr_cmd_0/sel_first_reg/C
                               ps/system_i/xadc/inst/AXI_XADC_CORE_I/alarm_reg_reg[0]/CE
                                                              0.040         
ps/system_i/axi_protocol_converter_0/inst/gen_axilite.gen_b2s_conv.axilite_b2s/WR.aw_channel_0/cmd_translator_0/incr_cmd_0/sel_first_reg/C
                               ps/system_i/xadc/inst/AXI_XADC_CORE_I/alarm_reg_reg[1]/CE
                                                              0.040         
ps/system_i/axi_protocol_converter_0/inst/gen_axilite.gen_b2s_conv.axilite_b2s/WR.aw_channel_0/cmd_translator_0/incr_cmd_0/sel_first_reg/C
                               ps/system_i/xadc/inst/AXI_XADC_CORE_I/alarm_reg_reg[2]/CE
                                                              0.040         
ps/system_i/axi_protocol_converter_0/inst/gen_axilite.gen_b2s_conv.axilite_b2s/WR.aw_channel_0/cmd_translator_0/incr_cmd_0/sel_first_reg/C
                               ps/system_i/xadc/inst/AXI_XADC_CORE_I/alarm_reg_reg[4]/CE
                                                              0.040         
ps/system_i/axi_protocol_converter_0/inst/gen_axilite.gen_b2s_conv.axilite_b2s/WR.aw_channel_0/cmd_translator_0/incr_cmd_0/sel_first_reg/C
                               ps/system_i/xadc/inst/AXI_XADC_CORE_I/alarm_reg_reg[5]/CE
                                                              0.040         
ps/system_i/axi_protocol_converter_0/inst/gen_axilite.gen_b2s_conv.axilite_b2s/WR.aw_channel_0/cmd_translator_0/incr_cmd_0/sel_first_reg/C
                               ps/system_i/xadc/inst/AXI_XADC_CORE_I/alarm_reg_reg[6]/CE
                                                              0.040         
ps/system_i/axi_protocol_converter_0/inst/gen_axilite.gen_b2s_conv.axilite_b2s/WR.aw_channel_0/cmd_translator_0/incr_cmd_0/sel_first_reg/C
                               ps/system_i/xadc/inst/AXI_XADC_CORE_I/alarm_reg_reg[7]/CE
                                                              0.040         
ps/system_i/axi_protocol_converter_0/inst/gen_axilite.gen_b2s_conv.axilite_b2s/WR.aw_channel_0/cmd_translator_0/incr_cmd_0/sel_first_reg/C
                               ps/system_i/xadc/inst/AXI_XADC_CORE_I/alarm_reg_reg[8]/CE
                                                              0.040         
pdm/for_chn[1].acu_reg[0]/C    pdm/for_chn[1].pdm_reg[1]/D    0.059         
i_mca/i_feat/q_tot_reg[29]/C   i_mca/i_feat/cnt_rej_amp_o_reg[4]/CE
                                                              0.069         
i_mca/i_feat/q_tot_reg[29]/C   i_mca/i_feat/cnt_rej_amp_o_reg[6]/CE
                                                              0.069         
ps/system_i/xadc/inst/INTR_CTRLR_GEN_I.ip2bus_wrack_reg/C
                               ps/system_i/axi_protocol_converter_0/inst/gen_axilite.gen_b2s_conv.axilite_b2s/WR.aw_channel_0/cmd_translator_0/incr_cmd_0/axaddr_incr_reg[4]/CE
                                                              0.080         
ps/system_i/xadc/inst/INTR_CTRLR_GEN_I.ip2bus_wrack_reg/C
                               ps/system_i/axi_protocol_converter_0/inst/gen_axilite.gen_b2s_conv.axilite_b2s/WR.aw_channel_0/cmd_translator_0/incr_cmd_0/axaddr_incr_reg[7]/CE
                                                              0.080         
ps/system_i/xadc/inst/INTR_CTRLR_GEN_I.ip2bus_wrack_reg/C
                               ps/system_i/axi_protocol_converter_0/inst/gen_axilite.gen_b2s_conv.axilite_b2s/WR.aw_channel_0/cmd_translator_0/incr_cmd_0/axaddr_incr_reg[8]/CE
                                                              0.080         
i_mca/i_feat/q_tot_reg[30]/C   i_mca/i_feat/cnt_rej_amp_o_reg[28]/CE
                                                              0.081         
i_mca/i_feat/q_tot_reg[30]/C   i_mca/i_feat/cnt_rej_amp_o_reg[29]/CE
                                                              0.081         
i_mca/i_feat/q_tot_reg[30]/C   i_mca/i_feat/cnt_rej_amp_o_reg[30]/CE
                                                              0.081         
i_mca/i_feat/q_tot_reg[30]/C   i_mca/i_feat/cnt_rej_amp_o_reg[31]/CE
                                                              0.081         
i_mca/g_hist_2d.i_hist_2d/a1_reg[5]/C
                               i_mca/g_hist_2d.i_hist_2d/wdata2_reg[30]/D
                                                              0.082         
i_mca/g_hist_2d.i_hist_2d/a1_reg[5]/C
                               i_mca/g_hist_2d.i_hist_2d/wdata2_reg[28]/D
                                                              0.098         
i_mca/g_hist_2d.i_hist_2d/a1_reg[5]/C
                               i_mca/g_hist_2d.i_hist_2d/wdata2_reg[25]/D
                                                              0.100         
i_mca/g_hist_2d.i_hist_2d/a1_reg[5]/C
                               i_mca/g_hist_2d.i_hist_2d/wdata2_reg[27]/D
                                                              0.121         
pdm/for_chn[3].acu_reg[1]/C    pdm/for_chn[3].pdm_reg[3]/D    0.136         
ps/system_i/axi_protocol_converter_0/inst/gen_axilite.gen_b2s_conv.axilite_b2s/WR.aw_channel_0/cmd_translator_0/incr_cmd_0/sel_first_reg/C
                               ps/system_i/xadc/inst/AXI_XADC_CORE_I/do_reg_reg[1]/CE
                                                              0.140         
ps/system_i/xadc/inst/INTR_CTRLR_GEN_I.ip2bus_wrack_reg/C
                               ps/system_i/axi_protocol_converter_0/inst/gen_axilite.gen_b2s_conv.axilite_b2s/WR.aw_channel_0/cmd_translator_0/incr_cmd_0/axaddr_incr_reg[4]/D
                                                              0.141         
ps/system_i/xadc/inst/INTR_CTRLR_GEN_I.ip2bus_wrack_reg/C
                               ps/system_i/axi_protocol_converter_0/inst/gen_axilite.gen_b2s_conv.axilite_b2s/WR.aw_channel_0/cmd_translator_0/incr_cmd_0/axaddr_incr_reg[10]/CE
                                                              0.142         
ps/system_i/xadc/inst/INTR_CTRLR_GEN_I.ip2bus_wrack_reg/C
                               ps/system_i/axi_protocol_converter_0/inst/gen_axilite.gen_b2s_conv.axilite_b2s/WR.aw_channel_0/cmd_translator_0/incr_cmd_0/axaddr_incr_reg[9]/CE
                                                              0.142         
ps/system_i/axi_protocol_converter_0/inst/gen_axilite.gen_b2s_conv.axilite_b2s/WR.aw_channel_0/cmd_translator_0/incr_cmd_0/sel_first_reg/C
                               ps/system_i/xadc/inst/AXI_XADC_CORE_I/do_reg_reg[0]/CE
                                                              0.146         
ps/system_i/axi_protocol_converter_0/inst/gen_axilite.gen_b2s_conv.axilite_b2s/WR.aw_channel_0/cmd_translator_0/incr_cmd_0/sel_first_reg/C
                               ps/system_i/xadc/inst/AXI_XADC_CORE_I/do_reg_reg[10]/CE
                                                              0.146         
ps/system_i/axi_protocol_converter_0/inst/gen_axilite.gen_b2s_conv.axilite_b2s/WR.aw_channel_0/cmd_translator_0/incr_cmd_0/sel_first_reg/C
                               ps/system_i/xadc/inst/AXI_XADC_CORE_I/do_reg_reg[11]/CE
                                                              0.146         
ps/system_i/axi_protocol_converter_0/inst/gen_axilite.gen_b2s_conv.axilite_b2s/WR.aw_channel_0/cmd_translator_0/incr_cmd_0/sel_first_reg/C
                               ps/system_i/xadc/inst/AXI_XADC_CORE_I/do_reg_reg[14]/CE
                                                              0.146         
ps/system_i/axi_protocol_converter_0/inst/gen_axilite.gen_b2s_conv.axilite_b2s/WR.aw_channel_0/cmd_translator_0/incr_cmd_0/sel_first_reg/C
                               ps/system_i/xadc/inst/AXI_XADC_CORE_I/do_reg_reg[15]/CE
                                                              0.146         
ps/system_i/axi_protocol_converter_0/inst/gen_axilite.gen_b2s_conv.axilite_b2s/RD.ar_channel_0/ar_cmd_fsm_0/FSM_sequential_state_reg[1]/C
                               ps/system_i/axi_protocol_converter_0/inst/gen_axilite.gen_b2s_conv.axilite_b2s/RD.ar_channel_0/cmd_translator_0/wrap_cmd_0/wrap_cnt_r_reg[0]/CE
                                                              0.150         
ps/system_i/axi_protocol_converter_0/inst/gen_axilite.gen_b2s_conv.axilite_b2s/RD.ar_channel_0/ar_cmd_fsm_0/FSM_sequential_state_reg[1]/C
                               ps/system_i/axi_protocol_converter_0/inst/gen_axilite.gen_b2s_conv.axilite_b2s/RD.ar_channel_0/cmd_translator_0/wrap_cmd_0/wrap_cnt_r_reg[1]/CE
                                                              0.150         
ps/system_i/axi_protocol_converter_0/inst/gen_axilite.gen_b2s_conv.axilite_b2s/RD.ar_channel_0/ar_cmd_fsm_0/FSM_sequential_state_reg[1]/C
                               ps/system_i/axi_protocol_converter_0/inst/gen_axilite.gen_b2s_conv.axilite_b2s/RD.ar_channel_0/cmd_translator_0/wrap_cmd_0/wrap_cnt_r_reg[2]/CE
                                                              0.150         
i_mca/g_hist_h.i_hist_h/mem_reg_4/CLKBWRCLK
                               i_mca/g_hist_h.i_hist_h/wdata2_reg[29]/D
                                                              0.158         
i_mca/g_hist_h.i_hist_h/mem_reg_4/CLKBWRCLK
                               i_mca/g_hist_h.i_hist_h/wdata2_reg[31]/D
                                                              0.166         
i_mca/g_hist_2d.i_hist_2d/a1_reg[5]/C
                               i_mca/g_hist_2d.i_hist_2d/wdata2_reg[26]/D
                                                              0.195         
i_mca/i_feat/q_tot_reg[30]/C   i_mca/i_feat/hold_amp_reg[13]/CE
                                                              0.211         
i_mca/i_feat/q_tot_reg[30]/C   i_mca/i_feat/hold_amp_reg[3]/CE
                                                              0.211         
i_mca/i_feat/q_tot_reg[30]/C   i_mca/i_feat/hold_amp_reg[5]/CE
                                                              0.211         
i_mca/i_feat/q_tot_reg[30]/C   i_mca/i_feat/hold_amp_reg[6]/CE
                                                              0.211         
i_mca/i_feat/q_tot_reg[30]/C   i_mca/i_feat/hold_amp_reg[7]/CE
                                                              0.211         
i_mca/i_feat/q_tot_reg[30]/C   i_mca/i_feat/hold_amp_reg[9]/CE
                                                              0.211         
i_mca/g_hist_2d.i_hist_2d/a1_reg[5]/C
                               i_mca/g_hist_2d.i_hist_2d/wdata2_reg[24]/D
                                                              0.211         
i_mca/g_hist_2d.i_hist_2d/a1_reg[5]/C
                               i_mca/g_hist_2d.i_hist_2d/wdata2_reg[21]/D
                                                              0.214         
ps/system_i/xadc/inst/INTR_CTRLR_GEN_I.ip2bus_wrack_reg/C
                               ps/system_i/axi_protocol_converter_0/inst/gen_axilite.gen_b2s_conv.axilite_b2s/WR.aw_channel_0/cmd_translator_0/incr_cmd_0/axaddr_incr_reg[3]/D
                                                              0.228         
i_mca/g_hist_2d.i_hist_2d/a1_reg[5]/C
                               i_mca/g_hist_2d.i_hist_2d/wdata2_reg[23]/D
                                                              0.235         
ps/system_i/axi_protocol_converter_0/inst/gen_axilite.gen_b2s_conv.axilite_b2s/SI_REG/aw.aw_pipe/m_payload_i_reg[39]/C
                               ps/system_i/axi_protocol_converter_0/inst/gen_axilite.gen_b2s_conv.axilite_b2s/WR.aw_channel_0/cmd_translator_0/s_axburst_eq1_reg/CE
                                                              0.240         
i_mca/g_hist_h.i_hist_h/mem_reg_4/CLKBWRCLK
                               i_mca/g_hist_h.i_hist_h/wdata2_reg[30]/D
                                                              0.242         
ps/system_i/xadc/inst/INTR_CTRLR_GEN_I.ip2bus_wrack_reg/C
                               ps/system_i/axi_protocol_converter_0/inst/gen_axilite.gen_b2s_conv.axilite_b2s/WR.aw_channel_0/cmd_translator_0/incr_cmd_0/axaddr_incr_reg[5]/CE
                                                              0.246         
ps/system_i/xadc/inst/INTR_CTRLR_GEN_I.ip2bus_wrack_reg/C
                               ps/system_i/axi_protocol_converter_0/inst/gen_axilite.gen_b2s_conv.axilite_b2s/WR.aw_channel_0/cmd_translator_0/incr_cmd_0/axaddr_incr_reg[6]/CE
                                                              0.246         
i_scope/genblk2[0].i_calib_ch/offset_calc_r_reg[14]/C
                               i_scope/genblk2[0].i_calib_ch/gain_calc_r1__0/PCIN[0]
                                                              0.249         
i_scope/genblk2[0].i_calib_ch/offset_calc_r_reg[14]/C
                               i_scope/genblk2[0].i_calib_ch/gain_calc_r1__0/PCIN[10]
                                                              0.249         
i_scope/genblk2[0].i_calib_ch/offset_calc_r_reg[14]/C
                               i_scope/genblk2[0].i_calib_ch/gain_calc_r1__0/PCIN[11]
                                                              0.249         
i_scope/genblk2[0].i_calib_ch/offset_calc_r_reg[14]/C
                               i_scope/genblk2[0].i_calib_ch/gain_calc_r1__0/PCIN[12]
                                                              0.249         
i_scope/genblk2[0].i_calib_ch/offset_calc_r_reg[14]/C
                               i_scope/genblk2[0].i_calib_ch/gain_calc_r1__0/PCIN[13]
                                                              0.249         
i_scope/genblk2[0].i_calib_ch/offset_calc_r_reg[14]/C
                               i_scope/genblk2[0].i_calib_ch/gain_calc_r1__0/PCIN[14]
                                                              0.249         
i_scope/genblk2[0].i_calib_ch/offset_calc_r_reg[14]/C
                               i_scope/genblk2[0].i_calib_ch/gain_calc_r1__0/PCIN[15]
                                                              0.249         
i_scope/genblk2[0].i_calib_ch/offset_calc_r_reg[14]/C
                               i_scope/genblk2[0].i_calib_ch/gain_calc_r1__0/PCIN[16]
                                                              0.249         
i_scope/genblk2[0].i_calib_ch/offset_calc_r_reg[14]/C
                               i_scope/genblk2[0].i_calib_ch/gain_calc_r1__0/PCIN[17]
                                                              0.249         
i_scope/genblk2[0].i_calib_ch/offset_calc_r_reg[14]/C
                               i_scope/genblk2[0].i_calib_ch/gain_calc_r1__0/PCIN[18]
                                                              0.249         
i_scope/genblk2[0].i_calib_ch/offset_calc_r_reg[14]/C
                               i_scope/genblk2[0].i_calib_ch/gain_calc_r1__0/PCIN[19]
                                                              0.249         
i_scope/genblk2[0].i_calib_ch/offset_calc_r_reg[14]/C
                               i_scope/genblk2[0].i_calib_ch/gain_calc_r1__0/PCIN[1]
                                                              0.249         
i_scope/genblk2[0].i_calib_ch/offset_calc_r_reg[14]/C
                               i_scope/genblk2[0].i_calib_ch/gain_calc_r1__0/PCIN[20]
                                                              0.249         
i_scope/genblk2[0].i_calib_ch/offset_calc_r_reg[14]/C
                               i_scope/genblk2[0].i_calib_ch/gain_calc_r1__0/PCIN[21]
                                                              0.249         
i_scope/genblk2[0].i_calib_ch/offset_calc_r_reg[14]/C
                               i_scope/genblk2[0].i_calib_ch/gain_calc_r1__0/PCIN[22]
                                                              0.249         
i_scope/genblk2[0].i_calib_ch/offset_calc_r_reg[14]/C
                               i_scope/genblk2[0].i_calib_ch/gain_calc_r1__0/PCIN[23]
                                                              0.249         
i_scope/genblk2[0].i_calib_ch/offset_calc_r_reg[14]/C
                               i_scope/genblk2[0].i_calib_ch/gain_calc_r1__0/PCIN[24]
                                                              0.249         
i_scope/genblk2[0].i_calib_ch/offset_calc_r_reg[14]/C
                               i_scope/genblk2[0].i_calib_ch/gain_calc_r1__0/PCIN[25]
                                                              0.249         
i_scope/genblk2[0].i_calib_ch/offset_calc_r_reg[14]/C
                               i_scope/genblk2[0].i_calib_ch/gain_calc_r1__0/PCIN[26]
                                                              0.249         
i_scope/genblk2[0].i_calib_ch/offset_calc_r_reg[14]/C
                               i_scope/genblk2[0].i_calib_ch/gain_calc_r1__0/PCIN[27]
                                                              0.249         
i_scope/genblk2[0].i_calib_ch/offset_calc_r_reg[14]/C
                               i_scope/genblk2[0].i_calib_ch/gain_calc_r1__0/PCIN[28]
                                                              0.249         
i_scope/genblk2[0].i_calib_ch/offset_calc_r_reg[14]/C
                               i_scope/genblk2[0].i_calib_ch/gain_calc_r1__0/PCIN[29]
                                                              0.249         
i_scope/genblk2[0].i_calib_ch/offset_calc_r_reg[14]/C
                               i_scope/genblk2[0].i_calib_ch/gain_calc_r1__0/PCIN[2]
                                                              0.249         
i_scope/genblk2[0].i_calib_ch/offset_calc_r_reg[14]/C
                               i_scope/genblk2[0].i_calib_ch/gain_calc_r1__0/PCIN[30]
                                                              0.249         
i_scope/genblk2[0].i_calib_ch/offset_calc_r_reg[14]/C
                               i_scope/genblk2[0].i_calib_ch/gain_calc_r1__0/PCIN[31]
                                                              0.249         
i_scope/genblk2[0].i_calib_ch/offset_calc_r_reg[14]/C
                               i_scope/genblk2[0].i_calib_ch/gain_calc_r1__0/PCIN[32]
                                                              0.249         
i_scope/genblk2[0].i_calib_ch/offset_calc_r_reg[14]/C
                               i_scope/genblk2[0].i_calib_ch/gain_calc_r1__0/PCIN[33]
                                                              0.249         
i_scope/genblk2[0].i_calib_ch/offset_calc_r_reg[14]/C
                               i_scope/genblk2[0].i_calib_ch/gain_calc_r1__0/PCIN[34]
                                                              0.249         
i_scope/genblk2[0].i_calib_ch/offset_calc_r_reg[14]/C
                               i_scope/genblk2[0].i_calib_ch/gain_calc_r1__0/PCIN[35]
                                                              0.249         
i_scope/genblk2[0].i_calib_ch/offset_calc_r_reg[14]/C
                               i_scope/genblk2[0].i_calib_ch/gain_calc_r1__0/PCIN[36]
                                                              0.249         
i_scope/genblk2[0].i_calib_ch/offset_calc_r_reg[14]/C
                               i_scope/genblk2[0].i_calib_ch/gain_calc_r1__0/PCIN[37]
                                                              0.249         
i_scope/genblk2[0].i_calib_ch/offset_calc_r_reg[14]/C
                               i_scope/genblk2[0].i_calib_ch/gain_calc_r1__0/PCIN[38]
                                                              0.249         
i_scope/genblk2[0].i_calib_ch/offset_calc_r_reg[14]/C
                               i_scope/genblk2[0].i_calib_ch/gain_calc_r1__0/PCIN[39]
                                                              0.249         
i_scope/genblk2[0].i_calib_ch/offset_calc_r_reg[14]/C
                               i_scope/genblk2[0].i_calib_ch/gain_calc_r1__0/PCIN[3]
                                                              0.249         
i_scope/genblk2[0].i_calib_ch/offset_calc_r_reg[14]/C
                               i_scope/genblk2[0].i_calib_ch/gain_calc_r1__0/PCIN[40]
                                                              0.249         
i_scope/genblk2[0].i_calib_ch/offset_calc_r_reg[14]/C
                               i_scope/genblk2[0].i_calib_ch/gain_calc_r1__0/PCIN[41]
                                                              0.249         
i_scope/genblk2[0].i_calib_ch/offset_calc_r_reg[14]/C
                               i_scope/genblk2[0].i_calib_ch/gain_calc_r1__0/PCIN[42]
                                                              0.249         
i_scope/genblk2[0].i_calib_ch/offset_calc_r_reg[14]/C
                               i_scope/genblk2[0].i_calib_ch/gain_calc_r1__0/PCIN[43]
                                                              0.249         
i_scope/genblk2[0].i_calib_ch/offset_calc_r_reg[14]/C
                               i_scope/genblk2[0].i_calib_ch/gain_calc_r1__0/PCIN[44]
                                                              0.249         
i_scope/genblk2[0].i_calib_ch/offset_calc_r_reg[14]/C
                               i_scope/genblk2[0].i_calib_ch/gain_calc_r1__0/PCIN[45]
                                                              0.249         
i_scope/genblk2[0].i_calib_ch/offset_calc_r_reg[14]/C
                               i_scope/genblk2[0].i_calib_ch/gain_calc_r1__0/PCIN[46]
                                                              0.249         
i_scope/genblk2[0].i_calib_ch/offset_calc_r_reg[14]/C
                               i_scope/genblk2[0].i_calib_ch/gain_calc_r1__0/PCIN[47]
                                                              0.249         
i_scope/genblk2[0].i_calib_ch/offset_calc_r_reg[14]/C
                               i_scope/genblk2[0].i_calib_ch/gain_calc_r1__0/PCIN[4]
                                                              0.249         
i_scope/genblk2[0].i_calib_ch/offset_calc_r_reg[14]/C
                               i_scope/genblk2[0].i_calib_ch/gain_calc_r1__0/PCIN[5]
                                                              0.249         
i_scope/genblk2[0].i_calib_ch/offset_calc_r_reg[14]/C
                               i_scope/genblk2[0].i_calib_ch/gain_calc_r1__0/PCIN[6]
                                                              0.249         
i_scope/genblk2[0].i_calib_ch/offset_calc_r_reg[14]/C
                               i_scope/genblk2[0].i_calib_ch/gain_calc_r1__0/PCIN[7]
                                                              0.249         
i_scope/genblk2[0].i_calib_ch/offset_calc_r_reg[14]/C
                               i_scope/genblk2[0].i_calib_ch/gain_calc_r1__0/PCIN[8]
                                                              0.249         
ps/system_i/axi_protocol_converter_0/inst/gen_axilite.gen_b2s_conv.axilite_b2s/SI_REG/aw.aw_pipe/m_payload_i_reg[8]/C
                               ps/system_i/xadc/inst/AXI_LITE_IPIF_I/I_SLAVE_ATTACHMENT/I_DECODER/GEN_BKEND_CE_REGISTERS[21].ce_out_i_reg[21]/D
                                                              0.283         
ps/system_i/xadc/inst/INTR_CTRLR_GEN_I.ip2bus_wrack_reg/C
                               ps/system_i/axi_protocol_converter_0/inst/gen_axilite.gen_b2s_conv.axilite_b2s/WR.aw_channel_0/cmd_translator_0/wrap_cmd_0/axaddr_wrap_reg[10]/CE
                                                              0.287         
ps/system_i/xadc/inst/INTR_CTRLR_GEN_I.ip2bus_wrack_reg/C
                               ps/system_i/axi_protocol_converter_0/inst/gen_axilite.gen_b2s_conv.axilite_b2s/WR.aw_channel_0/cmd_translator_0/wrap_cmd_0/axaddr_wrap_reg[11]/CE
                                                              0.287         
ps/system_i/xadc/inst/INTR_CTRLR_GEN_I.ip2bus_wrack_reg/C
                               ps/system_i/axi_protocol_converter_0/inst/gen_axilite.gen_b2s_conv.axilite_b2s/WR.aw_channel_0/cmd_translator_0/wrap_cmd_0/axaddr_wrap_reg[4]/CE
                                                              0.287         
ps/system_i/xadc/inst/INTR_CTRLR_GEN_I.ip2bus_wrack_reg/C
                               ps/system_i/axi_protocol_converter_0/inst/gen_axilite.gen_b2s_conv.axilite_b2s/WR.aw_channel_0/cmd_translator_0/wrap_cmd_0/axaddr_wrap_reg[8]/CE
                                                              0.287         
ps/system_i/axi_protocol_converter_0/inst/gen_axilite.gen_b2s_conv.axilite_b2s/SI_REG/aw.aw_pipe/m_payload_i_reg[8]/C
                               ps/system_i/xadc/inst/AXI_LITE_IPIF_I/I_SLAVE_ATTACHMENT/I_DECODER/GEN_BKEND_CE_REGISTERS[22].ce_out_i_reg[22]/D
                                                              0.290         
ps/system_i/axi_protocol_converter_0/inst/gen_axilite.gen_b2s_conv.axilite_b2s/SI_REG/aw.aw_pipe/m_payload_i_reg[39]/C
                               ps/system_i/axi_protocol_converter_0/inst/gen_axilite.gen_b2s_conv.axilite_b2s/WR.aw_channel_0/cmd_translator_0/s_axburst_eq0_reg/CE
                                                              0.316         
ps/system_i/axi_protocol_converter_0/inst/gen_axilite.gen_b2s_conv.axilite_b2s/RD.r_channel_0/transaction_fifo_0/cnt_read_reg[2]/C
                               ps/system_i/axi_protocol_converter_0/inst/gen_axilite.gen_b2s_conv.axilite_b2s/RD.ar_channel_0/cmd_translator_0/incr_cmd_0/axlen_cnt_reg[0]/CE
                                                              0.327         
ps/system_i/axi_protocol_converter_0/inst/gen_axilite.gen_b2s_conv.axilite_b2s/RD.r_channel_0/transaction_fifo_0/cnt_read_reg[2]/C
                               ps/system_i/axi_protocol_converter_0/inst/gen_axilite.gen_b2s_conv.axilite_b2s/RD.ar_channel_0/cmd_translator_0/incr_cmd_0/axlen_cnt_reg[1]/CE
                                                              0.327         
ps/system_i/axi_protocol_converter_0/inst/gen_axilite.gen_b2s_conv.axilite_b2s/RD.r_channel_0/transaction_fifo_0/cnt_read_reg[2]/C
                               ps/system_i/axi_protocol_converter_0/inst/gen_axilite.gen_b2s_conv.axilite_b2s/RD.ar_channel_0/cmd_translator_0/incr_cmd_0/axlen_cnt_reg[2]/CE
                                                              0.327         
ps/system_i/axi_protocol_converter_0/inst/gen_axilite.gen_b2s_conv.axilite_b2s/RD.r_channel_0/transaction_fifo_0/cnt_read_reg[2]/C
                               ps/system_i/axi_protocol_converter_0/inst/gen_axilite.gen_b2s_conv.axilite_b2s/RD.ar_channel_0/cmd_translator_0/incr_cmd_0/axlen_cnt_reg[3]/CE
                                                              0.327         
ps/system_i/axi_protocol_converter_0/inst/gen_axilite.gen_b2s_conv.axilite_b2s/RD.ar_channel_0/ar_cmd_fsm_0/FSM_sequential_state_reg[1]/C
                               ps/system_i/axi_protocol_converter_0/inst/gen_axilite.gen_b2s_conv.axilite_b2s/RD.ar_channel_0/cmd_translator_0/wrap_cmd_0/wrap_cnt_r_reg[3]/D
                                                              0.330         
ps/system_i/xadc/inst/INTR_CTRLR_GEN_I.ip2bus_wrack_reg/C
                               ps/system_i/axi_protocol_converter_0/inst/gen_axilite.gen_b2s_conv.axilite_b2s/WR.aw_channel_0/cmd_translator_0/incr_cmd_0/axaddr_incr_reg[1]/D
                                                              0.338         
ps/system_i/axi_protocol_converter_0/inst/gen_axilite.gen_b2s_conv.axilite_b2s/SI_REG/aw.aw_pipe/m_payload_i_reg[39]/C
                               ps/system_i/axi_protocol_converter_0/inst/gen_axilite.gen_b2s_conv.axilite_b2s/WR.aw_channel_0/cmd_translator_0/wrap_cmd_0/wrap_second_len_r_reg[0]/CE
                                                              0.345         
ps/system_i/xadc/inst/INTR_CTRLR_GEN_I.ip2bus_wrack_reg/C
                               ps/system_i/axi_protocol_converter_0/inst/gen_axilite.gen_b2s_conv.axilite_b2s/WR.aw_channel_0/cmd_translator_0/incr_cmd_0/axlen_cnt_reg[3]/CE
                                                              0.376         
ps/system_i/axi_protocol_converter_0/inst/gen_axilite.gen_b2s_conv.axilite_b2s/RD.r_channel_0/transaction_fifo_0/cnt_read_reg[2]/C
                               ps/system_i/axi_protocol_converter_0/inst/gen_axilite.gen_b2s_conv.axilite_b2s/RD.ar_channel_0/cmd_translator_0/incr_cmd_0/axlen_cnt_reg[4]/CE
                                                              0.380         
ps/system_i/axi_protocol_converter_0/inst/gen_axilite.gen_b2s_conv.axilite_b2s/RD.r_channel_0/transaction_fifo_0/cnt_read_reg[2]/C
                               ps/system_i/axi_protocol_converter_0/inst/gen_axilite.gen_b2s_conv.axilite_b2s/RD.ar_channel_0/cmd_translator_0/incr_cmd_0/axlen_cnt_reg[5]/CE
                                                              0.380         
ps/system_i/axi_protocol_converter_0/inst/gen_axilite.gen_b2s_conv.axilite_b2s/RD.r_channel_0/transaction_fifo_0/cnt_read_reg[2]/C
                               ps/system_i/axi_protocol_converter_0/inst/gen_axilite.gen_b2s_conv.axilite_b2s/RD.ar_channel_0/cmd_translator_0/incr_cmd_0/axlen_cnt_reg[6]/CE
                                                              0.380         
ps/system_i/axi_protocol_converter_0/inst/gen_axilite.gen_b2s_conv.axilite_b2s/RD.r_channel_0/transaction_fifo_0/cnt_read_reg[2]/C
                               ps/system_i/axi_protocol_converter_0/inst/gen_axilite.gen_b2s_conv.axilite_b2s/RD.ar_channel_0/cmd_translator_0/incr_cmd_0/axlen_cnt_reg[7]/CE
                                                              0.380         
ps/system_i/processing_system7/inst/PS7_i/SAXIHP3ACLK
                               ps/axi_master_3/axi_awvalid_o_reg/D
                                                              0.392         
ps/system_i/axi_protocol_converter_0/inst/gen_axilite.gen_b2s_conv.axilite_b2s/SI_REG/aw.aw_pipe/m_payload_i_reg[8]/C
                               ps/system_i/xadc/inst/AXI_LITE_IPIF_I/I_SLAVE_ATTACHMENT/I_DECODER/GEN_BKEND_CE_REGISTERS[19].ce_out_i_reg[19]/D
                                                              0.396         
ps/system_i/axi_protocol_converter_0/inst/gen_axilite.gen_b2s_conv.axilite_b2s/SI_REG/aw.aw_pipe/m_payload_i_reg[8]/C
                               ps/system_i/xadc/inst/AXI_LITE_IPIF_I/I_SLAVE_ATTACHMENT/I_DECODER/GEN_BKEND_CE_REGISTERS[23].ce_out_i_reg[23]/D
                                                              0.401         
ps/system_i/xadc/inst/INTR_CTRLR_GEN_I.ip2bus_wrack_reg/C
                               ps/system_i/axi_protocol_converter_0/inst/gen_axilite.gen_b2s_conv.axilite_b2s/WR.aw_channel_0/cmd_translator_0/wrap_cmd_0/axaddr_wrap_reg[0]/CE
                                                              0.405         
ps/system_i/xadc/inst/INTR_CTRLR_GEN_I.ip2bus_wrack_reg/C
                               ps/system_i/axi_protocol_converter_0/inst/gen_axilite.gen_b2s_conv.axilite_b2s/WR.aw_channel_0/cmd_translator_0/wrap_cmd_0/axaddr_wrap_reg[1]/CE
                                                              0.405         
ps/system_i/xadc/inst/INTR_CTRLR_GEN_I.ip2bus_wrack_reg/C
                               ps/system_i/axi_protocol_converter_0/inst/gen_axilite.gen_b2s_conv.axilite_b2s/WR.aw_channel_0/cmd_translator_0/wrap_cmd_0/axaddr_wrap_reg[2]/CE
                                                              0.405         
ps/system_i/xadc/inst/INTR_CTRLR_GEN_I.ip2bus_wrack_reg/C
                               ps/system_i/axi_protocol_converter_0/inst/gen_axilite.gen_b2s_conv.axilite_b2s/WR.aw_channel_0/cmd_translator_0/wrap_cmd_0/axaddr_wrap_reg[3]/CE
                                                              0.405         
ps/system_i/axi_protocol_converter_0/inst/gen_axilite.gen_b2s_conv.axilite_b2s/RD.ar_channel_0/ar_cmd_fsm_0/FSM_sequential_state_reg[1]/C
                               ps/system_i/axi_protocol_converter_0/inst/gen_axilite.gen_b2s_conv.axilite_b2s/RD.ar_channel_0/cmd_translator_0/wrap_cmd_0/wrap_second_len_r_reg[0]/D
                                                              0.410         
ps/system_i/axi_protocol_converter_0/inst/gen_axilite.gen_b2s_conv.axilite_b2s/SI_REG/aw.aw_pipe/m_payload_i_reg[8]/C
                               ps/system_i/xadc/inst/AXI_LITE_IPIF_I/I_SLAVE_ATTACHMENT/I_DECODER/GEN_BKEND_CE_REGISTERS[13].ce_out_i_reg[13]/D
                                                              0.423         
ps/system_i/axi_protocol_converter_0/inst/gen_axilite.gen_b2s_conv.axilite_b2s/SI_REG/aw.aw_pipe/m_payload_i_reg[8]/C
                               ps/system_i/xadc/inst/AXI_LITE_IPIF_I/I_SLAVE_ATTACHMENT/I_DECODER/GEN_BKEND_CE_REGISTERS[17].ce_out_i_reg[17]/D
                                                              0.427         
ps/system_i/axi_protocol_converter_0/inst/gen_axilite.gen_b2s_conv.axilite_b2s/SI_REG/aw.aw_pipe/m_payload_i_reg[8]/C
                               ps/system_i/xadc/inst/AXI_LITE_IPIF_I/I_SLAVE_ATTACHMENT/I_DECODER/GEN_BKEND_CE_REGISTERS[15].ce_out_i_reg[15]/D
                                                              0.428         
ps/system_i/axi_protocol_converter_0/inst/gen_axilite.gen_b2s_conv.axilite_b2s/SI_REG/aw.aw_pipe/m_payload_i_reg[8]/C
                               ps/system_i/xadc/inst/AXI_LITE_IPIF_I/I_SLAVE_ATTACHMENT/I_DECODER/GEN_BKEND_CE_REGISTERS[12].ce_out_i_reg[12]/D
                                                              0.432         
ps/system_i/xadc/inst/INTR_CTRLR_GEN_I.ip2bus_rdack_reg/C
                               ps/system_i/axi_protocol_converter_0/inst/gen_axilite.gen_b2s_conv.axilite_b2s/RD.ar_channel_0/cmd_translator_0/incr_cmd_0/axaddr_incr_reg[9]/D
                                                              0.433         
ps/system_i/axi_protocol_converter_0/inst/gen_axilite.gen_b2s_conv.axilite_b2s/WR.aw_channel_0/cmd_translator_0/incr_cmd_0/sel_first_reg/C
                               ps/system_i/xadc/inst/AXI_LITE_IPIF_I/I_SLAVE_ATTACHMENT/I_DECODER/GEN_BKEND_CE_REGISTERS[9].ce_out_i_reg[9]/D
                                                              0.434         
ps/system_i/axi_protocol_converter_0/inst/gen_axilite.gen_b2s_conv.axilite_b2s/RD.r_channel_0/transaction_fifo_0/cnt_read_reg[1]/C
                               ps/system_i/axi_protocol_converter_0/inst/gen_axilite.gen_b2s_conv.axilite_b2s/RD.r_channel_0/rd_data_fifo_0/cnt_read_reg[1]/CE
                                                              0.438         
ps/system_i/axi_protocol_converter_0/inst/gen_axilite.gen_b2s_conv.axilite_b2s/RD.r_channel_0/transaction_fifo_0/cnt_read_reg[1]/C
                               ps/system_i/axi_protocol_converter_0/inst/gen_axilite.gen_b2s_conv.axilite_b2s/RD.r_channel_0/rd_data_fifo_0/cnt_read_reg[2]/CE
                                                              0.438         
ps/system_i/axi_protocol_converter_0/inst/gen_axilite.gen_b2s_conv.axilite_b2s/RD.r_channel_0/transaction_fifo_0/cnt_read_reg[1]/C
                               ps/system_i/axi_protocol_converter_0/inst/gen_axilite.gen_b2s_conv.axilite_b2s/RD.r_channel_0/rd_data_fifo_0/cnt_read_reg[3]/CE
                                                              0.438         
ps/system_i/axi_protocol_converter_0/inst/gen_axilite.gen_b2s_conv.axilite_b2s/RD.r_channel_0/transaction_fifo_0/cnt_read_reg[1]/C
                               ps/system_i/axi_protocol_converter_0/inst/gen_axilite.gen_b2s_conv.axilite_b2s/RD.r_channel_0/rd_data_fifo_0/cnt_read_reg[4]/CE
                                                              0.438         
ps/system_i/axi_protocol_converter_0/inst/gen_axilite.gen_b2s_conv.axilite_b2s/SI_REG/aw.aw_pipe/m_payload_i_reg[8]/C
                               ps/system_i/xadc/inst/AXI_LITE_IPIF_I/I_SLAVE_ATTACHMENT/I_DECODER/GEN_BKEND_CE_REGISTERS[14].ce_out_i_reg[14]/D
                                                              0.439         
ps/system_i/axi_protocol_converter_0/inst/gen_axilite.gen_b2s_conv.axilite_b2s/WR.aw_channel_0/cmd_translator_0/incr_cmd_0/sel_first_reg/C
                               ps/system_i/xadc/inst/AXI_LITE_IPIF_I/I_SLAVE_ATTACHMENT/I_DECODER/GEN_BKEND_CE_REGISTERS[11].ce_out_i_reg[11]/D
                                                              0.439         
ps/system_i/axi_protocol_converter_0/inst/gen_axilite.gen_b2s_conv.axilite_b2s/SI_REG/aw.aw_pipe/m_payload_i_reg[8]/C
                               ps/system_i/xadc/inst/AXI_LITE_IPIF_I/I_SLAVE_ATTACHMENT/I_DECODER/GEN_BKEND_CE_REGISTERS[10].ce_out_i_reg[10]/D
                                                              0.440         
ps/system_i/axi_protocol_converter_0/inst/gen_axilite.gen_b2s_conv.axilite_b2s/SI_REG/aw.aw_pipe/m_payload_i_reg[8]/C
                               ps/system_i/xadc/inst/AXI_LITE_IPIF_I/I_SLAVE_ATTACHMENT/I_DECODER/GEN_BKEND_CE_REGISTERS[8].ce_out_i_reg[8]/D
                                                              0.445         
dac_dat_a_reg[0]/C             oddr_dac_dat[0]/D2             0.472         
dac_dat_a_reg[2]/C             oddr_dac_dat[2]/D2             0.484         
ps/system_i/processing_system7/inst/PS7_i/SAXIHP2ACLK
                               ps/axi_master_2/axi_rfill_lvl_reg[0]/CE
                                                              0.548         
dac_rst_reg/C                  oddr_dac_dat[5]/R              0.564         
ps/system_i/processing_system7/inst/PS7_i/SAXIHP3ACLK
                               ps/axi_master_3/wdata_in_reg_reg/D
                                                              0.572         
dac_dat_a_reg[5]/C             oddr_dac_dat[5]/D2             0.590         
dac_dat_a_reg[12]/C            oddr_dac_dat[12]/D2            0.590         
dac_dat_a_reg[1]/C             oddr_dac_dat[1]/D2             0.592         
dac_dat_a_reg[4]/C             oddr_dac_dat[4]/D2             0.600         
dac_rst_reg/C                  oddr_dac_dat[13]/R             0.619         
dac_rst_reg/C                  oddr_dac_dat[2]/R              0.620         
dac_rst_reg/C                  oddr_dac_dat[12]/R             0.621         
dac_rst_reg/C                  oddr_dac_dat[0]/R              0.640         
dac_rst_reg/C                  oddr_dac_dat[4]/R              0.653         
dac_rst_reg/C                  oddr_dac_dat[3]/R              0.660         
dac_rst_reg/C                  oddr_dac_dat[1]/R              0.677         
ps/system_i/processing_system7/inst/PS7_i/SAXIHP3ACLK
                               ps/axi_master_3/axi_rfill_lvl_reg[1]/CE
                                                              0.691         
ps/system_i/processing_system7/inst/PS7_i/SAXIHP3ACLK
                               ps/axi_master_3/axi_rfill_lvl_reg[2]/CE
                                                              0.691         
ps/system_i/processing_system7/inst/PS7_i/SAXIHP3ACLK
                               ps/axi_master_3/axi_rfill_lvl_reg[3]/CE
                                                              0.691         
ps/system_i/processing_system7/inst/PS7_i/SAXIHP2ACLK
                               ps/axi_master_2/axi_rfill_lvl_reg[1]/CE
                                                              0.700         
ps/system_i/processing_system7/inst/PS7_i/SAXIHP2ACLK
                               ps/axi_master_2/axi_rfill_lvl_reg[2]/CE
                                                              0.700         
ps/system_i/processing_system7/inst/PS7_i/SAXIHP2ACLK
                               ps/axi_master_2/axi_rfill_lvl_reg[3]/CE
                                                              0.700         
dac_dat_a_reg[13]/C            oddr_dac_dat[13]/D2            0.730         
ps/system_i/processing_system7/inst/PS7_i/SAXIHP2ACLK
                               ps/axi_master_2/axi_awvalid_o_reg/D
                                                              0.745         
ps/system_i/processing_system7/inst/PS7_i/SAXIHP3ACLK
                               ps/axi_master_3/axi_rfill_lvl_reg[0]/CE
                                                              0.784         
ps/system_i/processing_system7/inst/PS7_i/SAXIHP2ACLK
                               ps/axi_master_2/axi_awfill_lvl_reg[0]/CE
                                                              0.791         
ps/system_i/processing_system7/inst/PS7_i/SAXIHP2ACLK
                               ps/axi_master_2/axi_awfill_lvl_reg[1]/CE
                                                              0.791         
ps/system_i/processing_system7/inst/PS7_i/SAXIHP2ACLK
                               ps/axi_master_2/axi_awfill_lvl_reg[2]/CE
                                                              0.791         
ps/system_i/processing_system7/inst/PS7_i/SAXIHP2ACLK
                               ps/axi_master_2/axi_awfill_lvl_reg[3]/CE
                                                              0.791         
dac_rst_reg/C                  oddr_dac_dat[6]/R              0.832         
dac_dat_a_reg[11]/C            oddr_dac_dat[11]/D2            0.864         
dac_dat_a_reg[3]/C             oddr_dac_dat[3]/D2             0.889         
ps/system_i/processing_system7/inst/PS7_i/SAXIHP2ACLK
                               ps/axi_master_2/awdata_in_reg_reg/D
                                                              0.901         
ps/system_i/processing_system7/inst/PS7_i/SAXIHP2ACLK
                               ps/axi_master_2/wdata_in_reg_reg/D
                                                              0.906         
dac_rst_reg/C                  oddr_dac_dat[11]/R             0.927         
dac_dat_a_reg[10]/C            oddr_dac_dat[10]/D2            0.932         
dac_rst_reg/C                  oddr_dac_dat[10]/R             0.939         
dac_rst_reg/C                  oddr_dac_dat[7]/R              0.973         
dac_rst_reg/C                  oddr_dac_dat[9]/R              1.012         
ps/system_i/processing_system7/inst/PS7_i/SAXIHP3ACLK
                               ps/axi_master_3/awdata_in_reg_reg/D
                                                              1.066         
i_scope/i_cfg/sys_rdata_reg[6]/C
                               ps/axi_slave_gp0/axi\\.RDATA_reg[6]/D
                                                              1.084         
ps/system_i/processing_system7/inst/PS7_i/SAXIHP3ACLK
                               ps/axi_master_3/axi_awfill_lvl_reg[0]/CE
                                                              1.096         
ps/system_i/processing_system7/inst/PS7_i/SAXIHP3ACLK
                               ps/axi_master_3/axi_awfill_lvl_reg[1]/CE
                                                              1.096         
ps/system_i/processing_system7/inst/PS7_i/SAXIHP3ACLK
                               ps/axi_master_3/axi_awfill_lvl_reg[2]/CE
                                                              1.096         
ps/system_i/processing_system7/inst/PS7_i/SAXIHP3ACLK
                               ps/axi_master_3/axi_awfill_lvl_reg[3]/CE
                                                              1.096         
ps/system_i/processing_system7/inst/PS7_i/SAXIHP2ACLK
                               ps/axi_master_2/axi_wfill_lvl_reg[0]/CE
                                                              1.120         
ps/system_i/processing_system7/inst/PS7_i/SAXIHP2ACLK
                               ps/axi_master_2/axi_wfill_lvl_reg[1]/CE
                                                              1.120         
ps/system_i/processing_system7/inst/PS7_i/SAXIHP2ACLK
                               ps/axi_master_2/axi_wfill_lvl_reg[2]/CE
                                                              1.120         
ps/system_i/processing_system7/inst/PS7_i/SAXIHP2ACLK
                               ps/axi_master_2/axi_wfill_lvl_reg[3]/CE
                                                              1.120         
dac_dat_a_reg[6]/C             oddr_dac_dat[6]/D2             1.124         
ps/system_i/processing_system7/inst/PS7_i/SAXIHP2ACLK
                               ps/axi_master_2/axi_wvalid_o_reg/D
                                                              1.126         
dac_dat_a_reg[8]/C             oddr_dac_dat[8]/D2             1.133         
i_scope/i_cfg/sys_rdata_reg[9]/C
                               ps/axi_slave_gp0/axi\\.RDATA_reg[9]/D
                                                              1.137         
i_scope/i_cfg/sys_rdata_reg[19]/C
                               ps/axi_slave_gp0/axi\\.RDATA_reg[19]/D
                                                              1.144         
i_scope/i_cfg/sys_rdata_reg[31]/C
                               ps/axi_slave_gp0/axi\\.RDATA_reg[31]/D
                                                              1.151         
dac_rst_reg/C                  oddr_dac_dat[8]/R              1.160         
i_daisy/sys_rdata_o_reg[17]/C  ps/axi_slave_gp0/axi\\.RDATA_reg[17]/D
                                                              1.171         
i_mca/sys_rdata_reg[26]/C      ps/axi_slave_gp0/axi\\.RDATA_reg[26]/D
                                                              1.211         
i_scope/i_cfg/sys_rdata_reg[8]/C
                               ps/axi_slave_gp0/axi\\.RDATA_reg[8]/D
                                                              1.213         
i_scope/i_cfg/sys_rdata_reg[28]/C
                               ps/axi_slave_gp0/axi\\.RDATA_reg[28]/D
                                                              1.227         
i_daisy/sys_rdata_o_reg[22]/C  ps/axi_slave_gp0/axi\\.RDATA_reg[22]/D
                                                              1.231         
i_daisy/sys_rdata_o_reg[23]/C  ps/axi_slave_gp0/axi\\.RDATA_reg[23]/D
                                                              1.238         
i_daisy/sys_rdata_o_reg[29]/C  ps/axi_slave_gp0/axi\\.RDATA_reg[29]/D
                                                              1.255         
i_mca/sys_rdata_reg[16]/C      ps/axi_slave_gp0/axi\\.RDATA_reg[16]/D
                                                              1.255         
ps/system_i/processing_system7/inst/PS7_i/SAXIHP3ACLK
                               ps/axi_master_3/axi_rfill_lvl_reg[2]/D
                                                              1.272         
ps/system_i/processing_system7/inst/PS7_i/SAXIHP3ACLK
                               ps/axi_master_3/axi_rfill_lvl_reg[3]/D
                                                              1.277         
ps/system_i/processing_system7/inst/PS7_i/SAXIHP3ACLK
                               ps/axi_master_3/axi_wfill_lvl_reg[0]/CE
                                                              1.279         
ps/system_i/processing_system7/inst/PS7_i/SAXIHP3ACLK
                               ps/axi_master_3/axi_wfill_lvl_reg[1]/CE
                                                              1.279         
ps/system_i/processing_system7/inst/PS7_i/SAXIHP3ACLK
                               ps/axi_master_3/axi_wfill_lvl_reg[2]/CE
                                                              1.279         
ps/system_i/processing_system7/inst/PS7_i/SAXIHP3ACLK
                               ps/axi_master_3/axi_wfill_lvl_reg[3]/CE
                                                              1.279         
i_scope/i_cfg/sys_rdata_reg[11]/C
                               ps/axi_slave_gp0/axi\\.RDATA_reg[11]/D
                                                              1.279         
dac_dat_a_reg[9]/C             oddr_dac_dat[9]/D2             1.281         
dac_dat_a_reg[7]/C             oddr_dac_dat[7]/D2             1.282         
i_scope/i_cfg/sys_rdata_reg[0]/C
                               ps/axi_slave_gp0/axi\\.RDATA_reg[0]/D
                                                              1.290         
ps/system_i/processing_system7/inst/PS7_i/SAXIHP3ACLK
                               ps/axi_master_3/axi_rfill_lvl_reg[1]/D
                                                              1.313         
i_daisy/sys_rdata_o_reg[24]/C  ps/axi_slave_gp0/axi\\.RDATA_reg[24]/D
                                                              1.322         
ps/system_i/processing_system7/inst/PS7_i/SAXIHP2ACLK
                               ps/axi_master_2/axi_rfill_lvl_reg[2]/D
                                                              1.325         
ps/system_i/processing_system7/inst/PS7_i/SAXIHP2ACLK
                               ps/axi_master_2/axi_rfill_lvl_reg[3]/D
                                                              1.330         
ps/system_i/processing_system7/inst/PS7_i/SAXIHP2ACLK
                               ps/axi_master_2/axi_rfill_lvl_reg[1]/D
                                                              1.330         
i_scope/i_cfg/sys_rdata_reg[2]/C
                               ps/axi_slave_gp0/axi\\.RDATA_reg[2]/D
                                                              1.330         
i_scope/i_cfg/sys_rdata_reg[30]/C
                               ps/axi_slave_gp0/axi\\.RDATA_reg[30]/D
                                                              1.385         
ps/system_i/processing_system7/inst/PS7_i/SAXIHP3ACLK
                               ps/axi_master_3/axi_wvalid_o_reg/D
                                                              1.385         
i_scope/i_cfg/sys_rdata_reg[13]/C
                               ps/axi_slave_gp0/axi\\.RDATA_reg[13]/D
                                                              1.421         
i_scope/i_cfg/sys_rdata_reg[27]/C
                               ps/axi_slave_gp0/axi\\.RDATA_reg[27]/D
                                                              1.449         
i_mca/sys_rdata_reg[20]/C      ps/axi_slave_gp0/axi\\.RDATA_reg[20]/D
                                                              1.481         
i_scope/i_cfg/sys_rdata_reg[3]/C
                               ps/axi_slave_gp0/axi\\.RDATA_reg[3]/D
                                                              1.491         
i_daisy/sys_rdata_o_reg[25]/C  ps/axi_slave_gp0/axi\\.RDATA_reg[25]/D
                                                              1.493         
dac_rst_reg/C                  oddr_dac_sel/R                 1.507         
i_scope/i_cfg/sys_rdata_reg[1]/C
                               ps/axi_slave_gp0/axi\\.RDATA_reg[1]/D
                                                              1.527         
i_mca/sys_rdata_reg[4]/C       ps/axi_slave_gp0/axi\\.RDATA_reg[4]/D
                                                              1.528         
i_mca/sys_rdata_reg[18]/C      ps/axi_slave_gp0/axi\\.RDATA_reg[18]/D
                                                              1.530         
dac_axi_rstn_reg/C             ps/axi_master_2/axi_rready_o_reg/S
                                                              1.535         
dac_axi_rstn_reg/C             ps/axi_master_2/axi_wvalid_o_reg/R
                                                              1.535         
i_scope/i_cfg/sys_rdata_reg[7]/C
                               ps/axi_slave_gp0/axi\\.RDATA_reg[7]/D
                                                              1.545         
dac_axi_rstn_reg/C             ps/axi_master_2/axi_awvalid_o_reg/R
                                                              1.555         
dac_axi_rstn_reg/C             ps/axi_master_2/wdata_in_reg_reg/CE
                                                              1.592         
dac_axi_rstn_reg/C             ps/axi_master_3/axi_awvalid_o_reg/R
                                                              1.602         
ps/axi_master_2/axi_rfill_lvl_reg[0]/C
                               ps/axi_master_2/rdata_in_reg_reg/CE
                                                              1.613         
ps/axi_master_3/axi_rfill_lvl_reg[0]/C
                               ps/axi_master_3/rdata_in_reg_reg/CE
                                                              1.623         
i_scope/i_cfg/sys_rdata_reg[12]/C
                               ps/axi_slave_gp0/axi\\.RDATA_reg[12]/D
                                                              1.628         
dac_axi_rstn_reg/C             ps/axi_master_3/wdata_in_reg_reg/R
                                                              1.640         
ps/axi_master_2/axi_awvalid_o_reg/C
                               ps/axi_master_2/awdata_in_reg_reg/CE
                                                              1.650         
dac_axi_rstn_reg/C             ps/axi_master_2/axi_awfill_lvl_reg[0]/R
                                                              1.669         
dac_axi_rstn_reg/C             ps/axi_master_2/axi_awfill_lvl_reg[1]/R
                                                              1.669         
dac_axi_rstn_reg/C             ps/axi_master_2/axi_awfill_lvl_reg[2]/R
                                                              1.669         
dac_axi_rstn_reg/C             ps/axi_master_2/axi_awfill_lvl_reg[3]/R
                                                              1.669         
dac_axi_rstn_reg/C             ps/axi_master_2/axi_wfill_lvl_reg[0]/R
                                                              1.676         
dac_axi_rstn_reg/C             ps/axi_master_2/axi_wfill_lvl_reg[1]/R
                                                              1.676         
dac_axi_rstn_reg/C             ps/axi_master_2/axi_wfill_lvl_reg[2]/R
                                                              1.676         
dac_axi_rstn_reg/C             ps/axi_master_2/axi_wfill_lvl_reg[3]/R
                                                              1.676         
dac_axi_rstn_reg/C             ps/axi_master_2/wdata_in_reg_reg/R
                                                              1.681         
i_mca/sys_rdata_reg[21]/C      ps/axi_slave_gp0/axi\\.RDATA_reg[21]/D
                                                              1.686         
i_mca/sys_rdata_reg[15]/C      ps/axi_slave_gp0/axi\\.RDATA_reg[15]/D
                                                              1.689         
dac_axi_rstn_reg/C             ps/axi_master_2/axi_rfill_lvl_reg[1]/R
                                                              1.709         
dac_axi_rstn_reg/C             ps/axi_master_2/axi_rfill_lvl_reg[2]/R
                                                              1.709         
dac_axi_rstn_reg/C             ps/axi_master_2/axi_rfill_lvl_reg[3]/R
                                                              1.709         
dac_axi_rstn_reg/C             ps/axi_master_2/axi_rfill_lvl_reg[0]/R
                                                              1.714         
dac_axi_rstn_reg/C             ps/axi_master_3/awdata_in_reg_reg/R
                                                              1.735         
dac_axi_rstn_reg/C             ps/axi_master_3/axi_awfill_lvl_reg[0]/R
                                                              1.745         
dac_axi_rstn_reg/C             ps/axi_master_3/axi_awfill_lvl_reg[1]/R
                                                              1.745         
dac_axi_rstn_reg/C             ps/axi_master_3/axi_awfill_lvl_reg[2]/R
                                                              1.745         
dac_axi_rstn_reg/C             ps/axi_master_3/axi_awfill_lvl_reg[3]/R
                                                              1.745         
dac_axi_rstn_reg/C             ps/axi_master_2/awdata_in_reg_reg/R
                                                              1.764         
dac_axi_rstn_reg/C             ps/axi_master_3/awdata_in_reg_reg/CE
                                                              1.791         
ps/axi_master_2/axi_rready_o_reg/C
                               ps/system_i/processing_system7/inst/PS7_i/SAXIHP2RREADY
                                                              1.796         
dac_axi_rstn_reg/C             ps/axi_master_3/axi_rready_o_reg/S
                                                              1.798         
dac_axi_rstn_reg/C             ps/axi_master_3/axi_wvalid_o_reg/R
                                                              1.798         
dac_axi_rstn_reg/C             ps/axi_master_3/axi_rfill_lvl_reg[0]/R
                                                              1.864         
dac_rst_reg/C                  oddr_dac_rst/D2                1.866         
i_scope/i_cfg/sys_rdata_reg[5]/C
                               ps/axi_slave_gp0/axi\\.RDATA_reg[5]/D
                                                              1.870         
i_scope/i_cfg/sys_rdata_reg[10]/C
                               ps/axi_slave_gp0/axi\\.RDATA_reg[10]/D
                                                              1.875         
dac_axi_rstn_reg/C             ps/axi_master_3/axi_wfill_lvl_reg[0]/R
                                                              1.893         
dac_axi_rstn_reg/C             ps/axi_master_3/axi_wfill_lvl_reg[1]/R
                                                              1.893         
dac_axi_rstn_reg/C             ps/axi_master_3/axi_wfill_lvl_reg[2]/R
                                                              1.893         
dac_axi_rstn_reg/C             ps/axi_master_3/axi_wfill_lvl_reg[3]/R
                                                              1.893         
dac_axi_rstn_reg/C             ps/axi_master_3/axi_rfill_lvl_reg[1]/R
                                                              1.896         
dac_axi_rstn_reg/C             ps/axi_master_3/axi_rfill_lvl_reg[2]/R
                                                              1.896         
dac_axi_rstn_reg/C             ps/axi_master_3/axi_rfill_lvl_reg[3]/R
                                                              1.896         
ps/axi_master_3/axi_wvalid_o_reg/C
                               ps/axi_master_3/wdata_in_reg_reg/CE
                                                              1.912         
ps/axi_master_2/axi_awfill_lvl_reg[0]/C
                               ps/axi_master_2/axi_awfill_lvl_reg[0]/D
                                                              1.967         
ps/axi_master_2/axi_awvalid_o_reg/C
                               ps/system_i/processing_system7/inst/PS7_i/SAXIHP2AWVALID
                                                              1.986         
ps/axi_master_2/axi_awfill_lvl_reg[0]/C
                               ps/axi_master_2/axi_awfill_lvl_reg[1]/D
                                                              1.986         
ps/axi_master_2/axi_wvalid_o_reg/C
                               ps/system_i/processing_system7/inst/PS7_i/SAXIHP2WVALID
                                                              2.006         
ps/axi_master_3/axi_rready_o_reg/C
                               ps/system_i/processing_system7/inst/PS7_i/SAXIHP3RREADY
                                                              2.041         
i_mca/sys_rdata_reg[14]/C      ps/axi_slave_gp0/axi\\.RDATA_reg[14]/D
                                                              2.102         
ps/axi_master_2/axi_awfill_lvl_reg[0]/C
                               ps/axi_master_2/axi_awfill_lvl_reg[2]/D
                                                              2.113         
ps/axi_master_2/axi_awfill_lvl_reg[0]/C
                               ps/axi_master_2/axi_awfill_lvl_reg[3]/D
                                                              2.124         
ps/axi_master_3/axi_awvalid_o_reg/C
                               ps/system_i/processing_system7/inst/PS7_i/SAXIHP3AWVALID
                                                              2.185         
ps/axi_master_3/axi_wvalid_o_reg/C
                               ps/system_i/processing_system7/inst/PS7_i/SAXIHP3WVALID
                                                              2.212         
ps/axi_master_2/axi_wfill_lvl_reg[1]/C
                               ps/axi_master_2/axi_wfill_lvl_reg[2]/D
                                                              2.222         
ps/axi_master_2/axi_wfill_lvl_reg[1]/C
                               ps/axi_master_2/axi_wfill_lvl_reg[3]/D
                                                              2.238         
ps/axi_master_3/axi_wfill_lvl_reg[0]/C
                               ps/axi_master_3/axi_wfill_lvl_reg[2]/D
                                                              2.274         
ps/axi_master_2/axi_rfill_lvl_reg[1]/C
                               ps/axi_master_2/axi_rready_o_reg/D
                                                              2.288         
ps/axi_master_3/axi_wfill_lvl_reg[0]/C
                               ps/axi_master_3/axi_wfill_lvl_reg[3]/D
                                                              2.290         
ps/axi_master_3/axi_awfill_lvl_reg[0]/C
                               ps/axi_master_3/axi_awfill_lvl_reg[2]/D
                                                              2.291         
ps/axi_master_3/axi_awfill_lvl_reg[0]/C
                               ps/axi_master_3/axi_awfill_lvl_reg[3]/D
                                                              2.307         
ps/axi_master_3/axi_awfill_lvl_reg[0]/C
                               ps/axi_master_3/axi_awfill_lvl_reg[0]/D
                                                              2.343         
ps/axi_master_3/axi_awfill_lvl_reg[0]/C
                               ps/axi_master_3/axi_awfill_lvl_reg[1]/D
                                                              2.363         
ps/axi_master_3/axi_wfill_lvl_reg[1]/C
                               ps/axi_master_3/axi_wfill_lvl_reg[1]/D
                                                              2.377         
ps/system_i/processing_system7/inst/PS7_i/MAXIGP0ACLK
                               ps/axi_slave_gp0/bus\\.ren_reg/D
                                                              2.435         
ps/axi_master_2/axi_wfill_lvl_reg[1]/C
                               ps/axi_master_2/axi_wfill_lvl_reg[1]/D
                                                              2.454         
ps/axi_master_2/axi_rfill_lvl_reg[0]/C
                               ps/axi_master_2/rdata_in_reg_reg/D
                                                              2.464         
ps/axi_slave_gp0/rd_do_reg/C   ps/axi_slave_gp0/ack_cnt_reg[0]/D
                                                              2.477         
ps/axi_slave_gp0/rd_do_reg/C   ps/axi_slave_gp0/rd_do_reg/D   2.531         
ps/system_i/processing_system7/inst/PS7_i/MAXIGP0ACLK
                               ps/system_i/processing_system7/inst/PS7_i/MAXIGP0WREADY
                                                              2.659         
ps/axi_slave_gp0/rd_do_reg/C   ps/axi_slave_gp0/ack_cnt_reg[1]/R
                                                              2.756         
ps/axi_slave_gp0/rd_do_reg/C   ps/axi_slave_gp0/ack_cnt_reg[2]/R
                                                              2.756         
ps/axi_slave_gp0/rd_do_reg/C   ps/axi_slave_gp0/ack_cnt_reg[3]/R
                                                              2.756         
ps/axi_slave_gp0/rd_do_reg/C   ps/axi_slave_gp0/ack_cnt_reg[4]/R
                                                              2.756         
ps/axi_slave_gp0/rd_do_reg/C   ps/axi_slave_gp0/ack_cnt_reg[5]/R
                                                              2.756         
ps/axi_slave_gp0/rd_araddr_reg[21]/C
                               sys_bus_interconnect/for_bus[5].inst_sys_bus_cdc/ctrl_do_reg/D
                                                              2.788         
ps/axi_slave_gp0/rd_araddr_reg[21]/C
                               sys_bus_interconnect/for_bus[5].inst_sys_bus_cdc/ctrl_we_reg/D
                                                              2.802         
i_daisy/i_rx/genblk1[0].par_dat_r_reg[3]/C
                               i_daisy/i_rx/genblk1[0].par_dv_reg/CE
                                                              2.915         
ps/axi_slave_gp0/rd_araddr_reg[21]/C
                               sys_bus_interconnect/for_bus[5].inst_sys_bus_cdc/ctrl_re_reg/D
                                                              3.018         
ps/axi_slave_gp0/rd_araddr_reg[20]/C
                               sys_bus_interconnect/for_bus[1].inst_sys_bus_cdc/ctrl_re_reg/D
                                                              3.055         
ps/axi_slave_gp0/rd_araddr_reg[20]/C
                               sys_bus_interconnect/for_bus[1].inst_sys_bus_cdc/ctrl_we_reg/D
                                                              3.059         
ps/axi_slave_gp0/rd_do_reg/C   sys_bus_interconnect/for_bus[1].inst_sys_bus_cdc/ctrl_do_reg/D
                                                              3.224         
ps/axi_slave_gp0/rd_araddr_reg[21]/C
                               sys_bus_interconnect/for_bus[3].inst_sys_bus_cdc/ctrl_we_reg/D
                                                              3.224         
ps/axi_slave_gp0/rd_do_reg/C   ps/axi_slave_gp0/axi\\.RVALID_reg/D
                                                              3.239         
ps/axi_slave_gp0/rd_araddr_reg[20]/C
                               sys_bus_interconnect/for_bus[0].inst_sys_bus_cdc/ctrl_we_reg/D
                                                              3.293         
ps/axi_slave_gp0/rd_do_reg/C   ps/axi_slave_gp0/axi\\.RLAST_reg/D
                                                              3.320         
i_daisy/genblk3[0].i_test/rx_err_inc_reg/C
                               i_daisy/genblk3[0].i_test/rx_err_cnt_reg[28]/R
                                                              3.322         
i_daisy/genblk3[0].i_test/rx_err_inc_reg/C
                               i_daisy/genblk3[0].i_test/rx_err_cnt_reg[29]/R
                                                              3.322         
i_daisy/genblk3[0].i_test/rx_err_inc_reg/C
                               i_daisy/genblk3[0].i_test/rx_err_cnt_reg[30]/R
                                                              3.322         
i_daisy/genblk3[0].i_test/rx_err_inc_reg/C
                               i_daisy/genblk3[0].i_test/rx_err_cnt_reg[31]/R
                                                              3.322         
i_hk/i_freq_meter/ref_cnt_reg[11]/C
                               i_hk/i_freq_meter/ref_cnt_reg[28]/R
                                                              3.365         
i_hk/i_freq_meter/ref_cnt_reg[11]/C
                               i_hk/i_freq_meter/ref_cnt_reg[29]/R
                                                              3.365         
i_hk/i_freq_meter/ref_cnt_reg[11]/C
                               i_hk/i_freq_meter/ref_cnt_reg[30]/R
                                                              3.365         
i_hk/i_freq_meter/ref_cnt_reg[11]/C
                               i_hk/i_freq_meter/ref_cnt_reg[31]/R
                                                              3.365         
ps/axi_slave_gp0/rd_do_reg/C   sys_bus_interconnect/for_bus[7].inst_sys_bus_cdc/ctrl_do_reg/D
                                                              3.390         
ps/system_i/processing_system7/inst/PS7_i/MAXIGP0ACLK
                               ps/axi_slave_gp0/wr_error_reg/D
                                                              3.409         
i_daisy/genblk3[0].i_test/rx_err_inc_reg/C
                               i_daisy/genblk3[0].i_test/rx_err_cnt_reg[20]/R
                                                              3.463         
i_daisy/genblk3[0].i_test/rx_err_inc_reg/C
                               i_daisy/genblk3[0].i_test/rx_err_cnt_reg[21]/R
                                                              3.463         
i_daisy/genblk3[0].i_test/rx_err_inc_reg/C
                               i_daisy/genblk3[0].i_test/rx_err_cnt_reg[22]/R
                                                              3.463         
i_daisy/genblk3[0].i_test/rx_err_inc_reg/C
                               i_daisy/genblk3[0].i_test/rx_err_cnt_reg[23]/R
                                                              3.463         
i_hk/i_freq_meter/ref_cnt_reg[11]/C
                               i_hk/i_freq_meter/ref_cnt_reg[0]/S
                                                              3.492         
i_hk/i_freq_meter/ref_cnt_reg[11]/C
                               i_hk/i_freq_meter/ref_cnt_reg[1]/R
                                                              3.492         
i_hk/i_freq_meter/ref_cnt_reg[11]/C
                               i_hk/i_freq_meter/ref_cnt_reg[2]/R
                                                              3.492         
i_hk/i_freq_meter/ref_cnt_reg[11]/C
                               i_hk/i_freq_meter/ref_cnt_reg[3]/R
                                                              3.492         
i_hk/i_freq_meter/ref_cnt_reg[11]/C
                               i_hk/i_freq_meter/ref_cnt_reg[4]/R
                                                              3.496         
i_hk/i_freq_meter/ref_cnt_reg[11]/C
                               i_hk/i_freq_meter/ref_cnt_reg[5]/R
                                                              3.496         
i_hk/i_freq_meter/ref_cnt_reg[11]/C
                               i_hk/i_freq_meter/ref_cnt_reg[6]/R
                                                              3.496         
i_hk/i_freq_meter/ref_cnt_reg[11]/C
                               i_hk/i_freq_meter/ref_cnt_reg[7]/R
                                                              3.496         
ps/axi_slave_gp0/rd_do_reg/C   sys_bus_interconnect/for_bus[7].inst_sys_bus_cdc/ctrl_we_reg/D
                                                              3.503         
ps/axi_slave_gp0/rd_araddr_reg[21]/C
                               sys_bus_interconnect/for_bus[2].inst_sys_bus_cdc/ctrl_we_reg/D
                                                              3.523         
ps/axi_slave_gp0/rd_do_reg/C   sys_bus_interconnect/for_bus[4].inst_sys_bus_cdc/ctrl_we_reg/D
                                                              3.531         
ps/system_i/processing_system7/inst/PS7_i/MAXIGP0ACLK
                               ps/axi_slave_gp0/rd_error_reg/D
                                                              3.538         
ps/axi_slave_gp0/rd_araddr_reg[21]/C
                               sys_bus_interconnect/for_bus[4].inst_sys_bus_cdc/ctrl_re_reg/D
                                                              3.543         
ps/axi_slave_gp0/rd_araddr_reg[21]/C
                               sys_bus_interconnect/for_bus[4].inst_sys_bus_cdc/ctrl_do_reg/D
                                                              3.554         
ps/system_i/processing_system7/inst/PS7_i/MAXIGP0ACLK
                               ps/axi_slave_gp0/axi\\.BVALID_reg/D
                                                              3.558         
ps/axi_slave_gp0/rd_araddr_reg[20]/C
                               sys_bus_interconnect/for_bus[0].inst_sys_bus_cdc/ctrl_do_reg/D
                                                              3.567         
ps/axi_slave_gp0/rd_araddr_reg[20]/C
                               sys_bus_interconnect/for_bus[0].inst_sys_bus_cdc/ctrl_re_reg/D
                                                              3.579         
ps/axi_slave_gp0/rd_do_reg/C   sys_bus_interconnect/for_bus[6].inst_sys_bus_cdc/ctrl_re_reg/D
                                                              3.591         
ps/system_i/processing_system7/inst/PS7_i/MAXIGP0ACLK
                               ps/axi_slave_gp0/wr_do_reg/D   3.607         
i_daisy/genblk3[0].i_test/rx_err_inc_reg/C
                               i_daisy/genblk3[0].i_test/rx_err_cnt_reg[24]/R
                                                              3.611         
i_daisy/genblk3[0].i_test/rx_err_inc_reg/C
                               i_daisy/genblk3[0].i_test/rx_err_cnt_reg[25]/R
                                                              3.611         
i_daisy/genblk3[0].i_test/rx_err_inc_reg/C
                               i_daisy/genblk3[0].i_test/rx_err_cnt_reg[26]/R
                                                              3.611         
i_daisy/genblk3[0].i_test/rx_err_inc_reg/C
                               i_daisy/genblk3[0].i_test/rx_err_cnt_reg[27]/R
                                                              3.611         
ps/axi_slave_gp0/rd_araddr_reg[21]/C
                               sys_bus_interconnect/for_bus[3].inst_sys_bus_cdc/ctrl_re_reg/D
                                                              3.618         
ps/axi_slave_gp0/rd_araddr_reg[21]/C
                               sys_bus_interconnect/for_bus[3].inst_sys_bus_cdc/ctrl_do_reg/D
                                                              3.623         
i_hk/i_freq_meter/ref_cnt_reg[11]/C
                               i_hk/i_freq_meter/ref_cnt_reg[24]/R
                                                              3.631         
i_hk/i_freq_meter/ref_cnt_reg[11]/C
                               i_hk/i_freq_meter/ref_cnt_reg[25]/R
                                                              3.631         
i_hk/i_freq_meter/ref_cnt_reg[11]/C
                               i_hk/i_freq_meter/ref_cnt_reg[26]/R
                                                              3.631         
i_hk/i_freq_meter/ref_cnt_reg[11]/C
                               i_hk/i_freq_meter/ref_cnt_reg[27]/R
                                                              3.631         
ps/system_i/processing_system7/inst/PS7_i/MAXIGP0ACLK
                               ps/axi_slave_gp0/wr_awid_reg[10]/CE
                                                              3.634         
ps/system_i/processing_system7/inst/PS7_i/MAXIGP0ACLK
                               ps/axi_slave_gp0/wr_awid_reg[11]/CE
                                                              3.634         
ps/system_i/processing_system7/inst/PS7_i/MAXIGP0ACLK
                               ps/axi_slave_gp0/wr_awid_reg[8]/CE
                                                              3.634         
ps/system_i/processing_system7/inst/PS7_i/MAXIGP0ACLK
                               ps/axi_slave_gp0/wr_awid_reg[9]/CE
                                                              3.634         
ps/axi_slave_gp0/rd_do_reg/C   sys_bus_interconnect/for_bus[6].inst_sys_bus_cdc/ctrl_do_reg/D
                                                              3.639         
i_hk/i_freq_meter/ref_cnt_reg[11]/C
                               i_hk/i_freq_meter/ref_cnt_reg[10]/R
                                                              3.661         
i_hk/i_freq_meter/ref_cnt_reg[11]/C
                               i_hk/i_freq_meter/ref_cnt_reg[11]/R
                                                              3.661         
i_hk/i_freq_meter/ref_cnt_reg[11]/C
                               i_hk/i_freq_meter/ref_cnt_reg[8]/R
                                                              3.661         
i_hk/i_freq_meter/ref_cnt_reg[11]/C
                               i_hk/i_freq_meter/ref_cnt_reg[9]/R
                                                              3.661         
i_hk/i_freq_meter/ref_cnt_reg[11]/C
                               i_hk/i_freq_meter/ref_cnt_reg[20]/R
                                                              3.671         
i_hk/i_freq_meter/ref_cnt_reg[11]/C
                               i_hk/i_freq_meter/ref_cnt_reg[21]/R
                                                              3.671         
i_hk/i_freq_meter/ref_cnt_reg[11]/C
                               i_hk/i_freq_meter/ref_cnt_reg[22]/R
                                                              3.671         
i_hk/i_freq_meter/ref_cnt_reg[11]/C
                               i_hk/i_freq_meter/ref_cnt_reg[23]/R
                                                              3.671         
ps/axi_slave_gp0/rd_araddr_reg[21]/C
                               sys_bus_interconnect/for_bus[2].inst_sys_bus_cdc/ctrl_do_reg/D
                                                              3.701         
ps/axi_slave_gp0/rd_do_reg/C   sys_bus_interconnect/for_bus[7].inst_sys_bus_cdc/ctrl_re_reg/D
                                                              3.734         
i_daisy/genblk3[0].i_test/rx_err_inc_reg/C
                               i_daisy/genblk3[0].i_test/rx_err_cnt_reg[16]/R
                                                              3.771         
i_daisy/genblk3[0].i_test/rx_err_inc_reg/C
                               i_daisy/genblk3[0].i_test/rx_err_cnt_reg[17]/R
                                                              3.771         
i_daisy/genblk3[0].i_test/rx_err_inc_reg/C
                               i_daisy/genblk3[0].i_test/rx_err_cnt_reg[18]/R
                                                              3.771         
i_daisy/genblk3[0].i_test/rx_err_inc_reg/C
                               i_daisy/genblk3[0].i_test/rx_err_cnt_reg[19]/R
                                                              3.771         
ps/system_i/processing_system7/inst/PS7_i/MAXIGP0ACLK
                               ps/axi_slave_gp0/wr_awid_reg[4]/CE
                                                              3.775         
ps/system_i/processing_system7/inst/PS7_i/MAXIGP0ACLK
                               ps/axi_slave_gp0/wr_awid_reg[5]/CE
                                                              3.775         
ps/system_i/processing_system7/inst/PS7_i/MAXIGP0ACLK
                               ps/axi_slave_gp0/wr_awid_reg[6]/CE
                                                              3.775         
i_daisy/genblk3[0].i_test/rx_err_inc_reg/C
                               i_daisy/genblk3[0].i_test/rx_err_cnt_reg[10]/R
                                                              3.821         
i_daisy/genblk3[0].i_test/rx_err_inc_reg/C
                               i_daisy/genblk3[0].i_test/rx_err_cnt_reg[11]/R
                                                              3.821         
i_daisy/genblk3[0].i_test/rx_err_inc_reg/C
                               i_daisy/genblk3[0].i_test/rx_err_cnt_reg[8]/R
                                                              3.821         
i_daisy/genblk3[0].i_test/rx_err_inc_reg/C
                               i_daisy/genblk3[0].i_test/rx_err_cnt_reg[9]/R
                                                              3.821         
i_daisy/genblk3[0].i_test/rx_err_inc_reg/C
                               i_daisy/genblk3[0].i_test/rx_err_cnt_reg[12]/R
                                                              3.970         
i_daisy/genblk3[0].i_test/rx_err_inc_reg/C
                               i_daisy/genblk3[0].i_test/rx_err_cnt_reg[13]/R
                                                              3.970         
i_daisy/genblk3[0].i_test/rx_err_inc_reg/C
                               i_daisy/genblk3[0].i_test/rx_err_cnt_reg[14]/R
                                                              3.970         
i_daisy/genblk3[0].i_test/rx_err_inc_reg/C
                               i_daisy/genblk3[0].i_test/rx_err_cnt_reg[15]/R
                                                              3.970         
i_daisy/i_rx/par_rstn_o_reg/C  i_daisy/i_rx/genblk1[0].par_dat_r_reg[10]/R
                                                              3.991         
i_daisy/i_rx/par_rstn_o_reg/C  i_daisy/i_rx/genblk1[0].par_dat_r_reg[11]/R
                                                              3.991         
i_daisy/i_rx/par_rstn_o_reg/C  i_daisy/i_rx/genblk1[0].par_dat_r_reg[13]/R
                                                              3.991         
i_daisy/i_rx/par_rstn_o_reg/C  i_daisy/i_rx/genblk1[0].par_dat_r_reg[14]/R
                                                              3.991         
i_daisy/i_rx/par_rstn_o_reg/C  i_daisy/i_rx/genblk1[0].par_dat_r_reg[15]/R
                                                              3.991         
i_daisy/i_rx/par_rstn_o_reg/C  i_daisy/i_rx/genblk1[0].par_dat_r_reg[1]/R
                                                              3.991         
i_daisy/i_rx/par_rstn_o_reg/C  i_daisy/i_rx/genblk1[0].par_dat_r_reg[8]/R
                                                              3.991         
i_daisy/i_rx/par_rstn_o_reg/C  i_daisy/i_rx/genblk1[0].par_dat_r_reg[9]/R
                                                              3.991         
dac_dat_b_reg[12]/C            oddr_dac_dat[12]/D1            4.031         
dac_dat_b_reg[13]/C            oddr_dac_dat[13]/D1            4.089         
i_daisy/genblk3[0].i_test/rx_dat_reg[4]/C
                               i_daisy/genblk3[0].i_test/rx_err_inc_reg/D
                                                              4.112         
dac_dat_b_reg[1]/C             oddr_dac_dat[1]/D1             4.150         
i_daisy/genblk3[0].i_test/rx_dat_reg[4]/C
                               i_daisy/genblk3[0].i_test/rx_dat_inc_reg/D
                                                              4.163         
i_daisy/i_rx/par_rstn_o_reg/C  i_daisy/i_rx/genblk1[0].par_dat_r_reg[2]/R
                                                              4.204         
i_daisy/genblk3[0].i_test/rx_err_inc_reg/C
                               i_daisy/genblk3[0].i_test/rx_err_cnt_reg[0]/R
                                                              4.206         
i_daisy/genblk3[0].i_test/rx_err_inc_reg/C
                               i_daisy/genblk3[0].i_test/rx_err_cnt_reg[1]/R
                                                              4.206         
i_daisy/genblk3[0].i_test/rx_err_inc_reg/C
                               i_daisy/genblk3[0].i_test/rx_err_cnt_reg[2]/R
                                                              4.206         
i_daisy/genblk3[0].i_test/rx_err_inc_reg/C
                               i_daisy/genblk3[0].i_test/rx_err_cnt_reg[3]/R
                                                              4.206         
i_daisy/i_rx/genblk1[0].par_dat_r_reg[3]/C
                               i_daisy/i_rx/genblk1[0].par_ok_reg[0]/D
                                                              4.226         
i_hk/digital_loop_reg[1]/C     dac_dat_a_reg[13]/R            4.309         
i_hk/digital_loop_reg[1]/C     dac_dat_b_reg[13]/R            4.309         
i_daisy/i_rx/par_rstn_o_reg/C  i_daisy/i_rx/genblk1[0].par_cnt_reg[0]/R
                                                              4.345         
i_daisy/i_rx/par_rstn_o_reg/C  i_daisy/i_rx/genblk1[0].par_cnt_reg[1]/R
                                                              4.345         
i_daisy/genblk3[0].i_test/rx_err_inc_reg/C
                               i_daisy/genblk3[0].i_test/rx_err_cnt_reg[4]/R
                                                              4.347         
i_daisy/genblk3[0].i_test/rx_err_inc_reg/C
                               i_daisy/genblk3[0].i_test/rx_err_cnt_reg[5]/R
                                                              4.347         
i_daisy/genblk3[0].i_test/rx_err_inc_reg/C
                               i_daisy/genblk3[0].i_test/rx_err_cnt_reg[6]/R
                                                              4.347         
i_daisy/genblk3[0].i_test/rx_err_inc_reg/C
                               i_daisy/genblk3[0].i_test/rx_err_cnt_reg[7]/R
                                                              4.347         
i_hk/digital_loop_reg[1]/C     dac_dat_a_reg[6]/S             4.404         
i_hk/digital_loop_reg[1]/C     dac_dat_a_reg[7]/S             4.404         
i_hk/digital_loop_reg[1]/C     dac_dat_a_reg[8]/S             4.404         
i_hk/digital_loop_reg[1]/C     dac_dat_b_reg[8]/S             4.404         
i_hk/digital_loop_reg[1]/C     dac_dat_a_reg[3]/S             4.407         
i_hk/digital_loop_reg[1]/C     dac_dat_b_reg[4]/S             4.407         
dac_dat_b_reg[0]/C             oddr_dac_dat[0]/D1             4.436         
i_daisy/i_rx/par_rstn_o_reg/C  i_daisy/i_rx/genblk1[0].par_val_reg/R
                                                              4.440         
i_daisy/genblk3[0].i_test/rx_dat_inc_reg/C
                               i_daisy/genblk3[0].i_test/rx_dat_cnt_reg[28]/R
                                                              4.470         
i_daisy/genblk3[0].i_test/rx_dat_inc_reg/C
                               i_daisy/genblk3[0].i_test/rx_dat_cnt_reg[29]/R
                                                              4.470         
i_daisy/genblk3[0].i_test/rx_dat_inc_reg/C
                               i_daisy/genblk3[0].i_test/rx_dat_cnt_reg[30]/R
                                                              4.470         
i_daisy/genblk3[0].i_test/rx_dat_inc_reg/C
                               i_daisy/genblk3[0].i_test/rx_dat_cnt_reg[31]/R
                                                              4.470         
dac_dat_b_reg[3]/C             oddr_dac_dat[3]/D1             4.495         
dac_dat_b_reg[5]/C             oddr_dac_dat[5]/D1             4.497         
dac_dat_b_reg[2]/C             oddr_dac_dat[2]/D1             4.515         
i_daisy/i_rx/genblk1[0].par_dat_r_reg[3]/C
                               i_daisy/i_rx/genblk1[0].bitslip_l_reg/D
                                                              4.565         
i_daisy/genblk3[0].i_test/rx_dat_inc_reg/C
                               i_daisy/genblk3[0].i_test/rx_dat_cnt_reg[24]/R
                                                              4.611         
i_daisy/genblk3[0].i_test/rx_dat_inc_reg/C
                               i_daisy/genblk3[0].i_test/rx_dat_cnt_reg[25]/R
                                                              4.611         
i_daisy/genblk3[0].i_test/rx_dat_inc_reg/C
                               i_daisy/genblk3[0].i_test/rx_dat_cnt_reg[26]/R
                                                              4.611         
i_daisy/genblk3[0].i_test/rx_dat_inc_reg/C
                               i_daisy/genblk3[0].i_test/rx_dat_cnt_reg[27]/R
                                                              4.611         
i_daisy/i_rx/par_rstn_o_reg/C  i_daisy/i_rx/genblk1[0].par_dv_reg/R
                                                              4.630         
i_hk/digital_loop_reg[1]/C     dac_dat_b_reg[6]/S             4.656         
i_daisy/genblk4[0].rxp_datr_reg[15]/C
                               i_daisy/genblk4[0].rxp_dv_n_reg/D
                                                              4.670         
i_daisy/i_rx/genblk1[0].par_ok_reg[0]/C
                               i_daisy/i_rx/genblk1[0].nibslip_cnt_reg[0]/CE
                                                              4.689         
i_hk/digital_loop_reg[1]/C     dac_dat_a_reg[9]/S             4.691         
i_hk/digital_loop_reg[1]/C     dac_dat_b_reg[2]/S             4.691         
i_hk/digital_loop_reg[1]/C     dac_dat_b_reg[5]/S             4.691         
i_hk/digital_loop_reg[1]/C     dac_dat_b_reg[9]/S             4.691         
i_hk/digital_loop_reg[1]/C     dac_dat_a_reg[1]/S             4.704         
i_hk/digital_loop_reg[1]/C     dac_dat_a_reg[5]/S             4.704         
i_hk/digital_loop_reg[1]/C     dac_dat_b_reg[12]/S            4.704         
i_daisy/i_rx/par_rstn_o_reg/C  i_daisy/i_rx/genblk1[0].par_dat_r_reg[0]/R
                                                              4.744         
i_daisy/i_rx/par_rstn_o_reg/C  i_daisy/i_rx/genblk1[0].par_dat_r_reg[12]/R
                                                              4.744         
i_daisy/i_rx/par_rstn_o_reg/C  i_daisy/i_rx/genblk1[0].par_dat_r_reg[3]/R
                                                              4.744         
i_daisy/i_rx/par_rstn_o_reg/C  i_daisy/i_rx/genblk1[0].par_dat_r_reg[4]/R
                                                              4.744         
i_daisy/i_rx/par_rstn_o_reg/C  i_daisy/i_rx/genblk1[0].par_dat_r_reg[5]/R
                                                              4.744         
i_daisy/i_rx/par_rstn_o_reg/C  i_daisy/i_rx/genblk1[0].par_dat_r_reg[6]/R
                                                              4.744         
i_daisy/i_rx/par_rstn_o_reg/C  i_daisy/i_rx/genblk1[0].par_dat_r_reg[7]/R
                                                              4.744         
i_daisy/i_rx/par_rstn_o_reg/C  i_daisy/i_rx/genblk1[0].par_train_r_reg[0]/R
                                                              4.748         
i_daisy/i_rx/par_rstn_o_reg/C  i_daisy/i_rx/genblk1[0].par_train_r_reg[1]/R
                                                              4.748         
i_daisy/i_rx/par_rstn_o_reg/C  i_daisy/i_rx/genblk1[0].par_train_reg/R
                                                              4.748         
i_hk/digital_loop_reg[1]/C     dac_dat_a_reg[11]/S            4.751         
i_hk/digital_loop_reg[1]/C     dac_dat_a_reg[4]/S             4.751         
i_hk/digital_loop_reg[1]/C     dac_dat_b_reg[10]/S            4.751         
i_hk/digital_loop_reg[1]/C     dac_dat_b_reg[1]/S             4.751         
i_daisy/genblk3[0].i_test/rx_dat_inc_reg/C
                               i_daisy/genblk3[0].i_test/rx_dat_cnt_reg[10]/R
                                                              4.753         
i_daisy/genblk3[0].i_test/rx_dat_inc_reg/C
                               i_daisy/genblk3[0].i_test/rx_dat_cnt_reg[11]/R
                                                              4.753         
i_daisy/genblk3[0].i_test/rx_dat_inc_reg/C
                               i_daisy/genblk3[0].i_test/rx_dat_cnt_reg[8]/R
                                                              4.753         
i_daisy/genblk3[0].i_test/rx_dat_inc_reg/C
                               i_daisy/genblk3[0].i_test/rx_dat_cnt_reg[9]/R
                                                              4.753         
i_daisy/genblk3[0].i_test/rx_dat_inc_reg/C
                               i_daisy/genblk3[0].i_test/rx_dat_cnt_reg[20]/R
                                                              4.761         
i_daisy/genblk3[0].i_test/rx_dat_inc_reg/C
                               i_daisy/genblk3[0].i_test/rx_dat_cnt_reg[21]/R
                                                              4.761         
i_daisy/genblk3[0].i_test/rx_dat_inc_reg/C
                               i_daisy/genblk3[0].i_test/rx_dat_cnt_reg[22]/R
                                                              4.761         
i_daisy/genblk3[0].i_test/rx_dat_inc_reg/C
                               i_daisy/genblk3[0].i_test/rx_dat_cnt_reg[23]/R
                                                              4.761         
dac_dat_b_reg[11]/C            oddr_dac_dat[11]/D1            4.764         
dac_dat_b_reg[4]/C             oddr_dac_dat[4]/D1             4.793         
i_hk/digital_loop_reg[1]/C     dac_dat_a_reg[12]/S            4.799         
i_hk/digital_loop_reg[1]/C     dac_dat_a_reg[2]/S             4.799         
i_hk/digital_loop_reg[1]/C     dac_dat_b_reg[11]/S            4.799         
i_hk/digital_loop_reg[1]/C     dac_dat_b_reg[7]/S             4.799         
i_hk/digital_loop_reg[1]/C     dac_dat_a_reg[0]/S             4.840         
i_hk/digital_loop_reg[1]/C     dac_dat_a_reg[10]/S            4.840         
i_hk/digital_loop_reg[1]/C     dac_dat_b_reg[0]/S             4.840         
i_hk/digital_loop_reg[1]/C     dac_dat_b_reg[3]/S             4.840         
i_daisy/i_rx/par_rstn_reg/C    i_daisy/i_rx/genblk1[0].par_cnt_reg[0]/CE
                                                              4.849         
i_daisy/i_rx/par_rstn_reg/C    i_daisy/i_rx/genblk1[0].par_cnt_reg[1]/CE
                                                              4.849         
dac_dat_b_reg[10]/C            oddr_dac_dat[10]/D1            4.865         
i_daisy/i_rx/par_rstn_o_reg/C  i_daisy/i_rx/genblk1[0].par_ok_reg[0]/R
                                                              4.894         
i_daisy/genblk3[0].i_test/rx_dat_inc_reg/C
                               i_daisy/genblk3[0].i_test/rx_dat_cnt_reg[12]/R
                                                              4.902         
i_daisy/genblk3[0].i_test/rx_dat_inc_reg/C
                               i_daisy/genblk3[0].i_test/rx_dat_cnt_reg[13]/R
                                                              4.902         
i_daisy/genblk3[0].i_test/rx_dat_inc_reg/C
                               i_daisy/genblk3[0].i_test/rx_dat_cnt_reg[14]/R
                                                              4.902         
i_daisy/genblk3[0].i_test/rx_dat_inc_reg/C
                               i_daisy/genblk3[0].i_test/rx_dat_cnt_reg[15]/R
                                                              4.902         
rst_cnt_reg[5]/C               dac_rst_reg/D                  4.905         
i_daisy/genblk3[0].i_test/rx_dat_inc_reg/C
                               i_daisy/genblk3[0].i_test/rx_dat_cnt_reg[16]/R
                                                              4.922         
i_daisy/genblk3[0].i_test/rx_dat_inc_reg/C
                               i_daisy/genblk3[0].i_test/rx_dat_cnt_reg[17]/R
                                                              4.922         
i_daisy/genblk3[0].i_test/rx_dat_inc_reg/C
                               i_daisy/genblk3[0].i_test/rx_dat_cnt_reg[18]/R
                                                              4.922         
i_daisy/genblk3[0].i_test/rx_dat_inc_reg/C
                               i_daisy/genblk3[0].i_test/rx_dat_cnt_reg[19]/R
                                                              4.922         
dac_dat_b_reg[6]/C             oddr_dac_dat[6]/D1             4.945         
i_daisy/i_rx/genblk1[0].nibslip_cnt_reg[0]/C
                               i_daisy/i_rx/genblk1[0].nibslip_cnt_reg[2]/D
                                                              4.971         
i_daisy/i_rx/par_rstn_o_reg/C  i_daisy/i_rx/genblk1[0].bitslip_l_reg/R
                                                              4.989         
i_daisy/i_rx/genblk1[0].bitslip_cnt_reg[1]/C
                               i_daisy/i_rx/genblk1[0].bitslip_cnt_reg[0]/CE
                                                              4.999         
i_daisy/i_rx/genblk1[0].bitslip_cnt_reg[1]/C
                               i_daisy/i_rx/genblk1[0].bitslip_cnt_reg[1]/CE
                                                              4.999         
i_daisy/i_rx/genblk1[0].bitslip_cnt_reg[1]/C
                               i_daisy/i_rx/genblk1[0].bitslip_cnt_reg[2]/CE
                                                              4.999         
i_daisy/i_rx/genblk1[0].bitslip_cnt_reg[1]/C
                               i_daisy/i_rx/genblk1[0].bitslip_cnt_reg[3]/CE
                                                              4.999         
i_daisy/genblk3[0].i_test/rx_dat_inc_reg/C
                               i_daisy/genblk3[0].i_test/rx_dat_cnt_reg[0]/R
                                                              5.055         
i_daisy/genblk3[0].i_test/rx_dat_inc_reg/C
                               i_daisy/genblk3[0].i_test/rx_dat_cnt_reg[1]/R
                                                              5.055         
i_daisy/genblk3[0].i_test/rx_dat_inc_reg/C
                               i_daisy/genblk3[0].i_test/rx_dat_cnt_reg[2]/R
                                                              5.055         
i_daisy/genblk3[0].i_test/rx_dat_inc_reg/C
                               i_daisy/genblk3[0].i_test/rx_dat_cnt_reg[3]/R
                                                              5.055         
i_daisy/i_rx/genblk1[0].i_iserdese/CLKDIV
                               i_daisy/genblk4[0].rxp_datr_reg[0]/D
                                                              5.070         
dac_dat_b_reg[8]/C             oddr_dac_dat[8]/D1             5.115         
dac_dat_b_reg[9]/C             oddr_dac_dat[9]/D1             5.128         
dac_dat_b_reg[7]/C             oddr_dac_dat[7]/D1             5.149         
dac_rst_reg/C                  oddr_dac_rst/D1                5.677         



