Copyright 1986-2021 Xilinx, Inc. All Rights Reserved.
-----------------------------------------------------------------------------------------------------------------------------------------------------------------------------------------------------------------
| Tool Version : Vivado v.2021.2 (lin64) Build 3367213 Tue Oct 19 02:47:39 MDT 2021
| Date         : Wed May 13 10:36:22 2026
| Host         : LoloVictus running 64-bit Ubuntu 20.04.3 LTS
| Command      : report_timing_summary -max_paths 10 -file red_pitaya_top_timing_summary_routed.rpt -pb red_pitaya_top_timing_summary_routed.pb -rpx red_pitaya_top_timing_summary_routed.rpx -warn_on_violation
| Design       : red_pitaya_top
| Device       : 7z010-clg400
| Speed File   : -1  PRODUCTION 1.12 2019-11-22
-----------------------------------------------------------------------------------------------------------------------------------------------------------------------------------------------------------------

Timing Summary Report

------------------------------------------------------------------------------------------------
| Timer Settings
| --------------
------------------------------------------------------------------------------------------------

  Enable Multi Corner Analysis               :  Yes
  Enable Pessimism Removal                   :  Yes
  Pessimism Removal Resolution               :  Nearest Common Node
  Enable Input Delay Default Clock           :  No
  Enable Preset / Clear Arcs                 :  No
  Disable Flight Delays                      :  No
  Ignore I/O Paths                           :  No
  Timing Early Launch at Borrowing Latches   :  No
  Borrow Time for Max Delay Exceptions       :  Yes
  Merge Timing Exceptions                    :  Yes

  Corner  Analyze    Analyze    
  Name    Max Paths  Min Paths  
  ------  ---------  ---------  
  Slow    Yes        Yes        
  Fast    Yes        Yes        


------------------------------------------------------------------------------------------------
| Report Methodology
| ------------------
------------------------------------------------------------------------------------------------

Rule       Severity          Description                                                        Violations  
---------  ----------------  -----------------------------------------------------------------  ----------  
TIMING-6   Critical Warning  No common primary clock between related clocks                     1           
TIMING-7   Critical Warning  No common node between related clocks                              1           
TIMING-8   Critical Warning  No common period between related clocks                            1           
TIMING-17  Critical Warning  Non-clocked sequential cell                                        1           
CKBF-1     Warning           connects_I_driver_BUFR                                             1           
SYNTH-6    Warning           Timing of a RAM block might be sub-optimal                         16          
SYNTH-11   Warning           DSP output not registered                                          8           
TIMING-9   Warning           Unknown CDC Logic                                                  1           
TIMING-10  Warning           Missing property on synchronizer                                   1           
TIMING-16  Warning           Large setup violation                                              32          
TIMING-18  Warning           Missing input or output delay                                      47          
TIMING-20  Warning           Non-clocked latch                                                  17          
TIMING-24  Warning           Overridden Max delay datapath only                                 4           
TIMING-28  Warning           Auto-derived clock referenced by a timing constraint               8           
TIMING-47  Warning           False path or asynchronous clock group between synchronous clocks  2           
ULMTCS-1   Warning           Control Sets use limits recommend reduction                        1           
XDCC-5     Warning           User Non-Timing constraint/property overwritten                    4           
XDCH-2     Warning           Same min and max delay values on IO port                           32          
REQP-1959  Advisory          connects_SERDES_RST_driver_not_FF                                  1           

Note: This report is based on the most recent report_methodology run and may not be up-to-date. Run report_methodology on the current design for the latest report.



check_timing report

Table of Contents
-----------------
1. checking no_clock (52)
2. checking constant_clock (0)
3. checking pulse_width_clock (0)
4. checking unconstrained_internal_endpoints (19)
5. checking no_input_delay (17)
6. checking no_output_delay (50)
7. checking multiple_clock (0)
8. checking generated_clocks (0)
9. checking loops (0)
10. checking partial_input_delay (0)
11. checking partial_output_delay (0)
12. checking latch_loops (0)

1. checking no_clock (52)
-------------------------
 There are 17 register/latch pins with no clock driven by root clock pin: i_daisy/genblk4[0].tx_cfg_sel_reg[1]/Q (HIGH)

 There are 17 register/latch pins with no clock driven by root clock pin: i_daisy/genblk4[0].tx_cfg_sel_reg[2]/Q (HIGH)

 There are 17 register/latch pins with no clock driven by root clock pin: i_hk/daisy_mode_o_reg[0]/Q (HIGH)

 There is 1 register/latch pin with no clock driven by root clock pin: i_hk/dna_clk_reg/Q (HIGH)


2. checking constant_clock (0)
------------------------------
 There are 0 register/latch pins with constant_clock.


3. checking pulse_width_clock (0)
---------------------------------
 There are 0 register/latch pins which need pulse_width check


4. checking unconstrained_internal_endpoints (19)
-------------------------------------------------
 There are 19 pins that are not constrained for maximum delay. (HIGH)

 There are 0 pins that are not constrained for maximum delay due to constant clock.


5. checking no_input_delay (17)
-------------------------------
 There are 17 input ports with no input delay specified. (HIGH)

 There are 0 input ports with no input delay but user has a false path constraint.


6. checking no_output_delay (50)
--------------------------------
 There are 50 ports with no output delay specified. (HIGH)

 There are 0 ports with no output delay but user has a false path constraint

 There are 0 ports with no output delay but with a timing clock defined on it or propagating through it


7. checking multiple_clock (0)
------------------------------
 There are 0 register/latch pins with multiple clocks.


8. checking generated_clocks (0)
--------------------------------
 There are 0 generated clocks that are not connected to a clock source.


9. checking loops (0)
---------------------
 There are 0 combinational loops in the design.


10. checking partial_input_delay (0)
------------------------------------
 There are 0 input ports with partial input delay specified.


11. checking partial_output_delay (0)
-------------------------------------
 There are 0 ports with partial output delay specified.


12. checking latch_loops (0)
----------------------------
 There are 0 combinational latch loops in the design through latch input



------------------------------------------------------------------------------------------------
| Design Timing Summary
| ---------------------
------------------------------------------------------------------------------------------------

    WNS(ns)      TNS(ns)  TNS Failing Endpoints  TNS Total Endpoints      WHS(ns)      THS(ns)  THS Failing Endpoints  THS Total Endpoints     WPWS(ns)     TPWS(ns)  TPWS Failing Endpoints  TPWS Total Endpoints  
    -------      -------  ---------------------  -------------------      -------      -------  ---------------------  -------------------     --------     --------  ----------------------  --------------------  
     -5.145     -173.802                    111                31548        0.050        0.000                      0                31362        0.784        0.000                       0                 12263  


Timing constraints are not met.


------------------------------------------------------------------------------------------------
| Clock Summary
| -------------
------------------------------------------------------------------------------------------------

Clock             Waveform(ns)         Period(ns)      Frequency(MHz)
-----             ------------         ----------      --------------
adc_clk           {0.000 4.069}        8.138           122.880         
  clk_fb          {0.000 4.069}        8.138           122.880         
  pll_adc_clk     {0.000 4.069}        8.138           122.880         
  pll_dac_clk_1x  {0.000 4.069}        8.138           122.880         
  pll_dac_clk_2p  {-0.509 1.526}       4.069           245.761         
  pll_dac_clk_2x  {0.000 2.034}        4.069           245.761         
  pll_ser_clk     {0.000 2.034}        4.069           245.761         
clk_fpga_0        {0.000 4.000}        8.000           125.000         
clk_fpga_1        {0.000 2.000}        4.000           250.000         
clk_fpga_2        {0.000 10.000}       20.000          50.000          
clk_fpga_3        {0.000 2.500}        5.000           200.000         
rx_clk            {0.000 2.000}        4.000           250.000         
  par_clk         {0.000 4.000}        8.000           125.000         


------------------------------------------------------------------------------------------------
| Intra Clock Table
| -----------------
------------------------------------------------------------------------------------------------

Clock                 WNS(ns)      TNS(ns)  TNS Failing Endpoints  TNS Total Endpoints      WHS(ns)      THS(ns)  THS Failing Endpoints  THS Total Endpoints     WPWS(ns)     TPWS(ns)  TPWS Failing Endpoints  TPWS Total Endpoints  
-----                 -------      -------  ---------------------  -------------------      -------      -------  ---------------------  -------------------     --------     --------  ----------------------  --------------------  
adc_clk                                                                                                                                                             2.069        0.000                       0                     1  
  clk_fb                                                                                                                                                            6.889        0.000                       0                     2  
  pll_adc_clk          -0.505      -13.918                     79                25557        0.051        0.000                      0                25557        2.819        0.000                       0                  9653  
  pll_dac_clk_1x        0.519        0.000                      0                   45        0.251        0.000                      0                   45        3.569        0.000                       0                    47  
  pll_dac_clk_2p                                                                                                                                                    1.914        0.000                       0                     3  
  pll_dac_clk_2x        0.285        0.000                      0                 2860        0.050        0.000                      0                 2860        0.784        0.000                       0                  1075  
  pll_ser_clk                                                                                                                                                       1.914        0.000                       0                     4  
clk_fpga_0             -0.249       -0.455                      2                  433        0.131        0.000                      0                  433        3.500        0.000                       0                   235  
clk_fpga_3              0.268        0.000                      0                 1978        0.087        0.000                      0                 1978        1.000        0.000                       0                   967  
rx_clk                                                                                                                                                              2.333        0.000                       0                     4  
  par_clk               3.968        0.000                      0                  460        0.119        0.000                      0                  460        3.020        0.000                       0                   272  


------------------------------------------------------------------------------------------------
| Inter Clock Table
| -----------------
------------------------------------------------------------------------------------------------

From Clock      To Clock            WNS(ns)      TNS(ns)  TNS Failing Endpoints  TNS Total Endpoints      WHS(ns)      THS(ns)  THS Failing Endpoints  THS Total Endpoints  
----------      --------            -------      -------  ---------------------  -------------------      -------      -------  ---------------------  -------------------  
pll_dac_clk_2x  pll_adc_clk           2.690        0.000                      0                   24                                                                        
clk_fpga_0      pll_adc_clk           2.225        0.000                      0                  154                                                                        
pll_adc_clk     pll_dac_clk_1x        3.081        0.000                      0                   29        0.185        0.000                      0                   29  
pll_adc_clk     clk_fpga_0           -5.145     -159.884                     32                   40        0.692        0.000                      0                   32  


------------------------------------------------------------------------------------------------
| Other Path Groups Table
| -----------------------
------------------------------------------------------------------------------------------------

Path Group    From Clock    To Clock          WNS(ns)      TNS(ns)  TNS Failing Endpoints  TNS Total Endpoints      WHS(ns)      THS(ns)  THS Failing Endpoints  THS Total Endpoints  
----------    ----------    --------          -------      -------  ---------------------  -------------------      -------      -------  ---------------------  -------------------  


------------------------------------------------------------------------------------------------
| Timing Details
| --------------
------------------------------------------------------------------------------------------------


---------------------------------------------------------------------------------------------------
From Clock:  adc_clk
  To Clock:  adc_clk

Setup :           NA  Failing Endpoints,  Worst Slack           NA  ,  Total Violation           NA
Hold  :           NA  Failing Endpoints,  Worst Slack           NA  ,  Total Violation           NA
PW    :            0  Failing Endpoints,  Worst Slack        2.069ns,  Total Violation        0.000ns
---------------------------------------------------------------------------------------------------


Pulse Width Checks
--------------------------------------------------------------------------------------
Clock Name:         adc_clk
Waveform(ns):       { 0.000 4.069 }
Period(ns):         8.138
Sources:            { adc_clk_i[1] }

Check Type        Corner  Lib Pin           Reference Pin  Required(ns)  Actual(ns)  Slack(ns)  Location        Pin
Min Period        n/a     PLLE2_ADV/CLKIN1  n/a            1.249         8.138       6.889      PLLE2_ADV_X0Y0  pll/pll/CLKIN1
Max Period        n/a     PLLE2_ADV/CLKIN1  n/a            52.633        8.138       44.495     PLLE2_ADV_X0Y0  pll/pll/CLKIN1
Low Pulse Width   Slow    PLLE2_ADV/CLKIN1  n/a            2.000         4.069       2.069      PLLE2_ADV_X0Y0  pll/pll/CLKIN1
Low Pulse Width   Fast    PLLE2_ADV/CLKIN1  n/a            2.000         4.069       2.069      PLLE2_ADV_X0Y0  pll/pll/CLKIN1
High Pulse Width  Slow    PLLE2_ADV/CLKIN1  n/a            2.000         4.069       2.069      PLLE2_ADV_X0Y0  pll/pll/CLKIN1
High Pulse Width  Fast    PLLE2_ADV/CLKIN1  n/a            2.000         4.069       2.069      PLLE2_ADV_X0Y0  pll/pll/CLKIN1



---------------------------------------------------------------------------------------------------
From Clock:  clk_fb
  To Clock:  clk_fb

Setup :           NA  Failing Endpoints,  Worst Slack           NA  ,  Total Violation           NA
Hold  :           NA  Failing Endpoints,  Worst Slack           NA  ,  Total Violation           NA
PW    :            0  Failing Endpoints,  Worst Slack        6.889ns,  Total Violation        0.000ns
---------------------------------------------------------------------------------------------------


Pulse Width Checks
--------------------------------------------------------------------------------------
Clock Name:         clk_fb
Waveform(ns):       { 0.000 4.069 }
Period(ns):         8.138
Sources:            { pll/pll/CLKFBOUT }

Check Type  Corner  Lib Pin             Reference Pin  Required(ns)  Actual(ns)  Slack(ns)  Location        Pin
Min Period  n/a     PLLE2_ADV/CLKFBOUT  n/a            1.249         8.138       6.889      PLLE2_ADV_X0Y0  pll/pll/CLKFBOUT
Min Period  n/a     PLLE2_ADV/CLKFBIN   n/a            1.249         8.138       6.889      PLLE2_ADV_X0Y0  pll/pll/CLKFBIN
Max Period  n/a     PLLE2_ADV/CLKFBIN   n/a            52.633        8.138       44.495     PLLE2_ADV_X0Y0  pll/pll/CLKFBIN
Max Period  n/a     PLLE2_ADV/CLKFBOUT  n/a            160.000       8.138       151.862    PLLE2_ADV_X0Y0  pll/pll/CLKFBOUT



---------------------------------------------------------------------------------------------------
From Clock:  pll_adc_clk
  To Clock:  pll_adc_clk

Setup :           79  Failing Endpoints,  Worst Slack       -0.505ns,  Total Violation      -13.918ns
Hold  :            0  Failing Endpoints,  Worst Slack        0.051ns,  Total Violation        0.000ns
PW    :            0  Failing Endpoints,  Worst Slack        2.819ns,  Total Violation        0.000ns
---------------------------------------------------------------------------------------------------


Max Delay Paths
--------------------------------------------------------------------------------------
Slack (VIOLATED) :        -0.505ns  (required time - arrival time)
  Source:                 i_asg/chA/dac_do_reg/C
                            (rising edge-triggered cell FDRE clocked by pll_adc_clk  {rise@0.000ns fall@4.069ns period=8.138ns})
  Destination:            i_asg/chA/dac_pnt_reg[4]/D
                            (rising edge-triggered cell FDRE clocked by pll_adc_clk  {rise@0.000ns fall@4.069ns period=8.138ns})
  Path Group:             pll_adc_clk
  Path Type:              Setup (Max at Slow Process Corner)
  Requirement:            8.138ns  (pll_adc_clk rise@8.138ns - pll_adc_clk rise@0.000ns)
  Data Path Delay:        8.481ns  (logic 4.666ns (55.016%)  route 3.815ns (44.984%))
  Logic Levels:           22  (CARRY4=17 LUT1=1 LUT2=1 LUT3=1 LUT4=1 LUT6=1)
  Clock Path Skew:        -0.172ns (DCD - SCD + CPR)
    Destination Clock Delay (DCD):    5.389ns = ( 13.527 - 8.138 ) 
    Source Clock Delay      (SCD):    5.904ns
    Clock Pessimism Removal (CPR):    0.343ns
  Clock Uncertainty:      0.070ns  ((TSJ^2 + DJ^2)^1/2) / 2 + PE
    Total System Jitter     (TSJ):    0.071ns
    Discrete Jitter          (DJ):    0.120ns
    Phase Error              (PE):    0.000ns

    Location             Delay type                Incr(ns)  Path(ns)    Netlist Resource(s)
  -------------------------------------------------------------------    -------------------
                         (clock pll_adc_clk rise edge)
                                                      0.000     0.000 r  
    U18                                               0.000     0.000 r  adc_clk_i[1] (IN)
                         net (fo=0)                   0.000     0.000    adc_clk_i[1]
    U18                  IBUFDS (Prop_ibufds_I_O)     0.983     0.983 r  i_clk/O
                         net (fo=1, routed)           1.306     2.289    pll/adc_clk_in
    PLLE2_ADV_X0Y0       PLLE2_ADV (Prop_plle2_adv_CLKIN1_CLKOUT0)
                                                      0.089     2.378 r  pll/pll/CLKOUT0
                         net (fo=1, routed)           1.754     4.132    pll_adc_clk
    BUFGCTRL_X0Y0        BUFG (Prop_bufg_I_O)         0.101     4.233 r  bufg_adc_clk/O
                         net (fo=9660, routed)        1.671     5.904    i_asg/chA/adc_clk
    SLICE_X13Y51         FDRE                                         r  i_asg/chA/dac_do_reg/C
  -------------------------------------------------------------------    -------------------
    SLICE_X13Y51         FDRE (Prop_fdre_C_Q)         0.456     6.360 r  i_asg/chA/dac_do_reg/Q
                         net (fo=124, routed)         1.085     7.445    i_asg/chA/dac_do
    SLICE_X18Y42         LUT3 (Prop_lut3_I2_O)        0.124     7.569 r  i_asg/chA/dac_pnt[3]_i_5/O
                         net (fo=1, routed)           0.000     7.569    i_asg/chA/dac_pnt[3]_i_5_n_0
    SLICE_X18Y42         CARRY4 (Prop_carry4_S[1]_CO[3])
                                                      0.550     8.119 r  i_asg/chA/dac_pnt_reg[3]_i_2/CO[3]
                         net (fo=1, routed)           0.000     8.119    i_asg/chA/dac_pnt_reg[3]_i_2_n_0
    SLICE_X18Y43         CARRY4 (Prop_carry4_CI_CO[3])
                                                      0.114     8.233 r  i_asg/chA/dac_pnt_reg[7]_i_2/CO[3]
                         net (fo=1, routed)           0.000     8.233    i_asg/chA/dac_pnt_reg[7]_i_2_n_0
    SLICE_X18Y44         CARRY4 (Prop_carry4_CI_CO[3])
                                                      0.114     8.347 r  i_asg/chA/dac_pnt_reg[11]_i_2/CO[3]
                         net (fo=1, routed)           0.000     8.347    i_asg/chA/dac_pnt_reg[11]_i_2_n_0
    SLICE_X18Y45         CARRY4 (Prop_carry4_CI_CO[3])
                                                      0.114     8.461 r  i_asg/chA/dac_pnt_reg[15]_i_2/CO[3]
                         net (fo=1, routed)           0.000     8.461    i_asg/chA/dac_pnt_reg[15]_i_2_n_0
    SLICE_X18Y46         CARRY4 (Prop_carry4_CI_O[1])
                                                      0.334     8.795 f  i_asg/chA/dac_pnt_reg[19]_i_2/O[1]
                         net (fo=3, routed)           0.746     9.541    i_asg/chA/dac_pnt_reg[19]_i_2_n_6
    SLICE_X17Y45         LUT1 (Prop_lut1_I0_O)        0.303     9.844 r  i_asg/chA/dac_pnt[20]_i_6/O
                         net (fo=1, routed)           0.000     9.844    i_asg/chA/dac_pnt[20]_i_6_n_0
    SLICE_X17Y45         CARRY4 (Prop_carry4_S[0]_CO[3])
                                                      0.532    10.376 r  i_asg/chA/dac_pnt_reg[20]_i_2/CO[3]
                         net (fo=1, routed)           0.000    10.376    i_asg/chA/dac_pnt_reg[20]_i_2_n_0
    SLICE_X17Y46         CARRY4 (Prop_carry4_CI_CO[3])
                                                      0.114    10.490 r  i_asg/chA/dac_pnt_reg[24]_i_2/CO[3]
                         net (fo=1, routed)           0.000    10.490    i_asg/chA/dac_pnt_reg[24]_i_2_n_0
    SLICE_X17Y47         CARRY4 (Prop_carry4_CI_CO[3])
                                                      0.114    10.604 r  i_asg/chA/dac_pnt_reg[28]_i_2/CO[3]
                         net (fo=1, routed)           0.000    10.604    i_asg/chA/dac_pnt_reg[28]_i_2_n_0
    SLICE_X17Y48         CARRY4 (Prop_carry4_CI_CO[3])
                                                      0.114    10.718 r  i_asg/chA/dac_pnt_reg[32]_i_2/CO[3]
                         net (fo=1, routed)           0.000    10.718    i_asg/chA/dac_pnt_reg[32]_i_2_n_0
    SLICE_X17Y49         CARRY4 (Prop_carry4_CI_CO[3])
                                                      0.114    10.832 r  i_asg/chA/dac_pnt_reg[36]_i_2/CO[3]
                         net (fo=1, routed)           0.001    10.832    i_asg/chA/dac_pnt_reg[36]_i_2_n_0
    SLICE_X17Y50         CARRY4 (Prop_carry4_CI_CO[3])
                                                      0.114    10.946 r  i_asg/chA/dac_pnt_reg[40]_i_2/CO[3]
                         net (fo=1, routed)           0.000    10.946    i_asg/chA/dac_pnt_reg[40]_i_2_n_0
    SLICE_X17Y51         CARRY4 (Prop_carry4_CI_CO[3])
                                                      0.114    11.060 r  i_asg/chA/dac_pnt_reg[44]_i_2/CO[3]
                         net (fo=1, routed)           0.000    11.060    i_asg/chA/dac_pnt_reg[44]_i_2_n_0
    SLICE_X17Y52         CARRY4 (Prop_carry4_CI_CO[3])
                                                      0.114    11.174 r  i_asg/chA/dac_pnt_reg[48]_i_2/CO[3]
                         net (fo=1, routed)           0.000    11.174    i_asg/chA/dac_pnt_reg[48]_i_2_n_0
    SLICE_X17Y53         CARRY4 (Prop_carry4_CI_CO[3])
                                                      0.114    11.288 r  i_asg/chA/dac_pnt_reg[52]_i_2/CO[3]
                         net (fo=1, routed)           0.000    11.288    i_asg/chA/dac_pnt_reg[52]_i_2_n_0
    SLICE_X17Y54         CARRY4 (Prop_carry4_CI_CO[3])
                                                      0.114    11.402 r  i_asg/chA/dac_pnt_reg[56]_i_2/CO[3]
                         net (fo=1, routed)           0.000    11.402    i_asg/chA/dac_pnt_reg[56]_i_2_n_0
    SLICE_X17Y55         CARRY4 (Prop_carry4_CI_CO[3])
                                                      0.114    11.516 r  i_asg/chA/dac_pnt_reg[60]_i_2/CO[3]
                         net (fo=1, routed)           0.000    11.516    i_asg/chA/dac_pnt_reg[60]_i_2_n_0
    SLICE_X17Y56         CARRY4 (Prop_carry4_CI_O[1])
                                                      0.334    11.850 f  i_asg/chA/dac_pnt_reg[61]_i_4/O[1]
                         net (fo=5, routed)           0.667    12.517    i_asg/chA/dac_npnt_sub[62]
    SLICE_X14Y51         LUT2 (Prop_lut2_I1_O)        0.303    12.820 r  i_asg/chA/dac_pnt[61]_i_8/O
                         net (fo=17, routed)          0.339    13.159    i_asg/chA/inst_axi_dac/dac_pnt_reg[31]_2
    SLICE_X15Y52         LUT6 (Prop_lut6_I0_O)        0.124    13.283 r  i_asg/chA/inst_axi_dac/dac_pnt[61]_i_3/O
                         net (fo=45, routed)          0.979    14.261    i_asg/chA/inst_axi_dac/dac_pnt[61]_i_3_n_0
    SLICE_X16Y42         LUT4 (Prop_lut4_I1_O)        0.124    14.385 r  i_asg/chA/inst_axi_dac/dac_pnt[4]_i_1/O
                         net (fo=1, routed)           0.000    14.385    i_asg/chA/inst_axi_dac_n_132
    SLICE_X16Y42         FDRE                                         r  i_asg/chA/dac_pnt_reg[4]/D
  -------------------------------------------------------------------    -------------------

                         (clock pll_adc_clk rise edge)
                                                      8.138     8.138 r  
    U18                                               0.000     8.138 r  adc_clk_i[1] (IN)
                         net (fo=0)                   0.000     8.138    adc_clk_i[1]
    U18                  IBUFDS (Prop_ibufds_I_O)     0.940     9.078 r  i_clk/O
                         net (fo=1, routed)           1.181    10.259    pll/adc_clk_in
    PLLE2_ADV_X0Y0       PLLE2_ADV (Prop_plle2_adv_CLKIN1_CLKOUT0)
                                                      0.084    10.343 r  pll/pll/CLKOUT0
                         net (fo=1, routed)           1.594    11.937    pll_adc_clk
    BUFGCTRL_X0Y0        BUFG (Prop_bufg_I_O)         0.091    12.028 r  bufg_adc_clk/O
                         net (fo=9660, routed)        1.499    13.527    i_asg/chA/adc_clk
    SLICE_X16Y42         FDRE                                         r  i_asg/chA/dac_pnt_reg[4]/C
                         clock pessimism              0.343    13.871    
                         clock uncertainty           -0.070    13.801    
    SLICE_X16Y42         FDRE (Setup_fdre_C_D)        0.079    13.880    i_asg/chA/dac_pnt_reg[4]
  -------------------------------------------------------------------
                         required time                         13.880    
                         arrival time                         -14.385    
  -------------------------------------------------------------------
                         slack                                 -0.505    

Slack (VIOLATED) :        -0.501ns  (required time - arrival time)
  Source:                 i_asg/chA/dac_do_reg/C
                            (rising edge-triggered cell FDRE clocked by pll_adc_clk  {rise@0.000ns fall@4.069ns period=8.138ns})
  Destination:            i_asg/chA/dac_pnt_reg[1]/D
                            (rising edge-triggered cell FDRE clocked by pll_adc_clk  {rise@0.000ns fall@4.069ns period=8.138ns})
  Path Group:             pll_adc_clk
  Path Type:              Setup (Max at Slow Process Corner)
  Requirement:            8.138ns  (pll_adc_clk rise@8.138ns - pll_adc_clk rise@0.000ns)
  Data Path Delay:        8.475ns  (logic 4.666ns (55.055%)  route 3.809ns (44.945%))
  Logic Levels:           22  (CARRY4=17 LUT1=1 LUT2=1 LUT3=1 LUT4=1 LUT6=1)
  Clock Path Skew:        -0.172ns (DCD - SCD + CPR)
    Destination Clock Delay (DCD):    5.389ns = ( 13.527 - 8.138 ) 
    Source Clock Delay      (SCD):    5.904ns
    Clock Pessimism Removal (CPR):    0.343ns
  Clock Uncertainty:      0.070ns  ((TSJ^2 + DJ^2)^1/2) / 2 + PE
    Total System Jitter     (TSJ):    0.071ns
    Discrete Jitter          (DJ):    0.120ns
    Phase Error              (PE):    0.000ns

    Location             Delay type                Incr(ns)  Path(ns)    Netlist Resource(s)
  -------------------------------------------------------------------    -------------------
                         (clock pll_adc_clk rise edge)
                                                      0.000     0.000 r  
    U18                                               0.000     0.000 r  adc_clk_i[1] (IN)
                         net (fo=0)                   0.000     0.000    adc_clk_i[1]
    U18                  IBUFDS (Prop_ibufds_I_O)     0.983     0.983 r  i_clk/O
                         net (fo=1, routed)           1.306     2.289    pll/adc_clk_in
    PLLE2_ADV_X0Y0       PLLE2_ADV (Prop_plle2_adv_CLKIN1_CLKOUT0)
                                                      0.089     2.378 r  pll/pll/CLKOUT0
                         net (fo=1, routed)           1.754     4.132    pll_adc_clk
    BUFGCTRL_X0Y0        BUFG (Prop_bufg_I_O)         0.101     4.233 r  bufg_adc_clk/O
                         net (fo=9660, routed)        1.671     5.904    i_asg/chA/adc_clk
    SLICE_X13Y51         FDRE                                         r  i_asg/chA/dac_do_reg/C
  -------------------------------------------------------------------    -------------------
    SLICE_X13Y51         FDRE (Prop_fdre_C_Q)         0.456     6.360 r  i_asg/chA/dac_do_reg/Q
                         net (fo=124, routed)         1.085     7.445    i_asg/chA/dac_do
    SLICE_X18Y42         LUT3 (Prop_lut3_I2_O)        0.124     7.569 r  i_asg/chA/dac_pnt[3]_i_5/O
                         net (fo=1, routed)           0.000     7.569    i_asg/chA/dac_pnt[3]_i_5_n_0
    SLICE_X18Y42         CARRY4 (Prop_carry4_S[1]_CO[3])
                                                      0.550     8.119 r  i_asg/chA/dac_pnt_reg[3]_i_2/CO[3]
                         net (fo=1, routed)           0.000     8.119    i_asg/chA/dac_pnt_reg[3]_i_2_n_0
    SLICE_X18Y43         CARRY4 (Prop_carry4_CI_CO[3])
                                                      0.114     8.233 r  i_asg/chA/dac_pnt_reg[7]_i_2/CO[3]
                         net (fo=1, routed)           0.000     8.233    i_asg/chA/dac_pnt_reg[7]_i_2_n_0
    SLICE_X18Y44         CARRY4 (Prop_carry4_CI_CO[3])
                                                      0.114     8.347 r  i_asg/chA/dac_pnt_reg[11]_i_2/CO[3]
                         net (fo=1, routed)           0.000     8.347    i_asg/chA/dac_pnt_reg[11]_i_2_n_0
    SLICE_X18Y45         CARRY4 (Prop_carry4_CI_CO[3])
                                                      0.114     8.461 r  i_asg/chA/dac_pnt_reg[15]_i_2/CO[3]
                         net (fo=1, routed)           0.000     8.461    i_asg/chA/dac_pnt_reg[15]_i_2_n_0
    SLICE_X18Y46         CARRY4 (Prop_carry4_CI_O[1])
                                                      0.334     8.795 f  i_asg/chA/dac_pnt_reg[19]_i_2/O[1]
                         net (fo=3, routed)           0.746     9.541    i_asg/chA/dac_pnt_reg[19]_i_2_n_6
    SLICE_X17Y45         LUT1 (Prop_lut1_I0_O)        0.303     9.844 r  i_asg/chA/dac_pnt[20]_i_6/O
                         net (fo=1, routed)           0.000     9.844    i_asg/chA/dac_pnt[20]_i_6_n_0
    SLICE_X17Y45         CARRY4 (Prop_carry4_S[0]_CO[3])
                                                      0.532    10.376 r  i_asg/chA/dac_pnt_reg[20]_i_2/CO[3]
                         net (fo=1, routed)           0.000    10.376    i_asg/chA/dac_pnt_reg[20]_i_2_n_0
    SLICE_X17Y46         CARRY4 (Prop_carry4_CI_CO[3])
                                                      0.114    10.490 r  i_asg/chA/dac_pnt_reg[24]_i_2/CO[3]
                         net (fo=1, routed)           0.000    10.490    i_asg/chA/dac_pnt_reg[24]_i_2_n_0
    SLICE_X17Y47         CARRY4 (Prop_carry4_CI_CO[3])
                                                      0.114    10.604 r  i_asg/chA/dac_pnt_reg[28]_i_2/CO[3]
                         net (fo=1, routed)           0.000    10.604    i_asg/chA/dac_pnt_reg[28]_i_2_n_0
    SLICE_X17Y48         CARRY4 (Prop_carry4_CI_CO[3])
                                                      0.114    10.718 r  i_asg/chA/dac_pnt_reg[32]_i_2/CO[3]
                         net (fo=1, routed)           0.000    10.718    i_asg/chA/dac_pnt_reg[32]_i_2_n_0
    SLICE_X17Y49         CARRY4 (Prop_carry4_CI_CO[3])
                                                      0.114    10.832 r  i_asg/chA/dac_pnt_reg[36]_i_2/CO[3]
                         net (fo=1, routed)           0.001    10.832    i_asg/chA/dac_pnt_reg[36]_i_2_n_0
    SLICE_X17Y50         CARRY4 (Prop_carry4_CI_CO[3])
                                                      0.114    10.946 r  i_asg/chA/dac_pnt_reg[40]_i_2/CO[3]
                         net (fo=1, routed)           0.000    10.946    i_asg/chA/dac_pnt_reg[40]_i_2_n_0
    SLICE_X17Y51         CARRY4 (Prop_carry4_CI_CO[3])
                                                      0.114    11.060 r  i_asg/chA/dac_pnt_reg[44]_i_2/CO[3]
                         net (fo=1, routed)           0.000    11.060    i_asg/chA/dac_pnt_reg[44]_i_2_n_0
    SLICE_X17Y52         CARRY4 (Prop_carry4_CI_CO[3])
                                                      0.114    11.174 r  i_asg/chA/dac_pnt_reg[48]_i_2/CO[3]
                         net (fo=1, routed)           0.000    11.174    i_asg/chA/dac_pnt_reg[48]_i_2_n_0
    SLICE_X17Y53         CARRY4 (Prop_carry4_CI_CO[3])
                                                      0.114    11.288 r  i_asg/chA/dac_pnt_reg[52]_i_2/CO[3]
                         net (fo=1, routed)           0.000    11.288    i_asg/chA/dac_pnt_reg[52]_i_2_n_0
    SLICE_X17Y54         CARRY4 (Prop_carry4_CI_CO[3])
                                                      0.114    11.402 r  i_asg/chA/dac_pnt_reg[56]_i_2/CO[3]
                         net (fo=1, routed)           0.000    11.402    i_asg/chA/dac_pnt_reg[56]_i_2_n_0
    SLICE_X17Y55         CARRY4 (Prop_carry4_CI_CO[3])
                                                      0.114    11.516 r  i_asg/chA/dac_pnt_reg[60]_i_2/CO[3]
                         net (fo=1, routed)           0.000    11.516    i_asg/chA/dac_pnt_reg[60]_i_2_n_0
    SLICE_X17Y56         CARRY4 (Prop_carry4_CI_O[1])
                                                      0.334    11.850 f  i_asg/chA/dac_pnt_reg[61]_i_4/O[1]
                         net (fo=5, routed)           0.667    12.517    i_asg/chA/dac_npnt_sub[62]
    SLICE_X14Y51         LUT2 (Prop_lut2_I1_O)        0.303    12.820 r  i_asg/chA/dac_pnt[61]_i_8/O
                         net (fo=17, routed)          0.339    13.159    i_asg/chA/inst_axi_dac/dac_pnt_reg[31]_2
    SLICE_X15Y52         LUT6 (Prop_lut6_I0_O)        0.124    13.283 r  i_asg/chA/inst_axi_dac/dac_pnt[61]_i_3/O
                         net (fo=45, routed)          0.973    14.255    i_asg/chA/inst_axi_dac/dac_pnt[61]_i_3_n_0
    SLICE_X16Y42         LUT4 (Prop_lut4_I1_O)        0.124    14.379 r  i_asg/chA/inst_axi_dac/dac_pnt[1]_i_1/O
                         net (fo=1, routed)           0.000    14.379    i_asg/chA/inst_axi_dac_n_135
    SLICE_X16Y42         FDRE                                         r  i_asg/chA/dac_pnt_reg[1]/D
  -------------------------------------------------------------------    -------------------

                         (clock pll_adc_clk rise edge)
                                                      8.138     8.138 r  
    U18                                               0.000     8.138 r  adc_clk_i[1] (IN)
                         net (fo=0)                   0.000     8.138    adc_clk_i[1]
    U18                  IBUFDS (Prop_ibufds_I_O)     0.940     9.078 r  i_clk/O
                         net (fo=1, routed)           1.181    10.259    pll/adc_clk_in
    PLLE2_ADV_X0Y0       PLLE2_ADV (Prop_plle2_adv_CLKIN1_CLKOUT0)
                                                      0.084    10.343 r  pll/pll/CLKOUT0
                         net (fo=1, routed)           1.594    11.937    pll_adc_clk
    BUFGCTRL_X0Y0        BUFG (Prop_bufg_I_O)         0.091    12.028 r  bufg_adc_clk/O
                         net (fo=9660, routed)        1.499    13.527    i_asg/chA/adc_clk
    SLICE_X16Y42         FDRE                                         r  i_asg/chA/dac_pnt_reg[1]/C
                         clock pessimism              0.343    13.871    
                         clock uncertainty           -0.070    13.801    
    SLICE_X16Y42         FDRE (Setup_fdre_C_D)        0.077    13.878    i_asg/chA/dac_pnt_reg[1]
  -------------------------------------------------------------------
                         required time                         13.878    
                         arrival time                         -14.379    
  -------------------------------------------------------------------
                         slack                                 -0.501    

Slack (VIOLATED) :        -0.495ns  (required time - arrival time)
  Source:                 i_asg/chA/dac_do_reg/C
                            (rising edge-triggered cell FDRE clocked by pll_adc_clk  {rise@0.000ns fall@4.069ns period=8.138ns})
  Destination:            i_asg/chA/dac_pnt_reg[3]/D
                            (rising edge-triggered cell FDRE clocked by pll_adc_clk  {rise@0.000ns fall@4.069ns period=8.138ns})
  Path Group:             pll_adc_clk
  Path Type:              Setup (Max at Slow Process Corner)
  Requirement:            8.138ns  (pll_adc_clk rise@8.138ns - pll_adc_clk rise@0.000ns)
  Data Path Delay:        8.471ns  (logic 4.666ns (55.081%)  route 3.805ns (44.919%))
  Logic Levels:           22  (CARRY4=17 LUT1=1 LUT2=1 LUT3=1 LUT4=1 LUT6=1)
  Clock Path Skew:        -0.172ns (DCD - SCD + CPR)
    Destination Clock Delay (DCD):    5.389ns = ( 13.527 - 8.138 ) 
    Source Clock Delay      (SCD):    5.904ns
    Clock Pessimism Removal (CPR):    0.343ns
  Clock Uncertainty:      0.070ns  ((TSJ^2 + DJ^2)^1/2) / 2 + PE
    Total System Jitter     (TSJ):    0.071ns
    Discrete Jitter          (DJ):    0.120ns
    Phase Error              (PE):    0.000ns

    Location             Delay type                Incr(ns)  Path(ns)    Netlist Resource(s)
  -------------------------------------------------------------------    -------------------
                         (clock pll_adc_clk rise edge)
                                                      0.000     0.000 r  
    U18                                               0.000     0.000 r  adc_clk_i[1] (IN)
                         net (fo=0)                   0.000     0.000    adc_clk_i[1]
    U18                  IBUFDS (Prop_ibufds_I_O)     0.983     0.983 r  i_clk/O
                         net (fo=1, routed)           1.306     2.289    pll/adc_clk_in
    PLLE2_ADV_X0Y0       PLLE2_ADV (Prop_plle2_adv_CLKIN1_CLKOUT0)
                                                      0.089     2.378 r  pll/pll/CLKOUT0
                         net (fo=1, routed)           1.754     4.132    pll_adc_clk
    BUFGCTRL_X0Y0        BUFG (Prop_bufg_I_O)         0.101     4.233 r  bufg_adc_clk/O
                         net (fo=9660, routed)        1.671     5.904    i_asg/chA/adc_clk
    SLICE_X13Y51         FDRE                                         r  i_asg/chA/dac_do_reg/C
  -------------------------------------------------------------------    -------------------
    SLICE_X13Y51         FDRE (Prop_fdre_C_Q)         0.456     6.360 r  i_asg/chA/dac_do_reg/Q
                         net (fo=124, routed)         1.085     7.445    i_asg/chA/dac_do
    SLICE_X18Y42         LUT3 (Prop_lut3_I2_O)        0.124     7.569 r  i_asg/chA/dac_pnt[3]_i_5/O
                         net (fo=1, routed)           0.000     7.569    i_asg/chA/dac_pnt[3]_i_5_n_0
    SLICE_X18Y42         CARRY4 (Prop_carry4_S[1]_CO[3])
                                                      0.550     8.119 r  i_asg/chA/dac_pnt_reg[3]_i_2/CO[3]
                         net (fo=1, routed)           0.000     8.119    i_asg/chA/dac_pnt_reg[3]_i_2_n_0
    SLICE_X18Y43         CARRY4 (Prop_carry4_CI_CO[3])
                                                      0.114     8.233 r  i_asg/chA/dac_pnt_reg[7]_i_2/CO[3]
                         net (fo=1, routed)           0.000     8.233    i_asg/chA/dac_pnt_reg[7]_i_2_n_0
    SLICE_X18Y44         CARRY4 (Prop_carry4_CI_CO[3])
                                                      0.114     8.347 r  i_asg/chA/dac_pnt_reg[11]_i_2/CO[3]
                         net (fo=1, routed)           0.000     8.347    i_asg/chA/dac_pnt_reg[11]_i_2_n_0
    SLICE_X18Y45         CARRY4 (Prop_carry4_CI_CO[3])
                                                      0.114     8.461 r  i_asg/chA/dac_pnt_reg[15]_i_2/CO[3]
                         net (fo=1, routed)           0.000     8.461    i_asg/chA/dac_pnt_reg[15]_i_2_n_0
    SLICE_X18Y46         CARRY4 (Prop_carry4_CI_O[1])
                                                      0.334     8.795 f  i_asg/chA/dac_pnt_reg[19]_i_2/O[1]
                         net (fo=3, routed)           0.746     9.541    i_asg/chA/dac_pnt_reg[19]_i_2_n_6
    SLICE_X17Y45         LUT1 (Prop_lut1_I0_O)        0.303     9.844 r  i_asg/chA/dac_pnt[20]_i_6/O
                         net (fo=1, routed)           0.000     9.844    i_asg/chA/dac_pnt[20]_i_6_n_0
    SLICE_X17Y45         CARRY4 (Prop_carry4_S[0]_CO[3])
                                                      0.532    10.376 r  i_asg/chA/dac_pnt_reg[20]_i_2/CO[3]
                         net (fo=1, routed)           0.000    10.376    i_asg/chA/dac_pnt_reg[20]_i_2_n_0
    SLICE_X17Y46         CARRY4 (Prop_carry4_CI_CO[3])
                                                      0.114    10.490 r  i_asg/chA/dac_pnt_reg[24]_i_2/CO[3]
                         net (fo=1, routed)           0.000    10.490    i_asg/chA/dac_pnt_reg[24]_i_2_n_0
    SLICE_X17Y47         CARRY4 (Prop_carry4_CI_CO[3])
                                                      0.114    10.604 r  i_asg/chA/dac_pnt_reg[28]_i_2/CO[3]
                         net (fo=1, routed)           0.000    10.604    i_asg/chA/dac_pnt_reg[28]_i_2_n_0
    SLICE_X17Y48         CARRY4 (Prop_carry4_CI_CO[3])
                                                      0.114    10.718 r  i_asg/chA/dac_pnt_reg[32]_i_2/CO[3]
                         net (fo=1, routed)           0.000    10.718    i_asg/chA/dac_pnt_reg[32]_i_2_n_0
    SLICE_X17Y49         CARRY4 (Prop_carry4_CI_CO[3])
                                                      0.114    10.832 r  i_asg/chA/dac_pnt_reg[36]_i_2/CO[3]
                         net (fo=1, routed)           0.001    10.832    i_asg/chA/dac_pnt_reg[36]_i_2_n_0
    SLICE_X17Y50         CARRY4 (Prop_carry4_CI_CO[3])
                                                      0.114    10.946 r  i_asg/chA/dac_pnt_reg[40]_i_2/CO[3]
                         net (fo=1, routed)           0.000    10.946    i_asg/chA/dac_pnt_reg[40]_i_2_n_0
    SLICE_X17Y51         CARRY4 (Prop_carry4_CI_CO[3])
                                                      0.114    11.060 r  i_asg/chA/dac_pnt_reg[44]_i_2/CO[3]
                         net (fo=1, routed)           0.000    11.060    i_asg/chA/dac_pnt_reg[44]_i_2_n_0
    SLICE_X17Y52         CARRY4 (Prop_carry4_CI_CO[3])
                                                      0.114    11.174 r  i_asg/chA/dac_pnt_reg[48]_i_2/CO[3]
                         net (fo=1, routed)           0.000    11.174    i_asg/chA/dac_pnt_reg[48]_i_2_n_0
    SLICE_X17Y53         CARRY4 (Prop_carry4_CI_CO[3])
                                                      0.114    11.288 r  i_asg/chA/dac_pnt_reg[52]_i_2/CO[3]
                         net (fo=1, routed)           0.000    11.288    i_asg/chA/dac_pnt_reg[52]_i_2_n_0
    SLICE_X17Y54         CARRY4 (Prop_carry4_CI_CO[3])
                                                      0.114    11.402 r  i_asg/chA/dac_pnt_reg[56]_i_2/CO[3]
                         net (fo=1, routed)           0.000    11.402    i_asg/chA/dac_pnt_reg[56]_i_2_n_0
    SLICE_X17Y55         CARRY4 (Prop_carry4_CI_CO[3])
                                                      0.114    11.516 r  i_asg/chA/dac_pnt_reg[60]_i_2/CO[3]
                         net (fo=1, routed)           0.000    11.516    i_asg/chA/dac_pnt_reg[60]_i_2_n_0
    SLICE_X17Y56         CARRY4 (Prop_carry4_CI_O[1])
                                                      0.334    11.850 f  i_asg/chA/dac_pnt_reg[61]_i_4/O[1]
                         net (fo=5, routed)           0.667    12.517    i_asg/chA/dac_npnt_sub[62]
    SLICE_X14Y51         LUT2 (Prop_lut2_I1_O)        0.303    12.820 r  i_asg/chA/dac_pnt[61]_i_8/O
                         net (fo=17, routed)          0.339    13.159    i_asg/chA/inst_axi_dac/dac_pnt_reg[31]_2
    SLICE_X15Y52         LUT6 (Prop_lut6_I0_O)        0.124    13.283 r  i_asg/chA/inst_axi_dac/dac_pnt[61]_i_3/O
                         net (fo=45, routed)          0.969    14.251    i_asg/chA/inst_axi_dac/dac_pnt[61]_i_3_n_0
    SLICE_X16Y42         LUT4 (Prop_lut4_I1_O)        0.124    14.375 r  i_asg/chA/inst_axi_dac/dac_pnt[3]_i_1/O
                         net (fo=1, routed)           0.000    14.375    i_asg/chA/inst_axi_dac_n_133
    SLICE_X16Y42         FDRE                                         r  i_asg/chA/dac_pnt_reg[3]/D
  -------------------------------------------------------------------    -------------------

                         (clock pll_adc_clk rise edge)
                                                      8.138     8.138 r  
    U18                                               0.000     8.138 r  adc_clk_i[1] (IN)
                         net (fo=0)                   0.000     8.138    adc_clk_i[1]
    U18                  IBUFDS (Prop_ibufds_I_O)     0.940     9.078 r  i_clk/O
                         net (fo=1, routed)           1.181    10.259    pll/adc_clk_in
    PLLE2_ADV_X0Y0       PLLE2_ADV (Prop_plle2_adv_CLKIN1_CLKOUT0)
                                                      0.084    10.343 r  pll/pll/CLKOUT0
                         net (fo=1, routed)           1.594    11.937    pll_adc_clk
    BUFGCTRL_X0Y0        BUFG (Prop_bufg_I_O)         0.091    12.028 r  bufg_adc_clk/O
                         net (fo=9660, routed)        1.499    13.527    i_asg/chA/adc_clk
    SLICE_X16Y42         FDRE                                         r  i_asg/chA/dac_pnt_reg[3]/C
                         clock pessimism              0.343    13.871    
                         clock uncertainty           -0.070    13.801    
    SLICE_X16Y42         FDRE (Setup_fdre_C_D)        0.079    13.880    i_asg/chA/dac_pnt_reg[3]
  -------------------------------------------------------------------
                         required time                         13.880    
                         arrival time                         -14.375    
  -------------------------------------------------------------------
                         slack                                 -0.495    

Slack (VIOLATED) :        -0.494ns  (required time - arrival time)
  Source:                 i_asg/chA/dac_do_reg/C
                            (rising edge-triggered cell FDRE clocked by pll_adc_clk  {rise@0.000ns fall@4.069ns period=8.138ns})
  Destination:            i_asg/chA/dac_pnt_reg[2]/D
                            (rising edge-triggered cell FDRE clocked by pll_adc_clk  {rise@0.000ns fall@4.069ns period=8.138ns})
  Path Group:             pll_adc_clk
  Path Type:              Setup (Max at Slow Process Corner)
  Requirement:            8.138ns  (pll_adc_clk rise@8.138ns - pll_adc_clk rise@0.000ns)
  Data Path Delay:        8.472ns  (logic 4.666ns (55.074%)  route 3.806ns (44.926%))
  Logic Levels:           22  (CARRY4=17 LUT1=1 LUT2=1 LUT3=1 LUT4=1 LUT6=1)
  Clock Path Skew:        -0.172ns (DCD - SCD + CPR)
    Destination Clock Delay (DCD):    5.389ns = ( 13.527 - 8.138 ) 
    Source Clock Delay      (SCD):    5.904ns
    Clock Pessimism Removal (CPR):    0.343ns
  Clock Uncertainty:      0.070ns  ((TSJ^2 + DJ^2)^1/2) / 2 + PE
    Total System Jitter     (TSJ):    0.071ns
    Discrete Jitter          (DJ):    0.120ns
    Phase Error              (PE):    0.000ns

    Location             Delay type                Incr(ns)  Path(ns)    Netlist Resource(s)
  -------------------------------------------------------------------    -------------------
                         (clock pll_adc_clk rise edge)
                                                      0.000     0.000 r  
    U18                                               0.000     0.000 r  adc_clk_i[1] (IN)
                         net (fo=0)                   0.000     0.000    adc_clk_i[1]
    U18                  IBUFDS (Prop_ibufds_I_O)     0.983     0.983 r  i_clk/O
                         net (fo=1, routed)           1.306     2.289    pll/adc_clk_in
    PLLE2_ADV_X0Y0       PLLE2_ADV (Prop_plle2_adv_CLKIN1_CLKOUT0)
                                                      0.089     2.378 r  pll/pll/CLKOUT0
                         net (fo=1, routed)           1.754     4.132    pll_adc_clk
    BUFGCTRL_X0Y0        BUFG (Prop_bufg_I_O)         0.101     4.233 r  bufg_adc_clk/O
                         net (fo=9660, routed)        1.671     5.904    i_asg/chA/adc_clk
    SLICE_X13Y51         FDRE                                         r  i_asg/chA/dac_do_reg/C
  -------------------------------------------------------------------    -------------------
    SLICE_X13Y51         FDRE (Prop_fdre_C_Q)         0.456     6.360 r  i_asg/chA/dac_do_reg/Q
                         net (fo=124, routed)         1.085     7.445    i_asg/chA/dac_do
    SLICE_X18Y42         LUT3 (Prop_lut3_I2_O)        0.124     7.569 r  i_asg/chA/dac_pnt[3]_i_5/O
                         net (fo=1, routed)           0.000     7.569    i_asg/chA/dac_pnt[3]_i_5_n_0
    SLICE_X18Y42         CARRY4 (Prop_carry4_S[1]_CO[3])
                                                      0.550     8.119 r  i_asg/chA/dac_pnt_reg[3]_i_2/CO[3]
                         net (fo=1, routed)           0.000     8.119    i_asg/chA/dac_pnt_reg[3]_i_2_n_0
    SLICE_X18Y43         CARRY4 (Prop_carry4_CI_CO[3])
                                                      0.114     8.233 r  i_asg/chA/dac_pnt_reg[7]_i_2/CO[3]
                         net (fo=1, routed)           0.000     8.233    i_asg/chA/dac_pnt_reg[7]_i_2_n_0
    SLICE_X18Y44         CARRY4 (Prop_carry4_CI_CO[3])
                                                      0.114     8.347 r  i_asg/chA/dac_pnt_reg[11]_i_2/CO[3]
                         net (fo=1, routed)           0.000     8.347    i_asg/chA/dac_pnt_reg[11]_i_2_n_0
    SLICE_X18Y45         CARRY4 (Prop_carry4_CI_CO[3])
                                                      0.114     8.461 r  i_asg/chA/dac_pnt_reg[15]_i_2/CO[3]
                         net (fo=1, routed)           0.000     8.461    i_asg/chA/dac_pnt_reg[15]_i_2_n_0
    SLICE_X18Y46         CARRY4 (Prop_carry4_CI_O[1])
                                                      0.334     8.795 f  i_asg/chA/dac_pnt_reg[19]_i_2/O[1]
                         net (fo=3, routed)           0.746     9.541    i_asg/chA/dac_pnt_reg[19]_i_2_n_6
    SLICE_X17Y45         LUT1 (Prop_lut1_I0_O)        0.303     9.844 r  i_asg/chA/dac_pnt[20]_i_6/O
                         net (fo=1, routed)           0.000     9.844    i_asg/chA/dac_pnt[20]_i_6_n_0
    SLICE_X17Y45         CARRY4 (Prop_carry4_S[0]_CO[3])
                                                      0.532    10.376 r  i_asg/chA/dac_pnt_reg[20]_i_2/CO[3]
                         net (fo=1, routed)           0.000    10.376    i_asg/chA/dac_pnt_reg[20]_i_2_n_0
    SLICE_X17Y46         CARRY4 (Prop_carry4_CI_CO[3])
                                                      0.114    10.490 r  i_asg/chA/dac_pnt_reg[24]_i_2/CO[3]
                         net (fo=1, routed)           0.000    10.490    i_asg/chA/dac_pnt_reg[24]_i_2_n_0
    SLICE_X17Y47         CARRY4 (Prop_carry4_CI_CO[3])
                                                      0.114    10.604 r  i_asg/chA/dac_pnt_reg[28]_i_2/CO[3]
                         net (fo=1, routed)           0.000    10.604    i_asg/chA/dac_pnt_reg[28]_i_2_n_0
    SLICE_X17Y48         CARRY4 (Prop_carry4_CI_CO[3])
                                                      0.114    10.718 r  i_asg/chA/dac_pnt_reg[32]_i_2/CO[3]
                         net (fo=1, routed)           0.000    10.718    i_asg/chA/dac_pnt_reg[32]_i_2_n_0
    SLICE_X17Y49         CARRY4 (Prop_carry4_CI_CO[3])
                                                      0.114    10.832 r  i_asg/chA/dac_pnt_reg[36]_i_2/CO[3]
                         net (fo=1, routed)           0.001    10.832    i_asg/chA/dac_pnt_reg[36]_i_2_n_0
    SLICE_X17Y50         CARRY4 (Prop_carry4_CI_CO[3])
                                                      0.114    10.946 r  i_asg/chA/dac_pnt_reg[40]_i_2/CO[3]
                         net (fo=1, routed)           0.000    10.946    i_asg/chA/dac_pnt_reg[40]_i_2_n_0
    SLICE_X17Y51         CARRY4 (Prop_carry4_CI_CO[3])
                                                      0.114    11.060 r  i_asg/chA/dac_pnt_reg[44]_i_2/CO[3]
                         net (fo=1, routed)           0.000    11.060    i_asg/chA/dac_pnt_reg[44]_i_2_n_0
    SLICE_X17Y52         CARRY4 (Prop_carry4_CI_CO[3])
                                                      0.114    11.174 r  i_asg/chA/dac_pnt_reg[48]_i_2/CO[3]
                         net (fo=1, routed)           0.000    11.174    i_asg/chA/dac_pnt_reg[48]_i_2_n_0
    SLICE_X17Y53         CARRY4 (Prop_carry4_CI_CO[3])
                                                      0.114    11.288 r  i_asg/chA/dac_pnt_reg[52]_i_2/CO[3]
                         net (fo=1, routed)           0.000    11.288    i_asg/chA/dac_pnt_reg[52]_i_2_n_0
    SLICE_X17Y54         CARRY4 (Prop_carry4_CI_CO[3])
                                                      0.114    11.402 r  i_asg/chA/dac_pnt_reg[56]_i_2/CO[3]
                         net (fo=1, routed)           0.000    11.402    i_asg/chA/dac_pnt_reg[56]_i_2_n_0
    SLICE_X17Y55         CARRY4 (Prop_carry4_CI_CO[3])
                                                      0.114    11.516 r  i_asg/chA/dac_pnt_reg[60]_i_2/CO[3]
                         net (fo=1, routed)           0.000    11.516    i_asg/chA/dac_pnt_reg[60]_i_2_n_0
    SLICE_X17Y56         CARRY4 (Prop_carry4_CI_O[1])
                                                      0.334    11.850 f  i_asg/chA/dac_pnt_reg[61]_i_4/O[1]
                         net (fo=5, routed)           0.667    12.517    i_asg/chA/dac_npnt_sub[62]
    SLICE_X14Y51         LUT2 (Prop_lut2_I1_O)        0.303    12.820 r  i_asg/chA/dac_pnt[61]_i_8/O
                         net (fo=17, routed)          0.339    13.159    i_asg/chA/inst_axi_dac/dac_pnt_reg[31]_2
    SLICE_X15Y52         LUT6 (Prop_lut6_I0_O)        0.124    13.283 r  i_asg/chA/inst_axi_dac/dac_pnt[61]_i_3/O
                         net (fo=45, routed)          0.970    14.252    i_asg/chA/inst_axi_dac/dac_pnt[61]_i_3_n_0
    SLICE_X16Y42         LUT4 (Prop_lut4_I1_O)        0.124    14.376 r  i_asg/chA/inst_axi_dac/dac_pnt[2]_i_1/O
                         net (fo=1, routed)           0.000    14.376    i_asg/chA/inst_axi_dac_n_134
    SLICE_X16Y42         FDRE                                         r  i_asg/chA/dac_pnt_reg[2]/D
  -------------------------------------------------------------------    -------------------

                         (clock pll_adc_clk rise edge)
                                                      8.138     8.138 r  
    U18                                               0.000     8.138 r  adc_clk_i[1] (IN)
                         net (fo=0)                   0.000     8.138    adc_clk_i[1]
    U18                  IBUFDS (Prop_ibufds_I_O)     0.940     9.078 r  i_clk/O
                         net (fo=1, routed)           1.181    10.259    pll/adc_clk_in
    PLLE2_ADV_X0Y0       PLLE2_ADV (Prop_plle2_adv_CLKIN1_CLKOUT0)
                                                      0.084    10.343 r  pll/pll/CLKOUT0
                         net (fo=1, routed)           1.594    11.937    pll_adc_clk
    BUFGCTRL_X0Y0        BUFG (Prop_bufg_I_O)         0.091    12.028 r  bufg_adc_clk/O
                         net (fo=9660, routed)        1.499    13.527    i_asg/chA/adc_clk
    SLICE_X16Y42         FDRE                                         r  i_asg/chA/dac_pnt_reg[2]/C
                         clock pessimism              0.343    13.871    
                         clock uncertainty           -0.070    13.801    
    SLICE_X16Y42         FDRE (Setup_fdre_C_D)        0.081    13.882    i_asg/chA/dac_pnt_reg[2]
  -------------------------------------------------------------------
                         required time                         13.882    
                         arrival time                         -14.376    
  -------------------------------------------------------------------
                         slack                                 -0.494    

Slack (VIOLATED) :        -0.438ns  (required time - arrival time)
  Source:                 i_asg/chA/dac_do_reg/C
                            (rising edge-triggered cell FDRE clocked by pll_adc_clk  {rise@0.000ns fall@4.069ns period=8.138ns})
  Destination:            i_asg/chA/dac_pnt_reg[18]/D
                            (rising edge-triggered cell FDRE clocked by pll_adc_clk  {rise@0.000ns fall@4.069ns period=8.138ns})
  Path Group:             pll_adc_clk
  Path Type:              Setup (Max at Slow Process Corner)
  Requirement:            8.138ns  (pll_adc_clk rise@8.138ns - pll_adc_clk rise@0.000ns)
  Data Path Delay:        8.367ns  (logic 4.542ns (54.288%)  route 3.825ns (45.712%))
  Logic Levels:           21  (CARRY4=17 LUT1=1 LUT3=1 LUT6=2)
  Clock Path Skew:        -0.171ns (DCD - SCD + CPR)
    Destination Clock Delay (DCD):    5.390ns = ( 13.528 - 8.138 ) 
    Source Clock Delay      (SCD):    5.904ns
    Clock Pessimism Removal (CPR):    0.343ns
  Clock Uncertainty:      0.070ns  ((TSJ^2 + DJ^2)^1/2) / 2 + PE
    Total System Jitter     (TSJ):    0.071ns
    Discrete Jitter          (DJ):    0.120ns
    Phase Error              (PE):    0.000ns

    Location             Delay type                Incr(ns)  Path(ns)    Netlist Resource(s)
  -------------------------------------------------------------------    -------------------
                         (clock pll_adc_clk rise edge)
                                                      0.000     0.000 r  
    U18                                               0.000     0.000 r  adc_clk_i[1] (IN)
                         net (fo=0)                   0.000     0.000    adc_clk_i[1]
    U18                  IBUFDS (Prop_ibufds_I_O)     0.983     0.983 r  i_clk/O
                         net (fo=1, routed)           1.306     2.289    pll/adc_clk_in
    PLLE2_ADV_X0Y0       PLLE2_ADV (Prop_plle2_adv_CLKIN1_CLKOUT0)
                                                      0.089     2.378 r  pll/pll/CLKOUT0
                         net (fo=1, routed)           1.754     4.132    pll_adc_clk
    BUFGCTRL_X0Y0        BUFG (Prop_bufg_I_O)         0.101     4.233 r  bufg_adc_clk/O
                         net (fo=9660, routed)        1.671     5.904    i_asg/chA/adc_clk
    SLICE_X13Y51         FDRE                                         r  i_asg/chA/dac_do_reg/C
  -------------------------------------------------------------------    -------------------
    SLICE_X13Y51         FDRE (Prop_fdre_C_Q)         0.456     6.360 r  i_asg/chA/dac_do_reg/Q
                         net (fo=124, routed)         1.085     7.445    i_asg/chA/dac_do
    SLICE_X18Y42         LUT3 (Prop_lut3_I2_O)        0.124     7.569 r  i_asg/chA/dac_pnt[3]_i_5/O
                         net (fo=1, routed)           0.000     7.569    i_asg/chA/dac_pnt[3]_i_5_n_0
    SLICE_X18Y42         CARRY4 (Prop_carry4_S[1]_CO[3])
                                                      0.550     8.119 r  i_asg/chA/dac_pnt_reg[3]_i_2/CO[3]
                         net (fo=1, routed)           0.000     8.119    i_asg/chA/dac_pnt_reg[3]_i_2_n_0
    SLICE_X18Y43         CARRY4 (Prop_carry4_CI_CO[3])
                                                      0.114     8.233 r  i_asg/chA/dac_pnt_reg[7]_i_2/CO[3]
                         net (fo=1, routed)           0.000     8.233    i_asg/chA/dac_pnt_reg[7]_i_2_n_0
    SLICE_X18Y44         CARRY4 (Prop_carry4_CI_CO[3])
                                                      0.114     8.347 r  i_asg/chA/dac_pnt_reg[11]_i_2/CO[3]
                         net (fo=1, routed)           0.000     8.347    i_asg/chA/dac_pnt_reg[11]_i_2_n_0
    SLICE_X18Y45         CARRY4 (Prop_carry4_CI_CO[3])
                                                      0.114     8.461 r  i_asg/chA/dac_pnt_reg[15]_i_2/CO[3]
                         net (fo=1, routed)           0.000     8.461    i_asg/chA/dac_pnt_reg[15]_i_2_n_0
    SLICE_X18Y46         CARRY4 (Prop_carry4_CI_O[1])
                                                      0.334     8.795 f  i_asg/chA/dac_pnt_reg[19]_i_2/O[1]
                         net (fo=3, routed)           0.746     9.541    i_asg/chA/dac_pnt_reg[19]_i_2_n_6
    SLICE_X17Y45         LUT1 (Prop_lut1_I0_O)        0.303     9.844 r  i_asg/chA/dac_pnt[20]_i_6/O
                         net (fo=1, routed)           0.000     9.844    i_asg/chA/dac_pnt[20]_i_6_n_0
    SLICE_X17Y45         CARRY4 (Prop_carry4_S[0]_CO[3])
                                                      0.532    10.376 r  i_asg/chA/dac_pnt_reg[20]_i_2/CO[3]
                         net (fo=1, routed)           0.000    10.376    i_asg/chA/dac_pnt_reg[20]_i_2_n_0
    SLICE_X17Y46         CARRY4 (Prop_carry4_CI_CO[3])
                                                      0.114    10.490 r  i_asg/chA/dac_pnt_reg[24]_i_2/CO[3]
                         net (fo=1, routed)           0.000    10.490    i_asg/chA/dac_pnt_reg[24]_i_2_n_0
    SLICE_X17Y47         CARRY4 (Prop_carry4_CI_CO[3])
                                                      0.114    10.604 r  i_asg/chA/dac_pnt_reg[28]_i_2/CO[3]
                         net (fo=1, routed)           0.000    10.604    i_asg/chA/dac_pnt_reg[28]_i_2_n_0
    SLICE_X17Y48         CARRY4 (Prop_carry4_CI_CO[3])
                                                      0.114    10.718 r  i_asg/chA/dac_pnt_reg[32]_i_2/CO[3]
                         net (fo=1, routed)           0.000    10.718    i_asg/chA/dac_pnt_reg[32]_i_2_n_0
    SLICE_X17Y49         CARRY4 (Prop_carry4_CI_CO[3])
                                                      0.114    10.832 r  i_asg/chA/dac_pnt_reg[36]_i_2/CO[3]
                         net (fo=1, routed)           0.001    10.832    i_asg/chA/dac_pnt_reg[36]_i_2_n_0
    SLICE_X17Y50         CARRY4 (Prop_carry4_CI_CO[3])
                                                      0.114    10.946 r  i_asg/chA/dac_pnt_reg[40]_i_2/CO[3]
                         net (fo=1, routed)           0.000    10.946    i_asg/chA/dac_pnt_reg[40]_i_2_n_0
    SLICE_X17Y51         CARRY4 (Prop_carry4_CI_CO[3])
                                                      0.114    11.060 r  i_asg/chA/dac_pnt_reg[44]_i_2/CO[3]
                         net (fo=1, routed)           0.000    11.060    i_asg/chA/dac_pnt_reg[44]_i_2_n_0
    SLICE_X17Y52         CARRY4 (Prop_carry4_CI_CO[3])
                                                      0.114    11.174 r  i_asg/chA/dac_pnt_reg[48]_i_2/CO[3]
                         net (fo=1, routed)           0.000    11.174    i_asg/chA/dac_pnt_reg[48]_i_2_n_0
    SLICE_X17Y53         CARRY4 (Prop_carry4_CI_CO[3])
                                                      0.114    11.288 r  i_asg/chA/dac_pnt_reg[52]_i_2/CO[3]
                         net (fo=1, routed)           0.000    11.288    i_asg/chA/dac_pnt_reg[52]_i_2_n_0
    SLICE_X17Y54         CARRY4 (Prop_carry4_CI_CO[3])
                                                      0.114    11.402 r  i_asg/chA/dac_pnt_reg[56]_i_2/CO[3]
                         net (fo=1, routed)           0.000    11.402    i_asg/chA/dac_pnt_reg[56]_i_2_n_0
    SLICE_X17Y55         CARRY4 (Prop_carry4_CI_CO[3])
                                                      0.114    11.516 r  i_asg/chA/dac_pnt_reg[60]_i_2/CO[3]
                         net (fo=1, routed)           0.000    11.516    i_asg/chA/dac_pnt_reg[60]_i_2_n_0
    SLICE_X17Y56         CARRY4 (Prop_carry4_CI_O[1])
                                                      0.334    11.850 r  i_asg/chA/dac_pnt_reg[61]_i_4/O[1]
                         net (fo=5, routed)           0.731    12.581    i_asg/chA/inst_axi_dac/dac_npnt_sub[61]
    SLICE_X15Y51         LUT6 (Prop_lut6_I0_O)        0.303    12.884 r  i_asg/chA/inst_axi_dac/dac_pnt[61]_i_7/O
                         net (fo=61, routed)          1.263    14.147    i_asg/chA/inst_axi_dac/dac_pnt[61]_i_7_n_0
    SLICE_X19Y44         LUT6 (Prop_lut6_I3_O)        0.124    14.271 r  i_asg/chA/inst_axi_dac/dac_pnt[18]_i_1_comp/O
                         net (fo=1, routed)           0.000    14.271    i_asg/chA/inst_axi_dac_n_118
    SLICE_X19Y44         FDRE                                         r  i_asg/chA/dac_pnt_reg[18]/D
  -------------------------------------------------------------------    -------------------

                         (clock pll_adc_clk rise edge)
                                                      8.138     8.138 r  
    U18                                               0.000     8.138 r  adc_clk_i[1] (IN)
                         net (fo=0)                   0.000     8.138    adc_clk_i[1]
    U18                  IBUFDS (Prop_ibufds_I_O)     0.940     9.078 r  i_clk/O
                         net (fo=1, routed)           1.181    10.259    pll/adc_clk_in
    PLLE2_ADV_X0Y0       PLLE2_ADV (Prop_plle2_adv_CLKIN1_CLKOUT0)
                                                      0.084    10.343 r  pll/pll/CLKOUT0
                         net (fo=1, routed)           1.594    11.937    pll_adc_clk
    BUFGCTRL_X0Y0        BUFG (Prop_bufg_I_O)         0.091    12.028 r  bufg_adc_clk/O
                         net (fo=9660, routed)        1.500    13.528    i_asg/chA/adc_clk
    SLICE_X19Y44         FDRE                                         r  i_asg/chA/dac_pnt_reg[18]/C
                         clock pessimism              0.343    13.872    
                         clock uncertainty           -0.070    13.802    
    SLICE_X19Y44         FDRE (Setup_fdre_C_D)        0.031    13.833    i_asg/chA/dac_pnt_reg[18]
  -------------------------------------------------------------------
                         required time                         13.833    
                         arrival time                         -14.271    
  -------------------------------------------------------------------
                         slack                                 -0.438    

Slack (VIOLATED) :        -0.410ns  (required time - arrival time)
  Source:                 i_asg/chA/dac_do_reg/C
                            (rising edge-triggered cell FDRE clocked by pll_adc_clk  {rise@0.000ns fall@4.069ns period=8.138ns})
  Destination:            i_asg/chA/dac_pnt_reg[35]/D
                            (rising edge-triggered cell FDRE clocked by pll_adc_clk  {rise@0.000ns fall@4.069ns period=8.138ns})
  Path Group:             pll_adc_clk
  Path Type:              Setup (Max at Slow Process Corner)
  Requirement:            8.138ns  (pll_adc_clk rise@8.138ns - pll_adc_clk rise@0.000ns)
  Data Path Delay:        8.388ns  (logic 4.666ns (55.627%)  route 3.722ns (44.373%))
  Logic Levels:           22  (CARRY4=17 LUT1=1 LUT2=1 LUT3=1 LUT6=2)
  Clock Path Skew:        -0.170ns (DCD - SCD + CPR)
    Destination Clock Delay (DCD):    5.391ns = ( 13.529 - 8.138 ) 
    Source Clock Delay      (SCD):    5.904ns
    Clock Pessimism Removal (CPR):    0.343ns
  Clock Uncertainty:      0.070ns  ((TSJ^2 + DJ^2)^1/2) / 2 + PE
    Total System Jitter     (TSJ):    0.071ns
    Discrete Jitter          (DJ):    0.120ns
    Phase Error              (PE):    0.000ns

    Location             Delay type                Incr(ns)  Path(ns)    Netlist Resource(s)
  -------------------------------------------------------------------    -------------------
                         (clock pll_adc_clk rise edge)
                                                      0.000     0.000 r  
    U18                                               0.000     0.000 r  adc_clk_i[1] (IN)
                         net (fo=0)                   0.000     0.000    adc_clk_i[1]
    U18                  IBUFDS (Prop_ibufds_I_O)     0.983     0.983 r  i_clk/O
                         net (fo=1, routed)           1.306     2.289    pll/adc_clk_in
    PLLE2_ADV_X0Y0       PLLE2_ADV (Prop_plle2_adv_CLKIN1_CLKOUT0)
                                                      0.089     2.378 r  pll/pll/CLKOUT0
                         net (fo=1, routed)           1.754     4.132    pll_adc_clk
    BUFGCTRL_X0Y0        BUFG (Prop_bufg_I_O)         0.101     4.233 r  bufg_adc_clk/O
                         net (fo=9660, routed)        1.671     5.904    i_asg/chA/adc_clk
    SLICE_X13Y51         FDRE                                         r  i_asg/chA/dac_do_reg/C
  -------------------------------------------------------------------    -------------------
    SLICE_X13Y51         FDRE (Prop_fdre_C_Q)         0.456     6.360 r  i_asg/chA/dac_do_reg/Q
                         net (fo=124, routed)         1.085     7.445    i_asg/chA/dac_do
    SLICE_X18Y42         LUT3 (Prop_lut3_I2_O)        0.124     7.569 r  i_asg/chA/dac_pnt[3]_i_5/O
                         net (fo=1, routed)           0.000     7.569    i_asg/chA/dac_pnt[3]_i_5_n_0
    SLICE_X18Y42         CARRY4 (Prop_carry4_S[1]_CO[3])
                                                      0.550     8.119 r  i_asg/chA/dac_pnt_reg[3]_i_2/CO[3]
                         net (fo=1, routed)           0.000     8.119    i_asg/chA/dac_pnt_reg[3]_i_2_n_0
    SLICE_X18Y43         CARRY4 (Prop_carry4_CI_CO[3])
                                                      0.114     8.233 r  i_asg/chA/dac_pnt_reg[7]_i_2/CO[3]
                         net (fo=1, routed)           0.000     8.233    i_asg/chA/dac_pnt_reg[7]_i_2_n_0
    SLICE_X18Y44         CARRY4 (Prop_carry4_CI_CO[3])
                                                      0.114     8.347 r  i_asg/chA/dac_pnt_reg[11]_i_2/CO[3]
                         net (fo=1, routed)           0.000     8.347    i_asg/chA/dac_pnt_reg[11]_i_2_n_0
    SLICE_X18Y45         CARRY4 (Prop_carry4_CI_CO[3])
                                                      0.114     8.461 r  i_asg/chA/dac_pnt_reg[15]_i_2/CO[3]
                         net (fo=1, routed)           0.000     8.461    i_asg/chA/dac_pnt_reg[15]_i_2_n_0
    SLICE_X18Y46         CARRY4 (Prop_carry4_CI_O[1])
                                                      0.334     8.795 f  i_asg/chA/dac_pnt_reg[19]_i_2/O[1]
                         net (fo=3, routed)           0.746     9.541    i_asg/chA/dac_pnt_reg[19]_i_2_n_6
    SLICE_X17Y45         LUT1 (Prop_lut1_I0_O)        0.303     9.844 r  i_asg/chA/dac_pnt[20]_i_6/O
                         net (fo=1, routed)           0.000     9.844    i_asg/chA/dac_pnt[20]_i_6_n_0
    SLICE_X17Y45         CARRY4 (Prop_carry4_S[0]_CO[3])
                                                      0.532    10.376 r  i_asg/chA/dac_pnt_reg[20]_i_2/CO[3]
                         net (fo=1, routed)           0.000    10.376    i_asg/chA/dac_pnt_reg[20]_i_2_n_0
    SLICE_X17Y46         CARRY4 (Prop_carry4_CI_CO[3])
                                                      0.114    10.490 r  i_asg/chA/dac_pnt_reg[24]_i_2/CO[3]
                         net (fo=1, routed)           0.000    10.490    i_asg/chA/dac_pnt_reg[24]_i_2_n_0
    SLICE_X17Y47         CARRY4 (Prop_carry4_CI_CO[3])
                                                      0.114    10.604 r  i_asg/chA/dac_pnt_reg[28]_i_2/CO[3]
                         net (fo=1, routed)           0.000    10.604    i_asg/chA/dac_pnt_reg[28]_i_2_n_0
    SLICE_X17Y48         CARRY4 (Prop_carry4_CI_CO[3])
                                                      0.114    10.718 r  i_asg/chA/dac_pnt_reg[32]_i_2/CO[3]
                         net (fo=1, routed)           0.000    10.718    i_asg/chA/dac_pnt_reg[32]_i_2_n_0
    SLICE_X17Y49         CARRY4 (Prop_carry4_CI_CO[3])
                                                      0.114    10.832 r  i_asg/chA/dac_pnt_reg[36]_i_2/CO[3]
                         net (fo=1, routed)           0.001    10.832    i_asg/chA/dac_pnt_reg[36]_i_2_n_0
    SLICE_X17Y50         CARRY4 (Prop_carry4_CI_CO[3])
                                                      0.114    10.946 r  i_asg/chA/dac_pnt_reg[40]_i_2/CO[3]
                         net (fo=1, routed)           0.000    10.946    i_asg/chA/dac_pnt_reg[40]_i_2_n_0
    SLICE_X17Y51         CARRY4 (Prop_carry4_CI_CO[3])
                                                      0.114    11.060 r  i_asg/chA/dac_pnt_reg[44]_i_2/CO[3]
                         net (fo=1, routed)           0.000    11.060    i_asg/chA/dac_pnt_reg[44]_i_2_n_0
    SLICE_X17Y52         CARRY4 (Prop_carry4_CI_CO[3])
                                                      0.114    11.174 r  i_asg/chA/dac_pnt_reg[48]_i_2/CO[3]
                         net (fo=1, routed)           0.000    11.174    i_asg/chA/dac_pnt_reg[48]_i_2_n_0
    SLICE_X17Y53         CARRY4 (Prop_carry4_CI_CO[3])
                                                      0.114    11.288 r  i_asg/chA/dac_pnt_reg[52]_i_2/CO[3]
                         net (fo=1, routed)           0.000    11.288    i_asg/chA/dac_pnt_reg[52]_i_2_n_0
    SLICE_X17Y54         CARRY4 (Prop_carry4_CI_CO[3])
                                                      0.114    11.402 r  i_asg/chA/dac_pnt_reg[56]_i_2/CO[3]
                         net (fo=1, routed)           0.000    11.402    i_asg/chA/dac_pnt_reg[56]_i_2_n_0
    SLICE_X17Y55         CARRY4 (Prop_carry4_CI_CO[3])
                                                      0.114    11.516 r  i_asg/chA/dac_pnt_reg[60]_i_2/CO[3]
                         net (fo=1, routed)           0.000    11.516    i_asg/chA/dac_pnt_reg[60]_i_2_n_0
    SLICE_X17Y56         CARRY4 (Prop_carry4_CI_O[1])
                                                      0.334    11.850 f  i_asg/chA/dac_pnt_reg[61]_i_4/O[1]
                         net (fo=5, routed)           0.667    12.517    i_asg/chA/dac_npnt_sub[62]
    SLICE_X14Y51         LUT2 (Prop_lut2_I1_O)        0.303    12.820 r  i_asg/chA/dac_pnt[61]_i_8/O
                         net (fo=17, routed)          0.339    13.159    i_asg/chA/inst_axi_dac/dac_pnt_reg[31]_2
    SLICE_X15Y52         LUT6 (Prop_lut6_I0_O)        0.124    13.283 r  i_asg/chA/inst_axi_dac/dac_pnt[61]_i_3/O
                         net (fo=45, routed)          0.885    14.168    i_asg/chA/inst_axi_dac/dac_pnt[61]_i_3_n_0
    SLICE_X16Y49         LUT6 (Prop_lut6_I0_O)        0.124    14.292 r  i_asg/chA/inst_axi_dac/dac_pnt[35]_i_1/O
                         net (fo=1, routed)           0.000    14.292    i_asg/chA/inst_axi_dac_n_101
    SLICE_X16Y49         FDRE                                         r  i_asg/chA/dac_pnt_reg[35]/D
  -------------------------------------------------------------------    -------------------

                         (clock pll_adc_clk rise edge)
                                                      8.138     8.138 r  
    U18                                               0.000     8.138 r  adc_clk_i[1] (IN)
                         net (fo=0)                   0.000     8.138    adc_clk_i[1]
    U18                  IBUFDS (Prop_ibufds_I_O)     0.940     9.078 r  i_clk/O
                         net (fo=1, routed)           1.181    10.259    pll/adc_clk_in
    PLLE2_ADV_X0Y0       PLLE2_ADV (Prop_plle2_adv_CLKIN1_CLKOUT0)
                                                      0.084    10.343 r  pll/pll/CLKOUT0
                         net (fo=1, routed)           1.594    11.937    pll_adc_clk
    BUFGCTRL_X0Y0        BUFG (Prop_bufg_I_O)         0.091    12.028 r  bufg_adc_clk/O
                         net (fo=9660, routed)        1.501    13.529    i_asg/chA/adc_clk
    SLICE_X16Y49         FDRE                                         r  i_asg/chA/dac_pnt_reg[35]/C
                         clock pessimism              0.343    13.873    
                         clock uncertainty           -0.070    13.803    
    SLICE_X16Y49         FDRE (Setup_fdre_C_D)        0.079    13.882    i_asg/chA/dac_pnt_reg[35]
  -------------------------------------------------------------------
                         required time                         13.882    
                         arrival time                         -14.292    
  -------------------------------------------------------------------
                         slack                                 -0.410    

Slack (VIOLATED) :        -0.388ns  (required time - arrival time)
  Source:                 i_asg/chA/dac_do_reg/C
                            (rising edge-triggered cell FDRE clocked by pll_adc_clk  {rise@0.000ns fall@4.069ns period=8.138ns})
  Destination:            i_asg/chA/dac_pnt_reg[25]/D
                            (rising edge-triggered cell FDRE clocked by pll_adc_clk  {rise@0.000ns fall@4.069ns period=8.138ns})
  Path Group:             pll_adc_clk
  Path Type:              Setup (Max at Slow Process Corner)
  Requirement:            8.138ns  (pll_adc_clk rise@8.138ns - pll_adc_clk rise@0.000ns)
  Data Path Delay:        8.319ns  (logic 4.666ns (56.091%)  route 3.653ns (43.909%))
  Logic Levels:           22  (CARRY4=17 LUT1=1 LUT2=1 LUT3=1 LUT4=1 LUT6=1)
  Clock Path Skew:        -0.169ns (DCD - SCD + CPR)
    Destination Clock Delay (DCD):    5.392ns = ( 13.530 - 8.138 ) 
    Source Clock Delay      (SCD):    5.904ns
    Clock Pessimism Removal (CPR):    0.343ns
  Clock Uncertainty:      0.070ns  ((TSJ^2 + DJ^2)^1/2) / 2 + PE
    Total System Jitter     (TSJ):    0.071ns
    Discrete Jitter          (DJ):    0.120ns
    Phase Error              (PE):    0.000ns

    Location             Delay type                Incr(ns)  Path(ns)    Netlist Resource(s)
  -------------------------------------------------------------------    -------------------
                         (clock pll_adc_clk rise edge)
                                                      0.000     0.000 r  
    U18                                               0.000     0.000 r  adc_clk_i[1] (IN)
                         net (fo=0)                   0.000     0.000    adc_clk_i[1]
    U18                  IBUFDS (Prop_ibufds_I_O)     0.983     0.983 r  i_clk/O
                         net (fo=1, routed)           1.306     2.289    pll/adc_clk_in
    PLLE2_ADV_X0Y0       PLLE2_ADV (Prop_plle2_adv_CLKIN1_CLKOUT0)
                                                      0.089     2.378 r  pll/pll/CLKOUT0
                         net (fo=1, routed)           1.754     4.132    pll_adc_clk
    BUFGCTRL_X0Y0        BUFG (Prop_bufg_I_O)         0.101     4.233 r  bufg_adc_clk/O
                         net (fo=9660, routed)        1.671     5.904    i_asg/chA/adc_clk
    SLICE_X13Y51         FDRE                                         r  i_asg/chA/dac_do_reg/C
  -------------------------------------------------------------------    -------------------
    SLICE_X13Y51         FDRE (Prop_fdre_C_Q)         0.456     6.360 r  i_asg/chA/dac_do_reg/Q
                         net (fo=124, routed)         1.085     7.445    i_asg/chA/dac_do
    SLICE_X18Y42         LUT3 (Prop_lut3_I2_O)        0.124     7.569 r  i_asg/chA/dac_pnt[3]_i_5/O
                         net (fo=1, routed)           0.000     7.569    i_asg/chA/dac_pnt[3]_i_5_n_0
    SLICE_X18Y42         CARRY4 (Prop_carry4_S[1]_CO[3])
                                                      0.550     8.119 r  i_asg/chA/dac_pnt_reg[3]_i_2/CO[3]
                         net (fo=1, routed)           0.000     8.119    i_asg/chA/dac_pnt_reg[3]_i_2_n_0
    SLICE_X18Y43         CARRY4 (Prop_carry4_CI_CO[3])
                                                      0.114     8.233 r  i_asg/chA/dac_pnt_reg[7]_i_2/CO[3]
                         net (fo=1, routed)           0.000     8.233    i_asg/chA/dac_pnt_reg[7]_i_2_n_0
    SLICE_X18Y44         CARRY4 (Prop_carry4_CI_CO[3])
                                                      0.114     8.347 r  i_asg/chA/dac_pnt_reg[11]_i_2/CO[3]
                         net (fo=1, routed)           0.000     8.347    i_asg/chA/dac_pnt_reg[11]_i_2_n_0
    SLICE_X18Y45         CARRY4 (Prop_carry4_CI_CO[3])
                                                      0.114     8.461 r  i_asg/chA/dac_pnt_reg[15]_i_2/CO[3]
                         net (fo=1, routed)           0.000     8.461    i_asg/chA/dac_pnt_reg[15]_i_2_n_0
    SLICE_X18Y46         CARRY4 (Prop_carry4_CI_O[1])
                                                      0.334     8.795 f  i_asg/chA/dac_pnt_reg[19]_i_2/O[1]
                         net (fo=3, routed)           0.746     9.541    i_asg/chA/dac_pnt_reg[19]_i_2_n_6
    SLICE_X17Y45         LUT1 (Prop_lut1_I0_O)        0.303     9.844 r  i_asg/chA/dac_pnt[20]_i_6/O
                         net (fo=1, routed)           0.000     9.844    i_asg/chA/dac_pnt[20]_i_6_n_0
    SLICE_X17Y45         CARRY4 (Prop_carry4_S[0]_CO[3])
                                                      0.532    10.376 r  i_asg/chA/dac_pnt_reg[20]_i_2/CO[3]
                         net (fo=1, routed)           0.000    10.376    i_asg/chA/dac_pnt_reg[20]_i_2_n_0
    SLICE_X17Y46         CARRY4 (Prop_carry4_CI_CO[3])
                                                      0.114    10.490 r  i_asg/chA/dac_pnt_reg[24]_i_2/CO[3]
                         net (fo=1, routed)           0.000    10.490    i_asg/chA/dac_pnt_reg[24]_i_2_n_0
    SLICE_X17Y47         CARRY4 (Prop_carry4_CI_CO[3])
                                                      0.114    10.604 r  i_asg/chA/dac_pnt_reg[28]_i_2/CO[3]
                         net (fo=1, routed)           0.000    10.604    i_asg/chA/dac_pnt_reg[28]_i_2_n_0
    SLICE_X17Y48         CARRY4 (Prop_carry4_CI_CO[3])
                                                      0.114    10.718 r  i_asg/chA/dac_pnt_reg[32]_i_2/CO[3]
                         net (fo=1, routed)           0.000    10.718    i_asg/chA/dac_pnt_reg[32]_i_2_n_0
    SLICE_X17Y49         CARRY4 (Prop_carry4_CI_CO[3])
                                                      0.114    10.832 r  i_asg/chA/dac_pnt_reg[36]_i_2/CO[3]
                         net (fo=1, routed)           0.001    10.832    i_asg/chA/dac_pnt_reg[36]_i_2_n_0
    SLICE_X17Y50         CARRY4 (Prop_carry4_CI_CO[3])
                                                      0.114    10.946 r  i_asg/chA/dac_pnt_reg[40]_i_2/CO[3]
                         net (fo=1, routed)           0.000    10.946    i_asg/chA/dac_pnt_reg[40]_i_2_n_0
    SLICE_X17Y51         CARRY4 (Prop_carry4_CI_CO[3])
                                                      0.114    11.060 r  i_asg/chA/dac_pnt_reg[44]_i_2/CO[3]
                         net (fo=1, routed)           0.000    11.060    i_asg/chA/dac_pnt_reg[44]_i_2_n_0
    SLICE_X17Y52         CARRY4 (Prop_carry4_CI_CO[3])
                                                      0.114    11.174 r  i_asg/chA/dac_pnt_reg[48]_i_2/CO[3]
                         net (fo=1, routed)           0.000    11.174    i_asg/chA/dac_pnt_reg[48]_i_2_n_0
    SLICE_X17Y53         CARRY4 (Prop_carry4_CI_CO[3])
                                                      0.114    11.288 r  i_asg/chA/dac_pnt_reg[52]_i_2/CO[3]
                         net (fo=1, routed)           0.000    11.288    i_asg/chA/dac_pnt_reg[52]_i_2_n_0
    SLICE_X17Y54         CARRY4 (Prop_carry4_CI_CO[3])
                                                      0.114    11.402 r  i_asg/chA/dac_pnt_reg[56]_i_2/CO[3]
                         net (fo=1, routed)           0.000    11.402    i_asg/chA/dac_pnt_reg[56]_i_2_n_0
    SLICE_X17Y55         CARRY4 (Prop_carry4_CI_CO[3])
                                                      0.114    11.516 r  i_asg/chA/dac_pnt_reg[60]_i_2/CO[3]
                         net (fo=1, routed)           0.000    11.516    i_asg/chA/dac_pnt_reg[60]_i_2_n_0
    SLICE_X17Y56         CARRY4 (Prop_carry4_CI_O[1])
                                                      0.334    11.850 f  i_asg/chA/dac_pnt_reg[61]_i_4/O[1]
                         net (fo=5, routed)           0.667    12.517    i_asg/chA/dac_npnt_sub[62]
    SLICE_X14Y51         LUT2 (Prop_lut2_I1_O)        0.303    12.820 r  i_asg/chA/dac_pnt[61]_i_8/O
                         net (fo=17, routed)          0.339    13.159    i_asg/chA/inst_axi_dac/dac_pnt_reg[31]_2
    SLICE_X15Y52         LUT6 (Prop_lut6_I0_O)        0.124    13.283 r  i_asg/chA/inst_axi_dac/dac_pnt[61]_i_3/O
                         net (fo=45, routed)          0.816    14.099    i_asg/chA/inst_axi_dac/dac_pnt[61]_i_3_n_0
    SLICE_X15Y48         LUT4 (Prop_lut4_I1_O)        0.124    14.223 r  i_asg/chA/inst_axi_dac/dac_pnt[25]_i_1/O
                         net (fo=1, routed)           0.000    14.223    i_asg/chA/inst_axi_dac_n_111
    SLICE_X15Y48         FDRE                                         r  i_asg/chA/dac_pnt_reg[25]/D
  -------------------------------------------------------------------    -------------------

                         (clock pll_adc_clk rise edge)
                                                      8.138     8.138 r  
    U18                                               0.000     8.138 r  adc_clk_i[1] (IN)
                         net (fo=0)                   0.000     8.138    adc_clk_i[1]
    U18                  IBUFDS (Prop_ibufds_I_O)     0.940     9.078 r  i_clk/O
                         net (fo=1, routed)           1.181    10.259    pll/adc_clk_in
    PLLE2_ADV_X0Y0       PLLE2_ADV (Prop_plle2_adv_CLKIN1_CLKOUT0)
                                                      0.084    10.343 r  pll/pll/CLKOUT0
                         net (fo=1, routed)           1.594    11.937    pll_adc_clk
    BUFGCTRL_X0Y0        BUFG (Prop_bufg_I_O)         0.091    12.028 r  bufg_adc_clk/O
                         net (fo=9660, routed)        1.502    13.530    i_asg/chA/adc_clk
    SLICE_X15Y48         FDRE                                         r  i_asg/chA/dac_pnt_reg[25]/C
                         clock pessimism              0.343    13.874    
                         clock uncertainty           -0.070    13.804    
    SLICE_X15Y48         FDRE (Setup_fdre_C_D)        0.031    13.835    i_asg/chA/dac_pnt_reg[25]
  -------------------------------------------------------------------
                         required time                         13.835    
                         arrival time                         -14.223    
  -------------------------------------------------------------------
                         slack                                 -0.388    

Slack (VIOLATED) :        -0.377ns  (required time - arrival time)
  Source:                 i_asg/chA/dac_do_reg/C
                            (rising edge-triggered cell FDRE clocked by pll_adc_clk  {rise@0.000ns fall@4.069ns period=8.138ns})
  Destination:            i_asg/chA/dac_pnt_reg[8]/D
                            (rising edge-triggered cell FDRE clocked by pll_adc_clk  {rise@0.000ns fall@4.069ns period=8.138ns})
  Path Group:             pll_adc_clk
  Path Type:              Setup (Max at Slow Process Corner)
  Requirement:            8.138ns  (pll_adc_clk rise@8.138ns - pll_adc_clk rise@0.000ns)
  Data Path Delay:        8.304ns  (logic 4.666ns (56.188%)  route 3.638ns (43.812%))
  Logic Levels:           22  (CARRY4=17 LUT1=1 LUT2=1 LUT3=1 LUT4=1 LUT6=1)
  Clock Path Skew:        -0.170ns (DCD - SCD + CPR)
    Destination Clock Delay (DCD):    5.391ns = ( 13.529 - 8.138 ) 
    Source Clock Delay      (SCD):    5.904ns
    Clock Pessimism Removal (CPR):    0.343ns
  Clock Uncertainty:      0.070ns  ((TSJ^2 + DJ^2)^1/2) / 2 + PE
    Total System Jitter     (TSJ):    0.071ns
    Discrete Jitter          (DJ):    0.120ns
    Phase Error              (PE):    0.000ns

    Location             Delay type                Incr(ns)  Path(ns)    Netlist Resource(s)
  -------------------------------------------------------------------    -------------------
                         (clock pll_adc_clk rise edge)
                                                      0.000     0.000 r  
    U18                                               0.000     0.000 r  adc_clk_i[1] (IN)
                         net (fo=0)                   0.000     0.000    adc_clk_i[1]
    U18                  IBUFDS (Prop_ibufds_I_O)     0.983     0.983 r  i_clk/O
                         net (fo=1, routed)           1.306     2.289    pll/adc_clk_in
    PLLE2_ADV_X0Y0       PLLE2_ADV (Prop_plle2_adv_CLKIN1_CLKOUT0)
                                                      0.089     2.378 r  pll/pll/CLKOUT0
                         net (fo=1, routed)           1.754     4.132    pll_adc_clk
    BUFGCTRL_X0Y0        BUFG (Prop_bufg_I_O)         0.101     4.233 r  bufg_adc_clk/O
                         net (fo=9660, routed)        1.671     5.904    i_asg/chA/adc_clk
    SLICE_X13Y51         FDRE                                         r  i_asg/chA/dac_do_reg/C
  -------------------------------------------------------------------    -------------------
    SLICE_X13Y51         FDRE (Prop_fdre_C_Q)         0.456     6.360 r  i_asg/chA/dac_do_reg/Q
                         net (fo=124, routed)         1.085     7.445    i_asg/chA/dac_do
    SLICE_X18Y42         LUT3 (Prop_lut3_I2_O)        0.124     7.569 r  i_asg/chA/dac_pnt[3]_i_5/O
                         net (fo=1, routed)           0.000     7.569    i_asg/chA/dac_pnt[3]_i_5_n_0
    SLICE_X18Y42         CARRY4 (Prop_carry4_S[1]_CO[3])
                                                      0.550     8.119 r  i_asg/chA/dac_pnt_reg[3]_i_2/CO[3]
                         net (fo=1, routed)           0.000     8.119    i_asg/chA/dac_pnt_reg[3]_i_2_n_0
    SLICE_X18Y43         CARRY4 (Prop_carry4_CI_CO[3])
                                                      0.114     8.233 r  i_asg/chA/dac_pnt_reg[7]_i_2/CO[3]
                         net (fo=1, routed)           0.000     8.233    i_asg/chA/dac_pnt_reg[7]_i_2_n_0
    SLICE_X18Y44         CARRY4 (Prop_carry4_CI_CO[3])
                                                      0.114     8.347 r  i_asg/chA/dac_pnt_reg[11]_i_2/CO[3]
                         net (fo=1, routed)           0.000     8.347    i_asg/chA/dac_pnt_reg[11]_i_2_n_0
    SLICE_X18Y45         CARRY4 (Prop_carry4_CI_CO[3])
                                                      0.114     8.461 r  i_asg/chA/dac_pnt_reg[15]_i_2/CO[3]
                         net (fo=1, routed)           0.000     8.461    i_asg/chA/dac_pnt_reg[15]_i_2_n_0
    SLICE_X18Y46         CARRY4 (Prop_carry4_CI_O[1])
                                                      0.334     8.795 f  i_asg/chA/dac_pnt_reg[19]_i_2/O[1]
                         net (fo=3, routed)           0.746     9.541    i_asg/chA/dac_pnt_reg[19]_i_2_n_6
    SLICE_X17Y45         LUT1 (Prop_lut1_I0_O)        0.303     9.844 r  i_asg/chA/dac_pnt[20]_i_6/O
                         net (fo=1, routed)           0.000     9.844    i_asg/chA/dac_pnt[20]_i_6_n_0
    SLICE_X17Y45         CARRY4 (Prop_carry4_S[0]_CO[3])
                                                      0.532    10.376 r  i_asg/chA/dac_pnt_reg[20]_i_2/CO[3]
                         net (fo=1, routed)           0.000    10.376    i_asg/chA/dac_pnt_reg[20]_i_2_n_0
    SLICE_X17Y46         CARRY4 (Prop_carry4_CI_CO[3])
                                                      0.114    10.490 r  i_asg/chA/dac_pnt_reg[24]_i_2/CO[3]
                         net (fo=1, routed)           0.000    10.490    i_asg/chA/dac_pnt_reg[24]_i_2_n_0
    SLICE_X17Y47         CARRY4 (Prop_carry4_CI_CO[3])
                                                      0.114    10.604 r  i_asg/chA/dac_pnt_reg[28]_i_2/CO[3]
                         net (fo=1, routed)           0.000    10.604    i_asg/chA/dac_pnt_reg[28]_i_2_n_0
    SLICE_X17Y48         CARRY4 (Prop_carry4_CI_CO[3])
                                                      0.114    10.718 r  i_asg/chA/dac_pnt_reg[32]_i_2/CO[3]
                         net (fo=1, routed)           0.000    10.718    i_asg/chA/dac_pnt_reg[32]_i_2_n_0
    SLICE_X17Y49         CARRY4 (Prop_carry4_CI_CO[3])
                                                      0.114    10.832 r  i_asg/chA/dac_pnt_reg[36]_i_2/CO[3]
                         net (fo=1, routed)           0.001    10.832    i_asg/chA/dac_pnt_reg[36]_i_2_n_0
    SLICE_X17Y50         CARRY4 (Prop_carry4_CI_CO[3])
                                                      0.114    10.946 r  i_asg/chA/dac_pnt_reg[40]_i_2/CO[3]
                         net (fo=1, routed)           0.000    10.946    i_asg/chA/dac_pnt_reg[40]_i_2_n_0
    SLICE_X17Y51         CARRY4 (Prop_carry4_CI_CO[3])
                                                      0.114    11.060 r  i_asg/chA/dac_pnt_reg[44]_i_2/CO[3]
                         net (fo=1, routed)           0.000    11.060    i_asg/chA/dac_pnt_reg[44]_i_2_n_0
    SLICE_X17Y52         CARRY4 (Prop_carry4_CI_CO[3])
                                                      0.114    11.174 r  i_asg/chA/dac_pnt_reg[48]_i_2/CO[3]
                         net (fo=1, routed)           0.000    11.174    i_asg/chA/dac_pnt_reg[48]_i_2_n_0
    SLICE_X17Y53         CARRY4 (Prop_carry4_CI_CO[3])
                                                      0.114    11.288 r  i_asg/chA/dac_pnt_reg[52]_i_2/CO[3]
                         net (fo=1, routed)           0.000    11.288    i_asg/chA/dac_pnt_reg[52]_i_2_n_0
    SLICE_X17Y54         CARRY4 (Prop_carry4_CI_CO[3])
                                                      0.114    11.402 r  i_asg/chA/dac_pnt_reg[56]_i_2/CO[3]
                         net (fo=1, routed)           0.000    11.402    i_asg/chA/dac_pnt_reg[56]_i_2_n_0
    SLICE_X17Y55         CARRY4 (Prop_carry4_CI_CO[3])
                                                      0.114    11.516 r  i_asg/chA/dac_pnt_reg[60]_i_2/CO[3]
                         net (fo=1, routed)           0.000    11.516    i_asg/chA/dac_pnt_reg[60]_i_2_n_0
    SLICE_X17Y56         CARRY4 (Prop_carry4_CI_O[1])
                                                      0.334    11.850 f  i_asg/chA/dac_pnt_reg[61]_i_4/O[1]
                         net (fo=5, routed)           0.667    12.517    i_asg/chA/dac_npnt_sub[62]
    SLICE_X14Y51         LUT2 (Prop_lut2_I1_O)        0.303    12.820 r  i_asg/chA/dac_pnt[61]_i_8/O
                         net (fo=17, routed)          0.339    13.159    i_asg/chA/inst_axi_dac/dac_pnt_reg[31]_2
    SLICE_X15Y52         LUT6 (Prop_lut6_I0_O)        0.124    13.283 r  i_asg/chA/inst_axi_dac/dac_pnt[61]_i_3/O
                         net (fo=45, routed)          0.802    14.084    i_asg/chA/inst_axi_dac/dac_pnt[61]_i_3_n_0
    SLICE_X15Y43         LUT4 (Prop_lut4_I1_O)        0.124    14.208 r  i_asg/chA/inst_axi_dac/dac_pnt[8]_i_1/O
                         net (fo=1, routed)           0.000    14.208    i_asg/chA/inst_axi_dac_n_128
    SLICE_X15Y43         FDRE                                         r  i_asg/chA/dac_pnt_reg[8]/D
  -------------------------------------------------------------------    -------------------

                         (clock pll_adc_clk rise edge)
                                                      8.138     8.138 r  
    U18                                               0.000     8.138 r  adc_clk_i[1] (IN)
                         net (fo=0)                   0.000     8.138    adc_clk_i[1]
    U18                  IBUFDS (Prop_ibufds_I_O)     0.940     9.078 r  i_clk/O
                         net (fo=1, routed)           1.181    10.259    pll/adc_clk_in
    PLLE2_ADV_X0Y0       PLLE2_ADV (Prop_plle2_adv_CLKIN1_CLKOUT0)
                                                      0.084    10.343 r  pll/pll/CLKOUT0
                         net (fo=1, routed)           1.594    11.937    pll_adc_clk
    BUFGCTRL_X0Y0        BUFG (Prop_bufg_I_O)         0.091    12.028 r  bufg_adc_clk/O
                         net (fo=9660, routed)        1.501    13.529    i_asg/chA/adc_clk
    SLICE_X15Y43         FDRE                                         r  i_asg/chA/dac_pnt_reg[8]/C
                         clock pessimism              0.343    13.873    
                         clock uncertainty           -0.070    13.803    
    SLICE_X15Y43         FDRE (Setup_fdre_C_D)        0.029    13.832    i_asg/chA/dac_pnt_reg[8]
  -------------------------------------------------------------------
                         required time                         13.832    
                         arrival time                         -14.208    
  -------------------------------------------------------------------
                         slack                                 -0.377    

Slack (VIOLATED) :        -0.372ns  (required time - arrival time)
  Source:                 i_asg/chA/dac_do_reg/C
                            (rising edge-triggered cell FDRE clocked by pll_adc_clk  {rise@0.000ns fall@4.069ns period=8.138ns})
  Destination:            i_asg/chA/dac_pnt_reg[9]/D
                            (rising edge-triggered cell FDRE clocked by pll_adc_clk  {rise@0.000ns fall@4.069ns period=8.138ns})
  Path Group:             pll_adc_clk
  Path Type:              Setup (Max at Slow Process Corner)
  Requirement:            8.138ns  (pll_adc_clk rise@8.138ns - pll_adc_clk rise@0.000ns)
  Data Path Delay:        8.301ns  (logic 4.666ns (56.208%)  route 3.635ns (43.792%))
  Logic Levels:           22  (CARRY4=17 LUT1=1 LUT2=1 LUT3=1 LUT4=1 LUT6=1)
  Clock Path Skew:        -0.170ns (DCD - SCD + CPR)
    Destination Clock Delay (DCD):    5.391ns = ( 13.529 - 8.138 ) 
    Source Clock Delay      (SCD):    5.904ns
    Clock Pessimism Removal (CPR):    0.343ns
  Clock Uncertainty:      0.070ns  ((TSJ^2 + DJ^2)^1/2) / 2 + PE
    Total System Jitter     (TSJ):    0.071ns
    Discrete Jitter          (DJ):    0.120ns
    Phase Error              (PE):    0.000ns

    Location             Delay type                Incr(ns)  Path(ns)    Netlist Resource(s)
  -------------------------------------------------------------------    -------------------
                         (clock pll_adc_clk rise edge)
                                                      0.000     0.000 r  
    U18                                               0.000     0.000 r  adc_clk_i[1] (IN)
                         net (fo=0)                   0.000     0.000    adc_clk_i[1]
    U18                  IBUFDS (Prop_ibufds_I_O)     0.983     0.983 r  i_clk/O
                         net (fo=1, routed)           1.306     2.289    pll/adc_clk_in
    PLLE2_ADV_X0Y0       PLLE2_ADV (Prop_plle2_adv_CLKIN1_CLKOUT0)
                                                      0.089     2.378 r  pll/pll/CLKOUT0
                         net (fo=1, routed)           1.754     4.132    pll_adc_clk
    BUFGCTRL_X0Y0        BUFG (Prop_bufg_I_O)         0.101     4.233 r  bufg_adc_clk/O
                         net (fo=9660, routed)        1.671     5.904    i_asg/chA/adc_clk
    SLICE_X13Y51         FDRE                                         r  i_asg/chA/dac_do_reg/C
  -------------------------------------------------------------------    -------------------
    SLICE_X13Y51         FDRE (Prop_fdre_C_Q)         0.456     6.360 r  i_asg/chA/dac_do_reg/Q
                         net (fo=124, routed)         1.085     7.445    i_asg/chA/dac_do
    SLICE_X18Y42         LUT3 (Prop_lut3_I2_O)        0.124     7.569 r  i_asg/chA/dac_pnt[3]_i_5/O
                         net (fo=1, routed)           0.000     7.569    i_asg/chA/dac_pnt[3]_i_5_n_0
    SLICE_X18Y42         CARRY4 (Prop_carry4_S[1]_CO[3])
                                                      0.550     8.119 r  i_asg/chA/dac_pnt_reg[3]_i_2/CO[3]
                         net (fo=1, routed)           0.000     8.119    i_asg/chA/dac_pnt_reg[3]_i_2_n_0
    SLICE_X18Y43         CARRY4 (Prop_carry4_CI_CO[3])
                                                      0.114     8.233 r  i_asg/chA/dac_pnt_reg[7]_i_2/CO[3]
                         net (fo=1, routed)           0.000     8.233    i_asg/chA/dac_pnt_reg[7]_i_2_n_0
    SLICE_X18Y44         CARRY4 (Prop_carry4_CI_CO[3])
                                                      0.114     8.347 r  i_asg/chA/dac_pnt_reg[11]_i_2/CO[3]
                         net (fo=1, routed)           0.000     8.347    i_asg/chA/dac_pnt_reg[11]_i_2_n_0
    SLICE_X18Y45         CARRY4 (Prop_carry4_CI_CO[3])
                                                      0.114     8.461 r  i_asg/chA/dac_pnt_reg[15]_i_2/CO[3]
                         net (fo=1, routed)           0.000     8.461    i_asg/chA/dac_pnt_reg[15]_i_2_n_0
    SLICE_X18Y46         CARRY4 (Prop_carry4_CI_O[1])
                                                      0.334     8.795 f  i_asg/chA/dac_pnt_reg[19]_i_2/O[1]
                         net (fo=3, routed)           0.746     9.541    i_asg/chA/dac_pnt_reg[19]_i_2_n_6
    SLICE_X17Y45         LUT1 (Prop_lut1_I0_O)        0.303     9.844 r  i_asg/chA/dac_pnt[20]_i_6/O
                         net (fo=1, routed)           0.000     9.844    i_asg/chA/dac_pnt[20]_i_6_n_0
    SLICE_X17Y45         CARRY4 (Prop_carry4_S[0]_CO[3])
                                                      0.532    10.376 r  i_asg/chA/dac_pnt_reg[20]_i_2/CO[3]
                         net (fo=1, routed)           0.000    10.376    i_asg/chA/dac_pnt_reg[20]_i_2_n_0
    SLICE_X17Y46         CARRY4 (Prop_carry4_CI_CO[3])
                                                      0.114    10.490 r  i_asg/chA/dac_pnt_reg[24]_i_2/CO[3]
                         net (fo=1, routed)           0.000    10.490    i_asg/chA/dac_pnt_reg[24]_i_2_n_0
    SLICE_X17Y47         CARRY4 (Prop_carry4_CI_CO[3])
                                                      0.114    10.604 r  i_asg/chA/dac_pnt_reg[28]_i_2/CO[3]
                         net (fo=1, routed)           0.000    10.604    i_asg/chA/dac_pnt_reg[28]_i_2_n_0
    SLICE_X17Y48         CARRY4 (Prop_carry4_CI_CO[3])
                                                      0.114    10.718 r  i_asg/chA/dac_pnt_reg[32]_i_2/CO[3]
                         net (fo=1, routed)           0.000    10.718    i_asg/chA/dac_pnt_reg[32]_i_2_n_0
    SLICE_X17Y49         CARRY4 (Prop_carry4_CI_CO[3])
                                                      0.114    10.832 r  i_asg/chA/dac_pnt_reg[36]_i_2/CO[3]
                         net (fo=1, routed)           0.001    10.832    i_asg/chA/dac_pnt_reg[36]_i_2_n_0
    SLICE_X17Y50         CARRY4 (Prop_carry4_CI_CO[3])
                                                      0.114    10.946 r  i_asg/chA/dac_pnt_reg[40]_i_2/CO[3]
                         net (fo=1, routed)           0.000    10.946    i_asg/chA/dac_pnt_reg[40]_i_2_n_0
    SLICE_X17Y51         CARRY4 (Prop_carry4_CI_CO[3])
                                                      0.114    11.060 r  i_asg/chA/dac_pnt_reg[44]_i_2/CO[3]
                         net (fo=1, routed)           0.000    11.060    i_asg/chA/dac_pnt_reg[44]_i_2_n_0
    SLICE_X17Y52         CARRY4 (Prop_carry4_CI_CO[3])
                                                      0.114    11.174 r  i_asg/chA/dac_pnt_reg[48]_i_2/CO[3]
                         net (fo=1, routed)           0.000    11.174    i_asg/chA/dac_pnt_reg[48]_i_2_n_0
    SLICE_X17Y53         CARRY4 (Prop_carry4_CI_CO[3])
                                                      0.114    11.288 r  i_asg/chA/dac_pnt_reg[52]_i_2/CO[3]
                         net (fo=1, routed)           0.000    11.288    i_asg/chA/dac_pnt_reg[52]_i_2_n_0
    SLICE_X17Y54         CARRY4 (Prop_carry4_CI_CO[3])
                                                      0.114    11.402 r  i_asg/chA/dac_pnt_reg[56]_i_2/CO[3]
                         net (fo=1, routed)           0.000    11.402    i_asg/chA/dac_pnt_reg[56]_i_2_n_0
    SLICE_X17Y55         CARRY4 (Prop_carry4_CI_CO[3])
                                                      0.114    11.516 r  i_asg/chA/dac_pnt_reg[60]_i_2/CO[3]
                         net (fo=1, routed)           0.000    11.516    i_asg/chA/dac_pnt_reg[60]_i_2_n_0
    SLICE_X17Y56         CARRY4 (Prop_carry4_CI_O[1])
                                                      0.334    11.850 f  i_asg/chA/dac_pnt_reg[61]_i_4/O[1]
                         net (fo=5, routed)           0.667    12.517    i_asg/chA/dac_npnt_sub[62]
    SLICE_X14Y51         LUT2 (Prop_lut2_I1_O)        0.303    12.820 r  i_asg/chA/dac_pnt[61]_i_8/O
                         net (fo=17, routed)          0.339    13.159    i_asg/chA/inst_axi_dac/dac_pnt_reg[31]_2
    SLICE_X15Y52         LUT6 (Prop_lut6_I0_O)        0.124    13.283 r  i_asg/chA/inst_axi_dac/dac_pnt[61]_i_3/O
                         net (fo=45, routed)          0.799    14.081    i_asg/chA/inst_axi_dac/dac_pnt[61]_i_3_n_0
    SLICE_X15Y43         LUT4 (Prop_lut4_I1_O)        0.124    14.205 r  i_asg/chA/inst_axi_dac/dac_pnt[9]_i_1/O
                         net (fo=1, routed)           0.000    14.205    i_asg/chA/inst_axi_dac_n_127
    SLICE_X15Y43         FDRE                                         r  i_asg/chA/dac_pnt_reg[9]/D
  -------------------------------------------------------------------    -------------------

                         (clock pll_adc_clk rise edge)
                                                      8.138     8.138 r  
    U18                                               0.000     8.138 r  adc_clk_i[1] (IN)
                         net (fo=0)                   0.000     8.138    adc_clk_i[1]
    U18                  IBUFDS (Prop_ibufds_I_O)     0.940     9.078 r  i_clk/O
                         net (fo=1, routed)           1.181    10.259    pll/adc_clk_in
    PLLE2_ADV_X0Y0       PLLE2_ADV (Prop_plle2_adv_CLKIN1_CLKOUT0)
                                                      0.084    10.343 r  pll/pll/CLKOUT0
                         net (fo=1, routed)           1.594    11.937    pll_adc_clk
    BUFGCTRL_X0Y0        BUFG (Prop_bufg_I_O)         0.091    12.028 r  bufg_adc_clk/O
                         net (fo=9660, routed)        1.501    13.529    i_asg/chA/adc_clk
    SLICE_X15Y43         FDRE                                         r  i_asg/chA/dac_pnt_reg[9]/C
                         clock pessimism              0.343    13.873    
                         clock uncertainty           -0.070    13.803    
    SLICE_X15Y43         FDRE (Setup_fdre_C_D)        0.031    13.834    i_asg/chA/dac_pnt_reg[9]
  -------------------------------------------------------------------
                         required time                         13.834    
                         arrival time                         -14.205    
  -------------------------------------------------------------------
                         slack                                 -0.372    

Slack (VIOLATED) :        -0.362ns  (required time - arrival time)
  Source:                 i_asg/chA/dac_do_reg/C
                            (rising edge-triggered cell FDRE clocked by pll_adc_clk  {rise@0.000ns fall@4.069ns period=8.138ns})
  Destination:            i_asg/chA/dac_pnt_reg[10]/D
                            (rising edge-triggered cell FDRE clocked by pll_adc_clk  {rise@0.000ns fall@4.069ns period=8.138ns})
  Path Group:             pll_adc_clk
  Path Type:              Setup (Max at Slow Process Corner)
  Requirement:            8.138ns  (pll_adc_clk rise@8.138ns - pll_adc_clk rise@0.000ns)
  Data Path Delay:        8.337ns  (logic 4.666ns (55.966%)  route 3.671ns (44.034%))
  Logic Levels:           22  (CARRY4=17 LUT1=1 LUT2=1 LUT3=1 LUT4=1 LUT6=1)
  Clock Path Skew:        -0.171ns (DCD - SCD + CPR)
    Destination Clock Delay (DCD):    5.390ns = ( 13.528 - 8.138 ) 
    Source Clock Delay      (SCD):    5.904ns
    Clock Pessimism Removal (CPR):    0.343ns
  Clock Uncertainty:      0.070ns  ((TSJ^2 + DJ^2)^1/2) / 2 + PE
    Total System Jitter     (TSJ):    0.071ns
    Discrete Jitter          (DJ):    0.120ns
    Phase Error              (PE):    0.000ns

    Location             Delay type                Incr(ns)  Path(ns)    Netlist Resource(s)
  -------------------------------------------------------------------    -------------------
                         (clock pll_adc_clk rise edge)
                                                      0.000     0.000 r  
    U18                                               0.000     0.000 r  adc_clk_i[1] (IN)
                         net (fo=0)                   0.000     0.000    adc_clk_i[1]
    U18                  IBUFDS (Prop_ibufds_I_O)     0.983     0.983 r  i_clk/O
                         net (fo=1, routed)           1.306     2.289    pll/adc_clk_in
    PLLE2_ADV_X0Y0       PLLE2_ADV (Prop_plle2_adv_CLKIN1_CLKOUT0)
                                                      0.089     2.378 r  pll/pll/CLKOUT0
                         net (fo=1, routed)           1.754     4.132    pll_adc_clk
    BUFGCTRL_X0Y0        BUFG (Prop_bufg_I_O)         0.101     4.233 r  bufg_adc_clk/O
                         net (fo=9660, routed)        1.671     5.904    i_asg/chA/adc_clk
    SLICE_X13Y51         FDRE                                         r  i_asg/chA/dac_do_reg/C
  -------------------------------------------------------------------    -------------------
    SLICE_X13Y51         FDRE (Prop_fdre_C_Q)         0.456     6.360 r  i_asg/chA/dac_do_reg/Q
                         net (fo=124, routed)         1.085     7.445    i_asg/chA/dac_do
    SLICE_X18Y42         LUT3 (Prop_lut3_I2_O)        0.124     7.569 r  i_asg/chA/dac_pnt[3]_i_5/O
                         net (fo=1, routed)           0.000     7.569    i_asg/chA/dac_pnt[3]_i_5_n_0
    SLICE_X18Y42         CARRY4 (Prop_carry4_S[1]_CO[3])
                                                      0.550     8.119 r  i_asg/chA/dac_pnt_reg[3]_i_2/CO[3]
                         net (fo=1, routed)           0.000     8.119    i_asg/chA/dac_pnt_reg[3]_i_2_n_0
    SLICE_X18Y43         CARRY4 (Prop_carry4_CI_CO[3])
                                                      0.114     8.233 r  i_asg/chA/dac_pnt_reg[7]_i_2/CO[3]
                         net (fo=1, routed)           0.000     8.233    i_asg/chA/dac_pnt_reg[7]_i_2_n_0
    SLICE_X18Y44         CARRY4 (Prop_carry4_CI_CO[3])
                                                      0.114     8.347 r  i_asg/chA/dac_pnt_reg[11]_i_2/CO[3]
                         net (fo=1, routed)           0.000     8.347    i_asg/chA/dac_pnt_reg[11]_i_2_n_0
    SLICE_X18Y45         CARRY4 (Prop_carry4_CI_CO[3])
                                                      0.114     8.461 r  i_asg/chA/dac_pnt_reg[15]_i_2/CO[3]
                         net (fo=1, routed)           0.000     8.461    i_asg/chA/dac_pnt_reg[15]_i_2_n_0
    SLICE_X18Y46         CARRY4 (Prop_carry4_CI_O[1])
                                                      0.334     8.795 f  i_asg/chA/dac_pnt_reg[19]_i_2/O[1]
                         net (fo=3, routed)           0.746     9.541    i_asg/chA/dac_pnt_reg[19]_i_2_n_6
    SLICE_X17Y45         LUT1 (Prop_lut1_I0_O)        0.303     9.844 r  i_asg/chA/dac_pnt[20]_i_6/O
                         net (fo=1, routed)           0.000     9.844    i_asg/chA/dac_pnt[20]_i_6_n_0
    SLICE_X17Y45         CARRY4 (Prop_carry4_S[0]_CO[3])
                                                      0.532    10.376 r  i_asg/chA/dac_pnt_reg[20]_i_2/CO[3]
                         net (fo=1, routed)           0.000    10.376    i_asg/chA/dac_pnt_reg[20]_i_2_n_0
    SLICE_X17Y46         CARRY4 (Prop_carry4_CI_CO[3])
                                                      0.114    10.490 r  i_asg/chA/dac_pnt_reg[24]_i_2/CO[3]
                         net (fo=1, routed)           0.000    10.490    i_asg/chA/dac_pnt_reg[24]_i_2_n_0
    SLICE_X17Y47         CARRY4 (Prop_carry4_CI_CO[3])
                                                      0.114    10.604 r  i_asg/chA/dac_pnt_reg[28]_i_2/CO[3]
                         net (fo=1, routed)           0.000    10.604    i_asg/chA/dac_pnt_reg[28]_i_2_n_0
    SLICE_X17Y48         CARRY4 (Prop_carry4_CI_CO[3])
                                                      0.114    10.718 r  i_asg/chA/dac_pnt_reg[32]_i_2/CO[3]
                         net (fo=1, routed)           0.000    10.718    i_asg/chA/dac_pnt_reg[32]_i_2_n_0
    SLICE_X17Y49         CARRY4 (Prop_carry4_CI_CO[3])
                                                      0.114    10.832 r  i_asg/chA/dac_pnt_reg[36]_i_2/CO[3]
                         net (fo=1, routed)           0.001    10.832    i_asg/chA/dac_pnt_reg[36]_i_2_n_0
    SLICE_X17Y50         CARRY4 (Prop_carry4_CI_CO[3])
                                                      0.114    10.946 r  i_asg/chA/dac_pnt_reg[40]_i_2/CO[3]
                         net (fo=1, routed)           0.000    10.946    i_asg/chA/dac_pnt_reg[40]_i_2_n_0
    SLICE_X17Y51         CARRY4 (Prop_carry4_CI_CO[3])
                                                      0.114    11.060 r  i_asg/chA/dac_pnt_reg[44]_i_2/CO[3]
                         net (fo=1, routed)           0.000    11.060    i_asg/chA/dac_pnt_reg[44]_i_2_n_0
    SLICE_X17Y52         CARRY4 (Prop_carry4_CI_CO[3])
                                                      0.114    11.174 r  i_asg/chA/dac_pnt_reg[48]_i_2/CO[3]
                         net (fo=1, routed)           0.000    11.174    i_asg/chA/dac_pnt_reg[48]_i_2_n_0
    SLICE_X17Y53         CARRY4 (Prop_carry4_CI_CO[3])
                                                      0.114    11.288 r  i_asg/chA/dac_pnt_reg[52]_i_2/CO[3]
                         net (fo=1, routed)           0.000    11.288    i_asg/chA/dac_pnt_reg[52]_i_2_n_0
    SLICE_X17Y54         CARRY4 (Prop_carry4_CI_CO[3])
                                                      0.114    11.402 r  i_asg/chA/dac_pnt_reg[56]_i_2/CO[3]
                         net (fo=1, routed)           0.000    11.402    i_asg/chA/dac_pnt_reg[56]_i_2_n_0
    SLICE_X17Y55         CARRY4 (Prop_carry4_CI_CO[3])
                                                      0.114    11.516 r  i_asg/chA/dac_pnt_reg[60]_i_2/CO[3]
                         net (fo=1, routed)           0.000    11.516    i_asg/chA/dac_pnt_reg[60]_i_2_n_0
    SLICE_X17Y56         CARRY4 (Prop_carry4_CI_O[1])
                                                      0.334    11.850 f  i_asg/chA/dac_pnt_reg[61]_i_4/O[1]
                         net (fo=5, routed)           0.667    12.517    i_asg/chA/dac_npnt_sub[62]
    SLICE_X14Y51         LUT2 (Prop_lut2_I1_O)        0.303    12.820 r  i_asg/chA/dac_pnt[61]_i_8/O
                         net (fo=17, routed)          0.339    13.159    i_asg/chA/inst_axi_dac/dac_pnt_reg[31]_2
    SLICE_X15Y52         LUT6 (Prop_lut6_I0_O)        0.124    13.283 r  i_asg/chA/inst_axi_dac/dac_pnt[61]_i_3/O
                         net (fo=45, routed)          0.835    14.117    i_asg/chA/inst_axi_dac/dac_pnt[61]_i_3_n_0
    SLICE_X16Y43         LUT4 (Prop_lut4_I1_O)        0.124    14.241 r  i_asg/chA/inst_axi_dac/dac_pnt[10]_i_1/O
                         net (fo=1, routed)           0.000    14.241    i_asg/chA/inst_axi_dac_n_126
    SLICE_X16Y43         FDRE                                         r  i_asg/chA/dac_pnt_reg[10]/D
  -------------------------------------------------------------------    -------------------

                         (clock pll_adc_clk rise edge)
                                                      8.138     8.138 r  
    U18                                               0.000     8.138 r  adc_clk_i[1] (IN)
                         net (fo=0)                   0.000     8.138    adc_clk_i[1]
    U18                  IBUFDS (Prop_ibufds_I_O)     0.940     9.078 r  i_clk/O
                         net (fo=1, routed)           1.181    10.259    pll/adc_clk_in
    PLLE2_ADV_X0Y0       PLLE2_ADV (Prop_plle2_adv_CLKIN1_CLKOUT0)
                                                      0.084    10.343 r  pll/pll/CLKOUT0
                         net (fo=1, routed)           1.594    11.937    pll_adc_clk
    BUFGCTRL_X0Y0        BUFG (Prop_bufg_I_O)         0.091    12.028 r  bufg_adc_clk/O
                         net (fo=9660, routed)        1.500    13.528    i_asg/chA/adc_clk
    SLICE_X16Y43         FDRE                                         r  i_asg/chA/dac_pnt_reg[10]/C
                         clock pessimism              0.343    13.872    
                         clock uncertainty           -0.070    13.802    
    SLICE_X16Y43         FDRE (Setup_fdre_C_D)        0.077    13.879    i_asg/chA/dac_pnt_reg[10]
  -------------------------------------------------------------------
                         required time                         13.879    
                         arrival time                         -14.241    
  -------------------------------------------------------------------
                         slack                                 -0.362    





Min Delay Paths
--------------------------------------------------------------------------------------
Slack (MET) :             0.051ns  (arrival time - required time)
  Source:                 i_scope/genblk1[0].i_bram_sm/adc_dly_do_reg/C
                            (rising edge-triggered cell FDRE clocked by pll_adc_clk  {rise@0.000ns fall@4.069ns period=8.138ns})
  Destination:            i_scope/genblk1[0].i_bram_sm/adc_dly_end_reg/D
                            (rising edge-triggered cell FDRE clocked by pll_adc_clk  {rise@0.000ns fall@4.069ns period=8.138ns})
  Path Group:             pll_adc_clk
  Path Type:              Hold (Min at Fast Process Corner)
  Requirement:            0.000ns  (pll_adc_clk rise@0.000ns - pll_adc_clk rise@0.000ns)
  Data Path Delay:        0.437ns  (logic 0.186ns (42.558%)  route 0.251ns (57.442%))
  Logic Levels:           1  (LUT6=1)
  Clock Path Skew:        0.266ns (DCD - SCD - CPR)
    Destination Clock Delay (DCD):    2.367ns
    Source Clock Delay      (SCD):    1.970ns
    Clock Pessimism Removal (CPR):    0.130ns

    Location             Delay type                Incr(ns)  Path(ns)    Netlist Resource(s)
  -------------------------------------------------------------------    -------------------
                         (clock pll_adc_clk rise edge)
                                                      0.000     0.000 r  
    U18                                               0.000     0.000 r  adc_clk_i[1] (IN)
                         net (fo=0)                   0.000     0.000    adc_clk_i[1]
    U18                  IBUFDS (Prop_ibufds_I_O)     0.401     0.401 r  i_clk/O
                         net (fo=1, routed)           0.440     0.842    pll/adc_clk_in
    PLLE2_ADV_X0Y0       PLLE2_ADV (Prop_plle2_adv_CLKIN1_CLKOUT0)
                                                      0.051     0.893 r  pll/pll/CLKOUT0
                         net (fo=1, routed)           0.497     1.390    pll_adc_clk
    BUFGCTRL_X0Y0        BUFG (Prop_bufg_I_O)         0.026     1.416 r  bufg_adc_clk/O
                         net (fo=9660, routed)        0.555     1.970    i_scope/genblk1[0].i_bram_sm/adc_clk
    SLICE_X21Y16         FDRE                                         r  i_scope/genblk1[0].i_bram_sm/adc_dly_do_reg/C
  -------------------------------------------------------------------    -------------------
    SLICE_X21Y16         FDRE (Prop_fdre_C_Q)         0.141     2.111 f  i_scope/genblk1[0].i_bram_sm/adc_dly_do_reg/Q
                         net (fo=9, routed)           0.251     2.362    i_scope/genblk1[0].i_bram_sm/genblk1[0].adc_dly_do
    SLICE_X24Y11         LUT6 (Prop_lut6_I1_O)        0.045     2.407 r  i_scope/genblk1[0].i_bram_sm/adc_dly_end_i_1/O
                         net (fo=1, routed)           0.000     2.407    i_scope/genblk1[0].i_bram_sm/adc_dly_end_i_1_n_0
    SLICE_X24Y11         FDRE                                         r  i_scope/genblk1[0].i_bram_sm/adc_dly_end_reg/D
  -------------------------------------------------------------------    -------------------

                         (clock pll_adc_clk rise edge)
                                                      0.000     0.000 r  
    U18                                               0.000     0.000 r  adc_clk_i[1] (IN)
                         net (fo=0)                   0.000     0.000    adc_clk_i[1]
    U18                  IBUFDS (Prop_ibufds_I_O)     0.433     0.433 r  i_clk/O
                         net (fo=1, routed)           0.481     0.914    pll/adc_clk_in
    PLLE2_ADV_X0Y0       PLLE2_ADV (Prop_plle2_adv_CLKIN1_CLKOUT0)
                                                      0.054     0.968 r  pll/pll/CLKOUT0
                         net (fo=1, routed)           0.544     1.512    pll_adc_clk
    BUFGCTRL_X0Y0        BUFG (Prop_bufg_I_O)         0.029     1.541 r  bufg_adc_clk/O
                         net (fo=9660, routed)        0.826     2.367    i_scope/genblk1[0].i_bram_sm/adc_clk
    SLICE_X24Y11         FDRE                                         r  i_scope/genblk1[0].i_bram_sm/adc_dly_end_reg/C
                         clock pessimism             -0.130     2.237    
    SLICE_X24Y11         FDRE (Hold_fdre_C_D)         0.120     2.357    i_scope/genblk1[0].i_bram_sm/adc_dly_end_reg
  -------------------------------------------------------------------
                         required time                         -2.357    
                         arrival time                           2.407    
  -------------------------------------------------------------------
                         slack                                  0.051    

Slack (MET) :             0.053ns  (arrival time - required time)
  Source:                 i_asg/chB/i_rand/lfsrs[8].lfsr_reg_reg[23]/C
                            (rising edge-triggered cell FDRE clocked by pll_adc_clk  {rise@0.000ns fall@4.069ns period=8.138ns})
  Destination:            i_asg/chB/i_rand/lfsrs[8].lfsr_reg_reg[24]/D
                            (rising edge-triggered cell FDRE clocked by pll_adc_clk  {rise@0.000ns fall@4.069ns period=8.138ns})
  Path Group:             pll_adc_clk
  Path Type:              Hold (Min at Fast Process Corner)
  Requirement:            0.000ns  (pll_adc_clk rise@0.000ns - pll_adc_clk rise@0.000ns)
  Data Path Delay:        0.409ns  (logic 0.186ns (45.430%)  route 0.223ns (54.570%))
  Logic Levels:           1  (LUT3=1)
  Clock Path Skew:        0.264ns (DCD - SCD - CPR)
    Destination Clock Delay (DCD):    2.364ns
    Source Clock Delay      (SCD):    1.969ns
    Clock Pessimism Removal (CPR):    0.130ns

    Location             Delay type                Incr(ns)  Path(ns)    Netlist Resource(s)
  -------------------------------------------------------------------    -------------------
                         (clock pll_adc_clk rise edge)
                                                      0.000     0.000 r  
    U18                                               0.000     0.000 r  adc_clk_i[1] (IN)
                         net (fo=0)                   0.000     0.000    adc_clk_i[1]
    U18                  IBUFDS (Prop_ibufds_I_O)     0.401     0.401 r  i_clk/O
                         net (fo=1, routed)           0.440     0.842    pll/adc_clk_in
    PLLE2_ADV_X0Y0       PLLE2_ADV (Prop_plle2_adv_CLKIN1_CLKOUT0)
                                                      0.051     0.893 r  pll/pll/CLKOUT0
                         net (fo=1, routed)           0.497     1.390    pll_adc_clk
    BUFGCTRL_X0Y0        BUFG (Prop_bufg_I_O)         0.026     1.416 r  bufg_adc_clk/O
                         net (fo=9660, routed)        0.554     1.969    i_asg/chB/i_rand/adc_clk
    SLICE_X23Y65         FDRE                                         r  i_asg/chB/i_rand/lfsrs[8].lfsr_reg_reg[23]/C
  -------------------------------------------------------------------    -------------------
    SLICE_X23Y65         FDRE (Prop_fdre_C_Q)         0.141     2.110 r  i_asg/chB/i_rand/lfsrs[8].lfsr_reg_reg[23]/Q
                         net (fo=1, routed)           0.223     2.334    i_asg/chB/i_rand/lfsrs[8].lfsr_reg[23]
    SLICE_X21Y65         LUT3 (Prop_lut3_I0_O)        0.045     2.379 r  i_asg/chB/i_rand/lfsrs[8].lfsr_reg[24]_i_1__0/O
                         net (fo=1, routed)           0.000     2.379    i_asg/chB/i_rand/lfsrs[8].lfsr_reg[24]_i_1__0_n_0
    SLICE_X21Y65         FDRE                                         r  i_asg/chB/i_rand/lfsrs[8].lfsr_reg_reg[24]/D
  -------------------------------------------------------------------    -------------------

                         (clock pll_adc_clk rise edge)
                                                      0.000     0.000 r  
    U18                                               0.000     0.000 r  adc_clk_i[1] (IN)
                         net (fo=0)                   0.000     0.000    adc_clk_i[1]
    U18                  IBUFDS (Prop_ibufds_I_O)     0.433     0.433 r  i_clk/O
                         net (fo=1, routed)           0.481     0.914    pll/adc_clk_in
    PLLE2_ADV_X0Y0       PLLE2_ADV (Prop_plle2_adv_CLKIN1_CLKOUT0)
                                                      0.054     0.968 r  pll/pll/CLKOUT0
                         net (fo=1, routed)           0.544     1.512    pll_adc_clk
    BUFGCTRL_X0Y0        BUFG (Prop_bufg_I_O)         0.029     1.541 r  bufg_adc_clk/O
                         net (fo=9660, routed)        0.823     2.364    i_asg/chB/i_rand/adc_clk
    SLICE_X21Y65         FDRE                                         r  i_asg/chB/i_rand/lfsrs[8].lfsr_reg_reg[24]/C
                         clock pessimism             -0.130     2.234    
    SLICE_X21Y65         FDRE (Hold_fdre_C_D)         0.092     2.326    i_asg/chB/i_rand/lfsrs[8].lfsr_reg_reg[24]
  -------------------------------------------------------------------
                         required time                         -2.326    
                         arrival time                           2.379    
  -------------------------------------------------------------------
                         slack                                  0.053    

Slack (MET) :             0.053ns  (arrival time - required time)
  Source:                 i_asg/chB/inst_axi_dac/dac_pnt_reg[31]/C
                            (rising edge-triggered cell FDRE clocked by pll_adc_clk  {rise@0.000ns fall@4.069ns period=8.138ns})
  Destination:            i_asg/chB/inst_axi_dac/inst_sync_fifo/U0/inst_fifo_gen/gconvfifo.rf/grf.rf/gntv_or_sync_fifo.mem/gbm.gbmg.gbmga.ngecc.bmg/inst_blk_mem_gen/gnbram.gnativebmg.native_blk_mem_gen/valid.cstr/ramloop[0].ram.r/prim_noinit.ram/DEVICE_7SERIES.NO_BMM_INFO.SDP.WIDE_PRIM36_NO_ECC.ram/DIADI[28]
                            (rising edge-triggered cell RAMB36E1 clocked by pll_adc_clk  {rise@0.000ns fall@4.069ns period=8.138ns})
  Path Group:             pll_adc_clk
  Path Type:              Hold (Min at Fast Process Corner)
  Requirement:            0.000ns  (pll_adc_clk rise@0.000ns - pll_adc_clk rise@0.000ns)
  Data Path Delay:        0.406ns  (logic 0.141ns (34.753%)  route 0.265ns (65.247%))
  Logic Levels:           0  
  Clock Path Skew:        0.056ns (DCD - SCD - CPR)
    Destination Clock Delay (DCD):    2.416ns
    Source Clock Delay      (SCD):    1.982ns
    Clock Pessimism Removal (CPR):    0.378ns

    Location             Delay type                Incr(ns)  Path(ns)    Netlist Resource(s)
  -------------------------------------------------------------------    -------------------
                         (clock pll_adc_clk rise edge)
                                                      0.000     0.000 r  
    U18                                               0.000     0.000 r  adc_clk_i[1] (IN)
                         net (fo=0)                   0.000     0.000    adc_clk_i[1]
    U18                  IBUFDS (Prop_ibufds_I_O)     0.401     0.401 r  i_clk/O
                         net (fo=1, routed)           0.440     0.842    pll/adc_clk_in
    PLLE2_ADV_X0Y0       PLLE2_ADV (Prop_plle2_adv_CLKIN1_CLKOUT0)
                                                      0.051     0.893 r  pll/pll/CLKOUT0
                         net (fo=1, routed)           0.497     1.390    pll_adc_clk
    BUFGCTRL_X0Y0        BUFG (Prop_bufg_I_O)         0.026     1.416 r  bufg_adc_clk/O
                         net (fo=9660, routed)        0.567     1.982    i_asg/chB/inst_axi_dac/adc_clk
    SLICE_X7Y47          FDRE                                         r  i_asg/chB/inst_axi_dac/dac_pnt_reg[31]/C
  -------------------------------------------------------------------    -------------------
    SLICE_X7Y47          FDRE (Prop_fdre_C_Q)         0.141     2.123 r  i_asg/chB/inst_axi_dac/dac_pnt_reg[31]/Q
                         net (fo=2, routed)           0.265     2.388    i_asg/chB/inst_axi_dac/inst_sync_fifo/U0/inst_fifo_gen/gconvfifo.rf/grf.rf/gntv_or_sync_fifo.mem/gbm.gbmg.gbmga.ngecc.bmg/inst_blk_mem_gen/gnbram.gnativebmg.native_blk_mem_gen/valid.cstr/ramloop[0].ram.r/prim_noinit.ram/dina[31]
    RAMB36_X0Y8          RAMB36E1                                     r  i_asg/chB/inst_axi_dac/inst_sync_fifo/U0/inst_fifo_gen/gconvfifo.rf/grf.rf/gntv_or_sync_fifo.mem/gbm.gbmg.gbmga.ngecc.bmg/inst_blk_mem_gen/gnbram.gnativebmg.native_blk_mem_gen/valid.cstr/ramloop[0].ram.r/prim_noinit.ram/DEVICE_7SERIES.NO_BMM_INFO.SDP.WIDE_PRIM36_NO_ECC.ram/DIADI[28]
  -------------------------------------------------------------------    -------------------

                         (clock pll_adc_clk rise edge)
                                                      0.000     0.000 r  
    U18                                               0.000     0.000 r  adc_clk_i[1] (IN)
                         net (fo=0)                   0.000     0.000    adc_clk_i[1]
    U18                  IBUFDS (Prop_ibufds_I_O)     0.433     0.433 r  i_clk/O
                         net (fo=1, routed)           0.481     0.914    pll/adc_clk_in
    PLLE2_ADV_X0Y0       PLLE2_ADV (Prop_plle2_adv_CLKIN1_CLKOUT0)
                                                      0.054     0.968 r  pll/pll/CLKOUT0
                         net (fo=1, routed)           0.544     1.512    pll_adc_clk
    BUFGCTRL_X0Y0        BUFG (Prop_bufg_I_O)         0.029     1.541 r  bufg_adc_clk/O
                         net (fo=9660, routed)        0.875     2.416    i_asg/chB/inst_axi_dac/inst_sync_fifo/U0/inst_fifo_gen/gconvfifo.rf/grf.rf/gntv_or_sync_fifo.mem/gbm.gbmg.gbmga.ngecc.bmg/inst_blk_mem_gen/gnbram.gnativebmg.native_blk_mem_gen/valid.cstr/ramloop[0].ram.r/prim_noinit.ram/clka
    RAMB36_X0Y8          RAMB36E1                                     r  i_asg/chB/inst_axi_dac/inst_sync_fifo/U0/inst_fifo_gen/gconvfifo.rf/grf.rf/gntv_or_sync_fifo.mem/gbm.gbmg.gbmga.ngecc.bmg/inst_blk_mem_gen/gnbram.gnativebmg.native_blk_mem_gen/valid.cstr/ramloop[0].ram.r/prim_noinit.ram/DEVICE_7SERIES.NO_BMM_INFO.SDP.WIDE_PRIM36_NO_ECC.ram/CLKBWRCLK
                         clock pessimism             -0.378     2.039    
    RAMB36_X0Y8          RAMB36E1 (Hold_ramb36e1_CLKBWRCLK_DIADI[28])
                                                      0.296     2.335    i_asg/chB/inst_axi_dac/inst_sync_fifo/U0/inst_fifo_gen/gconvfifo.rf/grf.rf/gntv_or_sync_fifo.mem/gbm.gbmg.gbmga.ngecc.bmg/inst_blk_mem_gen/gnbram.gnativebmg.native_blk_mem_gen/valid.cstr/ramloop[0].ram.r/prim_noinit.ram/DEVICE_7SERIES.NO_BMM_INFO.SDP.WIDE_PRIM36_NO_ECC.ram
  -------------------------------------------------------------------
                         required time                         -2.335    
                         arrival time                           2.388    
  -------------------------------------------------------------------
                         slack                                  0.053    

Slack (MET) :             0.056ns  (arrival time - required time)
  Source:                 i_scope/genblk1[0].i_axi_sm/axi_fifo_o_reg[40]/C
                            (rising edge-triggered cell FDRE clocked by pll_adc_clk  {rise@0.000ns fall@4.069ns period=8.138ns})
  Destination:            i_scope/genblk1[0].i_axi_sm/i_wr0/fifo_reg_0/DIBDI[8]
                            (rising edge-triggered cell RAMB36E1 clocked by pll_adc_clk  {rise@0.000ns fall@4.069ns period=8.138ns})
  Path Group:             pll_adc_clk
  Path Type:              Hold (Min at Fast Process Corner)
  Requirement:            0.000ns  (pll_adc_clk rise@0.000ns - pll_adc_clk rise@0.000ns)
  Data Path Delay:        0.270ns  (logic 0.164ns (60.728%)  route 0.106ns (39.272%))
  Logic Levels:           0  
  Clock Path Skew:        0.059ns (DCD - SCD - CPR)
    Destination Clock Delay (DCD):    2.417ns
    Source Clock Delay      (SCD):    1.980ns
    Clock Pessimism Removal (CPR):    0.378ns

    Location             Delay type                Incr(ns)  Path(ns)    Netlist Resource(s)
  -------------------------------------------------------------------    -------------------
                         (clock pll_adc_clk rise edge)
                                                      0.000     0.000 r  
    U18                                               0.000     0.000 r  adc_clk_i[1] (IN)
                         net (fo=0)                   0.000     0.000    adc_clk_i[1]
    U18                  IBUFDS (Prop_ibufds_I_O)     0.401     0.401 r  i_clk/O
                         net (fo=1, routed)           0.440     0.842    pll/adc_clk_in
    PLLE2_ADV_X0Y0       PLLE2_ADV (Prop_plle2_adv_CLKIN1_CLKOUT0)
                                                      0.051     0.893 r  pll/pll/CLKOUT0
                         net (fo=1, routed)           0.497     1.390    pll_adc_clk
    BUFGCTRL_X0Y0        BUFG (Prop_bufg_I_O)         0.026     1.416 r  bufg_adc_clk/O
                         net (fo=9660, routed)        0.565     1.980    i_scope/genblk1[0].i_axi_sm/adc_clk
    SLICE_X6Y7           FDRE                                         r  i_scope/genblk1[0].i_axi_sm/axi_fifo_o_reg[40]/C
  -------------------------------------------------------------------    -------------------
    SLICE_X6Y7           FDRE (Prop_fdre_C_Q)         0.164     2.144 r  i_scope/genblk1[0].i_axi_sm/axi_fifo_o_reg[40]/Q
                         net (fo=1, routed)           0.106     2.250    i_scope/genblk1[0].i_axi_sm/i_wr0/Q[40]
    RAMB36_X0Y1          RAMB36E1                                     r  i_scope/genblk1[0].i_axi_sm/i_wr0/fifo_reg_0/DIBDI[8]
  -------------------------------------------------------------------    -------------------

                         (clock pll_adc_clk rise edge)
                                                      0.000     0.000 r  
    U18                                               0.000     0.000 r  adc_clk_i[1] (IN)
                         net (fo=0)                   0.000     0.000    adc_clk_i[1]
    U18                  IBUFDS (Prop_ibufds_I_O)     0.433     0.433 r  i_clk/O
                         net (fo=1, routed)           0.481     0.914    pll/adc_clk_in
    PLLE2_ADV_X0Y0       PLLE2_ADV (Prop_plle2_adv_CLKIN1_CLKOUT0)
                                                      0.054     0.968 r  pll/pll/CLKOUT0
                         net (fo=1, routed)           0.544     1.512    pll_adc_clk
    BUFGCTRL_X0Y0        BUFG (Prop_bufg_I_O)         0.029     1.541 r  bufg_adc_clk/O
                         net (fo=9660, routed)        0.876     2.417    i_scope/genblk1[0].i_axi_sm/i_wr0/adc_clk
    RAMB36_X0Y1          RAMB36E1                                     r  i_scope/genblk1[0].i_axi_sm/i_wr0/fifo_reg_0/CLKBWRCLK
                         clock pessimism             -0.378     2.040    
    RAMB36_X0Y1          RAMB36E1 (Hold_ramb36e1_CLKBWRCLK_DIBDI[8])
                                                      0.155     2.195    i_scope/genblk1[0].i_axi_sm/i_wr0/fifo_reg_0
  -------------------------------------------------------------------
                         required time                         -2.195    
                         arrival time                           2.250    
  -------------------------------------------------------------------
                         slack                                  0.056    

Slack (MET) :             0.056ns  (arrival time - required time)
  Source:                 i_asg/chA/inst_axi_dac/err_cnt_reg[18]/C
                            (rising edge-triggered cell FDRE clocked by pll_adc_clk  {rise@0.000ns fall@4.069ns period=8.138ns})
  Destination:            i_asg/chA/inst_axi_dac/err_cnt_o_reg[18]/D
                            (rising edge-triggered cell FDRE clocked by pll_adc_clk  {rise@0.000ns fall@4.069ns period=8.138ns})
  Path Group:             pll_adc_clk
  Path Type:              Hold (Min at Fast Process Corner)
  Requirement:            0.000ns  (pll_adc_clk rise@0.000ns - pll_adc_clk rise@0.000ns)
  Data Path Delay:        0.390ns  (logic 0.164ns (42.093%)  route 0.226ns (57.907%))
  Logic Levels:           0  
  Clock Path Skew:        0.263ns (DCD - SCD - CPR)
    Destination Clock Delay (DCD):    2.367ns
    Source Clock Delay      (SCD):    1.973ns
    Clock Pessimism Removal (CPR):    0.130ns

    Location             Delay type                Incr(ns)  Path(ns)    Netlist Resource(s)
  -------------------------------------------------------------------    -------------------
                         (clock pll_adc_clk rise edge)
                                                      0.000     0.000 r  
    U18                                               0.000     0.000 r  adc_clk_i[1] (IN)
                         net (fo=0)                   0.000     0.000    adc_clk_i[1]
    U18                  IBUFDS (Prop_ibufds_I_O)     0.401     0.401 r  i_clk/O
                         net (fo=1, routed)           0.440     0.842    pll/adc_clk_in
    PLLE2_ADV_X0Y0       PLLE2_ADV (Prop_plle2_adv_CLKIN1_CLKOUT0)
                                                      0.051     0.893 r  pll/pll/CLKOUT0
                         net (fo=1, routed)           0.497     1.390    pll_adc_clk
    BUFGCTRL_X0Y0        BUFG (Prop_bufg_I_O)         0.026     1.416 r  bufg_adc_clk/O
                         net (fo=9660, routed)        0.558     1.973    i_asg/chA/inst_axi_dac/adc_clk
    SLICE_X20Y56         FDRE                                         r  i_asg/chA/inst_axi_dac/err_cnt_reg[18]/C
  -------------------------------------------------------------------    -------------------
    SLICE_X20Y56         FDRE (Prop_fdre_C_Q)         0.164     2.137 r  i_asg/chA/inst_axi_dac/err_cnt_reg[18]/Q
                         net (fo=2, routed)           0.226     2.363    i_asg/chA/inst_axi_dac/err_cnt_reg[18]
    SLICE_X22Y58         FDRE                                         r  i_asg/chA/inst_axi_dac/err_cnt_o_reg[18]/D
  -------------------------------------------------------------------    -------------------

                         (clock pll_adc_clk rise edge)
                                                      0.000     0.000 r  
    U18                                               0.000     0.000 r  adc_clk_i[1] (IN)
                         net (fo=0)                   0.000     0.000    adc_clk_i[1]
    U18                  IBUFDS (Prop_ibufds_I_O)     0.433     0.433 r  i_clk/O
                         net (fo=1, routed)           0.481     0.914    pll/adc_clk_in
    PLLE2_ADV_X0Y0       PLLE2_ADV (Prop_plle2_adv_CLKIN1_CLKOUT0)
                                                      0.054     0.968 r  pll/pll/CLKOUT0
                         net (fo=1, routed)           0.544     1.512    pll_adc_clk
    BUFGCTRL_X0Y0        BUFG (Prop_bufg_I_O)         0.029     1.541 r  bufg_adc_clk/O
                         net (fo=9660, routed)        0.826     2.367    i_asg/chA/inst_axi_dac/adc_clk
    SLICE_X22Y58         FDRE                                         r  i_asg/chA/inst_axi_dac/err_cnt_o_reg[18]/C
                         clock pessimism             -0.130     2.237    
    SLICE_X22Y58         FDRE (Hold_fdre_C_D)         0.070     2.307    i_asg/chA/inst_axi_dac/err_cnt_o_reg[18]
  -------------------------------------------------------------------
                         required time                         -2.307    
                         arrival time                           2.363    
  -------------------------------------------------------------------
                         slack                                  0.056    

Slack (MET) :             0.056ns  (arrival time - required time)
  Source:                 i_scope/genblk1[0].i_axi_sm/axi_fifo_o_reg[57]/C
                            (rising edge-triggered cell FDRE clocked by pll_adc_clk  {rise@0.000ns fall@4.069ns period=8.138ns})
  Destination:            i_scope/genblk1[0].i_axi_sm/i_wr0/fifo_reg_0/DIBDI[25]
                            (rising edge-triggered cell RAMB36E1 clocked by pll_adc_clk  {rise@0.000ns fall@4.069ns period=8.138ns})
  Path Group:             pll_adc_clk
  Path Type:              Hold (Min at Fast Process Corner)
  Requirement:            0.000ns  (pll_adc_clk rise@0.000ns - pll_adc_clk rise@0.000ns)
  Data Path Delay:        0.271ns  (logic 0.164ns (60.558%)  route 0.107ns (39.442%))
  Logic Levels:           0  
  Clock Path Skew:        0.059ns (DCD - SCD - CPR)
    Destination Clock Delay (DCD):    2.417ns
    Source Clock Delay      (SCD):    1.980ns
    Clock Pessimism Removal (CPR):    0.378ns

    Location             Delay type                Incr(ns)  Path(ns)    Netlist Resource(s)
  -------------------------------------------------------------------    -------------------
                         (clock pll_adc_clk rise edge)
                                                      0.000     0.000 r  
    U18                                               0.000     0.000 r  adc_clk_i[1] (IN)
                         net (fo=0)                   0.000     0.000    adc_clk_i[1]
    U18                  IBUFDS (Prop_ibufds_I_O)     0.401     0.401 r  i_clk/O
                         net (fo=1, routed)           0.440     0.842    pll/adc_clk_in
    PLLE2_ADV_X0Y0       PLLE2_ADV (Prop_plle2_adv_CLKIN1_CLKOUT0)
                                                      0.051     0.893 r  pll/pll/CLKOUT0
                         net (fo=1, routed)           0.497     1.390    pll_adc_clk
    BUFGCTRL_X0Y0        BUFG (Prop_bufg_I_O)         0.026     1.416 r  bufg_adc_clk/O
                         net (fo=9660, routed)        0.565     1.980    i_scope/genblk1[0].i_axi_sm/adc_clk
    SLICE_X6Y9           FDRE                                         r  i_scope/genblk1[0].i_axi_sm/axi_fifo_o_reg[57]/C
  -------------------------------------------------------------------    -------------------
    SLICE_X6Y9           FDRE (Prop_fdre_C_Q)         0.164     2.144 r  i_scope/genblk1[0].i_axi_sm/axi_fifo_o_reg[57]/Q
                         net (fo=1, routed)           0.107     2.251    i_scope/genblk1[0].i_axi_sm/i_wr0/Q[57]
    RAMB36_X0Y1          RAMB36E1                                     r  i_scope/genblk1[0].i_axi_sm/i_wr0/fifo_reg_0/DIBDI[25]
  -------------------------------------------------------------------    -------------------

                         (clock pll_adc_clk rise edge)
                                                      0.000     0.000 r  
    U18                                               0.000     0.000 r  adc_clk_i[1] (IN)
                         net (fo=0)                   0.000     0.000    adc_clk_i[1]
    U18                  IBUFDS (Prop_ibufds_I_O)     0.433     0.433 r  i_clk/O
                         net (fo=1, routed)           0.481     0.914    pll/adc_clk_in
    PLLE2_ADV_X0Y0       PLLE2_ADV (Prop_plle2_adv_CLKIN1_CLKOUT0)
                                                      0.054     0.968 r  pll/pll/CLKOUT0
                         net (fo=1, routed)           0.544     1.512    pll_adc_clk
    BUFGCTRL_X0Y0        BUFG (Prop_bufg_I_O)         0.029     1.541 r  bufg_adc_clk/O
                         net (fo=9660, routed)        0.876     2.417    i_scope/genblk1[0].i_axi_sm/i_wr0/adc_clk
    RAMB36_X0Y1          RAMB36E1                                     r  i_scope/genblk1[0].i_axi_sm/i_wr0/fifo_reg_0/CLKBWRCLK
                         clock pessimism             -0.378     2.040    
    RAMB36_X0Y1          RAMB36E1 (Hold_ramb36e1_CLKBWRCLK_DIBDI[25])
                                                      0.155     2.195    i_scope/genblk1[0].i_axi_sm/i_wr0/fifo_reg_0
  -------------------------------------------------------------------
                         required time                         -2.195    
                         arrival time                           2.251    
  -------------------------------------------------------------------
                         slack                                  0.056    

Slack (MET) :             0.057ns  (arrival time - required time)
  Source:                 sys_bus_interconnect/for_bus[2].inst_sys_bus_cdc/bus_m\\.wdata_reg[9]/C
                            (rising edge-triggered cell FDRE clocked by pll_adc_clk  {rise@0.000ns fall@4.069ns period=8.138ns})
  Destination:            i_asg/set_a_axi_start_reg[9]/D
                            (rising edge-triggered cell FDRE clocked by pll_adc_clk  {rise@0.000ns fall@4.069ns period=8.138ns})
  Path Group:             pll_adc_clk
  Path Type:              Hold (Min at Fast Process Corner)
  Requirement:            0.000ns  (pll_adc_clk rise@0.000ns - pll_adc_clk rise@0.000ns)
  Data Path Delay:        0.386ns  (logic 0.141ns (36.497%)  route 0.245ns (63.503%))
  Logic Levels:           0  
  Clock Path Skew:        0.265ns (DCD - SCD - CPR)
    Destination Clock Delay (DCD):    2.371ns
    Source Clock Delay      (SCD):    1.975ns
    Clock Pessimism Removal (CPR):    0.130ns

    Location             Delay type                Incr(ns)  Path(ns)    Netlist Resource(s)
  -------------------------------------------------------------------    -------------------
                         (clock pll_adc_clk rise edge)
                                                      0.000     0.000 r  
    U18                                               0.000     0.000 r  adc_clk_i[1] (IN)
                         net (fo=0)                   0.000     0.000    adc_clk_i[1]
    U18                  IBUFDS (Prop_ibufds_I_O)     0.401     0.401 r  i_clk/O
                         net (fo=1, routed)           0.440     0.842    pll/adc_clk_in
    PLLE2_ADV_X0Y0       PLLE2_ADV (Prop_plle2_adv_CLKIN1_CLKOUT0)
                                                      0.051     0.893 r  pll/pll/CLKOUT0
                         net (fo=1, routed)           0.497     1.390    pll_adc_clk
    BUFGCTRL_X0Y0        BUFG (Prop_bufg_I_O)         0.026     1.416 r  bufg_adc_clk/O
                         net (fo=9660, routed)        0.560     1.975    sys_bus_interconnect/for_bus[2].inst_sys_bus_cdc/adc_clk
    SLICE_X25Y43         FDRE                                         r  sys_bus_interconnect/for_bus[2].inst_sys_bus_cdc/bus_m\\.wdata_reg[9]/C
  -------------------------------------------------------------------    -------------------
    SLICE_X25Y43         FDRE (Prop_fdre_C_Q)         0.141     2.116 r  sys_bus_interconnect/for_bus[2].inst_sys_bus_cdc/bus_m\\.wdata_reg[9]/Q
                         net (fo=33, routed)          0.245     2.362    i_asg/Q[9]
    SLICE_X20Y44         FDRE                                         r  i_asg/set_a_axi_start_reg[9]/D
  -------------------------------------------------------------------    -------------------

                         (clock pll_adc_clk rise edge)
                                                      0.000     0.000 r  
    U18                                               0.000     0.000 r  adc_clk_i[1] (IN)
                         net (fo=0)                   0.000     0.000    adc_clk_i[1]
    U18                  IBUFDS (Prop_ibufds_I_O)     0.433     0.433 r  i_clk/O
                         net (fo=1, routed)           0.481     0.914    pll/adc_clk_in
    PLLE2_ADV_X0Y0       PLLE2_ADV (Prop_plle2_adv_CLKIN1_CLKOUT0)
                                                      0.054     0.968 r  pll/pll/CLKOUT0
                         net (fo=1, routed)           0.544     1.512    pll_adc_clk
    BUFGCTRL_X0Y0        BUFG (Prop_bufg_I_O)         0.029     1.541 r  bufg_adc_clk/O
                         net (fo=9660, routed)        0.830     2.371    i_asg/adc_clk
    SLICE_X20Y44         FDRE                                         r  i_asg/set_a_axi_start_reg[9]/C
                         clock pessimism             -0.130     2.241    
    SLICE_X20Y44         FDRE (Hold_fdre_C_D)         0.064     2.305    i_asg/set_a_axi_start_reg[9]
  -------------------------------------------------------------------
                         required time                         -2.305    
                         arrival time                           2.362    
  -------------------------------------------------------------------
                         slack                                  0.057    

Slack (MET) :             0.058ns  (arrival time - required time)
  Source:                 i_scope/genblk1[1].i_axi_sm/axi_fifo_o_reg[3]/C
                            (rising edge-triggered cell FDRE clocked by pll_adc_clk  {rise@0.000ns fall@4.069ns period=8.138ns})
  Destination:            i_scope/genblk1[1].i_axi_sm/i_wr0/fifo_reg_0/DIADI[3]
                            (rising edge-triggered cell RAMB36E1 clocked by pll_adc_clk  {rise@0.000ns fall@4.069ns period=8.138ns})
  Path Group:             pll_adc_clk
  Path Type:              Hold (Min at Fast Process Corner)
  Requirement:            0.000ns  (pll_adc_clk rise@0.000ns - pll_adc_clk rise@0.000ns)
  Data Path Delay:        0.289ns  (logic 0.164ns (56.737%)  route 0.125ns (43.263%))
  Logic Levels:           0  
  Clock Path Skew:        0.076ns (DCD - SCD - CPR)
    Destination Clock Delay (DCD):    2.410ns
    Source Clock Delay      (SCD):    1.975ns
    Clock Pessimism Removal (CPR):    0.359ns

    Location             Delay type                Incr(ns)  Path(ns)    Netlist Resource(s)
  -------------------------------------------------------------------    -------------------
                         (clock pll_adc_clk rise edge)
                                                      0.000     0.000 r  
    U18                                               0.000     0.000 r  adc_clk_i[1] (IN)
                         net (fo=0)                   0.000     0.000    adc_clk_i[1]
    U18                  IBUFDS (Prop_ibufds_I_O)     0.401     0.401 r  i_clk/O
                         net (fo=1, routed)           0.440     0.842    pll/adc_clk_in
    PLLE2_ADV_X0Y0       PLLE2_ADV (Prop_plle2_adv_CLKIN1_CLKOUT0)
                                                      0.051     0.893 r  pll/pll/CLKOUT0
                         net (fo=1, routed)           0.497     1.390    pll_adc_clk
    BUFGCTRL_X0Y0        BUFG (Prop_bufg_I_O)         0.026     1.416 r  bufg_adc_clk/O
                         net (fo=9660, routed)        0.560     1.975    i_scope/genblk1[1].i_axi_sm/adc_clk
    SLICE_X8Y17          FDRE                                         r  i_scope/genblk1[1].i_axi_sm/axi_fifo_o_reg[3]/C
  -------------------------------------------------------------------    -------------------
    SLICE_X8Y17          FDRE (Prop_fdre_C_Q)         0.164     2.139 r  i_scope/genblk1[1].i_axi_sm/axi_fifo_o_reg[3]/Q
                         net (fo=1, routed)           0.125     2.264    i_scope/genblk1[1].i_axi_sm/i_wr0/Q[3]
    RAMB36_X0Y3          RAMB36E1                                     r  i_scope/genblk1[1].i_axi_sm/i_wr0/fifo_reg_0/DIADI[3]
  -------------------------------------------------------------------    -------------------

                         (clock pll_adc_clk rise edge)
                                                      0.000     0.000 r  
    U18                                               0.000     0.000 r  adc_clk_i[1] (IN)
                         net (fo=0)                   0.000     0.000    adc_clk_i[1]
    U18                  IBUFDS (Prop_ibufds_I_O)     0.433     0.433 r  i_clk/O
                         net (fo=1, routed)           0.481     0.914    pll/adc_clk_in
    PLLE2_ADV_X0Y0       PLLE2_ADV (Prop_plle2_adv_CLKIN1_CLKOUT0)
                                                      0.054     0.968 r  pll/pll/CLKOUT0
                         net (fo=1, routed)           0.544     1.512    pll_adc_clk
    BUFGCTRL_X0Y0        BUFG (Prop_bufg_I_O)         0.029     1.541 r  bufg_adc_clk/O
                         net (fo=9660, routed)        0.869     2.410    i_scope/genblk1[1].i_axi_sm/i_wr0/adc_clk
    RAMB36_X0Y3          RAMB36E1                                     r  i_scope/genblk1[1].i_axi_sm/i_wr0/fifo_reg_0/CLKBWRCLK
                         clock pessimism             -0.359     2.052    
    RAMB36_X0Y3          RAMB36E1 (Hold_ramb36e1_CLKBWRCLK_DIADI[3])
                                                      0.155     2.207    i_scope/genblk1[1].i_axi_sm/i_wr0/fifo_reg_0
  -------------------------------------------------------------------
                         required time                         -2.207    
                         arrival time                           2.264    
  -------------------------------------------------------------------
                         slack                                  0.058    

Slack (MET) :             0.059ns  (arrival time - required time)
  Source:                 i_scope/i_cfg/set_axi_stop_reg[7]/C
                            (rising edge-triggered cell FDRE clocked by pll_adc_clk  {rise@0.000ns fall@4.069ns period=8.138ns})
  Destination:            i_scope/genblk1[0].i_axi_sm/i_wr0/sys_stop_addr_r_reg[7]/D
                            (rising edge-triggered cell FDRE clocked by pll_adc_clk  {rise@0.000ns fall@4.069ns period=8.138ns})
  Path Group:             pll_adc_clk
  Path Type:              Hold (Min at Fast Process Corner)
  Requirement:            0.000ns  (pll_adc_clk rise@0.000ns - pll_adc_clk rise@0.000ns)
  Data Path Delay:        0.391ns  (logic 0.141ns (36.068%)  route 0.250ns (63.932%))
  Logic Levels:           0  
  Clock Path Skew:        0.266ns (DCD - SCD - CPR)
    Destination Clock Delay (DCD):    2.372ns
    Source Clock Delay      (SCD):    1.975ns
    Clock Pessimism Removal (CPR):    0.130ns

    Location             Delay type                Incr(ns)  Path(ns)    Netlist Resource(s)
  -------------------------------------------------------------------    -------------------
                         (clock pll_adc_clk rise edge)
                                                      0.000     0.000 r  
    U18                                               0.000     0.000 r  adc_clk_i[1] (IN)
                         net (fo=0)                   0.000     0.000    adc_clk_i[1]
    U18                  IBUFDS (Prop_ibufds_I_O)     0.401     0.401 r  i_clk/O
                         net (fo=1, routed)           0.440     0.842    pll/adc_clk_in
    PLLE2_ADV_X0Y0       PLLE2_ADV (Prop_plle2_adv_CLKIN1_CLKOUT0)
                                                      0.051     0.893 r  pll/pll/CLKOUT0
                         net (fo=1, routed)           0.497     1.390    pll_adc_clk
    BUFGCTRL_X0Y0        BUFG (Prop_bufg_I_O)         0.026     1.416 r  bufg_adc_clk/O
                         net (fo=9660, routed)        0.560     1.975    i_scope/i_cfg/adc_clk
    SLICE_X23Y5          FDRE                                         r  i_scope/i_cfg/set_axi_stop_reg[7]/C
  -------------------------------------------------------------------    -------------------
    SLICE_X23Y5          FDRE (Prop_fdre_C_Q)         0.141     2.116 r  i_scope/i_cfg/set_axi_stop_reg[7]/Q
                         net (fo=2, routed)           0.250     2.366    i_scope/genblk1[0].i_axi_sm/i_wr0/sys_stop_addr_r_reg[31]_0[7]
    SLICE_X14Y4          FDRE                                         r  i_scope/genblk1[0].i_axi_sm/i_wr0/sys_stop_addr_r_reg[7]/D
  -------------------------------------------------------------------    -------------------

                         (clock pll_adc_clk rise edge)
                                                      0.000     0.000 r  
    U18                                               0.000     0.000 r  adc_clk_i[1] (IN)
                         net (fo=0)                   0.000     0.000    adc_clk_i[1]
    U18                  IBUFDS (Prop_ibufds_I_O)     0.433     0.433 r  i_clk/O
                         net (fo=1, routed)           0.481     0.914    pll/adc_clk_in
    PLLE2_ADV_X0Y0       PLLE2_ADV (Prop_plle2_adv_CLKIN1_CLKOUT0)
                                                      0.054     0.968 r  pll/pll/CLKOUT0
                         net (fo=1, routed)           0.544     1.512    pll_adc_clk
    BUFGCTRL_X0Y0        BUFG (Prop_bufg_I_O)         0.029     1.541 r  bufg_adc_clk/O
                         net (fo=9660, routed)        0.831     2.372    i_scope/genblk1[0].i_axi_sm/i_wr0/adc_clk
    SLICE_X14Y4          FDRE                                         r  i_scope/genblk1[0].i_axi_sm/i_wr0/sys_stop_addr_r_reg[7]/C
                         clock pessimism             -0.130     2.242    
    SLICE_X14Y4          FDRE (Hold_fdre_C_D)         0.066     2.308    i_scope/genblk1[0].i_axi_sm/i_wr0/sys_stop_addr_r_reg[7]
  -------------------------------------------------------------------
                         required time                         -2.308    
                         arrival time                           2.366    
  -------------------------------------------------------------------
                         slack                                  0.059    

Slack (MET) :             0.060ns  (arrival time - required time)
  Source:                 sys_bus_interconnect/for_bus[1].inst_sys_bus_cdc/bus_m\\.wdata_reg[20]/C
                            (rising edge-triggered cell FDRE clocked by pll_adc_clk  {rise@0.000ns fall@4.069ns period=8.138ns})
  Destination:            i_scope/i_cfg/set_filt_bb_reg[20]/D
                            (rising edge-triggered cell FDRE clocked by pll_adc_clk  {rise@0.000ns fall@4.069ns period=8.138ns})
  Path Group:             pll_adc_clk
  Path Type:              Hold (Min at Fast Process Corner)
  Requirement:            0.000ns  (pll_adc_clk rise@0.000ns - pll_adc_clk rise@0.000ns)
  Data Path Delay:        0.385ns  (logic 0.141ns (36.653%)  route 0.244ns (63.347%))
  Logic Levels:           0  
  Clock Path Skew:        0.254ns (DCD - SCD - CPR)
    Destination Clock Delay (DCD):    2.354ns
    Source Clock Delay      (SCD):    1.969ns
    Clock Pessimism Removal (CPR):    0.130ns

    Location             Delay type                Incr(ns)  Path(ns)    Netlist Resource(s)
  -------------------------------------------------------------------    -------------------
                         (clock pll_adc_clk rise edge)
                                                      0.000     0.000 r  
    U18                                               0.000     0.000 r  adc_clk_i[1] (IN)
                         net (fo=0)                   0.000     0.000    adc_clk_i[1]
    U18                  IBUFDS (Prop_ibufds_I_O)     0.401     0.401 r  i_clk/O
                         net (fo=1, routed)           0.440     0.842    pll/adc_clk_in
    PLLE2_ADV_X0Y0       PLLE2_ADV (Prop_plle2_adv_CLKIN1_CLKOUT0)
                                                      0.051     0.893 r  pll/pll/CLKOUT0
                         net (fo=1, routed)           0.497     1.390    pll_adc_clk
    BUFGCTRL_X0Y0        BUFG (Prop_bufg_I_O)         0.026     1.416 r  bufg_adc_clk/O
                         net (fo=9660, routed)        0.554     1.969    sys_bus_interconnect/for_bus[1].inst_sys_bus_cdc/adc_clk
    SLICE_X21Y32         FDRE                                         r  sys_bus_interconnect/for_bus[1].inst_sys_bus_cdc/bus_m\\.wdata_reg[20]/C
  -------------------------------------------------------------------    -------------------
    SLICE_X21Y32         FDRE (Prop_fdre_C_Q)         0.141     2.110 r  sys_bus_interconnect/for_bus[1].inst_sys_bus_cdc/bus_m\\.wdata_reg[20]/Q
                         net (fo=18, routed)          0.244     2.354    i_scope/i_cfg/set_dly_reg[31]_0[20]
    SLICE_X22Y26         FDRE                                         r  i_scope/i_cfg/set_filt_bb_reg[20]/D
  -------------------------------------------------------------------    -------------------

                         (clock pll_adc_clk rise edge)
                                                      0.000     0.000 r  
    U18                                               0.000     0.000 r  adc_clk_i[1] (IN)
                         net (fo=0)                   0.000     0.000    adc_clk_i[1]
    U18                  IBUFDS (Prop_ibufds_I_O)     0.433     0.433 r  i_clk/O
                         net (fo=1, routed)           0.481     0.914    pll/adc_clk_in
    PLLE2_ADV_X0Y0       PLLE2_ADV (Prop_plle2_adv_CLKIN1_CLKOUT0)
                                                      0.054     0.968 r  pll/pll/CLKOUT0
                         net (fo=1, routed)           0.544     1.512    pll_adc_clk
    BUFGCTRL_X0Y0        BUFG (Prop_bufg_I_O)         0.029     1.541 r  bufg_adc_clk/O
                         net (fo=9660, routed)        0.813     2.354    i_scope/i_cfg/adc_clk
    SLICE_X22Y26         FDRE                                         r  i_scope/i_cfg/set_filt_bb_reg[20]/C
                         clock pessimism             -0.130     2.224    
    SLICE_X22Y26         FDRE (Hold_fdre_C_D)         0.070     2.294    i_scope/i_cfg/set_filt_bb_reg[20]
  -------------------------------------------------------------------
                         required time                         -2.294    
                         arrival time                           2.354    
  -------------------------------------------------------------------
                         slack                                  0.060    





Pulse Width Checks
--------------------------------------------------------------------------------------
Clock Name:         pll_adc_clk
Waveform(ns):       { 0.000 4.069 }
Period(ns):         8.138
Sources:            { pll/pll/CLKOUT0 }

Check Type        Corner  Lib Pin            Reference Pin  Required(ns)  Actual(ns)  Slack(ns)  Location        Pin
Min Period        n/a     DSP48E1/CLK        n/a            3.884         8.138       4.254      DSP48_X1Y7      i_scope/genblk1[0].i_calib_ch/gain_calc_r1__0/CLK
Min Period        n/a     DSP48E1/CLK        n/a            3.884         8.138       4.254      DSP48_X1Y1      i_scope/genblk1[0].i_dfilt1_ch/bb_mult/CLK
Min Period        n/a     DSP48E1/CLK        n/a            3.884         8.138       4.254      DSP48_X1Y9      i_scope/genblk1[1].i_calib_ch/gain_calc_r1__0/CLK
Min Period        n/a     DSP48E1/CLK        n/a            3.884         8.138       4.254      DSP48_X1Y10     i_scope/genblk1[1].i_dfilt1_ch/bb_mult/CLK
Min Period        n/a     DSP48E1/CLK        n/a            3.687         8.138       4.451      DSP48_X1Y20     i_asg/chA/dac_mult_reg/CLK
Min Period        n/a     DSP48E1/CLK        n/a            3.687         8.138       4.451      DSP48_X1Y22     i_asg/chB/dac_mult_reg/CLK
Min Period        n/a     DSP48E1/CLK        n/a            3.687         8.138       4.451      DSP48_X1Y5      i_scope/genblk1[0].i_dfilt1_ch/kk_mult_reg/CLK
Min Period        n/a     DSP48E1/CLK        n/a            3.687         8.138       4.451      DSP48_X1Y11     i_scope/genblk1[1].i_dfilt1_ch/kk_mult_reg/CLK
Min Period        n/a     DSP48E1/CLK        n/a            3.558         8.138       4.580      DSP48_X1Y34     i_pid/i_pid11/kd_mult/CLK
Min Period        n/a     DSP48E1/CLK        n/a            3.558         8.138       4.580      DSP48_X1Y35     i_pid/i_pid11/kp_mult/CLK
Max Period        n/a     PLLE2_ADV/CLKOUT0  n/a            160.000       8.138       151.862    PLLE2_ADV_X0Y0  pll/pll/CLKOUT0
Low Pulse Width   Slow    RAMD32/CLK         n/a            1.250         4.069       2.819      SLICE_X6Y2      ps/axi_master_0/axi_awfifo_reg_0_15_0_5/RAMA/CLK
Low Pulse Width   Fast    RAMD32/CLK         n/a            1.250         4.069       2.819      SLICE_X6Y2      ps/axi_master_0/axi_awfifo_reg_0_15_0_5/RAMA/CLK
Low Pulse Width   Slow    RAMD32/CLK         n/a            1.250         4.069       2.819      SLICE_X6Y2      ps/axi_master_0/axi_awfifo_reg_0_15_0_5/RAMA_D1/CLK
Low Pulse Width   Fast    RAMD32/CLK         n/a            1.250         4.069       2.819      SLICE_X6Y2      ps/axi_master_0/axi_awfifo_reg_0_15_0_5/RAMA_D1/CLK
Low Pulse Width   Slow    RAMD32/CLK         n/a            1.250         4.069       2.819      SLICE_X6Y2      ps/axi_master_0/axi_awfifo_reg_0_15_0_5/RAMB/CLK
Low Pulse Width   Fast    RAMD32/CLK         n/a            1.250         4.069       2.819      SLICE_X6Y2      ps/axi_master_0/axi_awfifo_reg_0_15_0_5/RAMB/CLK
Low Pulse Width   Slow    RAMD32/CLK         n/a            1.250         4.069       2.819      SLICE_X6Y2      ps/axi_master_0/axi_awfifo_reg_0_15_0_5/RAMB_D1/CLK
Low Pulse Width   Fast    RAMD32/CLK         n/a            1.250         4.069       2.819      SLICE_X6Y2      ps/axi_master_0/axi_awfifo_reg_0_15_0_5/RAMB_D1/CLK
Low Pulse Width   Slow    RAMD32/CLK         n/a            1.250         4.069       2.819      SLICE_X6Y2      ps/axi_master_0/axi_awfifo_reg_0_15_0_5/RAMC/CLK
Low Pulse Width   Fast    RAMD32/CLK         n/a            1.250         4.069       2.819      SLICE_X6Y2      ps/axi_master_0/axi_awfifo_reg_0_15_0_5/RAMC/CLK
High Pulse Width  Slow    RAMD32/CLK         n/a            1.250         4.069       2.819      SLICE_X6Y2      ps/axi_master_0/axi_awfifo_reg_0_15_0_5/RAMA/CLK
High Pulse Width  Fast    RAMD32/CLK         n/a            1.250         4.069       2.819      SLICE_X6Y2      ps/axi_master_0/axi_awfifo_reg_0_15_0_5/RAMA/CLK
High Pulse Width  Slow    RAMD32/CLK         n/a            1.250         4.069       2.819      SLICE_X6Y2      ps/axi_master_0/axi_awfifo_reg_0_15_0_5/RAMA_D1/CLK
High Pulse Width  Fast    RAMD32/CLK         n/a            1.250         4.069       2.819      SLICE_X6Y2      ps/axi_master_0/axi_awfifo_reg_0_15_0_5/RAMA_D1/CLK
High Pulse Width  Slow    RAMD32/CLK         n/a            1.250         4.069       2.819      SLICE_X6Y2      ps/axi_master_0/axi_awfifo_reg_0_15_0_5/RAMB/CLK
High Pulse Width  Fast    RAMD32/CLK         n/a            1.250         4.069       2.819      SLICE_X6Y2      ps/axi_master_0/axi_awfifo_reg_0_15_0_5/RAMB/CLK
High Pulse Width  Slow    RAMD32/CLK         n/a            1.250         4.069       2.819      SLICE_X6Y2      ps/axi_master_0/axi_awfifo_reg_0_15_0_5/RAMB_D1/CLK
High Pulse Width  Fast    RAMD32/CLK         n/a            1.250         4.069       2.819      SLICE_X6Y2      ps/axi_master_0/axi_awfifo_reg_0_15_0_5/RAMB_D1/CLK
High Pulse Width  Slow    RAMD32/CLK         n/a            1.250         4.069       2.819      SLICE_X6Y2      ps/axi_master_0/axi_awfifo_reg_0_15_0_5/RAMC/CLK
High Pulse Width  Fast    RAMD32/CLK         n/a            1.250         4.069       2.819      SLICE_X6Y2      ps/axi_master_0/axi_awfifo_reg_0_15_0_5/RAMC/CLK



---------------------------------------------------------------------------------------------------
From Clock:  pll_dac_clk_1x
  To Clock:  pll_dac_clk_1x

Setup :            0  Failing Endpoints,  Worst Slack        0.519ns,  Total Violation        0.000ns
Hold  :            0  Failing Endpoints,  Worst Slack        0.251ns,  Total Violation        0.000ns
PW    :            0  Failing Endpoints,  Worst Slack        3.569ns,  Total Violation        0.000ns
---------------------------------------------------------------------------------------------------


Max Delay Paths
--------------------------------------------------------------------------------------
Slack (MET) :             0.519ns  (required time - arrival time)
  Source:                 dac_rst_reg/C
                            (rising edge-triggered cell FDRE clocked by pll_dac_clk_1x  {rise@0.000ns fall@4.069ns period=8.138ns})
  Destination:            oddr_dac_rst/D2
                            (falling edge-triggered cell ODDR clocked by pll_dac_clk_1x  {rise@0.000ns fall@4.069ns period=8.138ns})
  Path Group:             pll_dac_clk_1x
  Path Type:              Setup (Max at Slow Process Corner)
  Requirement:            4.069ns  (pll_dac_clk_1x fall@4.069ns - pll_dac_clk_1x rise@0.000ns)
  Data Path Delay:        2.567ns  (logic 0.456ns (17.765%)  route 2.111ns (82.235%))
  Logic Levels:           0  
  Clock Path Skew:        -0.080ns (DCD - SCD + CPR)
    Destination Clock Delay (DCD):    5.434ns = ( 9.503 - 4.069 ) 
    Source Clock Delay      (SCD):    5.971ns
    Clock Pessimism Removal (CPR):    0.457ns
  Clock Uncertainty:      0.070ns  ((TSJ^2 + DJ^2)^1/2) / 2 + PE
    Total System Jitter     (TSJ):    0.071ns
    Discrete Jitter          (DJ):    0.120ns
    Phase Error              (PE):    0.000ns

    Location             Delay type                Incr(ns)  Path(ns)    Netlist Resource(s)
  -------------------------------------------------------------------    -------------------
                         (clock pll_dac_clk_1x rise edge)
                                                      0.000     0.000 r  
    U18                                               0.000     0.000 r  adc_clk_i[1] (IN)
                         net (fo=0)                   0.000     0.000    adc_clk_i[1]
    U18                  IBUFDS (Prop_ibufds_I_O)     0.983     0.983 r  i_clk/O
                         net (fo=1, routed)           1.306     2.289    pll/adc_clk_in
    PLLE2_ADV_X0Y0       PLLE2_ADV (Prop_plle2_adv_CLKIN1_CLKOUT1)
                                                      0.089     2.378 r  pll/pll/CLKOUT1
                         net (fo=1, routed)           1.754     4.132    pll_dac_clk_1x
    BUFGCTRL_X0Y5        BUFG (Prop_bufg_I_O)         0.101     4.233 r  bufg_dac_clk_1x/O
                         net (fo=45, routed)          1.738     5.971    dac_clk_1x
    SLICE_X43Y64         FDRE                                         r  dac_rst_reg/C
  -------------------------------------------------------------------    -------------------
    SLICE_X43Y64         FDRE (Prop_fdre_C_Q)         0.456     6.427 r  dac_rst_reg/Q
                         net (fo=17, routed)          2.111     8.538    dac_rst
    OLOGIC_X0Y58         ODDR                                         r  oddr_dac_rst/D2
  -------------------------------------------------------------------    -------------------

                         (clock pll_dac_clk_1x fall edge)
                                                      4.069     4.069 f  
    U18                                               0.000     4.069 f  adc_clk_i[1] (IN)
                         net (fo=0)                   0.000     4.069    adc_clk_i[1]
    U18                  IBUFDS (Prop_ibufds_I_O)     0.940     5.009 f  i_clk/O
                         net (fo=1, routed)           1.181     6.190    pll/adc_clk_in
    PLLE2_ADV_X0Y0       PLLE2_ADV (Prop_plle2_adv_CLKIN1_CLKOUT1)
                                                      0.084     6.274 f  pll/pll/CLKOUT1
                         net (fo=1, routed)           1.594     7.868    pll_dac_clk_1x
    BUFGCTRL_X0Y5        BUFG (Prop_bufg_I_O)         0.091     7.959 f  bufg_dac_clk_1x/O
                         net (fo=45, routed)          1.544     9.503    dac_clk_1x
    OLOGIC_X0Y58         ODDR                                         f  oddr_dac_rst/C
                         clock pessimism              0.457     9.961    
                         clock uncertainty           -0.070     9.891    
    OLOGIC_X0Y58         ODDR (Setup_oddr_C_D2)      -0.834     9.057    oddr_dac_rst
  -------------------------------------------------------------------
                         required time                          9.057    
                         arrival time                          -8.538    
  -------------------------------------------------------------------
                         slack                                  0.519    

Slack (MET) :             0.670ns  (required time - arrival time)
  Source:                 dac_rst_reg/C
                            (rising edge-triggered cell FDRE clocked by pll_dac_clk_1x  {rise@0.000ns fall@4.069ns period=8.138ns})
  Destination:            oddr_dac_dat[12]/R
                            (falling edge-triggered cell ODDR clocked by pll_dac_clk_1x  {rise@0.000ns fall@4.069ns period=8.138ns})
  Path Group:             pll_dac_clk_1x
  Path Type:              Setup (Max at Slow Process Corner)
  Requirement:            4.069ns  (pll_dac_clk_1x fall@4.069ns - pll_dac_clk_1x rise@0.000ns)
  Data Path Delay:        2.452ns  (logic 0.456ns (18.597%)  route 1.996ns (81.403%))
  Logic Levels:           0  
  Clock Path Skew:        -0.080ns (DCD - SCD + CPR)
    Destination Clock Delay (DCD):    5.434ns = ( 9.503 - 4.069 ) 
    Source Clock Delay      (SCD):    5.971ns
    Clock Pessimism Removal (CPR):    0.457ns
  Clock Uncertainty:      0.070ns  ((TSJ^2 + DJ^2)^1/2) / 2 + PE
    Total System Jitter     (TSJ):    0.071ns
    Discrete Jitter          (DJ):    0.120ns
    Phase Error              (PE):    0.000ns

    Location             Delay type                Incr(ns)  Path(ns)    Netlist Resource(s)
  -------------------------------------------------------------------    -------------------
                         (clock pll_dac_clk_1x rise edge)
                                                      0.000     0.000 r  
    U18                                               0.000     0.000 r  adc_clk_i[1] (IN)
                         net (fo=0)                   0.000     0.000    adc_clk_i[1]
    U18                  IBUFDS (Prop_ibufds_I_O)     0.983     0.983 r  i_clk/O
                         net (fo=1, routed)           1.306     2.289    pll/adc_clk_in
    PLLE2_ADV_X0Y0       PLLE2_ADV (Prop_plle2_adv_CLKIN1_CLKOUT1)
                                                      0.089     2.378 r  pll/pll/CLKOUT1
                         net (fo=1, routed)           1.754     4.132    pll_dac_clk_1x
    BUFGCTRL_X0Y5        BUFG (Prop_bufg_I_O)         0.101     4.233 r  bufg_dac_clk_1x/O
                         net (fo=45, routed)          1.738     5.971    dac_clk_1x
    SLICE_X43Y64         FDRE                                         r  dac_rst_reg/C
  -------------------------------------------------------------------    -------------------
    SLICE_X43Y64         FDRE (Prop_fdre_C_Q)         0.456     6.427 r  dac_rst_reg/Q
                         net (fo=17, routed)          1.996     8.423    dac_rst
    OLOGIC_X0Y91         ODDR                                         r  oddr_dac_dat[12]/R
  -------------------------------------------------------------------    -------------------

                         (clock pll_dac_clk_1x fall edge)
                                                      4.069     4.069 f  
    U18                                               0.000     4.069 f  adc_clk_i[1] (IN)
                         net (fo=0)                   0.000     4.069    adc_clk_i[1]
    U18                  IBUFDS (Prop_ibufds_I_O)     0.940     5.009 f  i_clk/O
                         net (fo=1, routed)           1.181     6.190    pll/adc_clk_in
    PLLE2_ADV_X0Y0       PLLE2_ADV (Prop_plle2_adv_CLKIN1_CLKOUT1)
                                                      0.084     6.274 f  pll/pll/CLKOUT1
                         net (fo=1, routed)           1.594     7.868    pll_dac_clk_1x
    BUFGCTRL_X0Y5        BUFG (Prop_bufg_I_O)         0.091     7.959 f  bufg_dac_clk_1x/O
                         net (fo=45, routed)          1.544     9.503    dac_clk_1x
    OLOGIC_X0Y91         ODDR                                         f  oddr_dac_dat[12]/C
                         clock pessimism              0.457     9.961    
                         clock uncertainty           -0.070     9.891    
    OLOGIC_X0Y91         ODDR (Setup_oddr_C_R)       -0.798     9.093    oddr_dac_dat[12]
  -------------------------------------------------------------------
                         required time                          9.093    
                         arrival time                          -8.423    
  -------------------------------------------------------------------
                         slack                                  0.670    

Slack (MET) :             0.689ns  (required time - arrival time)
  Source:                 dac_rst_reg/C
                            (rising edge-triggered cell FDRE clocked by pll_dac_clk_1x  {rise@0.000ns fall@4.069ns period=8.138ns})
  Destination:            oddr_dac_dat[13]/R
                            (falling edge-triggered cell ODDR clocked by pll_dac_clk_1x  {rise@0.000ns fall@4.069ns period=8.138ns})
  Path Group:             pll_dac_clk_1x
  Path Type:              Setup (Max at Slow Process Corner)
  Requirement:            4.069ns  (pll_dac_clk_1x fall@4.069ns - pll_dac_clk_1x rise@0.000ns)
  Data Path Delay:        2.433ns  (logic 0.456ns (18.743%)  route 1.977ns (81.257%))
  Logic Levels:           0  
  Clock Path Skew:        -0.080ns (DCD - SCD + CPR)
    Destination Clock Delay (DCD):    5.434ns = ( 9.503 - 4.069 ) 
    Source Clock Delay      (SCD):    5.971ns
    Clock Pessimism Removal (CPR):    0.457ns
  Clock Uncertainty:      0.070ns  ((TSJ^2 + DJ^2)^1/2) / 2 + PE
    Total System Jitter     (TSJ):    0.071ns
    Discrete Jitter          (DJ):    0.120ns
    Phase Error              (PE):    0.000ns

    Location             Delay type                Incr(ns)  Path(ns)    Netlist Resource(s)
  -------------------------------------------------------------------    -------------------
                         (clock pll_dac_clk_1x rise edge)
                                                      0.000     0.000 r  
    U18                                               0.000     0.000 r  adc_clk_i[1] (IN)
                         net (fo=0)                   0.000     0.000    adc_clk_i[1]
    U18                  IBUFDS (Prop_ibufds_I_O)     0.983     0.983 r  i_clk/O
                         net (fo=1, routed)           1.306     2.289    pll/adc_clk_in
    PLLE2_ADV_X0Y0       PLLE2_ADV (Prop_plle2_adv_CLKIN1_CLKOUT1)
                                                      0.089     2.378 r  pll/pll/CLKOUT1
                         net (fo=1, routed)           1.754     4.132    pll_dac_clk_1x
    BUFGCTRL_X0Y5        BUFG (Prop_bufg_I_O)         0.101     4.233 r  bufg_dac_clk_1x/O
                         net (fo=45, routed)          1.738     5.971    dac_clk_1x
    SLICE_X43Y64         FDRE                                         r  dac_rst_reg/C
  -------------------------------------------------------------------    -------------------
    SLICE_X43Y64         FDRE (Prop_fdre_C_Q)         0.456     6.427 r  dac_rst_reg/Q
                         net (fo=17, routed)          1.977     8.404    dac_rst
    OLOGIC_X0Y92         ODDR                                         r  oddr_dac_dat[13]/R
  -------------------------------------------------------------------    -------------------

                         (clock pll_dac_clk_1x fall edge)
                                                      4.069     4.069 f  
    U18                                               0.000     4.069 f  adc_clk_i[1] (IN)
                         net (fo=0)                   0.000     4.069    adc_clk_i[1]
    U18                  IBUFDS (Prop_ibufds_I_O)     0.940     5.009 f  i_clk/O
                         net (fo=1, routed)           1.181     6.190    pll/adc_clk_in
    PLLE2_ADV_X0Y0       PLLE2_ADV (Prop_plle2_adv_CLKIN1_CLKOUT1)
                                                      0.084     6.274 f  pll/pll/CLKOUT1
                         net (fo=1, routed)           1.594     7.868    pll_dac_clk_1x
    BUFGCTRL_X0Y5        BUFG (Prop_bufg_I_O)         0.091     7.959 f  bufg_dac_clk_1x/O
                         net (fo=45, routed)          1.544     9.503    dac_clk_1x
    OLOGIC_X0Y92         ODDR                                         f  oddr_dac_dat[13]/C
                         clock pessimism              0.457     9.961    
                         clock uncertainty           -0.070     9.891    
    OLOGIC_X0Y92         ODDR (Setup_oddr_C_R)       -0.798     9.093    oddr_dac_dat[13]
  -------------------------------------------------------------------
                         required time                          9.093    
                         arrival time                          -8.404    
  -------------------------------------------------------------------
                         slack                                  0.689    

Slack (MET) :             0.693ns  (required time - arrival time)
  Source:                 dac_rst_reg/C
                            (rising edge-triggered cell FDRE clocked by pll_dac_clk_1x  {rise@0.000ns fall@4.069ns period=8.138ns})
  Destination:            oddr_dac_sel/R
                            (falling edge-triggered cell ODDR clocked by pll_dac_clk_1x  {rise@0.000ns fall@4.069ns period=8.138ns})
  Path Group:             pll_dac_clk_1x
  Path Type:              Setup (Max at Slow Process Corner)
  Requirement:            4.069ns  (pll_dac_clk_1x fall@4.069ns - pll_dac_clk_1x rise@0.000ns)
  Data Path Delay:        2.428ns  (logic 0.456ns (18.778%)  route 1.972ns (81.222%))
  Logic Levels:           0  
  Clock Path Skew:        -0.080ns (DCD - SCD + CPR)
    Destination Clock Delay (DCD):    5.434ns = ( 9.503 - 4.069 ) 
    Source Clock Delay      (SCD):    5.971ns
    Clock Pessimism Removal (CPR):    0.457ns
  Clock Uncertainty:      0.070ns  ((TSJ^2 + DJ^2)^1/2) / 2 + PE
    Total System Jitter     (TSJ):    0.071ns
    Discrete Jitter          (DJ):    0.120ns
    Phase Error              (PE):    0.000ns

    Location             Delay type                Incr(ns)  Path(ns)    Netlist Resource(s)
  -------------------------------------------------------------------    -------------------
                         (clock pll_dac_clk_1x rise edge)
                                                      0.000     0.000 r  
    U18                                               0.000     0.000 r  adc_clk_i[1] (IN)
                         net (fo=0)                   0.000     0.000    adc_clk_i[1]
    U18                  IBUFDS (Prop_ibufds_I_O)     0.983     0.983 r  i_clk/O
                         net (fo=1, routed)           1.306     2.289    pll/adc_clk_in
    PLLE2_ADV_X0Y0       PLLE2_ADV (Prop_plle2_adv_CLKIN1_CLKOUT1)
                                                      0.089     2.378 r  pll/pll/CLKOUT1
                         net (fo=1, routed)           1.754     4.132    pll_dac_clk_1x
    BUFGCTRL_X0Y5        BUFG (Prop_bufg_I_O)         0.101     4.233 r  bufg_dac_clk_1x/O
                         net (fo=45, routed)          1.738     5.971    dac_clk_1x
    SLICE_X43Y64         FDRE                                         r  dac_rst_reg/C
  -------------------------------------------------------------------    -------------------
    SLICE_X43Y64         FDRE (Prop_fdre_C_Q)         0.456     6.427 r  dac_rst_reg/Q
                         net (fo=17, routed)          1.972     8.400    dac_rst
    OLOGIC_X0Y57         ODDR                                         r  oddr_dac_sel/R
  -------------------------------------------------------------------    -------------------

                         (clock pll_dac_clk_1x fall edge)
                                                      4.069     4.069 f  
    U18                                               0.000     4.069 f  adc_clk_i[1] (IN)
                         net (fo=0)                   0.000     4.069    adc_clk_i[1]
    U18                  IBUFDS (Prop_ibufds_I_O)     0.940     5.009 f  i_clk/O
                         net (fo=1, routed)           1.181     6.190    pll/adc_clk_in
    PLLE2_ADV_X0Y0       PLLE2_ADV (Prop_plle2_adv_CLKIN1_CLKOUT1)
                                                      0.084     6.274 f  pll/pll/CLKOUT1
                         net (fo=1, routed)           1.594     7.868    pll_dac_clk_1x
    BUFGCTRL_X0Y5        BUFG (Prop_bufg_I_O)         0.091     7.959 f  bufg_dac_clk_1x/O
                         net (fo=45, routed)          1.544     9.503    dac_clk_1x
    OLOGIC_X0Y57         ODDR                                         f  oddr_dac_sel/C
                         clock pessimism              0.457     9.961    
                         clock uncertainty           -0.070     9.891    
    OLOGIC_X0Y57         ODDR (Setup_oddr_C_R)       -0.798     9.093    oddr_dac_sel
  -------------------------------------------------------------------
                         required time                          9.093    
                         arrival time                          -8.400    
  -------------------------------------------------------------------
                         slack                                  0.693    

Slack (MET) :             0.716ns  (required time - arrival time)
  Source:                 dac_rst_reg/C
                            (rising edge-triggered cell FDRE clocked by pll_dac_clk_1x  {rise@0.000ns fall@4.069ns period=8.138ns})
  Destination:            oddr_dac_dat[0]/R
                            (falling edge-triggered cell ODDR clocked by pll_dac_clk_1x  {rise@0.000ns fall@4.069ns period=8.138ns})
  Path Group:             pll_dac_clk_1x
  Path Type:              Setup (Max at Slow Process Corner)
  Requirement:            4.069ns  (pll_dac_clk_1x fall@4.069ns - pll_dac_clk_1x rise@0.000ns)
  Data Path Delay:        2.402ns  (logic 0.456ns (18.985%)  route 1.946ns (81.014%))
  Logic Levels:           0  
  Clock Path Skew:        -0.084ns (DCD - SCD + CPR)
    Destination Clock Delay (DCD):    5.430ns = ( 9.499 - 4.069 ) 
    Source Clock Delay      (SCD):    5.971ns
    Clock Pessimism Removal (CPR):    0.457ns
  Clock Uncertainty:      0.070ns  ((TSJ^2 + DJ^2)^1/2) / 2 + PE
    Total System Jitter     (TSJ):    0.071ns
    Discrete Jitter          (DJ):    0.120ns
    Phase Error              (PE):    0.000ns

    Location             Delay type                Incr(ns)  Path(ns)    Netlist Resource(s)
  -------------------------------------------------------------------    -------------------
                         (clock pll_dac_clk_1x rise edge)
                                                      0.000     0.000 r  
    U18                                               0.000     0.000 r  adc_clk_i[1] (IN)
                         net (fo=0)                   0.000     0.000    adc_clk_i[1]
    U18                  IBUFDS (Prop_ibufds_I_O)     0.983     0.983 r  i_clk/O
                         net (fo=1, routed)           1.306     2.289    pll/adc_clk_in
    PLLE2_ADV_X0Y0       PLLE2_ADV (Prop_plle2_adv_CLKIN1_CLKOUT1)
                                                      0.089     2.378 r  pll/pll/CLKOUT1
                         net (fo=1, routed)           1.754     4.132    pll_dac_clk_1x
    BUFGCTRL_X0Y5        BUFG (Prop_bufg_I_O)         0.101     4.233 r  bufg_dac_clk_1x/O
                         net (fo=45, routed)          1.738     5.971    dac_clk_1x
    SLICE_X43Y64         FDRE                                         r  dac_rst_reg/C
  -------------------------------------------------------------------    -------------------
    SLICE_X43Y64         FDRE (Prop_fdre_C_Q)         0.456     6.427 r  dac_rst_reg/Q
                         net (fo=17, routed)          1.946     8.373    dac_rst
    OLOGIC_X0Y86         ODDR                                         r  oddr_dac_dat[0]/R
  -------------------------------------------------------------------    -------------------

                         (clock pll_dac_clk_1x fall edge)
                                                      4.069     4.069 f  
    U18                                               0.000     4.069 f  adc_clk_i[1] (IN)
                         net (fo=0)                   0.000     4.069    adc_clk_i[1]
    U18                  IBUFDS (Prop_ibufds_I_O)     0.940     5.009 f  i_clk/O
                         net (fo=1, routed)           1.181     6.190    pll/adc_clk_in
    PLLE2_ADV_X0Y0       PLLE2_ADV (Prop_plle2_adv_CLKIN1_CLKOUT1)
                                                      0.084     6.274 f  pll/pll/CLKOUT1
                         net (fo=1, routed)           1.594     7.868    pll_dac_clk_1x
    BUFGCTRL_X0Y5        BUFG (Prop_bufg_I_O)         0.091     7.959 f  bufg_dac_clk_1x/O
                         net (fo=45, routed)          1.540     9.499    dac_clk_1x
    OLOGIC_X0Y86         ODDR                                         f  oddr_dac_dat[0]/C
                         clock pessimism              0.457     9.957    
                         clock uncertainty           -0.070     9.887    
    OLOGIC_X0Y86         ODDR (Setup_oddr_C_R)       -0.798     9.089    oddr_dac_dat[0]
  -------------------------------------------------------------------
                         required time                          9.089    
                         arrival time                          -8.373    
  -------------------------------------------------------------------
                         slack                                  0.716    

Slack (MET) :             0.779ns  (required time - arrival time)
  Source:                 dac_rst_reg/C
                            (rising edge-triggered cell FDRE clocked by pll_dac_clk_1x  {rise@0.000ns fall@4.069ns period=8.138ns})
  Destination:            oddr_dac_dat[6]/R
                            (falling edge-triggered cell ODDR clocked by pll_dac_clk_1x  {rise@0.000ns fall@4.069ns period=8.138ns})
  Path Group:             pll_dac_clk_1x
  Path Type:              Setup (Max at Slow Process Corner)
  Requirement:            4.069ns  (pll_dac_clk_1x fall@4.069ns - pll_dac_clk_1x rise@0.000ns)
  Data Path Delay:        2.337ns  (logic 0.456ns (19.509%)  route 1.881ns (80.491%))
  Logic Levels:           0  
  Clock Path Skew:        -0.085ns (DCD - SCD + CPR)
    Destination Clock Delay (DCD):    5.429ns = ( 9.498 - 4.069 ) 
    Source Clock Delay      (SCD):    5.971ns
    Clock Pessimism Removal (CPR):    0.457ns
  Clock Uncertainty:      0.070ns  ((TSJ^2 + DJ^2)^1/2) / 2 + PE
    Total System Jitter     (TSJ):    0.071ns
    Discrete Jitter          (DJ):    0.120ns
    Phase Error              (PE):    0.000ns

    Location             Delay type                Incr(ns)  Path(ns)    Netlist Resource(s)
  -------------------------------------------------------------------    -------------------
                         (clock pll_dac_clk_1x rise edge)
                                                      0.000     0.000 r  
    U18                                               0.000     0.000 r  adc_clk_i[1] (IN)
                         net (fo=0)                   0.000     0.000    adc_clk_i[1]
    U18                  IBUFDS (Prop_ibufds_I_O)     0.983     0.983 r  i_clk/O
                         net (fo=1, routed)           1.306     2.289    pll/adc_clk_in
    PLLE2_ADV_X0Y0       PLLE2_ADV (Prop_plle2_adv_CLKIN1_CLKOUT1)
                                                      0.089     2.378 r  pll/pll/CLKOUT1
                         net (fo=1, routed)           1.754     4.132    pll_dac_clk_1x
    BUFGCTRL_X0Y5        BUFG (Prop_bufg_I_O)         0.101     4.233 r  bufg_dac_clk_1x/O
                         net (fo=45, routed)          1.738     5.971    dac_clk_1x
    SLICE_X43Y64         FDRE                                         r  dac_rst_reg/C
  -------------------------------------------------------------------    -------------------
    SLICE_X43Y64         FDRE (Prop_fdre_C_Q)         0.456     6.427 r  dac_rst_reg/Q
                         net (fo=17, routed)          1.881     8.308    dac_rst
    OLOGIC_X0Y66         ODDR                                         r  oddr_dac_dat[6]/R
  -------------------------------------------------------------------    -------------------

                         (clock pll_dac_clk_1x fall edge)
                                                      4.069     4.069 f  
    U18                                               0.000     4.069 f  adc_clk_i[1] (IN)
                         net (fo=0)                   0.000     4.069    adc_clk_i[1]
    U18                  IBUFDS (Prop_ibufds_I_O)     0.940     5.009 f  i_clk/O
                         net (fo=1, routed)           1.181     6.190    pll/adc_clk_in
    PLLE2_ADV_X0Y0       PLLE2_ADV (Prop_plle2_adv_CLKIN1_CLKOUT1)
                                                      0.084     6.274 f  pll/pll/CLKOUT1
                         net (fo=1, routed)           1.594     7.868    pll_dac_clk_1x
    BUFGCTRL_X0Y5        BUFG (Prop_bufg_I_O)         0.091     7.959 f  bufg_dac_clk_1x/O
                         net (fo=45, routed)          1.539     9.498    dac_clk_1x
    OLOGIC_X0Y66         ODDR                                         f  oddr_dac_dat[6]/C
                         clock pessimism              0.457     9.956    
                         clock uncertainty           -0.070     9.886    
    OLOGIC_X0Y66         ODDR (Setup_oddr_C_R)       -0.798     9.088    oddr_dac_dat[6]
  -------------------------------------------------------------------
                         required time                          9.088    
                         arrival time                          -8.308    
  -------------------------------------------------------------------
                         slack                                  0.779    

Slack (MET) :             0.854ns  (required time - arrival time)
  Source:                 dac_rst_reg/C
                            (rising edge-triggered cell FDRE clocked by pll_dac_clk_1x  {rise@0.000ns fall@4.069ns period=8.138ns})
  Destination:            oddr_dac_dat[1]/R
                            (falling edge-triggered cell ODDR clocked by pll_dac_clk_1x  {rise@0.000ns fall@4.069ns period=8.138ns})
  Path Group:             pll_dac_clk_1x
  Path Type:              Setup (Max at Slow Process Corner)
  Requirement:            4.069ns  (pll_dac_clk_1x fall@4.069ns - pll_dac_clk_1x rise@0.000ns)
  Data Path Delay:        2.263ns  (logic 0.456ns (20.146%)  route 1.807ns (79.854%))
  Logic Levels:           0  
  Clock Path Skew:        -0.084ns (DCD - SCD + CPR)
    Destination Clock Delay (DCD):    5.430ns = ( 9.499 - 4.069 ) 
    Source Clock Delay      (SCD):    5.971ns
    Clock Pessimism Removal (CPR):    0.457ns
  Clock Uncertainty:      0.070ns  ((TSJ^2 + DJ^2)^1/2) / 2 + PE
    Total System Jitter     (TSJ):    0.071ns
    Discrete Jitter          (DJ):    0.120ns
    Phase Error              (PE):    0.000ns

    Location             Delay type                Incr(ns)  Path(ns)    Netlist Resource(s)
  -------------------------------------------------------------------    -------------------
                         (clock pll_dac_clk_1x rise edge)
                                                      0.000     0.000 r  
    U18                                               0.000     0.000 r  adc_clk_i[1] (IN)
                         net (fo=0)                   0.000     0.000    adc_clk_i[1]
    U18                  IBUFDS (Prop_ibufds_I_O)     0.983     0.983 r  i_clk/O
                         net (fo=1, routed)           1.306     2.289    pll/adc_clk_in
    PLLE2_ADV_X0Y0       PLLE2_ADV (Prop_plle2_adv_CLKIN1_CLKOUT1)
                                                      0.089     2.378 r  pll/pll/CLKOUT1
                         net (fo=1, routed)           1.754     4.132    pll_dac_clk_1x
    BUFGCTRL_X0Y5        BUFG (Prop_bufg_I_O)         0.101     4.233 r  bufg_dac_clk_1x/O
                         net (fo=45, routed)          1.738     5.971    dac_clk_1x
    SLICE_X43Y64         FDRE                                         r  dac_rst_reg/C
  -------------------------------------------------------------------    -------------------
    SLICE_X43Y64         FDRE (Prop_fdre_C_Q)         0.456     6.427 r  dac_rst_reg/Q
                         net (fo=17, routed)          1.807     8.235    dac_rst
    OLOGIC_X0Y85         ODDR                                         r  oddr_dac_dat[1]/R
  -------------------------------------------------------------------    -------------------

                         (clock pll_dac_clk_1x fall edge)
                                                      4.069     4.069 f  
    U18                                               0.000     4.069 f  adc_clk_i[1] (IN)
                         net (fo=0)                   0.000     4.069    adc_clk_i[1]
    U18                  IBUFDS (Prop_ibufds_I_O)     0.940     5.009 f  i_clk/O
                         net (fo=1, routed)           1.181     6.190    pll/adc_clk_in
    PLLE2_ADV_X0Y0       PLLE2_ADV (Prop_plle2_adv_CLKIN1_CLKOUT1)
                                                      0.084     6.274 f  pll/pll/CLKOUT1
                         net (fo=1, routed)           1.594     7.868    pll_dac_clk_1x
    BUFGCTRL_X0Y5        BUFG (Prop_bufg_I_O)         0.091     7.959 f  bufg_dac_clk_1x/O
                         net (fo=45, routed)          1.540     9.499    dac_clk_1x
    OLOGIC_X0Y85         ODDR                                         f  oddr_dac_dat[1]/C
                         clock pessimism              0.457     9.957    
                         clock uncertainty           -0.070     9.887    
    OLOGIC_X0Y85         ODDR (Setup_oddr_C_R)       -0.798     9.089    oddr_dac_dat[1]
  -------------------------------------------------------------------
                         required time                          9.089    
                         arrival time                          -8.235    
  -------------------------------------------------------------------
                         slack                                  0.854    

Slack (MET) :             0.884ns  (required time - arrival time)
  Source:                 dac_rst_reg/C
                            (rising edge-triggered cell FDRE clocked by pll_dac_clk_1x  {rise@0.000ns fall@4.069ns period=8.138ns})
  Destination:            oddr_dac_dat[5]/R
                            (falling edge-triggered cell ODDR clocked by pll_dac_clk_1x  {rise@0.000ns fall@4.069ns period=8.138ns})
  Path Group:             pll_dac_clk_1x
  Path Type:              Setup (Max at Slow Process Corner)
  Requirement:            4.069ns  (pll_dac_clk_1x fall@4.069ns - pll_dac_clk_1x rise@0.000ns)
  Data Path Delay:        2.228ns  (logic 0.456ns (20.464%)  route 1.772ns (79.536%))
  Logic Levels:           0  
  Clock Path Skew:        -0.089ns (DCD - SCD + CPR)
    Destination Clock Delay (DCD):    5.425ns = ( 9.494 - 4.069 ) 
    Source Clock Delay      (SCD):    5.971ns
    Clock Pessimism Removal (CPR):    0.457ns
  Clock Uncertainty:      0.070ns  ((TSJ^2 + DJ^2)^1/2) / 2 + PE
    Total System Jitter     (TSJ):    0.071ns
    Discrete Jitter          (DJ):    0.120ns
    Phase Error              (PE):    0.000ns

    Location             Delay type                Incr(ns)  Path(ns)    Netlist Resource(s)
  -------------------------------------------------------------------    -------------------
                         (clock pll_dac_clk_1x rise edge)
                                                      0.000     0.000 r  
    U18                                               0.000     0.000 r  adc_clk_i[1] (IN)
                         net (fo=0)                   0.000     0.000    adc_clk_i[1]
    U18                  IBUFDS (Prop_ibufds_I_O)     0.983     0.983 r  i_clk/O
                         net (fo=1, routed)           1.306     2.289    pll/adc_clk_in
    PLLE2_ADV_X0Y0       PLLE2_ADV (Prop_plle2_adv_CLKIN1_CLKOUT1)
                                                      0.089     2.378 r  pll/pll/CLKOUT1
                         net (fo=1, routed)           1.754     4.132    pll_dac_clk_1x
    BUFGCTRL_X0Y5        BUFG (Prop_bufg_I_O)         0.101     4.233 r  bufg_dac_clk_1x/O
                         net (fo=45, routed)          1.738     5.971    dac_clk_1x
    SLICE_X43Y64         FDRE                                         r  dac_rst_reg/C
  -------------------------------------------------------------------    -------------------
    SLICE_X43Y64         FDRE (Prop_fdre_C_Q)         0.456     6.427 r  dac_rst_reg/Q
                         net (fo=17, routed)          1.772     8.199    dac_rst
    OLOGIC_X0Y79         ODDR                                         r  oddr_dac_dat[5]/R
  -------------------------------------------------------------------    -------------------

                         (clock pll_dac_clk_1x fall edge)
                                                      4.069     4.069 f  
    U18                                               0.000     4.069 f  adc_clk_i[1] (IN)
                         net (fo=0)                   0.000     4.069    adc_clk_i[1]
    U18                  IBUFDS (Prop_ibufds_I_O)     0.940     5.009 f  i_clk/O
                         net (fo=1, routed)           1.181     6.190    pll/adc_clk_in
    PLLE2_ADV_X0Y0       PLLE2_ADV (Prop_plle2_adv_CLKIN1_CLKOUT1)
                                                      0.084     6.274 f  pll/pll/CLKOUT1
                         net (fo=1, routed)           1.594     7.868    pll_dac_clk_1x
    BUFGCTRL_X0Y5        BUFG (Prop_bufg_I_O)         0.091     7.959 f  bufg_dac_clk_1x/O
                         net (fo=45, routed)          1.535     9.494    dac_clk_1x
    OLOGIC_X0Y79         ODDR                                         f  oddr_dac_dat[5]/C
                         clock pessimism              0.457     9.952    
                         clock uncertainty           -0.070     9.882    
    OLOGIC_X0Y79         ODDR (Setup_oddr_C_R)       -0.798     9.084    oddr_dac_dat[5]
  -------------------------------------------------------------------
                         required time                          9.084    
                         arrival time                          -8.199    
  -------------------------------------------------------------------
                         slack                                  0.884    

Slack (MET) :             0.912ns  (required time - arrival time)
  Source:                 dac_rst_reg/C
                            (rising edge-triggered cell FDRE clocked by pll_dac_clk_1x  {rise@0.000ns fall@4.069ns period=8.138ns})
  Destination:            oddr_dac_dat[9]/R
                            (falling edge-triggered cell ODDR clocked by pll_dac_clk_1x  {rise@0.000ns fall@4.069ns period=8.138ns})
  Path Group:             pll_dac_clk_1x
  Path Type:              Setup (Max at Slow Process Corner)
  Requirement:            4.069ns  (pll_dac_clk_1x fall@4.069ns - pll_dac_clk_1x rise@0.000ns)
  Data Path Delay:        2.206ns  (logic 0.456ns (20.669%)  route 1.750ns (79.331%))
  Logic Levels:           0  
  Clock Path Skew:        -0.084ns (DCD - SCD + CPR)
    Destination Clock Delay (DCD):    5.430ns = ( 9.499 - 4.069 ) 
    Source Clock Delay      (SCD):    5.971ns
    Clock Pessimism Removal (CPR):    0.457ns
  Clock Uncertainty:      0.070ns  ((TSJ^2 + DJ^2)^1/2) / 2 + PE
    Total System Jitter     (TSJ):    0.071ns
    Discrete Jitter          (DJ):    0.120ns
    Phase Error              (PE):    0.000ns

    Location             Delay type                Incr(ns)  Path(ns)    Netlist Resource(s)
  -------------------------------------------------------------------    -------------------
                         (clock pll_dac_clk_1x rise edge)
                                                      0.000     0.000 r  
    U18                                               0.000     0.000 r  adc_clk_i[1] (IN)
                         net (fo=0)                   0.000     0.000    adc_clk_i[1]
    U18                  IBUFDS (Prop_ibufds_I_O)     0.983     0.983 r  i_clk/O
                         net (fo=1, routed)           1.306     2.289    pll/adc_clk_in
    PLLE2_ADV_X0Y0       PLLE2_ADV (Prop_plle2_adv_CLKIN1_CLKOUT1)
                                                      0.089     2.378 r  pll/pll/CLKOUT1
                         net (fo=1, routed)           1.754     4.132    pll_dac_clk_1x
    BUFGCTRL_X0Y5        BUFG (Prop_bufg_I_O)         0.101     4.233 r  bufg_dac_clk_1x/O
                         net (fo=45, routed)          1.738     5.971    dac_clk_1x
    SLICE_X43Y64         FDRE                                         r  dac_rst_reg/C
  -------------------------------------------------------------------    -------------------
    SLICE_X43Y64         FDRE (Prop_fdre_C_Q)         0.456     6.427 r  dac_rst_reg/Q
                         net (fo=17, routed)          1.750     8.177    dac_rst
    OLOGIC_X0Y63         ODDR                                         r  oddr_dac_dat[9]/R
  -------------------------------------------------------------------    -------------------

                         (clock pll_dac_clk_1x fall edge)
                                                      4.069     4.069 f  
    U18                                               0.000     4.069 f  adc_clk_i[1] (IN)
                         net (fo=0)                   0.000     4.069    adc_clk_i[1]
    U18                  IBUFDS (Prop_ibufds_I_O)     0.940     5.009 f  i_clk/O
                         net (fo=1, routed)           1.181     6.190    pll/adc_clk_in
    PLLE2_ADV_X0Y0       PLLE2_ADV (Prop_plle2_adv_CLKIN1_CLKOUT1)
                                                      0.084     6.274 f  pll/pll/CLKOUT1
                         net (fo=1, routed)           1.594     7.868    pll_dac_clk_1x
    BUFGCTRL_X0Y5        BUFG (Prop_bufg_I_O)         0.091     7.959 f  bufg_dac_clk_1x/O
                         net (fo=45, routed)          1.540     9.499    dac_clk_1x
    OLOGIC_X0Y63         ODDR                                         f  oddr_dac_dat[9]/C
                         clock pessimism              0.457     9.957    
                         clock uncertainty           -0.070     9.887    
    OLOGIC_X0Y63         ODDR (Setup_oddr_C_R)       -0.798     9.089    oddr_dac_dat[9]
  -------------------------------------------------------------------
                         required time                          9.089    
                         arrival time                          -8.177    
  -------------------------------------------------------------------
                         slack                                  0.912    

Slack (MET) :             0.918ns  (required time - arrival time)
  Source:                 dac_rst_reg/C
                            (rising edge-triggered cell FDRE clocked by pll_dac_clk_1x  {rise@0.000ns fall@4.069ns period=8.138ns})
  Destination:            oddr_dac_dat[7]/R
                            (falling edge-triggered cell ODDR clocked by pll_dac_clk_1x  {rise@0.000ns fall@4.069ns period=8.138ns})
  Path Group:             pll_dac_clk_1x
  Path Type:              Setup (Max at Slow Process Corner)
  Requirement:            4.069ns  (pll_dac_clk_1x fall@4.069ns - pll_dac_clk_1x rise@0.000ns)
  Data Path Delay:        2.199ns  (logic 0.456ns (20.737%)  route 1.743ns (79.263%))
  Logic Levels:           0  
  Clock Path Skew:        -0.085ns (DCD - SCD + CPR)
    Destination Clock Delay (DCD):    5.429ns = ( 9.498 - 4.069 ) 
    Source Clock Delay      (SCD):    5.971ns
    Clock Pessimism Removal (CPR):    0.457ns
  Clock Uncertainty:      0.070ns  ((TSJ^2 + DJ^2)^1/2) / 2 + PE
    Total System Jitter     (TSJ):    0.071ns
    Discrete Jitter          (DJ):    0.120ns
    Phase Error              (PE):    0.000ns

    Location             Delay type                Incr(ns)  Path(ns)    Netlist Resource(s)
  -------------------------------------------------------------------    -------------------
                         (clock pll_dac_clk_1x rise edge)
                                                      0.000     0.000 r  
    U18                                               0.000     0.000 r  adc_clk_i[1] (IN)
                         net (fo=0)                   0.000     0.000    adc_clk_i[1]
    U18                  IBUFDS (Prop_ibufds_I_O)     0.983     0.983 r  i_clk/O
                         net (fo=1, routed)           1.306     2.289    pll/adc_clk_in
    PLLE2_ADV_X0Y0       PLLE2_ADV (Prop_plle2_adv_CLKIN1_CLKOUT1)
                                                      0.089     2.378 r  pll/pll/CLKOUT1
                         net (fo=1, routed)           1.754     4.132    pll_dac_clk_1x
    BUFGCTRL_X0Y5        BUFG (Prop_bufg_I_O)         0.101     4.233 r  bufg_dac_clk_1x/O
                         net (fo=45, routed)          1.738     5.971    dac_clk_1x
    SLICE_X43Y64         FDRE                                         r  dac_rst_reg/C
  -------------------------------------------------------------------    -------------------
    SLICE_X43Y64         FDRE (Prop_fdre_C_Q)         0.456     6.427 r  dac_rst_reg/Q
                         net (fo=17, routed)          1.743     8.170    dac_rst
    OLOGIC_X0Y65         ODDR                                         r  oddr_dac_dat[7]/R
  -------------------------------------------------------------------    -------------------

                         (clock pll_dac_clk_1x fall edge)
                                                      4.069     4.069 f  
    U18                                               0.000     4.069 f  adc_clk_i[1] (IN)
                         net (fo=0)                   0.000     4.069    adc_clk_i[1]
    U18                  IBUFDS (Prop_ibufds_I_O)     0.940     5.009 f  i_clk/O
                         net (fo=1, routed)           1.181     6.190    pll/adc_clk_in
    PLLE2_ADV_X0Y0       PLLE2_ADV (Prop_plle2_adv_CLKIN1_CLKOUT1)
                                                      0.084     6.274 f  pll/pll/CLKOUT1
                         net (fo=1, routed)           1.594     7.868    pll_dac_clk_1x
    BUFGCTRL_X0Y5        BUFG (Prop_bufg_I_O)         0.091     7.959 f  bufg_dac_clk_1x/O
                         net (fo=45, routed)          1.539     9.498    dac_clk_1x
    OLOGIC_X0Y65         ODDR                                         f  oddr_dac_dat[7]/C
                         clock pessimism              0.457     9.956    
                         clock uncertainty           -0.070     9.886    
    OLOGIC_X0Y65         ODDR (Setup_oddr_C_R)       -0.798     9.088    oddr_dac_dat[7]
  -------------------------------------------------------------------
                         required time                          9.088    
                         arrival time                          -8.170    
  -------------------------------------------------------------------
                         slack                                  0.918    





Min Delay Paths
--------------------------------------------------------------------------------------
Slack (MET) :             0.251ns  (arrival time - required time)
  Source:                 dac_rst_reg/C
                            (rising edge-triggered cell FDRE clocked by pll_dac_clk_1x  {rise@0.000ns fall@4.069ns period=8.138ns})
  Destination:            oddr_dac_dat[2]/R
                            (rising edge-triggered cell ODDR clocked by pll_dac_clk_1x  {rise@0.000ns fall@4.069ns period=8.138ns})
  Path Group:             pll_dac_clk_1x
  Path Type:              Hold (Min at Fast Process Corner)
  Requirement:            0.000ns  (pll_dac_clk_1x rise@0.000ns - pll_dac_clk_1x rise@0.000ns)
  Data Path Delay:        0.756ns  (logic 0.141ns (18.645%)  route 0.615ns (81.355%))
  Logic Levels:           0  
  Clock Path Skew:        0.029ns (DCD - SCD - CPR)
    Destination Clock Delay (DCD):    2.390ns
    Source Clock Delay      (SCD):    2.001ns
    Clock Pessimism Removal (CPR):    0.360ns

    Location             Delay type                Incr(ns)  Path(ns)    Netlist Resource(s)
  -------------------------------------------------------------------    -------------------
                         (clock pll_dac_clk_1x rise edge)
                                                      0.000     0.000 r  
    U18                                               0.000     0.000 r  adc_clk_i[1] (IN)
                         net (fo=0)                   0.000     0.000    adc_clk_i[1]
    U18                  IBUFDS (Prop_ibufds_I_O)     0.401     0.401 r  i_clk/O
                         net (fo=1, routed)           0.440     0.842    pll/adc_clk_in
    PLLE2_ADV_X0Y0       PLLE2_ADV (Prop_plle2_adv_CLKIN1_CLKOUT1)
                                                      0.051     0.893 r  pll/pll/CLKOUT1
                         net (fo=1, routed)           0.497     1.390    pll_dac_clk_1x
    BUFGCTRL_X0Y5        BUFG (Prop_bufg_I_O)         0.026     1.416 r  bufg_dac_clk_1x/O
                         net (fo=45, routed)          0.586     2.001    dac_clk_1x
    SLICE_X43Y64         FDRE                                         r  dac_rst_reg/C
  -------------------------------------------------------------------    -------------------
    SLICE_X43Y64         FDRE (Prop_fdre_C_Q)         0.141     2.142 r  dac_rst_reg/Q
                         net (fo=17, routed)          0.615     2.758    dac_rst
    OLOGIC_X0Y82         ODDR                                         r  oddr_dac_dat[2]/R
  -------------------------------------------------------------------    -------------------

                         (clock pll_dac_clk_1x rise edge)
                                                      0.000     0.000 r  
    U18                                               0.000     0.000 r  adc_clk_i[1] (IN)
                         net (fo=0)                   0.000     0.000    adc_clk_i[1]
    U18                  IBUFDS (Prop_ibufds_I_O)     0.433     0.433 r  i_clk/O
                         net (fo=1, routed)           0.481     0.914    pll/adc_clk_in
    PLLE2_ADV_X0Y0       PLLE2_ADV (Prop_plle2_adv_CLKIN1_CLKOUT1)
                                                      0.054     0.968 r  pll/pll/CLKOUT1
                         net (fo=1, routed)           0.544     1.512    pll_dac_clk_1x
    BUFGCTRL_X0Y5        BUFG (Prop_bufg_I_O)         0.029     1.541 r  bufg_dac_clk_1x/O
                         net (fo=45, routed)          0.849     2.390    dac_clk_1x
    OLOGIC_X0Y82         ODDR                                         r  oddr_dac_dat[2]/C
                         clock pessimism             -0.360     2.030    
    OLOGIC_X0Y82         ODDR (Hold_oddr_C_R)         0.476     2.506    oddr_dac_dat[2]
  -------------------------------------------------------------------
                         required time                         -2.506    
                         arrival time                           2.758    
  -------------------------------------------------------------------
                         slack                                  0.251    

Slack (MET) :             0.265ns  (arrival time - required time)
  Source:                 dac_rst_reg/C
                            (rising edge-triggered cell FDRE clocked by pll_dac_clk_1x  {rise@0.000ns fall@4.069ns period=8.138ns})
  Destination:            oddr_dac_dat[10]/R
                            (rising edge-triggered cell ODDR clocked by pll_dac_clk_1x  {rise@0.000ns fall@4.069ns period=8.138ns})
  Path Group:             pll_dac_clk_1x
  Path Type:              Hold (Min at Fast Process Corner)
  Requirement:            0.000ns  (pll_dac_clk_1x rise@0.000ns - pll_dac_clk_1x rise@0.000ns)
  Data Path Delay:        0.768ns  (logic 0.141ns (18.352%)  route 0.627ns (81.648%))
  Logic Levels:           0  
  Clock Path Skew:        0.027ns (DCD - SCD - CPR)
    Destination Clock Delay (DCD):    2.388ns
    Source Clock Delay      (SCD):    2.001ns
    Clock Pessimism Removal (CPR):    0.360ns

    Location             Delay type                Incr(ns)  Path(ns)    Netlist Resource(s)
  -------------------------------------------------------------------    -------------------
                         (clock pll_dac_clk_1x rise edge)
                                                      0.000     0.000 r  
    U18                                               0.000     0.000 r  adc_clk_i[1] (IN)
                         net (fo=0)                   0.000     0.000    adc_clk_i[1]
    U18                  IBUFDS (Prop_ibufds_I_O)     0.401     0.401 r  i_clk/O
                         net (fo=1, routed)           0.440     0.842    pll/adc_clk_in
    PLLE2_ADV_X0Y0       PLLE2_ADV (Prop_plle2_adv_CLKIN1_CLKOUT1)
                                                      0.051     0.893 r  pll/pll/CLKOUT1
                         net (fo=1, routed)           0.497     1.390    pll_dac_clk_1x
    BUFGCTRL_X0Y5        BUFG (Prop_bufg_I_O)         0.026     1.416 r  bufg_dac_clk_1x/O
                         net (fo=45, routed)          0.586     2.001    dac_clk_1x
    SLICE_X43Y64         FDRE                                         r  dac_rst_reg/C
  -------------------------------------------------------------------    -------------------
    SLICE_X43Y64         FDRE (Prop_fdre_C_Q)         0.141     2.142 r  dac_rst_reg/Q
                         net (fo=17, routed)          0.627     2.770    dac_rst
    OLOGIC_X0Y70         ODDR                                         r  oddr_dac_dat[10]/R
  -------------------------------------------------------------------    -------------------

                         (clock pll_dac_clk_1x rise edge)
                                                      0.000     0.000 r  
    U18                                               0.000     0.000 r  adc_clk_i[1] (IN)
                         net (fo=0)                   0.000     0.000    adc_clk_i[1]
    U18                  IBUFDS (Prop_ibufds_I_O)     0.433     0.433 r  i_clk/O
                         net (fo=1, routed)           0.481     0.914    pll/adc_clk_in
    PLLE2_ADV_X0Y0       PLLE2_ADV (Prop_plle2_adv_CLKIN1_CLKOUT1)
                                                      0.054     0.968 r  pll/pll/CLKOUT1
                         net (fo=1, routed)           0.544     1.512    pll_dac_clk_1x
    BUFGCTRL_X0Y5        BUFG (Prop_bufg_I_O)         0.029     1.541 r  bufg_dac_clk_1x/O
                         net (fo=45, routed)          0.847     2.388    dac_clk_1x
    OLOGIC_X0Y70         ODDR                                         r  oddr_dac_dat[10]/C
                         clock pessimism             -0.360     2.028    
    OLOGIC_X0Y70         ODDR (Hold_oddr_C_R)         0.476     2.504    oddr_dac_dat[10]
  -------------------------------------------------------------------
                         required time                         -2.504    
                         arrival time                           2.770    
  -------------------------------------------------------------------
                         slack                                  0.265    

Slack (MET) :             0.295ns  (arrival time - required time)
  Source:                 dac_rst_reg/C
                            (rising edge-triggered cell FDRE clocked by pll_dac_clk_1x  {rise@0.000ns fall@4.069ns period=8.138ns})
  Destination:            oddr_dac_dat[4]/R
                            (rising edge-triggered cell ODDR clocked by pll_dac_clk_1x  {rise@0.000ns fall@4.069ns period=8.138ns})
  Path Group:             pll_dac_clk_1x
  Path Type:              Hold (Min at Fast Process Corner)
  Requirement:            0.000ns  (pll_dac_clk_1x rise@0.000ns - pll_dac_clk_1x rise@0.000ns)
  Data Path Delay:        0.798ns  (logic 0.141ns (17.672%)  route 0.657ns (82.328%))
  Logic Levels:           0  
  Clock Path Skew:        0.027ns (DCD - SCD - CPR)
    Destination Clock Delay (DCD):    2.388ns
    Source Clock Delay      (SCD):    2.001ns
    Clock Pessimism Removal (CPR):    0.360ns

    Location             Delay type                Incr(ns)  Path(ns)    Netlist Resource(s)
  -------------------------------------------------------------------    -------------------
                         (clock pll_dac_clk_1x rise edge)
                                                      0.000     0.000 r  
    U18                                               0.000     0.000 r  adc_clk_i[1] (IN)
                         net (fo=0)                   0.000     0.000    adc_clk_i[1]
    U18                  IBUFDS (Prop_ibufds_I_O)     0.401     0.401 r  i_clk/O
                         net (fo=1, routed)           0.440     0.842    pll/adc_clk_in
    PLLE2_ADV_X0Y0       PLLE2_ADV (Prop_plle2_adv_CLKIN1_CLKOUT1)
                                                      0.051     0.893 r  pll/pll/CLKOUT1
                         net (fo=1, routed)           0.497     1.390    pll_dac_clk_1x
    BUFGCTRL_X0Y5        BUFG (Prop_bufg_I_O)         0.026     1.416 r  bufg_dac_clk_1x/O
                         net (fo=45, routed)          0.586     2.001    dac_clk_1x
    SLICE_X43Y64         FDRE                                         r  dac_rst_reg/C
  -------------------------------------------------------------------    -------------------
    SLICE_X43Y64         FDRE (Prop_fdre_C_Q)         0.141     2.142 r  dac_rst_reg/Q
                         net (fo=17, routed)          0.657     2.799    dac_rst
    OLOGIC_X0Y80         ODDR                                         r  oddr_dac_dat[4]/R
  -------------------------------------------------------------------    -------------------

                         (clock pll_dac_clk_1x rise edge)
                                                      0.000     0.000 r  
    U18                                               0.000     0.000 r  adc_clk_i[1] (IN)
                         net (fo=0)                   0.000     0.000    adc_clk_i[1]
    U18                  IBUFDS (Prop_ibufds_I_O)     0.433     0.433 r  i_clk/O
                         net (fo=1, routed)           0.481     0.914    pll/adc_clk_in
    PLLE2_ADV_X0Y0       PLLE2_ADV (Prop_plle2_adv_CLKIN1_CLKOUT1)
                                                      0.054     0.968 r  pll/pll/CLKOUT1
                         net (fo=1, routed)           0.544     1.512    pll_dac_clk_1x
    BUFGCTRL_X0Y5        BUFG (Prop_bufg_I_O)         0.029     1.541 r  bufg_dac_clk_1x/O
                         net (fo=45, routed)          0.847     2.388    dac_clk_1x
    OLOGIC_X0Y80         ODDR                                         r  oddr_dac_dat[4]/C
                         clock pessimism             -0.360     2.028    
    OLOGIC_X0Y80         ODDR (Hold_oddr_C_R)         0.476     2.504    oddr_dac_dat[4]
  -------------------------------------------------------------------
                         required time                         -2.504    
                         arrival time                           2.799    
  -------------------------------------------------------------------
                         slack                                  0.295    

Slack (MET) :             0.314ns  (arrival time - required time)
  Source:                 dac_rst_reg/C
                            (rising edge-triggered cell FDRE clocked by pll_dac_clk_1x  {rise@0.000ns fall@4.069ns period=8.138ns})
  Destination:            oddr_dac_dat[11]/R
                            (rising edge-triggered cell ODDR clocked by pll_dac_clk_1x  {rise@0.000ns fall@4.069ns period=8.138ns})
  Path Group:             pll_dac_clk_1x
  Path Type:              Hold (Min at Fast Process Corner)
  Requirement:            0.000ns  (pll_dac_clk_1x rise@0.000ns - pll_dac_clk_1x rise@0.000ns)
  Data Path Delay:        0.817ns  (logic 0.141ns (17.262%)  route 0.676ns (82.738%))
  Logic Levels:           0  
  Clock Path Skew:        0.027ns (DCD - SCD - CPR)
    Destination Clock Delay (DCD):    2.388ns
    Source Clock Delay      (SCD):    2.001ns
    Clock Pessimism Removal (CPR):    0.360ns

    Location             Delay type                Incr(ns)  Path(ns)    Netlist Resource(s)
  -------------------------------------------------------------------    -------------------
                         (clock pll_dac_clk_1x rise edge)
                                                      0.000     0.000 r  
    U18                                               0.000     0.000 r  adc_clk_i[1] (IN)
                         net (fo=0)                   0.000     0.000    adc_clk_i[1]
    U18                  IBUFDS (Prop_ibufds_I_O)     0.401     0.401 r  i_clk/O
                         net (fo=1, routed)           0.440     0.842    pll/adc_clk_in
    PLLE2_ADV_X0Y0       PLLE2_ADV (Prop_plle2_adv_CLKIN1_CLKOUT1)
                                                      0.051     0.893 r  pll/pll/CLKOUT1
                         net (fo=1, routed)           0.497     1.390    pll_dac_clk_1x
    BUFGCTRL_X0Y5        BUFG (Prop_bufg_I_O)         0.026     1.416 r  bufg_dac_clk_1x/O
                         net (fo=45, routed)          0.586     2.001    dac_clk_1x
    SLICE_X43Y64         FDRE                                         r  dac_rst_reg/C
  -------------------------------------------------------------------    -------------------
    SLICE_X43Y64         FDRE (Prop_fdre_C_Q)         0.141     2.142 r  dac_rst_reg/Q
                         net (fo=17, routed)          0.676     2.818    dac_rst
    OLOGIC_X0Y69         ODDR                                         r  oddr_dac_dat[11]/R
  -------------------------------------------------------------------    -------------------

                         (clock pll_dac_clk_1x rise edge)
                                                      0.000     0.000 r  
    U18                                               0.000     0.000 r  adc_clk_i[1] (IN)
                         net (fo=0)                   0.000     0.000    adc_clk_i[1]
    U18                  IBUFDS (Prop_ibufds_I_O)     0.433     0.433 r  i_clk/O
                         net (fo=1, routed)           0.481     0.914    pll/adc_clk_in
    PLLE2_ADV_X0Y0       PLLE2_ADV (Prop_plle2_adv_CLKIN1_CLKOUT1)
                                                      0.054     0.968 r  pll/pll/CLKOUT1
                         net (fo=1, routed)           0.544     1.512    pll_dac_clk_1x
    BUFGCTRL_X0Y5        BUFG (Prop_bufg_I_O)         0.029     1.541 r  bufg_dac_clk_1x/O
                         net (fo=45, routed)          0.847     2.388    dac_clk_1x
    OLOGIC_X0Y69         ODDR                                         r  oddr_dac_dat[11]/C
                         clock pessimism             -0.360     2.028    
    OLOGIC_X0Y69         ODDR (Hold_oddr_C_R)         0.476     2.504    oddr_dac_dat[11]
  -------------------------------------------------------------------
                         required time                         -2.504    
                         arrival time                           2.818    
  -------------------------------------------------------------------
                         slack                                  0.314    

Slack (MET) :             0.355ns  (arrival time - required time)
  Source:                 dac_rst_reg/C
                            (rising edge-triggered cell FDRE clocked by pll_dac_clk_1x  {rise@0.000ns fall@4.069ns period=8.138ns})
  Destination:            oddr_dac_dat[8]/R
                            (rising edge-triggered cell ODDR clocked by pll_dac_clk_1x  {rise@0.000ns fall@4.069ns period=8.138ns})
  Path Group:             pll_dac_clk_1x
  Path Type:              Hold (Min at Fast Process Corner)
  Requirement:            0.000ns  (pll_dac_clk_1x rise@0.000ns - pll_dac_clk_1x rise@0.000ns)
  Data Path Delay:        0.862ns  (logic 0.141ns (16.364%)  route 0.721ns (83.636%))
  Logic Levels:           0  
  Clock Path Skew:        0.031ns (DCD - SCD - CPR)
    Destination Clock Delay (DCD):    2.392ns
    Source Clock Delay      (SCD):    2.001ns
    Clock Pessimism Removal (CPR):    0.360ns

    Location             Delay type                Incr(ns)  Path(ns)    Netlist Resource(s)
  -------------------------------------------------------------------    -------------------
                         (clock pll_dac_clk_1x rise edge)
                                                      0.000     0.000 r  
    U18                                               0.000     0.000 r  adc_clk_i[1] (IN)
                         net (fo=0)                   0.000     0.000    adc_clk_i[1]
    U18                  IBUFDS (Prop_ibufds_I_O)     0.401     0.401 r  i_clk/O
                         net (fo=1, routed)           0.440     0.842    pll/adc_clk_in
    PLLE2_ADV_X0Y0       PLLE2_ADV (Prop_plle2_adv_CLKIN1_CLKOUT1)
                                                      0.051     0.893 r  pll/pll/CLKOUT1
                         net (fo=1, routed)           0.497     1.390    pll_dac_clk_1x
    BUFGCTRL_X0Y5        BUFG (Prop_bufg_I_O)         0.026     1.416 r  bufg_dac_clk_1x/O
                         net (fo=45, routed)          0.586     2.001    dac_clk_1x
    SLICE_X43Y64         FDRE                                         r  dac_rst_reg/C
  -------------------------------------------------------------------    -------------------
    SLICE_X43Y64         FDRE (Prop_fdre_C_Q)         0.141     2.142 r  dac_rst_reg/Q
                         net (fo=17, routed)          0.721     2.863    dac_rst
    OLOGIC_X0Y64         ODDR                                         r  oddr_dac_dat[8]/R
  -------------------------------------------------------------------    -------------------

                         (clock pll_dac_clk_1x rise edge)
                                                      0.000     0.000 r  
    U18                                               0.000     0.000 r  adc_clk_i[1] (IN)
                         net (fo=0)                   0.000     0.000    adc_clk_i[1]
    U18                  IBUFDS (Prop_ibufds_I_O)     0.433     0.433 r  i_clk/O
                         net (fo=1, routed)           0.481     0.914    pll/adc_clk_in
    PLLE2_ADV_X0Y0       PLLE2_ADV (Prop_plle2_adv_CLKIN1_CLKOUT1)
                                                      0.054     0.968 r  pll/pll/CLKOUT1
                         net (fo=1, routed)           0.544     1.512    pll_dac_clk_1x
    BUFGCTRL_X0Y5        BUFG (Prop_bufg_I_O)         0.029     1.541 r  bufg_dac_clk_1x/O
                         net (fo=45, routed)          0.851     2.392    dac_clk_1x
    OLOGIC_X0Y64         ODDR                                         r  oddr_dac_dat[8]/C
                         clock pessimism             -0.360     2.032    
    OLOGIC_X0Y64         ODDR (Hold_oddr_C_R)         0.476     2.508    oddr_dac_dat[8]
  -------------------------------------------------------------------
                         required time                         -2.508    
                         arrival time                           2.863    
  -------------------------------------------------------------------
                         slack                                  0.355    

Slack (MET) :             0.367ns  (arrival time - required time)
  Source:                 dac_rst_reg/C
                            (rising edge-triggered cell FDRE clocked by pll_dac_clk_1x  {rise@0.000ns fall@4.069ns period=8.138ns})
  Destination:            oddr_dac_dat[3]/R
                            (rising edge-triggered cell ODDR clocked by pll_dac_clk_1x  {rise@0.000ns fall@4.069ns period=8.138ns})
  Path Group:             pll_dac_clk_1x
  Path Type:              Hold (Min at Fast Process Corner)
  Requirement:            0.000ns  (pll_dac_clk_1x rise@0.000ns - pll_dac_clk_1x rise@0.000ns)
  Data Path Delay:        0.872ns  (logic 0.141ns (16.178%)  route 0.731ns (83.822%))
  Logic Levels:           0  
  Clock Path Skew:        0.029ns (DCD - SCD - CPR)
    Destination Clock Delay (DCD):    2.390ns
    Source Clock Delay      (SCD):    2.001ns
    Clock Pessimism Removal (CPR):    0.360ns

    Location             Delay type                Incr(ns)  Path(ns)    Netlist Resource(s)
  -------------------------------------------------------------------    -------------------
                         (clock pll_dac_clk_1x rise edge)
                                                      0.000     0.000 r  
    U18                                               0.000     0.000 r  adc_clk_i[1] (IN)
                         net (fo=0)                   0.000     0.000    adc_clk_i[1]
    U18                  IBUFDS (Prop_ibufds_I_O)     0.401     0.401 r  i_clk/O
                         net (fo=1, routed)           0.440     0.842    pll/adc_clk_in
    PLLE2_ADV_X0Y0       PLLE2_ADV (Prop_plle2_adv_CLKIN1_CLKOUT1)
                                                      0.051     0.893 r  pll/pll/CLKOUT1
                         net (fo=1, routed)           0.497     1.390    pll_dac_clk_1x
    BUFGCTRL_X0Y5        BUFG (Prop_bufg_I_O)         0.026     1.416 r  bufg_dac_clk_1x/O
                         net (fo=45, routed)          0.586     2.001    dac_clk_1x
    SLICE_X43Y64         FDRE                                         r  dac_rst_reg/C
  -------------------------------------------------------------------    -------------------
    SLICE_X43Y64         FDRE (Prop_fdre_C_Q)         0.141     2.142 r  dac_rst_reg/Q
                         net (fo=17, routed)          0.731     2.873    dac_rst
    OLOGIC_X0Y81         ODDR                                         r  oddr_dac_dat[3]/R
  -------------------------------------------------------------------    -------------------

                         (clock pll_dac_clk_1x rise edge)
                                                      0.000     0.000 r  
    U18                                               0.000     0.000 r  adc_clk_i[1] (IN)
                         net (fo=0)                   0.000     0.000    adc_clk_i[1]
    U18                  IBUFDS (Prop_ibufds_I_O)     0.433     0.433 r  i_clk/O
                         net (fo=1, routed)           0.481     0.914    pll/adc_clk_in
    PLLE2_ADV_X0Y0       PLLE2_ADV (Prop_plle2_adv_CLKIN1_CLKOUT1)
                                                      0.054     0.968 r  pll/pll/CLKOUT1
                         net (fo=1, routed)           0.544     1.512    pll_dac_clk_1x
    BUFGCTRL_X0Y5        BUFG (Prop_bufg_I_O)         0.029     1.541 r  bufg_dac_clk_1x/O
                         net (fo=45, routed)          0.849     2.390    dac_clk_1x
    OLOGIC_X0Y81         ODDR                                         r  oddr_dac_dat[3]/C
                         clock pessimism             -0.360     2.030    
    OLOGIC_X0Y81         ODDR (Hold_oddr_C_R)         0.476     2.506    oddr_dac_dat[3]
  -------------------------------------------------------------------
                         required time                         -2.506    
                         arrival time                           2.873    
  -------------------------------------------------------------------
                         slack                                  0.367    

Slack (MET) :             0.405ns  (arrival time - required time)
  Source:                 dac_rst_reg/C
                            (rising edge-triggered cell FDRE clocked by pll_dac_clk_1x  {rise@0.000ns fall@4.069ns period=8.138ns})
  Destination:            oddr_dac_dat[9]/R
                            (rising edge-triggered cell ODDR clocked by pll_dac_clk_1x  {rise@0.000ns fall@4.069ns period=8.138ns})
  Path Group:             pll_dac_clk_1x
  Path Type:              Hold (Min at Fast Process Corner)
  Requirement:            0.000ns  (pll_dac_clk_1x rise@0.000ns - pll_dac_clk_1x rise@0.000ns)
  Data Path Delay:        0.912ns  (logic 0.141ns (15.457%)  route 0.771ns (84.543%))
  Logic Levels:           0  
  Clock Path Skew:        0.031ns (DCD - SCD - CPR)
    Destination Clock Delay (DCD):    2.392ns
    Source Clock Delay      (SCD):    2.001ns
    Clock Pessimism Removal (CPR):    0.360ns

    Location             Delay type                Incr(ns)  Path(ns)    Netlist Resource(s)
  -------------------------------------------------------------------    -------------------
                         (clock pll_dac_clk_1x rise edge)
                                                      0.000     0.000 r  
    U18                                               0.000     0.000 r  adc_clk_i[1] (IN)
                         net (fo=0)                   0.000     0.000    adc_clk_i[1]
    U18                  IBUFDS (Prop_ibufds_I_O)     0.401     0.401 r  i_clk/O
                         net (fo=1, routed)           0.440     0.842    pll/adc_clk_in
    PLLE2_ADV_X0Y0       PLLE2_ADV (Prop_plle2_adv_CLKIN1_CLKOUT1)
                                                      0.051     0.893 r  pll/pll/CLKOUT1
                         net (fo=1, routed)           0.497     1.390    pll_dac_clk_1x
    BUFGCTRL_X0Y5        BUFG (Prop_bufg_I_O)         0.026     1.416 r  bufg_dac_clk_1x/O
                         net (fo=45, routed)          0.586     2.001    dac_clk_1x
    SLICE_X43Y64         FDRE                                         r  dac_rst_reg/C
  -------------------------------------------------------------------    -------------------
    SLICE_X43Y64         FDRE (Prop_fdre_C_Q)         0.141     2.142 r  dac_rst_reg/Q
                         net (fo=17, routed)          0.771     2.914    dac_rst
    OLOGIC_X0Y63         ODDR                                         r  oddr_dac_dat[9]/R
  -------------------------------------------------------------------    -------------------

                         (clock pll_dac_clk_1x rise edge)
                                                      0.000     0.000 r  
    U18                                               0.000     0.000 r  adc_clk_i[1] (IN)
                         net (fo=0)                   0.000     0.000    adc_clk_i[1]
    U18                  IBUFDS (Prop_ibufds_I_O)     0.433     0.433 r  i_clk/O
                         net (fo=1, routed)           0.481     0.914    pll/adc_clk_in
    PLLE2_ADV_X0Y0       PLLE2_ADV (Prop_plle2_adv_CLKIN1_CLKOUT1)
                                                      0.054     0.968 r  pll/pll/CLKOUT1
                         net (fo=1, routed)           0.544     1.512    pll_dac_clk_1x
    BUFGCTRL_X0Y5        BUFG (Prop_bufg_I_O)         0.029     1.541 r  bufg_dac_clk_1x/O
                         net (fo=45, routed)          0.851     2.392    dac_clk_1x
    OLOGIC_X0Y63         ODDR                                         r  oddr_dac_dat[9]/C
                         clock pessimism             -0.360     2.032    
    OLOGIC_X0Y63         ODDR (Hold_oddr_C_R)         0.476     2.508    oddr_dac_dat[9]
  -------------------------------------------------------------------
                         required time                         -2.508    
                         arrival time                           2.914    
  -------------------------------------------------------------------
                         slack                                  0.405    

Slack (MET) :             0.407ns  (arrival time - required time)
  Source:                 dac_rst_reg/C
                            (rising edge-triggered cell FDRE clocked by pll_dac_clk_1x  {rise@0.000ns fall@4.069ns period=8.138ns})
  Destination:            oddr_dac_dat[5]/R
                            (rising edge-triggered cell ODDR clocked by pll_dac_clk_1x  {rise@0.000ns fall@4.069ns period=8.138ns})
  Path Group:             pll_dac_clk_1x
  Path Type:              Hold (Min at Fast Process Corner)
  Requirement:            0.000ns  (pll_dac_clk_1x rise@0.000ns - pll_dac_clk_1x rise@0.000ns)
  Data Path Delay:        0.910ns  (logic 0.141ns (15.488%)  route 0.769ns (84.512%))
  Logic Levels:           0  
  Clock Path Skew:        0.027ns (DCD - SCD - CPR)
    Destination Clock Delay (DCD):    2.388ns
    Source Clock Delay      (SCD):    2.001ns
    Clock Pessimism Removal (CPR):    0.360ns

    Location             Delay type                Incr(ns)  Path(ns)    Netlist Resource(s)
  -------------------------------------------------------------------    -------------------
                         (clock pll_dac_clk_1x rise edge)
                                                      0.000     0.000 r  
    U18                                               0.000     0.000 r  adc_clk_i[1] (IN)
                         net (fo=0)                   0.000     0.000    adc_clk_i[1]
    U18                  IBUFDS (Prop_ibufds_I_O)     0.401     0.401 r  i_clk/O
                         net (fo=1, routed)           0.440     0.842    pll/adc_clk_in
    PLLE2_ADV_X0Y0       PLLE2_ADV (Prop_plle2_adv_CLKIN1_CLKOUT1)
                                                      0.051     0.893 r  pll/pll/CLKOUT1
                         net (fo=1, routed)           0.497     1.390    pll_dac_clk_1x
    BUFGCTRL_X0Y5        BUFG (Prop_bufg_I_O)         0.026     1.416 r  bufg_dac_clk_1x/O
                         net (fo=45, routed)          0.586     2.001    dac_clk_1x
    SLICE_X43Y64         FDRE                                         r  dac_rst_reg/C
  -------------------------------------------------------------------    -------------------
    SLICE_X43Y64         FDRE (Prop_fdre_C_Q)         0.141     2.142 r  dac_rst_reg/Q
                         net (fo=17, routed)          0.769     2.912    dac_rst
    OLOGIC_X0Y79         ODDR                                         r  oddr_dac_dat[5]/R
  -------------------------------------------------------------------    -------------------

                         (clock pll_dac_clk_1x rise edge)
                                                      0.000     0.000 r  
    U18                                               0.000     0.000 r  adc_clk_i[1] (IN)
                         net (fo=0)                   0.000     0.000    adc_clk_i[1]
    U18                  IBUFDS (Prop_ibufds_I_O)     0.433     0.433 r  i_clk/O
                         net (fo=1, routed)           0.481     0.914    pll/adc_clk_in
    PLLE2_ADV_X0Y0       PLLE2_ADV (Prop_plle2_adv_CLKIN1_CLKOUT1)
                                                      0.054     0.968 r  pll/pll/CLKOUT1
                         net (fo=1, routed)           0.544     1.512    pll_dac_clk_1x
    BUFGCTRL_X0Y5        BUFG (Prop_bufg_I_O)         0.029     1.541 r  bufg_dac_clk_1x/O
                         net (fo=45, routed)          0.847     2.388    dac_clk_1x
    OLOGIC_X0Y79         ODDR                                         r  oddr_dac_dat[5]/C
                         clock pessimism             -0.360     2.028    
    OLOGIC_X0Y79         ODDR (Hold_oddr_C_R)         0.476     2.504    oddr_dac_dat[5]
  -------------------------------------------------------------------
                         required time                         -2.504    
                         arrival time                           2.912    
  -------------------------------------------------------------------
                         slack                                  0.407    

Slack (MET) :             0.418ns  (arrival time - required time)
  Source:                 dac_rst_reg/C
                            (rising edge-triggered cell FDRE clocked by pll_dac_clk_1x  {rise@0.000ns fall@4.069ns period=8.138ns})
  Destination:            oddr_dac_dat[7]/R
                            (rising edge-triggered cell ODDR clocked by pll_dac_clk_1x  {rise@0.000ns fall@4.069ns period=8.138ns})
  Path Group:             pll_dac_clk_1x
  Path Type:              Hold (Min at Fast Process Corner)
  Requirement:            0.000ns  (pll_dac_clk_1x rise@0.000ns - pll_dac_clk_1x rise@0.000ns)
  Data Path Delay:        0.925ns  (logic 0.141ns (15.244%)  route 0.784ns (84.756%))
  Logic Levels:           0  
  Clock Path Skew:        0.031ns (DCD - SCD - CPR)
    Destination Clock Delay (DCD):    2.392ns
    Source Clock Delay      (SCD):    2.001ns
    Clock Pessimism Removal (CPR):    0.360ns

    Location             Delay type                Incr(ns)  Path(ns)    Netlist Resource(s)
  -------------------------------------------------------------------    -------------------
                         (clock pll_dac_clk_1x rise edge)
                                                      0.000     0.000 r  
    U18                                               0.000     0.000 r  adc_clk_i[1] (IN)
                         net (fo=0)                   0.000     0.000    adc_clk_i[1]
    U18                  IBUFDS (Prop_ibufds_I_O)     0.401     0.401 r  i_clk/O
                         net (fo=1, routed)           0.440     0.842    pll/adc_clk_in
    PLLE2_ADV_X0Y0       PLLE2_ADV (Prop_plle2_adv_CLKIN1_CLKOUT1)
                                                      0.051     0.893 r  pll/pll/CLKOUT1
                         net (fo=1, routed)           0.497     1.390    pll_dac_clk_1x
    BUFGCTRL_X0Y5        BUFG (Prop_bufg_I_O)         0.026     1.416 r  bufg_dac_clk_1x/O
                         net (fo=45, routed)          0.586     2.001    dac_clk_1x
    SLICE_X43Y64         FDRE                                         r  dac_rst_reg/C
  -------------------------------------------------------------------    -------------------
    SLICE_X43Y64         FDRE (Prop_fdre_C_Q)         0.141     2.142 r  dac_rst_reg/Q
                         net (fo=17, routed)          0.784     2.926    dac_rst
    OLOGIC_X0Y65         ODDR                                         r  oddr_dac_dat[7]/R
  -------------------------------------------------------------------    -------------------

                         (clock pll_dac_clk_1x rise edge)
                                                      0.000     0.000 r  
    U18                                               0.000     0.000 r  adc_clk_i[1] (IN)
                         net (fo=0)                   0.000     0.000    adc_clk_i[1]
    U18                  IBUFDS (Prop_ibufds_I_O)     0.433     0.433 r  i_clk/O
                         net (fo=1, routed)           0.481     0.914    pll/adc_clk_in
    PLLE2_ADV_X0Y0       PLLE2_ADV (Prop_plle2_adv_CLKIN1_CLKOUT1)
                                                      0.054     0.968 r  pll/pll/CLKOUT1
                         net (fo=1, routed)           0.544     1.512    pll_dac_clk_1x
    BUFGCTRL_X0Y5        BUFG (Prop_bufg_I_O)         0.029     1.541 r  bufg_dac_clk_1x/O
                         net (fo=45, routed)          0.851     2.392    dac_clk_1x
    OLOGIC_X0Y65         ODDR                                         r  oddr_dac_dat[7]/C
                         clock pessimism             -0.360     2.032    
    OLOGIC_X0Y65         ODDR (Hold_oddr_C_R)         0.476     2.508    oddr_dac_dat[7]
  -------------------------------------------------------------------
                         required time                         -2.508    
                         arrival time                           2.926    
  -------------------------------------------------------------------
                         slack                                  0.418    

Slack (MET) :             0.443ns  (arrival time - required time)
  Source:                 dac_dat_b_reg[6]/C
                            (rising edge-triggered cell FDRE clocked by pll_dac_clk_1x  {rise@0.000ns fall@4.069ns period=8.138ns})
  Destination:            oddr_dac_dat[6]/D1
                            (rising edge-triggered cell ODDR clocked by pll_dac_clk_1x  {rise@0.000ns fall@4.069ns period=8.138ns})
  Path Group:             pll_dac_clk_1x
  Path Type:              Hold (Min at Fast Process Corner)
  Requirement:            0.000ns  (pll_dac_clk_1x rise@0.000ns - pll_dac_clk_1x rise@0.000ns)
  Data Path Delay:        0.383ns  (logic 0.164ns (42.847%)  route 0.219ns (57.153%))
  Logic Levels:           0  
  Clock Path Skew:        0.033ns (DCD - SCD - CPR)
    Destination Clock Delay (DCD):    2.392ns
    Source Clock Delay      (SCD):    1.999ns
    Clock Pessimism Removal (CPR):    0.360ns

    Location             Delay type                Incr(ns)  Path(ns)    Netlist Resource(s)
  -------------------------------------------------------------------    -------------------
                         (clock pll_dac_clk_1x rise edge)
                                                      0.000     0.000 r  
    U18                                               0.000     0.000 r  adc_clk_i[1] (IN)
                         net (fo=0)                   0.000     0.000    adc_clk_i[1]
    U18                  IBUFDS (Prop_ibufds_I_O)     0.401     0.401 r  i_clk/O
                         net (fo=1, routed)           0.440     0.842    pll/adc_clk_in
    PLLE2_ADV_X0Y0       PLLE2_ADV (Prop_plle2_adv_CLKIN1_CLKOUT1)
                                                      0.051     0.893 r  pll/pll/CLKOUT1
                         net (fo=1, routed)           0.497     1.390    pll_dac_clk_1x
    BUFGCTRL_X0Y5        BUFG (Prop_bufg_I_O)         0.026     1.416 r  bufg_dac_clk_1x/O
                         net (fo=45, routed)          0.584     1.999    dac_clk_1x
    SLICE_X42Y67         FDRE                                         r  dac_dat_b_reg[6]/C
  -------------------------------------------------------------------    -------------------
    SLICE_X42Y67         FDRE (Prop_fdre_C_Q)         0.164     2.163 r  dac_dat_b_reg[6]/Q
                         net (fo=1, routed)           0.219     2.382    dac_dat_b[6]
    OLOGIC_X0Y66         ODDR                                         r  oddr_dac_dat[6]/D1
  -------------------------------------------------------------------    -------------------

                         (clock pll_dac_clk_1x rise edge)
                                                      0.000     0.000 r  
    U18                                               0.000     0.000 r  adc_clk_i[1] (IN)
                         net (fo=0)                   0.000     0.000    adc_clk_i[1]
    U18                  IBUFDS (Prop_ibufds_I_O)     0.433     0.433 r  i_clk/O
                         net (fo=1, routed)           0.481     0.914    pll/adc_clk_in
    PLLE2_ADV_X0Y0       PLLE2_ADV (Prop_plle2_adv_CLKIN1_CLKOUT1)
                                                      0.054     0.968 r  pll/pll/CLKOUT1
                         net (fo=1, routed)           0.544     1.512    pll_dac_clk_1x
    BUFGCTRL_X0Y5        BUFG (Prop_bufg_I_O)         0.029     1.541 r  bufg_dac_clk_1x/O
                         net (fo=45, routed)          0.851     2.392    dac_clk_1x
    OLOGIC_X0Y66         ODDR                                         r  oddr_dac_dat[6]/C
                         clock pessimism             -0.360     2.032    
    OLOGIC_X0Y66         ODDR (Hold_oddr_C_D1)       -0.093     1.939    oddr_dac_dat[6]
  -------------------------------------------------------------------
                         required time                         -1.939    
                         arrival time                           2.382    
  -------------------------------------------------------------------
                         slack                                  0.443    





Pulse Width Checks
--------------------------------------------------------------------------------------
Clock Name:         pll_dac_clk_1x
Waveform(ns):       { 0.000 4.069 }
Period(ns):         8.138
Sources:            { pll/pll/CLKOUT1 }

Check Type        Corner  Lib Pin            Reference Pin  Required(ns)  Actual(ns)  Slack(ns)  Location        Pin
Min Period        n/a     BUFG/I             n/a            2.155         8.138       5.983      BUFGCTRL_X0Y5   bufg_dac_clk_1x/I
Min Period        n/a     ODDR/C             n/a            1.474         8.138       6.664      OLOGIC_X0Y86    oddr_dac_dat[0]/C
Min Period        n/a     ODDR/C             n/a            1.474         8.138       6.664      OLOGIC_X0Y70    oddr_dac_dat[10]/C
Min Period        n/a     ODDR/C             n/a            1.474         8.138       6.664      OLOGIC_X0Y69    oddr_dac_dat[11]/C
Min Period        n/a     ODDR/C             n/a            1.474         8.138       6.664      OLOGIC_X0Y91    oddr_dac_dat[12]/C
Min Period        n/a     ODDR/C             n/a            1.474         8.138       6.664      OLOGIC_X0Y92    oddr_dac_dat[13]/C
Min Period        n/a     ODDR/C             n/a            1.474         8.138       6.664      OLOGIC_X0Y85    oddr_dac_dat[1]/C
Min Period        n/a     ODDR/C             n/a            1.474         8.138       6.664      OLOGIC_X0Y82    oddr_dac_dat[2]/C
Min Period        n/a     ODDR/C             n/a            1.474         8.138       6.664      OLOGIC_X0Y81    oddr_dac_dat[3]/C
Min Period        n/a     ODDR/C             n/a            1.474         8.138       6.664      OLOGIC_X0Y80    oddr_dac_dat[4]/C
Max Period        n/a     PLLE2_ADV/CLKOUT1  n/a            160.000       8.138       151.862    PLLE2_ADV_X0Y0  pll/pll/CLKOUT1
Low Pulse Width   Slow    FDRE/C             n/a            0.500         4.069       3.569      SLICE_X40Y72    dac_dat_a_reg[0]/C
Low Pulse Width   Fast    FDRE/C             n/a            0.500         4.069       3.569      SLICE_X40Y72    dac_dat_a_reg[0]/C
Low Pulse Width   Slow    FDRE/C             n/a            0.500         4.069       3.569      SLICE_X38Y72    dac_dat_a_reg[10]/C
Low Pulse Width   Fast    FDRE/C             n/a            0.500         4.069       3.569      SLICE_X38Y72    dac_dat_a_reg[10]/C
Low Pulse Width   Slow    FDRE/C             n/a            0.500         4.069       3.569      SLICE_X39Y71    dac_dat_a_reg[11]/C
Low Pulse Width   Fast    FDRE/C             n/a            0.500         4.069       3.569      SLICE_X39Y71    dac_dat_a_reg[11]/C
Low Pulse Width   Slow    FDRE/C             n/a            0.500         4.069       3.569      SLICE_X38Y73    dac_dat_a_reg[12]/C
Low Pulse Width   Fast    FDRE/C             n/a            0.500         4.069       3.569      SLICE_X38Y73    dac_dat_a_reg[12]/C
Low Pulse Width   Slow    FDRE/C             n/a            0.500         4.069       3.569      SLICE_X42Y75    dac_dat_a_reg[13]/C
Low Pulse Width   Fast    FDRE/C             n/a            0.500         4.069       3.569      SLICE_X42Y75    dac_dat_a_reg[13]/C
High Pulse Width  Slow    FDRE/C             n/a            0.500         4.069       3.569      SLICE_X40Y72    dac_dat_a_reg[0]/C
High Pulse Width  Fast    FDRE/C             n/a            0.500         4.069       3.569      SLICE_X40Y72    dac_dat_a_reg[0]/C
High Pulse Width  Slow    FDRE/C             n/a            0.500         4.069       3.569      SLICE_X38Y72    dac_dat_a_reg[10]/C
High Pulse Width  Fast    FDRE/C             n/a            0.500         4.069       3.569      SLICE_X38Y72    dac_dat_a_reg[10]/C
High Pulse Width  Slow    FDRE/C             n/a            0.500         4.069       3.569      SLICE_X39Y71    dac_dat_a_reg[11]/C
High Pulse Width  Fast    FDRE/C             n/a            0.500         4.069       3.569      SLICE_X39Y71    dac_dat_a_reg[11]/C
High Pulse Width  Slow    FDRE/C             n/a            0.500         4.069       3.569      SLICE_X38Y73    dac_dat_a_reg[12]/C
High Pulse Width  Fast    FDRE/C             n/a            0.500         4.069       3.569      SLICE_X38Y73    dac_dat_a_reg[12]/C
High Pulse Width  Slow    FDRE/C             n/a            0.500         4.069       3.569      SLICE_X42Y75    dac_dat_a_reg[13]/C
High Pulse Width  Fast    FDRE/C             n/a            0.500         4.069       3.569      SLICE_X42Y75    dac_dat_a_reg[13]/C



---------------------------------------------------------------------------------------------------
From Clock:  pll_dac_clk_2p
  To Clock:  pll_dac_clk_2p

Setup :           NA  Failing Endpoints,  Worst Slack           NA  ,  Total Violation           NA
Hold  :           NA  Failing Endpoints,  Worst Slack           NA  ,  Total Violation           NA
PW    :            0  Failing Endpoints,  Worst Slack        1.914ns,  Total Violation        0.000ns
---------------------------------------------------------------------------------------------------


Pulse Width Checks
--------------------------------------------------------------------------------------
Clock Name:         pll_dac_clk_2p
Waveform(ns):       { -0.509 1.526 }
Period(ns):         4.069
Sources:            { pll/pll/CLKOUT3 }

Check Type  Corner  Lib Pin            Reference Pin  Required(ns)  Actual(ns)  Slack(ns)  Location        Pin
Min Period  n/a     BUFG/I             n/a            2.155         4.069       1.914      BUFGCTRL_X0Y7   bufg_dac_clk_2p/I
Min Period  n/a     ODDR/C             n/a            1.474         4.069       2.595      OLOGIC_X0Y83    oddr_dac_clk/C
Min Period  n/a     PLLE2_ADV/CLKOUT3  n/a            1.249         4.069       2.820      PLLE2_ADV_X0Y0  pll/pll/CLKOUT3
Max Period  n/a     PLLE2_ADV/CLKOUT3  n/a            160.000       4.069       155.931    PLLE2_ADV_X0Y0  pll/pll/CLKOUT3



---------------------------------------------------------------------------------------------------
From Clock:  pll_dac_clk_2x
  To Clock:  pll_dac_clk_2x

Setup :            0  Failing Endpoints,  Worst Slack        0.285ns,  Total Violation        0.000ns
Hold  :            0  Failing Endpoints,  Worst Slack        0.050ns,  Total Violation        0.000ns
PW    :            0  Failing Endpoints,  Worst Slack        0.784ns,  Total Violation        0.000ns
---------------------------------------------------------------------------------------------------


Max Delay Paths
--------------------------------------------------------------------------------------
Slack (MET) :             0.285ns  (required time - arrival time)
  Source:                 i_asg/chA/inst_axi_dac/inst_sync_fifo/U0/inst_fifo_gen/gconvfifo.rf/grf.rf/gntv_or_sync_fifo.mem/gbm.gbmg.gbmga.ngecc.bmg/inst_blk_mem_gen/gnbram.gnativebmg.native_blk_mem_gen/valid.cstr/ramloop[0].ram.r/prim_noinit.ram/DEVICE_7SERIES.NO_BMM_INFO.SDP.WIDE_PRIM36_NO_ECC.ram/CLKARDCLK
                            (rising edge-triggered cell RAMB36E1 clocked by pll_dac_clk_2x  {rise@0.000ns fall@2.034ns period=4.069ns})
  Destination:            i_asg/chA/inst_axi_dac/req_fifo_out_r_reg[20]/D
                            (rising edge-triggered cell FDRE clocked by pll_dac_clk_2x  {rise@0.000ns fall@2.034ns period=4.069ns})
  Path Group:             pll_dac_clk_2x
  Path Type:              Setup (Max at Slow Process Corner)
  Requirement:            4.069ns  (pll_dac_clk_2x rise@4.069ns - pll_dac_clk_2x rise@0.000ns)
  Data Path Delay:        3.560ns  (logic 2.454ns (68.929%)  route 1.106ns (31.071%))
  Logic Levels:           0  
  Clock Path Skew:        -0.102ns (DCD - SCD + CPR)
    Destination Clock Delay (DCD):    5.374ns = ( 9.443 - 4.069 ) 
    Source Clock Delay      (SCD):    5.935ns
    Clock Pessimism Removal (CPR):    0.458ns
  Clock Uncertainty:      0.063ns  ((TSJ^2 + DJ^2)^1/2) / 2 + PE
    Total System Jitter     (TSJ):    0.071ns
    Discrete Jitter          (DJ):    0.105ns
    Phase Error              (PE):    0.000ns

    Location             Delay type                Incr(ns)  Path(ns)    Netlist Resource(s)
  -------------------------------------------------------------------    -------------------
                         (clock pll_dac_clk_2x rise edge)
                                                      0.000     0.000 r  
    U18                                               0.000     0.000 r  adc_clk_i[1] (IN)
                         net (fo=0)                   0.000     0.000    adc_clk_i[1]
    U18                  IBUFDS (Prop_ibufds_I_O)     0.983     0.983 r  i_clk/O
                         net (fo=1, routed)           1.306     2.289    pll/adc_clk_in
    PLLE2_ADV_X0Y0       PLLE2_ADV (Prop_plle2_adv_CLKIN1_CLKOUT2)
                                                      0.089     2.378 r  pll/pll/CLKOUT2
                         net (fo=2, routed)           1.754     4.132    pll_dac_clk_2x
    BUFGCTRL_X0Y1        BUFG (Prop_bufg_I_O)         0.101     4.233 r  bufg_dac_axi_clk/O
                         net (fo=1073, routed)        1.701     5.935    i_asg/chA/inst_axi_dac/inst_sync_fifo/U0/inst_fifo_gen/gconvfifo.rf/grf.rf/gntv_or_sync_fifo.mem/gbm.gbmg.gbmga.ngecc.bmg/inst_blk_mem_gen/gnbram.gnativebmg.native_blk_mem_gen/valid.cstr/ramloop[0].ram.r/prim_noinit.ram/clkb
    RAMB36_X1Y5          RAMB36E1                                     r  i_asg/chA/inst_axi_dac/inst_sync_fifo/U0/inst_fifo_gen/gconvfifo.rf/grf.rf/gntv_or_sync_fifo.mem/gbm.gbmg.gbmga.ngecc.bmg/inst_blk_mem_gen/gnbram.gnativebmg.native_blk_mem_gen/valid.cstr/ramloop[0].ram.r/prim_noinit.ram/DEVICE_7SERIES.NO_BMM_INFO.SDP.WIDE_PRIM36_NO_ECC.ram/CLKARDCLK
  -------------------------------------------------------------------    -------------------
    RAMB36_X1Y5          RAMB36E1 (Prop_ramb36e1_CLKARDCLK_DOADO[18])
                                                      2.454     8.389 r  i_asg/chA/inst_axi_dac/inst_sync_fifo/U0/inst_fifo_gen/gconvfifo.rf/grf.rf/gntv_or_sync_fifo.mem/gbm.gbmg.gbmga.ngecc.bmg/inst_blk_mem_gen/gnbram.gnativebmg.native_blk_mem_gen/valid.cstr/ramloop[0].ram.r/prim_noinit.ram/DEVICE_7SERIES.NO_BMM_INFO.SDP.WIDE_PRIM36_NO_ECC.ram/DOADO[18]
                         net (fo=1, routed)           1.106     9.495    i_asg/chA/inst_axi_dac/req_fifo_out[20]
    SLICE_X25Y30         FDRE                                         r  i_asg/chA/inst_axi_dac/req_fifo_out_r_reg[20]/D
  -------------------------------------------------------------------    -------------------

                         (clock pll_dac_clk_2x rise edge)
                                                      4.069     4.069 r  
    U18                                               0.000     4.069 r  adc_clk_i[1] (IN)
                         net (fo=0)                   0.000     4.069    adc_clk_i[1]
    U18                  IBUFDS (Prop_ibufds_I_O)     0.940     5.009 r  i_clk/O
                         net (fo=1, routed)           1.181     6.190    pll/adc_clk_in
    PLLE2_ADV_X0Y0       PLLE2_ADV (Prop_plle2_adv_CLKIN1_CLKOUT2)
                                                      0.084     6.274 r  pll/pll/CLKOUT2
                         net (fo=2, routed)           1.594     7.868    pll_dac_clk_2x
    BUFGCTRL_X0Y1        BUFG (Prop_bufg_I_O)         0.091     7.959 r  bufg_dac_axi_clk/O
                         net (fo=1073, routed)        1.484     9.443    i_asg/chA/inst_axi_dac/CLK
    SLICE_X25Y30         FDRE                                         r  i_asg/chA/inst_axi_dac/req_fifo_out_r_reg[20]/C
                         clock pessimism              0.458     9.901    
                         clock uncertainty           -0.063     9.838    
    SLICE_X25Y30         FDRE (Setup_fdre_C_D)       -0.058     9.780    i_asg/chA/inst_axi_dac/req_fifo_out_r_reg[20]
  -------------------------------------------------------------------
                         required time                          9.780    
                         arrival time                          -9.495    
  -------------------------------------------------------------------
                         slack                                  0.285    

Slack (MET) :             0.297ns  (required time - arrival time)
  Source:                 i_asg/chB/inst_axi_dac/inst_asg_dat_fifo/U0/inst_fifo_gen/gconvfifo.rf/grf.rf/gntv_or_sync_fifo.gl0.wr/gwas.wsts/ram_full_i_reg/C
                            (rising edge-triggered cell FDRE clocked by pll_dac_clk_2x  {rise@0.000ns fall@2.034ns period=4.069ns})
  Destination:            ps/axi_master_3/sys_rdata_o_reg[54]/CE
                            (rising edge-triggered cell FDRE clocked by pll_dac_clk_2x  {rise@0.000ns fall@2.034ns period=4.069ns})
  Path Group:             pll_dac_clk_2x
  Path Type:              Setup (Max at Slow Process Corner)
  Requirement:            4.069ns  (pll_dac_clk_2x rise@4.069ns - pll_dac_clk_2x rise@0.000ns)
  Data Path Delay:        3.525ns  (logic 0.828ns (23.487%)  route 2.697ns (76.513%))
  Logic Levels:           3  (LUT2=1 LUT4=1 LUT5=1)
  Clock Path Skew:        -0.014ns (DCD - SCD + CPR)
    Destination Clock Delay (DCD):    5.433ns = ( 9.502 - 4.069 ) 
    Source Clock Delay      (SCD):    5.905ns
    Clock Pessimism Removal (CPR):    0.458ns
  Clock Uncertainty:      0.063ns  ((TSJ^2 + DJ^2)^1/2) / 2 + PE
    Total System Jitter     (TSJ):    0.071ns
    Discrete Jitter          (DJ):    0.105ns
    Phase Error              (PE):    0.000ns

    Location             Delay type                Incr(ns)  Path(ns)    Netlist Resource(s)
  -------------------------------------------------------------------    -------------------
                         (clock pll_dac_clk_2x rise edge)
                                                      0.000     0.000 r  
    U18                                               0.000     0.000 r  adc_clk_i[1] (IN)
                         net (fo=0)                   0.000     0.000    adc_clk_i[1]
    U18                  IBUFDS (Prop_ibufds_I_O)     0.983     0.983 r  i_clk/O
                         net (fo=1, routed)           1.306     2.289    pll/adc_clk_in
    PLLE2_ADV_X0Y0       PLLE2_ADV (Prop_plle2_adv_CLKIN1_CLKOUT2)
                                                      0.089     2.378 r  pll/pll/CLKOUT2
                         net (fo=2, routed)           1.754     4.132    pll_dac_clk_2x
    BUFGCTRL_X0Y1        BUFG (Prop_bufg_I_O)         0.101     4.233 r  bufg_dac_axi_clk/O
                         net (fo=1073, routed)        1.672     5.905    i_asg/chB/inst_axi_dac/inst_asg_dat_fifo/U0/inst_fifo_gen/gconvfifo.rf/grf.rf/gntv_or_sync_fifo.gl0.wr/gwas.wsts/wr_clk
    SLICE_X9Y32          FDRE                                         r  i_asg/chB/inst_axi_dac/inst_asg_dat_fifo/U0/inst_fifo_gen/gconvfifo.rf/grf.rf/gntv_or_sync_fifo.gl0.wr/gwas.wsts/ram_full_i_reg/C
  -------------------------------------------------------------------    -------------------
    SLICE_X9Y32          FDRE (Prop_fdre_C_Q)         0.456     6.361 f  i_asg/chB/inst_axi_dac/inst_asg_dat_fifo/U0/inst_fifo_gen/gconvfifo.rf/grf.rf/gntv_or_sync_fifo.gl0.wr/gwas.wsts/ram_full_i_reg/Q
                         net (fo=5, routed)           0.901     7.262    i_asg/chB/inst_axi_dac/i_rdburst/full
    SLICE_X4Y27          LUT4 (Prop_lut4_I2_O)        0.124     7.386 r  i_asg/chB/inst_axi_dac/i_rdburst/axi_rrd_pt[3]_i_3__0/O
                         net (fo=1, routed)           0.433     7.819    ps/axi_master_3/axi_rrd_pt_reg[0]_0
    SLICE_X2Y28          LUT5 (Prop_lut5_I2_O)        0.124     7.943 r  ps/axi_master_3/axi_rrd_pt[3]_i_1__0/O
                         net (fo=10, routed)          0.462     8.405    ps/axi_master_3/E[0]
    SLICE_X2Y28          LUT2 (Prop_lut2_I1_O)        0.124     8.529 r  ps/axi_master_3/sys_rdata_o[63]_i_1__0/O
                         net (fo=64, routed)          0.901     9.430    ps/axi_master_3/sys_rdata_o[63]_i_1__0_n_0
    SLICE_X4Y32          FDRE                                         r  ps/axi_master_3/sys_rdata_o_reg[54]/CE
  -------------------------------------------------------------------    -------------------

                         (clock pll_dac_clk_2x rise edge)
                                                      4.069     4.069 r  
    U18                                               0.000     4.069 r  adc_clk_i[1] (IN)
                         net (fo=0)                   0.000     4.069    adc_clk_i[1]
    U18                  IBUFDS (Prop_ibufds_I_O)     0.940     5.009 r  i_clk/O
                         net (fo=1, routed)           1.181     6.190    pll/adc_clk_in
    PLLE2_ADV_X0Y0       PLLE2_ADV (Prop_plle2_adv_CLKIN1_CLKOUT2)
                                                      0.084     6.274 r  pll/pll/CLKOUT2
                         net (fo=2, routed)           1.594     7.868    pll_dac_clk_2x
    BUFGCTRL_X0Y1        BUFG (Prop_bufg_I_O)         0.091     7.959 r  bufg_dac_axi_clk/O
                         net (fo=1073, routed)        1.543     9.502    ps/axi_master_3/CLK
    SLICE_X4Y32          FDRE                                         r  ps/axi_master_3/sys_rdata_o_reg[54]/C
                         clock pessimism              0.458     9.960    
                         clock uncertainty           -0.063     9.897    
    SLICE_X4Y32          FDRE (Setup_fdre_C_CE)      -0.169     9.728    ps/axi_master_3/sys_rdata_o_reg[54]
  -------------------------------------------------------------------
                         required time                          9.728    
                         arrival time                          -9.430    
  -------------------------------------------------------------------
                         slack                                  0.297    

Slack (MET) :             0.297ns  (required time - arrival time)
  Source:                 i_asg/chB/inst_axi_dac/inst_asg_dat_fifo/U0/inst_fifo_gen/gconvfifo.rf/grf.rf/gntv_or_sync_fifo.gl0.wr/gwas.wsts/ram_full_i_reg/C
                            (rising edge-triggered cell FDRE clocked by pll_dac_clk_2x  {rise@0.000ns fall@2.034ns period=4.069ns})
  Destination:            ps/axi_master_3/sys_rdata_o_reg[55]/CE
                            (rising edge-triggered cell FDRE clocked by pll_dac_clk_2x  {rise@0.000ns fall@2.034ns period=4.069ns})
  Path Group:             pll_dac_clk_2x
  Path Type:              Setup (Max at Slow Process Corner)
  Requirement:            4.069ns  (pll_dac_clk_2x rise@4.069ns - pll_dac_clk_2x rise@0.000ns)
  Data Path Delay:        3.525ns  (logic 0.828ns (23.487%)  route 2.697ns (76.513%))
  Logic Levels:           3  (LUT2=1 LUT4=1 LUT5=1)
  Clock Path Skew:        -0.014ns (DCD - SCD + CPR)
    Destination Clock Delay (DCD):    5.433ns = ( 9.502 - 4.069 ) 
    Source Clock Delay      (SCD):    5.905ns
    Clock Pessimism Removal (CPR):    0.458ns
  Clock Uncertainty:      0.063ns  ((TSJ^2 + DJ^2)^1/2) / 2 + PE
    Total System Jitter     (TSJ):    0.071ns
    Discrete Jitter          (DJ):    0.105ns
    Phase Error              (PE):    0.000ns

    Location             Delay type                Incr(ns)  Path(ns)    Netlist Resource(s)
  -------------------------------------------------------------------    -------------------
                         (clock pll_dac_clk_2x rise edge)
                                                      0.000     0.000 r  
    U18                                               0.000     0.000 r  adc_clk_i[1] (IN)
                         net (fo=0)                   0.000     0.000    adc_clk_i[1]
    U18                  IBUFDS (Prop_ibufds_I_O)     0.983     0.983 r  i_clk/O
                         net (fo=1, routed)           1.306     2.289    pll/adc_clk_in
    PLLE2_ADV_X0Y0       PLLE2_ADV (Prop_plle2_adv_CLKIN1_CLKOUT2)
                                                      0.089     2.378 r  pll/pll/CLKOUT2
                         net (fo=2, routed)           1.754     4.132    pll_dac_clk_2x
    BUFGCTRL_X0Y1        BUFG (Prop_bufg_I_O)         0.101     4.233 r  bufg_dac_axi_clk/O
                         net (fo=1073, routed)        1.672     5.905    i_asg/chB/inst_axi_dac/inst_asg_dat_fifo/U0/inst_fifo_gen/gconvfifo.rf/grf.rf/gntv_or_sync_fifo.gl0.wr/gwas.wsts/wr_clk
    SLICE_X9Y32          FDRE                                         r  i_asg/chB/inst_axi_dac/inst_asg_dat_fifo/U0/inst_fifo_gen/gconvfifo.rf/grf.rf/gntv_or_sync_fifo.gl0.wr/gwas.wsts/ram_full_i_reg/C
  -------------------------------------------------------------------    -------------------
    SLICE_X9Y32          FDRE (Prop_fdre_C_Q)         0.456     6.361 f  i_asg/chB/inst_axi_dac/inst_asg_dat_fifo/U0/inst_fifo_gen/gconvfifo.rf/grf.rf/gntv_or_sync_fifo.gl0.wr/gwas.wsts/ram_full_i_reg/Q
                         net (fo=5, routed)           0.901     7.262    i_asg/chB/inst_axi_dac/i_rdburst/full
    SLICE_X4Y27          LUT4 (Prop_lut4_I2_O)        0.124     7.386 r  i_asg/chB/inst_axi_dac/i_rdburst/axi_rrd_pt[3]_i_3__0/O
                         net (fo=1, routed)           0.433     7.819    ps/axi_master_3/axi_rrd_pt_reg[0]_0
    SLICE_X2Y28          LUT5 (Prop_lut5_I2_O)        0.124     7.943 r  ps/axi_master_3/axi_rrd_pt[3]_i_1__0/O
                         net (fo=10, routed)          0.462     8.405    ps/axi_master_3/E[0]
    SLICE_X2Y28          LUT2 (Prop_lut2_I1_O)        0.124     8.529 r  ps/axi_master_3/sys_rdata_o[63]_i_1__0/O
                         net (fo=64, routed)          0.901     9.430    ps/axi_master_3/sys_rdata_o[63]_i_1__0_n_0
    SLICE_X4Y32          FDRE                                         r  ps/axi_master_3/sys_rdata_o_reg[55]/CE
  -------------------------------------------------------------------    -------------------

                         (clock pll_dac_clk_2x rise edge)
                                                      4.069     4.069 r  
    U18                                               0.000     4.069 r  adc_clk_i[1] (IN)
                         net (fo=0)                   0.000     4.069    adc_clk_i[1]
    U18                  IBUFDS (Prop_ibufds_I_O)     0.940     5.009 r  i_clk/O
                         net (fo=1, routed)           1.181     6.190    pll/adc_clk_in
    PLLE2_ADV_X0Y0       PLLE2_ADV (Prop_plle2_adv_CLKIN1_CLKOUT2)
                                                      0.084     6.274 r  pll/pll/CLKOUT2
                         net (fo=2, routed)           1.594     7.868    pll_dac_clk_2x
    BUFGCTRL_X0Y1        BUFG (Prop_bufg_I_O)         0.091     7.959 r  bufg_dac_axi_clk/O
                         net (fo=1073, routed)        1.543     9.502    ps/axi_master_3/CLK
    SLICE_X4Y32          FDRE                                         r  ps/axi_master_3/sys_rdata_o_reg[55]/C
                         clock pessimism              0.458     9.960    
                         clock uncertainty           -0.063     9.897    
    SLICE_X4Y32          FDRE (Setup_fdre_C_CE)      -0.169     9.728    ps/axi_master_3/sys_rdata_o_reg[55]
  -------------------------------------------------------------------
                         required time                          9.728    
                         arrival time                          -9.430    
  -------------------------------------------------------------------
                         slack                                  0.297    

Slack (MET) :             0.297ns  (required time - arrival time)
  Source:                 i_asg/chB/inst_axi_dac/inst_asg_dat_fifo/U0/inst_fifo_gen/gconvfifo.rf/grf.rf/gntv_or_sync_fifo.gl0.wr/gwas.wsts/ram_full_i_reg/C
                            (rising edge-triggered cell FDRE clocked by pll_dac_clk_2x  {rise@0.000ns fall@2.034ns period=4.069ns})
  Destination:            ps/axi_master_3/sys_rdata_o_reg[56]/CE
                            (rising edge-triggered cell FDRE clocked by pll_dac_clk_2x  {rise@0.000ns fall@2.034ns period=4.069ns})
  Path Group:             pll_dac_clk_2x
  Path Type:              Setup (Max at Slow Process Corner)
  Requirement:            4.069ns  (pll_dac_clk_2x rise@4.069ns - pll_dac_clk_2x rise@0.000ns)
  Data Path Delay:        3.525ns  (logic 0.828ns (23.487%)  route 2.697ns (76.513%))
  Logic Levels:           3  (LUT2=1 LUT4=1 LUT5=1)
  Clock Path Skew:        -0.014ns (DCD - SCD + CPR)
    Destination Clock Delay (DCD):    5.433ns = ( 9.502 - 4.069 ) 
    Source Clock Delay      (SCD):    5.905ns
    Clock Pessimism Removal (CPR):    0.458ns
  Clock Uncertainty:      0.063ns  ((TSJ^2 + DJ^2)^1/2) / 2 + PE
    Total System Jitter     (TSJ):    0.071ns
    Discrete Jitter          (DJ):    0.105ns
    Phase Error              (PE):    0.000ns

    Location             Delay type                Incr(ns)  Path(ns)    Netlist Resource(s)
  -------------------------------------------------------------------    -------------------
                         (clock pll_dac_clk_2x rise edge)
                                                      0.000     0.000 r  
    U18                                               0.000     0.000 r  adc_clk_i[1] (IN)
                         net (fo=0)                   0.000     0.000    adc_clk_i[1]
    U18                  IBUFDS (Prop_ibufds_I_O)     0.983     0.983 r  i_clk/O
                         net (fo=1, routed)           1.306     2.289    pll/adc_clk_in
    PLLE2_ADV_X0Y0       PLLE2_ADV (Prop_plle2_adv_CLKIN1_CLKOUT2)
                                                      0.089     2.378 r  pll/pll/CLKOUT2
                         net (fo=2, routed)           1.754     4.132    pll_dac_clk_2x
    BUFGCTRL_X0Y1        BUFG (Prop_bufg_I_O)         0.101     4.233 r  bufg_dac_axi_clk/O
                         net (fo=1073, routed)        1.672     5.905    i_asg/chB/inst_axi_dac/inst_asg_dat_fifo/U0/inst_fifo_gen/gconvfifo.rf/grf.rf/gntv_or_sync_fifo.gl0.wr/gwas.wsts/wr_clk
    SLICE_X9Y32          FDRE                                         r  i_asg/chB/inst_axi_dac/inst_asg_dat_fifo/U0/inst_fifo_gen/gconvfifo.rf/grf.rf/gntv_or_sync_fifo.gl0.wr/gwas.wsts/ram_full_i_reg/C
  -------------------------------------------------------------------    -------------------
    SLICE_X9Y32          FDRE (Prop_fdre_C_Q)         0.456     6.361 f  i_asg/chB/inst_axi_dac/inst_asg_dat_fifo/U0/inst_fifo_gen/gconvfifo.rf/grf.rf/gntv_or_sync_fifo.gl0.wr/gwas.wsts/ram_full_i_reg/Q
                         net (fo=5, routed)           0.901     7.262    i_asg/chB/inst_axi_dac/i_rdburst/full
    SLICE_X4Y27          LUT4 (Prop_lut4_I2_O)        0.124     7.386 r  i_asg/chB/inst_axi_dac/i_rdburst/axi_rrd_pt[3]_i_3__0/O
                         net (fo=1, routed)           0.433     7.819    ps/axi_master_3/axi_rrd_pt_reg[0]_0
    SLICE_X2Y28          LUT5 (Prop_lut5_I2_O)        0.124     7.943 r  ps/axi_master_3/axi_rrd_pt[3]_i_1__0/O
                         net (fo=10, routed)          0.462     8.405    ps/axi_master_3/E[0]
    SLICE_X2Y28          LUT2 (Prop_lut2_I1_O)        0.124     8.529 r  ps/axi_master_3/sys_rdata_o[63]_i_1__0/O
                         net (fo=64, routed)          0.901     9.430    ps/axi_master_3/sys_rdata_o[63]_i_1__0_n_0
    SLICE_X4Y32          FDRE                                         r  ps/axi_master_3/sys_rdata_o_reg[56]/CE
  -------------------------------------------------------------------    -------------------

                         (clock pll_dac_clk_2x rise edge)
                                                      4.069     4.069 r  
    U18                                               0.000     4.069 r  adc_clk_i[1] (IN)
                         net (fo=0)                   0.000     4.069    adc_clk_i[1]
    U18                  IBUFDS (Prop_ibufds_I_O)     0.940     5.009 r  i_clk/O
                         net (fo=1, routed)           1.181     6.190    pll/adc_clk_in
    PLLE2_ADV_X0Y0       PLLE2_ADV (Prop_plle2_adv_CLKIN1_CLKOUT2)
                                                      0.084     6.274 r  pll/pll/CLKOUT2
                         net (fo=2, routed)           1.594     7.868    pll_dac_clk_2x
    BUFGCTRL_X0Y1        BUFG (Prop_bufg_I_O)         0.091     7.959 r  bufg_dac_axi_clk/O
                         net (fo=1073, routed)        1.543     9.502    ps/axi_master_3/CLK
    SLICE_X4Y32          FDRE                                         r  ps/axi_master_3/sys_rdata_o_reg[56]/C
                         clock pessimism              0.458     9.960    
                         clock uncertainty           -0.063     9.897    
    SLICE_X4Y32          FDRE (Setup_fdre_C_CE)      -0.169     9.728    ps/axi_master_3/sys_rdata_o_reg[56]
  -------------------------------------------------------------------
                         required time                          9.728    
                         arrival time                          -9.430    
  -------------------------------------------------------------------
                         slack                                  0.297    

Slack (MET) :             0.297ns  (required time - arrival time)
  Source:                 i_asg/chB/inst_axi_dac/inst_asg_dat_fifo/U0/inst_fifo_gen/gconvfifo.rf/grf.rf/gntv_or_sync_fifo.gl0.wr/gwas.wsts/ram_full_i_reg/C
                            (rising edge-triggered cell FDRE clocked by pll_dac_clk_2x  {rise@0.000ns fall@2.034ns period=4.069ns})
  Destination:            ps/axi_master_3/sys_rdata_o_reg[57]/CE
                            (rising edge-triggered cell FDRE clocked by pll_dac_clk_2x  {rise@0.000ns fall@2.034ns period=4.069ns})
  Path Group:             pll_dac_clk_2x
  Path Type:              Setup (Max at Slow Process Corner)
  Requirement:            4.069ns  (pll_dac_clk_2x rise@4.069ns - pll_dac_clk_2x rise@0.000ns)
  Data Path Delay:        3.525ns  (logic 0.828ns (23.487%)  route 2.697ns (76.513%))
  Logic Levels:           3  (LUT2=1 LUT4=1 LUT5=1)
  Clock Path Skew:        -0.014ns (DCD - SCD + CPR)
    Destination Clock Delay (DCD):    5.433ns = ( 9.502 - 4.069 ) 
    Source Clock Delay      (SCD):    5.905ns
    Clock Pessimism Removal (CPR):    0.458ns
  Clock Uncertainty:      0.063ns  ((TSJ^2 + DJ^2)^1/2) / 2 + PE
    Total System Jitter     (TSJ):    0.071ns
    Discrete Jitter          (DJ):    0.105ns
    Phase Error              (PE):    0.000ns

    Location             Delay type                Incr(ns)  Path(ns)    Netlist Resource(s)
  -------------------------------------------------------------------    -------------------
                         (clock pll_dac_clk_2x rise edge)
                                                      0.000     0.000 r  
    U18                                               0.000     0.000 r  adc_clk_i[1] (IN)
                         net (fo=0)                   0.000     0.000    adc_clk_i[1]
    U18                  IBUFDS (Prop_ibufds_I_O)     0.983     0.983 r  i_clk/O
                         net (fo=1, routed)           1.306     2.289    pll/adc_clk_in
    PLLE2_ADV_X0Y0       PLLE2_ADV (Prop_plle2_adv_CLKIN1_CLKOUT2)
                                                      0.089     2.378 r  pll/pll/CLKOUT2
                         net (fo=2, routed)           1.754     4.132    pll_dac_clk_2x
    BUFGCTRL_X0Y1        BUFG (Prop_bufg_I_O)         0.101     4.233 r  bufg_dac_axi_clk/O
                         net (fo=1073, routed)        1.672     5.905    i_asg/chB/inst_axi_dac/inst_asg_dat_fifo/U0/inst_fifo_gen/gconvfifo.rf/grf.rf/gntv_or_sync_fifo.gl0.wr/gwas.wsts/wr_clk
    SLICE_X9Y32          FDRE                                         r  i_asg/chB/inst_axi_dac/inst_asg_dat_fifo/U0/inst_fifo_gen/gconvfifo.rf/grf.rf/gntv_or_sync_fifo.gl0.wr/gwas.wsts/ram_full_i_reg/C
  -------------------------------------------------------------------    -------------------
    SLICE_X9Y32          FDRE (Prop_fdre_C_Q)         0.456     6.361 f  i_asg/chB/inst_axi_dac/inst_asg_dat_fifo/U0/inst_fifo_gen/gconvfifo.rf/grf.rf/gntv_or_sync_fifo.gl0.wr/gwas.wsts/ram_full_i_reg/Q
                         net (fo=5, routed)           0.901     7.262    i_asg/chB/inst_axi_dac/i_rdburst/full
    SLICE_X4Y27          LUT4 (Prop_lut4_I2_O)        0.124     7.386 r  i_asg/chB/inst_axi_dac/i_rdburst/axi_rrd_pt[3]_i_3__0/O
                         net (fo=1, routed)           0.433     7.819    ps/axi_master_3/axi_rrd_pt_reg[0]_0
    SLICE_X2Y28          LUT5 (Prop_lut5_I2_O)        0.124     7.943 r  ps/axi_master_3/axi_rrd_pt[3]_i_1__0/O
                         net (fo=10, routed)          0.462     8.405    ps/axi_master_3/E[0]
    SLICE_X2Y28          LUT2 (Prop_lut2_I1_O)        0.124     8.529 r  ps/axi_master_3/sys_rdata_o[63]_i_1__0/O
                         net (fo=64, routed)          0.901     9.430    ps/axi_master_3/sys_rdata_o[63]_i_1__0_n_0
    SLICE_X4Y32          FDRE                                         r  ps/axi_master_3/sys_rdata_o_reg[57]/CE
  -------------------------------------------------------------------    -------------------

                         (clock pll_dac_clk_2x rise edge)
                                                      4.069     4.069 r  
    U18                                               0.000     4.069 r  adc_clk_i[1] (IN)
                         net (fo=0)                   0.000     4.069    adc_clk_i[1]
    U18                  IBUFDS (Prop_ibufds_I_O)     0.940     5.009 r  i_clk/O
                         net (fo=1, routed)           1.181     6.190    pll/adc_clk_in
    PLLE2_ADV_X0Y0       PLLE2_ADV (Prop_plle2_adv_CLKIN1_CLKOUT2)
                                                      0.084     6.274 r  pll/pll/CLKOUT2
                         net (fo=2, routed)           1.594     7.868    pll_dac_clk_2x
    BUFGCTRL_X0Y1        BUFG (Prop_bufg_I_O)         0.091     7.959 r  bufg_dac_axi_clk/O
                         net (fo=1073, routed)        1.543     9.502    ps/axi_master_3/CLK
    SLICE_X4Y32          FDRE                                         r  ps/axi_master_3/sys_rdata_o_reg[57]/C
                         clock pessimism              0.458     9.960    
                         clock uncertainty           -0.063     9.897    
    SLICE_X4Y32          FDRE (Setup_fdre_C_CE)      -0.169     9.728    ps/axi_master_3/sys_rdata_o_reg[57]
  -------------------------------------------------------------------
                         required time                          9.728    
                         arrival time                          -9.430    
  -------------------------------------------------------------------
                         slack                                  0.297    

Slack (MET) :             0.297ns  (required time - arrival time)
  Source:                 i_asg/chB/inst_axi_dac/inst_asg_dat_fifo/U0/inst_fifo_gen/gconvfifo.rf/grf.rf/gntv_or_sync_fifo.gl0.wr/gwas.wsts/ram_full_i_reg/C
                            (rising edge-triggered cell FDRE clocked by pll_dac_clk_2x  {rise@0.000ns fall@2.034ns period=4.069ns})
  Destination:            ps/axi_master_3/sys_rdata_o_reg[58]/CE
                            (rising edge-triggered cell FDRE clocked by pll_dac_clk_2x  {rise@0.000ns fall@2.034ns period=4.069ns})
  Path Group:             pll_dac_clk_2x
  Path Type:              Setup (Max at Slow Process Corner)
  Requirement:            4.069ns  (pll_dac_clk_2x rise@4.069ns - pll_dac_clk_2x rise@0.000ns)
  Data Path Delay:        3.525ns  (logic 0.828ns (23.487%)  route 2.697ns (76.513%))
  Logic Levels:           3  (LUT2=1 LUT4=1 LUT5=1)
  Clock Path Skew:        -0.014ns (DCD - SCD + CPR)
    Destination Clock Delay (DCD):    5.433ns = ( 9.502 - 4.069 ) 
    Source Clock Delay      (SCD):    5.905ns
    Clock Pessimism Removal (CPR):    0.458ns
  Clock Uncertainty:      0.063ns  ((TSJ^2 + DJ^2)^1/2) / 2 + PE
    Total System Jitter     (TSJ):    0.071ns
    Discrete Jitter          (DJ):    0.105ns
    Phase Error              (PE):    0.000ns

    Location             Delay type                Incr(ns)  Path(ns)    Netlist Resource(s)
  -------------------------------------------------------------------    -------------------
                         (clock pll_dac_clk_2x rise edge)
                                                      0.000     0.000 r  
    U18                                               0.000     0.000 r  adc_clk_i[1] (IN)
                         net (fo=0)                   0.000     0.000    adc_clk_i[1]
    U18                  IBUFDS (Prop_ibufds_I_O)     0.983     0.983 r  i_clk/O
                         net (fo=1, routed)           1.306     2.289    pll/adc_clk_in
    PLLE2_ADV_X0Y0       PLLE2_ADV (Prop_plle2_adv_CLKIN1_CLKOUT2)
                                                      0.089     2.378 r  pll/pll/CLKOUT2
                         net (fo=2, routed)           1.754     4.132    pll_dac_clk_2x
    BUFGCTRL_X0Y1        BUFG (Prop_bufg_I_O)         0.101     4.233 r  bufg_dac_axi_clk/O
                         net (fo=1073, routed)        1.672     5.905    i_asg/chB/inst_axi_dac/inst_asg_dat_fifo/U0/inst_fifo_gen/gconvfifo.rf/grf.rf/gntv_or_sync_fifo.gl0.wr/gwas.wsts/wr_clk
    SLICE_X9Y32          FDRE                                         r  i_asg/chB/inst_axi_dac/inst_asg_dat_fifo/U0/inst_fifo_gen/gconvfifo.rf/grf.rf/gntv_or_sync_fifo.gl0.wr/gwas.wsts/ram_full_i_reg/C
  -------------------------------------------------------------------    -------------------
    SLICE_X9Y32          FDRE (Prop_fdre_C_Q)         0.456     6.361 f  i_asg/chB/inst_axi_dac/inst_asg_dat_fifo/U0/inst_fifo_gen/gconvfifo.rf/grf.rf/gntv_or_sync_fifo.gl0.wr/gwas.wsts/ram_full_i_reg/Q
                         net (fo=5, routed)           0.901     7.262    i_asg/chB/inst_axi_dac/i_rdburst/full
    SLICE_X4Y27          LUT4 (Prop_lut4_I2_O)        0.124     7.386 r  i_asg/chB/inst_axi_dac/i_rdburst/axi_rrd_pt[3]_i_3__0/O
                         net (fo=1, routed)           0.433     7.819    ps/axi_master_3/axi_rrd_pt_reg[0]_0
    SLICE_X2Y28          LUT5 (Prop_lut5_I2_O)        0.124     7.943 r  ps/axi_master_3/axi_rrd_pt[3]_i_1__0/O
                         net (fo=10, routed)          0.462     8.405    ps/axi_master_3/E[0]
    SLICE_X2Y28          LUT2 (Prop_lut2_I1_O)        0.124     8.529 r  ps/axi_master_3/sys_rdata_o[63]_i_1__0/O
                         net (fo=64, routed)          0.901     9.430    ps/axi_master_3/sys_rdata_o[63]_i_1__0_n_0
    SLICE_X4Y32          FDRE                                         r  ps/axi_master_3/sys_rdata_o_reg[58]/CE
  -------------------------------------------------------------------    -------------------

                         (clock pll_dac_clk_2x rise edge)
                                                      4.069     4.069 r  
    U18                                               0.000     4.069 r  adc_clk_i[1] (IN)
                         net (fo=0)                   0.000     4.069    adc_clk_i[1]
    U18                  IBUFDS (Prop_ibufds_I_O)     0.940     5.009 r  i_clk/O
                         net (fo=1, routed)           1.181     6.190    pll/adc_clk_in
    PLLE2_ADV_X0Y0       PLLE2_ADV (Prop_plle2_adv_CLKIN1_CLKOUT2)
                                                      0.084     6.274 r  pll/pll/CLKOUT2
                         net (fo=2, routed)           1.594     7.868    pll_dac_clk_2x
    BUFGCTRL_X0Y1        BUFG (Prop_bufg_I_O)         0.091     7.959 r  bufg_dac_axi_clk/O
                         net (fo=1073, routed)        1.543     9.502    ps/axi_master_3/CLK
    SLICE_X4Y32          FDRE                                         r  ps/axi_master_3/sys_rdata_o_reg[58]/C
                         clock pessimism              0.458     9.960    
                         clock uncertainty           -0.063     9.897    
    SLICE_X4Y32          FDRE (Setup_fdre_C_CE)      -0.169     9.728    ps/axi_master_3/sys_rdata_o_reg[58]
  -------------------------------------------------------------------
                         required time                          9.728    
                         arrival time                          -9.430    
  -------------------------------------------------------------------
                         slack                                  0.297    

Slack (MET) :             0.297ns  (required time - arrival time)
  Source:                 i_asg/chB/inst_axi_dac/inst_asg_dat_fifo/U0/inst_fifo_gen/gconvfifo.rf/grf.rf/gntv_or_sync_fifo.gl0.wr/gwas.wsts/ram_full_i_reg/C
                            (rising edge-triggered cell FDRE clocked by pll_dac_clk_2x  {rise@0.000ns fall@2.034ns period=4.069ns})
  Destination:            ps/axi_master_3/sys_rdata_o_reg[59]/CE
                            (rising edge-triggered cell FDRE clocked by pll_dac_clk_2x  {rise@0.000ns fall@2.034ns period=4.069ns})
  Path Group:             pll_dac_clk_2x
  Path Type:              Setup (Max at Slow Process Corner)
  Requirement:            4.069ns  (pll_dac_clk_2x rise@4.069ns - pll_dac_clk_2x rise@0.000ns)
  Data Path Delay:        3.525ns  (logic 0.828ns (23.487%)  route 2.697ns (76.513%))
  Logic Levels:           3  (LUT2=1 LUT4=1 LUT5=1)
  Clock Path Skew:        -0.014ns (DCD - SCD + CPR)
    Destination Clock Delay (DCD):    5.433ns = ( 9.502 - 4.069 ) 
    Source Clock Delay      (SCD):    5.905ns
    Clock Pessimism Removal (CPR):    0.458ns
  Clock Uncertainty:      0.063ns  ((TSJ^2 + DJ^2)^1/2) / 2 + PE
    Total System Jitter     (TSJ):    0.071ns
    Discrete Jitter          (DJ):    0.105ns
    Phase Error              (PE):    0.000ns

    Location             Delay type                Incr(ns)  Path(ns)    Netlist Resource(s)
  -------------------------------------------------------------------    -------------------
                         (clock pll_dac_clk_2x rise edge)
                                                      0.000     0.000 r  
    U18                                               0.000     0.000 r  adc_clk_i[1] (IN)
                         net (fo=0)                   0.000     0.000    adc_clk_i[1]
    U18                  IBUFDS (Prop_ibufds_I_O)     0.983     0.983 r  i_clk/O
                         net (fo=1, routed)           1.306     2.289    pll/adc_clk_in
    PLLE2_ADV_X0Y0       PLLE2_ADV (Prop_plle2_adv_CLKIN1_CLKOUT2)
                                                      0.089     2.378 r  pll/pll/CLKOUT2
                         net (fo=2, routed)           1.754     4.132    pll_dac_clk_2x
    BUFGCTRL_X0Y1        BUFG (Prop_bufg_I_O)         0.101     4.233 r  bufg_dac_axi_clk/O
                         net (fo=1073, routed)        1.672     5.905    i_asg/chB/inst_axi_dac/inst_asg_dat_fifo/U0/inst_fifo_gen/gconvfifo.rf/grf.rf/gntv_or_sync_fifo.gl0.wr/gwas.wsts/wr_clk
    SLICE_X9Y32          FDRE                                         r  i_asg/chB/inst_axi_dac/inst_asg_dat_fifo/U0/inst_fifo_gen/gconvfifo.rf/grf.rf/gntv_or_sync_fifo.gl0.wr/gwas.wsts/ram_full_i_reg/C
  -------------------------------------------------------------------    -------------------
    SLICE_X9Y32          FDRE (Prop_fdre_C_Q)         0.456     6.361 f  i_asg/chB/inst_axi_dac/inst_asg_dat_fifo/U0/inst_fifo_gen/gconvfifo.rf/grf.rf/gntv_or_sync_fifo.gl0.wr/gwas.wsts/ram_full_i_reg/Q
                         net (fo=5, routed)           0.901     7.262    i_asg/chB/inst_axi_dac/i_rdburst/full
    SLICE_X4Y27          LUT4 (Prop_lut4_I2_O)        0.124     7.386 r  i_asg/chB/inst_axi_dac/i_rdburst/axi_rrd_pt[3]_i_3__0/O
                         net (fo=1, routed)           0.433     7.819    ps/axi_master_3/axi_rrd_pt_reg[0]_0
    SLICE_X2Y28          LUT5 (Prop_lut5_I2_O)        0.124     7.943 r  ps/axi_master_3/axi_rrd_pt[3]_i_1__0/O
                         net (fo=10, routed)          0.462     8.405    ps/axi_master_3/E[0]
    SLICE_X2Y28          LUT2 (Prop_lut2_I1_O)        0.124     8.529 r  ps/axi_master_3/sys_rdata_o[63]_i_1__0/O
                         net (fo=64, routed)          0.901     9.430    ps/axi_master_3/sys_rdata_o[63]_i_1__0_n_0
    SLICE_X4Y32          FDRE                                         r  ps/axi_master_3/sys_rdata_o_reg[59]/CE
  -------------------------------------------------------------------    -------------------

                         (clock pll_dac_clk_2x rise edge)
                                                      4.069     4.069 r  
    U18                                               0.000     4.069 r  adc_clk_i[1] (IN)
                         net (fo=0)                   0.000     4.069    adc_clk_i[1]
    U18                  IBUFDS (Prop_ibufds_I_O)     0.940     5.009 r  i_clk/O
                         net (fo=1, routed)           1.181     6.190    pll/adc_clk_in
    PLLE2_ADV_X0Y0       PLLE2_ADV (Prop_plle2_adv_CLKIN1_CLKOUT2)
                                                      0.084     6.274 r  pll/pll/CLKOUT2
                         net (fo=2, routed)           1.594     7.868    pll_dac_clk_2x
    BUFGCTRL_X0Y1        BUFG (Prop_bufg_I_O)         0.091     7.959 r  bufg_dac_axi_clk/O
                         net (fo=1073, routed)        1.543     9.502    ps/axi_master_3/CLK
    SLICE_X4Y32          FDRE                                         r  ps/axi_master_3/sys_rdata_o_reg[59]/C
                         clock pessimism              0.458     9.960    
                         clock uncertainty           -0.063     9.897    
    SLICE_X4Y32          FDRE (Setup_fdre_C_CE)      -0.169     9.728    ps/axi_master_3/sys_rdata_o_reg[59]
  -------------------------------------------------------------------
                         required time                          9.728    
                         arrival time                          -9.430    
  -------------------------------------------------------------------
                         slack                                  0.297    

Slack (MET) :             0.299ns  (required time - arrival time)
  Source:                 dac_axi_rstn_reg/C
                            (rising edge-triggered cell FDRE clocked by pll_dac_clk_2x  {rise@0.000ns fall@2.034ns period=4.069ns})
  Destination:            ps/axi_master_2/axi_arburst_o_reg[0]/R
                            (rising edge-triggered cell FDRE clocked by pll_dac_clk_2x  {rise@0.000ns fall@2.034ns period=4.069ns})
  Path Group:             pll_dac_clk_2x
  Path Type:              Setup (Max at Slow Process Corner)
  Requirement:            4.069ns  (pll_dac_clk_2x rise@4.069ns - pll_dac_clk_2x rise@0.000ns)
  Data Path Delay:        3.061ns  (logic 0.744ns (24.309%)  route 2.317ns (75.691%))
  Logic Levels:           1  (LUT1=1)
  Clock Path Skew:        -0.015ns (DCD - SCD + CPR)
    Destination Clock Delay (DCD):    5.429ns = ( 9.498 - 4.069 ) 
    Source Clock Delay      (SCD):    5.902ns
    Clock Pessimism Removal (CPR):    0.458ns
  Clock Uncertainty:      0.063ns  ((TSJ^2 + DJ^2)^1/2) / 2 + PE
    Total System Jitter     (TSJ):    0.071ns
    Discrete Jitter          (DJ):    0.105ns
    Phase Error              (PE):    0.000ns

    Location             Delay type                Incr(ns)  Path(ns)    Netlist Resource(s)
  -------------------------------------------------------------------    -------------------
                         (clock pll_dac_clk_2x rise edge)
                                                      0.000     0.000 r  
    U18                                               0.000     0.000 r  adc_clk_i[1] (IN)
                         net (fo=0)                   0.000     0.000    adc_clk_i[1]
    U18                  IBUFDS (Prop_ibufds_I_O)     0.983     0.983 r  i_clk/O
                         net (fo=1, routed)           1.306     2.289    pll/adc_clk_in
    PLLE2_ADV_X0Y0       PLLE2_ADV (Prop_plle2_adv_CLKIN1_CLKOUT2)
                                                      0.089     2.378 r  pll/pll/CLKOUT2
                         net (fo=2, routed)           1.754     4.132    pll_dac_clk_2x
    BUFGCTRL_X0Y1        BUFG (Prop_bufg_I_O)         0.101     4.233 r  bufg_dac_axi_clk/O
                         net (fo=1073, routed)        1.669     5.902    dac_axi_clk
    SLICE_X13Y30         FDRE                                         r  dac_axi_rstn_reg/C
  -------------------------------------------------------------------    -------------------
    SLICE_X13Y30         FDRE (Prop_fdre_C_Q)         0.419     6.321 f  dac_axi_rstn_reg/Q
                         net (fo=11, routed)          1.334     7.655    ps/axi_master_3/nxt_burst_rdy_reg_1
    SLICE_X2Y22          LUT1 (Prop_lut1_I0_O)        0.325     7.980 r  ps/axi_master_3/axi_sys\\.rvalid_i_1/O
                         net (fo=64, routed)          0.982     8.963    ps/axi_master_2/axi_rrd_pt_reg[0]_0
    SLICE_X1Y17          FDRE                                         r  ps/axi_master_2/axi_arburst_o_reg[0]/R
  -------------------------------------------------------------------    -------------------

                         (clock pll_dac_clk_2x rise edge)
                                                      4.069     4.069 r  
    U18                                               0.000     4.069 r  adc_clk_i[1] (IN)
                         net (fo=0)                   0.000     4.069    adc_clk_i[1]
    U18                  IBUFDS (Prop_ibufds_I_O)     0.940     5.009 r  i_clk/O
                         net (fo=1, routed)           1.181     6.190    pll/adc_clk_in
    PLLE2_ADV_X0Y0       PLLE2_ADV (Prop_plle2_adv_CLKIN1_CLKOUT2)
                                                      0.084     6.274 r  pll/pll/CLKOUT2
                         net (fo=2, routed)           1.594     7.868    pll_dac_clk_2x
    BUFGCTRL_X0Y1        BUFG (Prop_bufg_I_O)         0.091     7.959 r  bufg_dac_axi_clk/O
                         net (fo=1073, routed)        1.539     9.498    ps/axi_master_2/CLK
    SLICE_X1Y17          FDRE                                         r  ps/axi_master_2/axi_arburst_o_reg[0]/C
                         clock pessimism              0.458     9.956    
                         clock uncertainty           -0.063     9.893    
    SLICE_X1Y17          FDRE (Setup_fdre_C_R)       -0.631     9.262    ps/axi_master_2/axi_arburst_o_reg[0]
  -------------------------------------------------------------------
                         required time                          9.262    
                         arrival time                          -8.963    
  -------------------------------------------------------------------
                         slack                                  0.299    

Slack (MET) :             0.324ns  (required time - arrival time)
  Source:                 dac_axi_rstn_reg/C
                            (rising edge-triggered cell FDRE clocked by pll_dac_clk_2x  {rise@0.000ns fall@2.034ns period=4.069ns})
  Destination:            ps/axi_master_3/rd_cnt_reg[0]/R
                            (rising edge-triggered cell FDRE clocked by pll_dac_clk_2x  {rise@0.000ns fall@2.034ns period=4.069ns})
  Path Group:             pll_dac_clk_2x
  Path Type:              Setup (Max at Slow Process Corner)
  Requirement:            4.069ns  (pll_dac_clk_2x rise@4.069ns - pll_dac_clk_2x rise@0.000ns)
  Data Path Delay:        2.938ns  (logic 0.744ns (25.325%)  route 2.194ns (74.675%))
  Logic Levels:           1  (LUT1=1)
  Clock Path Skew:        -0.018ns (DCD - SCD + CPR)
    Destination Clock Delay (DCD):    5.426ns = ( 9.495 - 4.069 ) 
    Source Clock Delay      (SCD):    5.902ns
    Clock Pessimism Removal (CPR):    0.458ns
  Clock Uncertainty:      0.063ns  ((TSJ^2 + DJ^2)^1/2) / 2 + PE
    Total System Jitter     (TSJ):    0.071ns
    Discrete Jitter          (DJ):    0.105ns
    Phase Error              (PE):    0.000ns

    Location             Delay type                Incr(ns)  Path(ns)    Netlist Resource(s)
  -------------------------------------------------------------------    -------------------
                         (clock pll_dac_clk_2x rise edge)
                                                      0.000     0.000 r  
    U18                                               0.000     0.000 r  adc_clk_i[1] (IN)
                         net (fo=0)                   0.000     0.000    adc_clk_i[1]
    U18                  IBUFDS (Prop_ibufds_I_O)     0.983     0.983 r  i_clk/O
                         net (fo=1, routed)           1.306     2.289    pll/adc_clk_in
    PLLE2_ADV_X0Y0       PLLE2_ADV (Prop_plle2_adv_CLKIN1_CLKOUT2)
                                                      0.089     2.378 r  pll/pll/CLKOUT2
                         net (fo=2, routed)           1.754     4.132    pll_dac_clk_2x
    BUFGCTRL_X0Y1        BUFG (Prop_bufg_I_O)         0.101     4.233 r  bufg_dac_axi_clk/O
                         net (fo=1073, routed)        1.669     5.902    dac_axi_clk
    SLICE_X13Y30         FDRE                                         r  dac_axi_rstn_reg/C
  -------------------------------------------------------------------    -------------------
    SLICE_X13Y30         FDRE (Prop_fdre_C_Q)         0.419     6.321 f  dac_axi_rstn_reg/Q
                         net (fo=11, routed)          1.334     7.655    ps/axi_master_3/nxt_burst_rdy_reg_1
    SLICE_X2Y22          LUT1 (Prop_lut1_I0_O)        0.325     7.980 r  ps/axi_master_3/axi_sys\\.rvalid_i_1/O
                         net (fo=64, routed)          0.860     8.840    ps/axi_master_3/dac_axi_rstn_reg
    SLICE_X4Y26          FDRE                                         r  ps/axi_master_3/rd_cnt_reg[0]/R
  -------------------------------------------------------------------    -------------------

                         (clock pll_dac_clk_2x rise edge)
                                                      4.069     4.069 r  
    U18                                               0.000     4.069 r  adc_clk_i[1] (IN)
                         net (fo=0)                   0.000     4.069    adc_clk_i[1]
    U18                  IBUFDS (Prop_ibufds_I_O)     0.940     5.009 r  i_clk/O
                         net (fo=1, routed)           1.181     6.190    pll/adc_clk_in
    PLLE2_ADV_X0Y0       PLLE2_ADV (Prop_plle2_adv_CLKIN1_CLKOUT2)
                                                      0.084     6.274 r  pll/pll/CLKOUT2
                         net (fo=2, routed)           1.594     7.868    pll_dac_clk_2x
    BUFGCTRL_X0Y1        BUFG (Prop_bufg_I_O)         0.091     7.959 r  bufg_dac_axi_clk/O
                         net (fo=1073, routed)        1.536     9.495    ps/axi_master_3/CLK
    SLICE_X4Y26          FDRE                                         r  ps/axi_master_3/rd_cnt_reg[0]/C
                         clock pessimism              0.458     9.953    
                         clock uncertainty           -0.063     9.890    
    SLICE_X4Y26          FDRE (Setup_fdre_C_R)       -0.726     9.164    ps/axi_master_3/rd_cnt_reg[0]
  -------------------------------------------------------------------
                         required time                          9.164    
                         arrival time                          -8.840    
  -------------------------------------------------------------------
                         slack                                  0.324    

Slack (MET) :             0.324ns  (required time - arrival time)
  Source:                 dac_axi_rstn_reg/C
                            (rising edge-triggered cell FDRE clocked by pll_dac_clk_2x  {rise@0.000ns fall@2.034ns period=4.069ns})
  Destination:            ps/axi_master_3/rd_cnt_reg[1]/R
                            (rising edge-triggered cell FDRE clocked by pll_dac_clk_2x  {rise@0.000ns fall@2.034ns period=4.069ns})
  Path Group:             pll_dac_clk_2x
  Path Type:              Setup (Max at Slow Process Corner)
  Requirement:            4.069ns  (pll_dac_clk_2x rise@4.069ns - pll_dac_clk_2x rise@0.000ns)
  Data Path Delay:        2.938ns  (logic 0.744ns (25.325%)  route 2.194ns (74.675%))
  Logic Levels:           1  (LUT1=1)
  Clock Path Skew:        -0.018ns (DCD - SCD + CPR)
    Destination Clock Delay (DCD):    5.426ns = ( 9.495 - 4.069 ) 
    Source Clock Delay      (SCD):    5.902ns
    Clock Pessimism Removal (CPR):    0.458ns
  Clock Uncertainty:      0.063ns  ((TSJ^2 + DJ^2)^1/2) / 2 + PE
    Total System Jitter     (TSJ):    0.071ns
    Discrete Jitter          (DJ):    0.105ns
    Phase Error              (PE):    0.000ns

    Location             Delay type                Incr(ns)  Path(ns)    Netlist Resource(s)
  -------------------------------------------------------------------    -------------------
                         (clock pll_dac_clk_2x rise edge)
                                                      0.000     0.000 r  
    U18                                               0.000     0.000 r  adc_clk_i[1] (IN)
                         net (fo=0)                   0.000     0.000    adc_clk_i[1]
    U18                  IBUFDS (Prop_ibufds_I_O)     0.983     0.983 r  i_clk/O
                         net (fo=1, routed)           1.306     2.289    pll/adc_clk_in
    PLLE2_ADV_X0Y0       PLLE2_ADV (Prop_plle2_adv_CLKIN1_CLKOUT2)
                                                      0.089     2.378 r  pll/pll/CLKOUT2
                         net (fo=2, routed)           1.754     4.132    pll_dac_clk_2x
    BUFGCTRL_X0Y1        BUFG (Prop_bufg_I_O)         0.101     4.233 r  bufg_dac_axi_clk/O
                         net (fo=1073, routed)        1.669     5.902    dac_axi_clk
    SLICE_X13Y30         FDRE                                         r  dac_axi_rstn_reg/C
  -------------------------------------------------------------------    -------------------
    SLICE_X13Y30         FDRE (Prop_fdre_C_Q)         0.419     6.321 f  dac_axi_rstn_reg/Q
                         net (fo=11, routed)          1.334     7.655    ps/axi_master_3/nxt_burst_rdy_reg_1
    SLICE_X2Y22          LUT1 (Prop_lut1_I0_O)        0.325     7.980 r  ps/axi_master_3/axi_sys\\.rvalid_i_1/O
                         net (fo=64, routed)          0.860     8.840    ps/axi_master_3/dac_axi_rstn_reg
    SLICE_X4Y26          FDRE                                         r  ps/axi_master_3/rd_cnt_reg[1]/R
  -------------------------------------------------------------------    -------------------

                         (clock pll_dac_clk_2x rise edge)
                                                      4.069     4.069 r  
    U18                                               0.000     4.069 r  adc_clk_i[1] (IN)
                         net (fo=0)                   0.000     4.069    adc_clk_i[1]
    U18                  IBUFDS (Prop_ibufds_I_O)     0.940     5.009 r  i_clk/O
                         net (fo=1, routed)           1.181     6.190    pll/adc_clk_in
    PLLE2_ADV_X0Y0       PLLE2_ADV (Prop_plle2_adv_CLKIN1_CLKOUT2)
                                                      0.084     6.274 r  pll/pll/CLKOUT2
                         net (fo=2, routed)           1.594     7.868    pll_dac_clk_2x
    BUFGCTRL_X0Y1        BUFG (Prop_bufg_I_O)         0.091     7.959 r  bufg_dac_axi_clk/O
                         net (fo=1073, routed)        1.536     9.495    ps/axi_master_3/CLK
    SLICE_X4Y26          FDRE                                         r  ps/axi_master_3/rd_cnt_reg[1]/C
                         clock pessimism              0.458     9.953    
                         clock uncertainty           -0.063     9.890    
    SLICE_X4Y26          FDRE (Setup_fdre_C_R)       -0.726     9.164    ps/axi_master_3/rd_cnt_reg[1]
  -------------------------------------------------------------------
                         required time                          9.164    
                         arrival time                          -8.840    
  -------------------------------------------------------------------
                         slack                                  0.324    





Min Delay Paths
--------------------------------------------------------------------------------------
Slack (MET) :             0.050ns  (arrival time - required time)
  Source:                 i_asg/chB/inst_axi_dac/i_rdburst/rd_addr_o_reg[25]/C
                            (rising edge-triggered cell FDRE clocked by pll_dac_clk_2x  {rise@0.000ns fall@2.034ns period=4.069ns})
  Destination:            i_asg/chB/inst_axi_dac/inst_asg_dat_fifo/U0/inst_fifo_gen/gconvfifo.rf/grf.rf/gntv_or_sync_fifo.mem/gbm.gbmg.gbmgc.ngecc.bmg/inst_blk_mem_gen/gnbram.gnativebmg.native_blk_mem_gen/valid.cstr/ramloop[1].ram.r/prim_noinit.ram/DEVICE_7SERIES.NO_BMM_INFO.SDP.WIDE_PRIM36_NO_ECC.ram/DIBDI[24]
                            (rising edge-triggered cell RAMB36E1 clocked by pll_dac_clk_2x  {rise@0.000ns fall@2.034ns period=4.069ns})
  Path Group:             pll_dac_clk_2x
  Path Type:              Hold (Min at Fast Process Corner)
  Requirement:            0.000ns  (pll_dac_clk_2x rise@0.000ns - pll_dac_clk_2x rise@0.000ns)
  Data Path Delay:        0.401ns  (logic 0.164ns (40.861%)  route 0.237ns (59.140%))
  Logic Levels:           0  
  Clock Path Skew:        0.055ns (DCD - SCD - CPR)
    Destination Clock Delay (DCD):    2.412ns
    Source Clock Delay      (SCD):    1.979ns
    Clock Pessimism Removal (CPR):    0.378ns

    Location             Delay type                Incr(ns)  Path(ns)    Netlist Resource(s)
  -------------------------------------------------------------------    -------------------
                         (clock pll_dac_clk_2x rise edge)
                                                      0.000     0.000 r  
    U18                                               0.000     0.000 r  adc_clk_i[1] (IN)
                         net (fo=0)                   0.000     0.000    adc_clk_i[1]
    U18                  IBUFDS (Prop_ibufds_I_O)     0.401     0.401 r  i_clk/O
                         net (fo=1, routed)           0.440     0.842    pll/adc_clk_in
    PLLE2_ADV_X0Y0       PLLE2_ADV (Prop_plle2_adv_CLKIN1_CLKOUT2)
                                                      0.051     0.893 r  pll/pll/CLKOUT2
                         net (fo=2, routed)           0.497     1.390    pll_dac_clk_2x
    BUFGCTRL_X0Y1        BUFG (Prop_bufg_I_O)         0.026     1.416 r  bufg_dac_axi_clk/O
                         net (fo=1073, routed)        0.564     1.979    i_asg/chB/inst_axi_dac/i_rdburst/CLK
    SLICE_X6Y38          FDRE                                         r  i_asg/chB/inst_axi_dac/i_rdburst/rd_addr_o_reg[25]/C
  -------------------------------------------------------------------    -------------------
    SLICE_X6Y38          FDRE (Prop_fdre_C_Q)         0.164     2.143 r  i_asg/chB/inst_axi_dac/i_rdburst/rd_addr_o_reg[25]/Q
                         net (fo=2, routed)           0.237     2.381    i_asg/chB/inst_axi_dac/inst_asg_dat_fifo/U0/inst_fifo_gen/gconvfifo.rf/grf.rf/gntv_or_sync_fifo.mem/gbm.gbmg.gbmgc.ngecc.bmg/inst_blk_mem_gen/gnbram.gnativebmg.native_blk_mem_gen/valid.cstr/ramloop[1].ram.r/prim_noinit.ram/dina[53]
    RAMB36_X0Y7          RAMB36E1                                     r  i_asg/chB/inst_axi_dac/inst_asg_dat_fifo/U0/inst_fifo_gen/gconvfifo.rf/grf.rf/gntv_or_sync_fifo.mem/gbm.gbmg.gbmgc.ngecc.bmg/inst_blk_mem_gen/gnbram.gnativebmg.native_blk_mem_gen/valid.cstr/ramloop[1].ram.r/prim_noinit.ram/DEVICE_7SERIES.NO_BMM_INFO.SDP.WIDE_PRIM36_NO_ECC.ram/DIBDI[24]
  -------------------------------------------------------------------    -------------------

                         (clock pll_dac_clk_2x rise edge)
                                                      0.000     0.000 r  
    U18                                               0.000     0.000 r  adc_clk_i[1] (IN)
                         net (fo=0)                   0.000     0.000    adc_clk_i[1]
    U18                  IBUFDS (Prop_ibufds_I_O)     0.433     0.433 r  i_clk/O
                         net (fo=1, routed)           0.481     0.914    pll/adc_clk_in
    PLLE2_ADV_X0Y0       PLLE2_ADV (Prop_plle2_adv_CLKIN1_CLKOUT2)
                                                      0.054     0.968 r  pll/pll/CLKOUT2
                         net (fo=2, routed)           0.544     1.512    pll_dac_clk_2x
    BUFGCTRL_X0Y1        BUFG (Prop_bufg_I_O)         0.029     1.541 r  bufg_dac_axi_clk/O
                         net (fo=1073, routed)        0.871     2.412    i_asg/chB/inst_axi_dac/inst_asg_dat_fifo/U0/inst_fifo_gen/gconvfifo.rf/grf.rf/gntv_or_sync_fifo.mem/gbm.gbmg.gbmgc.ngecc.bmg/inst_blk_mem_gen/gnbram.gnativebmg.native_blk_mem_gen/valid.cstr/ramloop[1].ram.r/prim_noinit.ram/clka
    RAMB36_X0Y7          RAMB36E1                                     r  i_asg/chB/inst_axi_dac/inst_asg_dat_fifo/U0/inst_fifo_gen/gconvfifo.rf/grf.rf/gntv_or_sync_fifo.mem/gbm.gbmg.gbmgc.ngecc.bmg/inst_blk_mem_gen/gnbram.gnativebmg.native_blk_mem_gen/valid.cstr/ramloop[1].ram.r/prim_noinit.ram/DEVICE_7SERIES.NO_BMM_INFO.SDP.WIDE_PRIM36_NO_ECC.ram/CLKBWRCLK
                         clock pessimism             -0.378     2.035    
    RAMB36_X0Y7          RAMB36E1 (Hold_ramb36e1_CLKBWRCLK_DIBDI[24])
                                                      0.296     2.331    i_asg/chB/inst_axi_dac/inst_asg_dat_fifo/U0/inst_fifo_gen/gconvfifo.rf/grf.rf/gntv_or_sync_fifo.mem/gbm.gbmg.gbmgc.ngecc.bmg/inst_blk_mem_gen/gnbram.gnativebmg.native_blk_mem_gen/valid.cstr/ramloop[1].ram.r/prim_noinit.ram/DEVICE_7SERIES.NO_BMM_INFO.SDP.WIDE_PRIM36_NO_ECC.ram
  -------------------------------------------------------------------
                         required time                         -2.331    
                         arrival time                           2.381    
  -------------------------------------------------------------------
                         slack                                  0.050    

Slack (MET) :             0.087ns  (arrival time - required time)
  Source:                 i_asg/chA/inst_axi_dac/i_rdburst/rd_data_o_reg[59]/C
                            (rising edge-triggered cell FDRE clocked by pll_dac_clk_2x  {rise@0.000ns fall@2.034ns period=4.069ns})
  Destination:            i_asg/chA/inst_axi_dac/inst_asg_dat_fifo/U0/inst_fifo_gen/gconvfifo.rf/grf.rf/gntv_or_sync_fifo.mem/gbm.gbmg.gbmgc.ngecc.bmg/inst_blk_mem_gen/gnbram.gnativebmg.native_blk_mem_gen/valid.cstr/ramloop[1].ram.r/prim_noinit.ram/DEVICE_7SERIES.NO_BMM_INFO.SDP.WIDE_PRIM36_NO_ECC.ram/DIADI[24]
                            (rising edge-triggered cell RAMB36E1 clocked by pll_dac_clk_2x  {rise@0.000ns fall@2.034ns period=4.069ns})
  Path Group:             pll_dac_clk_2x
  Path Type:              Hold (Min at Fast Process Corner)
  Requirement:            0.000ns  (pll_dac_clk_2x rise@0.000ns - pll_dac_clk_2x rise@0.000ns)
  Data Path Delay:        0.386ns  (logic 0.128ns (33.130%)  route 0.258ns (66.870%))
  Logic Levels:           0  
  Clock Path Skew:        0.056ns (DCD - SCD - CPR)
    Destination Clock Delay (DCD):    2.405ns
    Source Clock Delay      (SCD):    1.990ns
    Clock Pessimism Removal (CPR):    0.359ns

    Location             Delay type                Incr(ns)  Path(ns)    Netlist Resource(s)
  -------------------------------------------------------------------    -------------------
                         (clock pll_dac_clk_2x rise edge)
                                                      0.000     0.000 r  
    U18                                               0.000     0.000 r  adc_clk_i[1] (IN)
                         net (fo=0)                   0.000     0.000    adc_clk_i[1]
    U18                  IBUFDS (Prop_ibufds_I_O)     0.401     0.401 r  i_clk/O
                         net (fo=1, routed)           0.440     0.842    pll/adc_clk_in
    PLLE2_ADV_X0Y0       PLLE2_ADV (Prop_plle2_adv_CLKIN1_CLKOUT2)
                                                      0.051     0.893 r  pll/pll/CLKOUT2
                         net (fo=2, routed)           0.497     1.390    pll_dac_clk_2x
    BUFGCTRL_X0Y1        BUFG (Prop_bufg_I_O)         0.026     1.416 r  bufg_dac_axi_clk/O
                         net (fo=1073, routed)        0.575     1.990    i_asg/chA/inst_axi_dac/i_rdburst/CLK
    SLICE_X5Y21          FDRE                                         r  i_asg/chA/inst_axi_dac/i_rdburst/rd_data_o_reg[59]/C
  -------------------------------------------------------------------    -------------------
    SLICE_X5Y21          FDRE (Prop_fdre_C_Q)         0.128     2.118 r  i_asg/chA/inst_axi_dac/i_rdburst/rd_data_o_reg[59]/Q
                         net (fo=1, routed)           0.258     2.377    i_asg/chA/inst_axi_dac/inst_asg_dat_fifo/U0/inst_fifo_gen/gconvfifo.rf/grf.rf/gntv_or_sync_fifo.mem/gbm.gbmg.gbmgc.ngecc.bmg/inst_blk_mem_gen/gnbram.gnativebmg.native_blk_mem_gen/valid.cstr/ramloop[1].ram.r/prim_noinit.ram/dina[23]
    RAMB36_X0Y4          RAMB36E1                                     r  i_asg/chA/inst_axi_dac/inst_asg_dat_fifo/U0/inst_fifo_gen/gconvfifo.rf/grf.rf/gntv_or_sync_fifo.mem/gbm.gbmg.gbmgc.ngecc.bmg/inst_blk_mem_gen/gnbram.gnativebmg.native_blk_mem_gen/valid.cstr/ramloop[1].ram.r/prim_noinit.ram/DEVICE_7SERIES.NO_BMM_INFO.SDP.WIDE_PRIM36_NO_ECC.ram/DIADI[24]
  -------------------------------------------------------------------    -------------------

                         (clock pll_dac_clk_2x rise edge)
                                                      0.000     0.000 r  
    U18                                               0.000     0.000 r  adc_clk_i[1] (IN)
                         net (fo=0)                   0.000     0.000    adc_clk_i[1]
    U18                  IBUFDS (Prop_ibufds_I_O)     0.433     0.433 r  i_clk/O
                         net (fo=1, routed)           0.481     0.914    pll/adc_clk_in
    PLLE2_ADV_X0Y0       PLLE2_ADV (Prop_plle2_adv_CLKIN1_CLKOUT2)
                                                      0.054     0.968 r  pll/pll/CLKOUT2
                         net (fo=2, routed)           0.544     1.512    pll_dac_clk_2x
    BUFGCTRL_X0Y1        BUFG (Prop_bufg_I_O)         0.029     1.541 r  bufg_dac_axi_clk/O
                         net (fo=1073, routed)        0.864     2.405    i_asg/chA/inst_axi_dac/inst_asg_dat_fifo/U0/inst_fifo_gen/gconvfifo.rf/grf.rf/gntv_or_sync_fifo.mem/gbm.gbmg.gbmgc.ngecc.bmg/inst_blk_mem_gen/gnbram.gnativebmg.native_blk_mem_gen/valid.cstr/ramloop[1].ram.r/prim_noinit.ram/clka
    RAMB36_X0Y4          RAMB36E1                                     r  i_asg/chA/inst_axi_dac/inst_asg_dat_fifo/U0/inst_fifo_gen/gconvfifo.rf/grf.rf/gntv_or_sync_fifo.mem/gbm.gbmg.gbmgc.ngecc.bmg/inst_blk_mem_gen/gnbram.gnativebmg.native_blk_mem_gen/valid.cstr/ramloop[1].ram.r/prim_noinit.ram/DEVICE_7SERIES.NO_BMM_INFO.SDP.WIDE_PRIM36_NO_ECC.ram/CLKBWRCLK
                         clock pessimism             -0.359     2.047    
    RAMB36_X0Y4          RAMB36E1 (Hold_ramb36e1_CLKBWRCLK_DIADI[24])
                                                      0.243     2.290    i_asg/chA/inst_axi_dac/inst_asg_dat_fifo/U0/inst_fifo_gen/gconvfifo.rf/grf.rf/gntv_or_sync_fifo.mem/gbm.gbmg.gbmgc.ngecc.bmg/inst_blk_mem_gen/gnbram.gnativebmg.native_blk_mem_gen/valid.cstr/ramloop[1].ram.r/prim_noinit.ram/DEVICE_7SERIES.NO_BMM_INFO.SDP.WIDE_PRIM36_NO_ECC.ram
  -------------------------------------------------------------------
                         required time                         -2.290    
                         arrival time                           2.377    
  -------------------------------------------------------------------
                         slack                                  0.087    

Slack (MET) :             0.093ns  (arrival time - required time)
  Source:                 i_asg/chB/inst_axi_dac/i_rdburst/rd_addr_o_reg[13]/C
                            (rising edge-triggered cell FDRE clocked by pll_dac_clk_2x  {rise@0.000ns fall@2.034ns period=4.069ns})
  Destination:            i_asg/chB/inst_axi_dac/inst_asg_dat_fifo/U0/inst_fifo_gen/gconvfifo.rf/grf.rf/gntv_or_sync_fifo.mem/gbm.gbmg.gbmgc.ngecc.bmg/inst_blk_mem_gen/gnbram.gnativebmg.native_blk_mem_gen/valid.cstr/ramloop[1].ram.r/prim_noinit.ram/DEVICE_7SERIES.NO_BMM_INFO.SDP.WIDE_PRIM36_NO_ECC.ram/DIBDI[11]
                            (rising edge-triggered cell RAMB36E1 clocked by pll_dac_clk_2x  {rise@0.000ns fall@2.034ns period=4.069ns})
  Path Group:             pll_dac_clk_2x
  Path Type:              Hold (Min at Fast Process Corner)
  Requirement:            0.000ns  (pll_dac_clk_2x rise@0.000ns - pll_dac_clk_2x rise@0.000ns)
  Data Path Delay:        0.447ns  (logic 0.164ns (36.705%)  route 0.283ns (63.295%))
  Logic Levels:           0  
  Clock Path Skew:        0.057ns (DCD - SCD - CPR)
    Destination Clock Delay (DCD):    2.412ns
    Source Clock Delay      (SCD):    1.977ns
    Clock Pessimism Removal (CPR):    0.378ns

    Location             Delay type                Incr(ns)  Path(ns)    Netlist Resource(s)
  -------------------------------------------------------------------    -------------------
                         (clock pll_dac_clk_2x rise edge)
                                                      0.000     0.000 r  
    U18                                               0.000     0.000 r  adc_clk_i[1] (IN)
                         net (fo=0)                   0.000     0.000    adc_clk_i[1]
    U18                  IBUFDS (Prop_ibufds_I_O)     0.401     0.401 r  i_clk/O
                         net (fo=1, routed)           0.440     0.842    pll/adc_clk_in
    PLLE2_ADV_X0Y0       PLLE2_ADV (Prop_plle2_adv_CLKIN1_CLKOUT2)
                                                      0.051     0.893 r  pll/pll/CLKOUT2
                         net (fo=2, routed)           0.497     1.390    pll_dac_clk_2x
    BUFGCTRL_X0Y1        BUFG (Prop_bufg_I_O)         0.026     1.416 r  bufg_dac_axi_clk/O
                         net (fo=1073, routed)        0.562     1.977    i_asg/chB/inst_axi_dac/i_rdburst/CLK
    SLICE_X6Y35          FDRE                                         r  i_asg/chB/inst_axi_dac/i_rdburst/rd_addr_o_reg[13]/C
  -------------------------------------------------------------------    -------------------
    SLICE_X6Y35          FDRE (Prop_fdre_C_Q)         0.164     2.141 r  i_asg/chB/inst_axi_dac/i_rdburst/rd_addr_o_reg[13]/Q
                         net (fo=2, routed)           0.283     2.424    i_asg/chB/inst_axi_dac/inst_asg_dat_fifo/U0/inst_fifo_gen/gconvfifo.rf/grf.rf/gntv_or_sync_fifo.mem/gbm.gbmg.gbmgc.ngecc.bmg/inst_blk_mem_gen/gnbram.gnativebmg.native_blk_mem_gen/valid.cstr/ramloop[1].ram.r/prim_noinit.ram/dina[41]
    RAMB36_X0Y7          RAMB36E1                                     r  i_asg/chB/inst_axi_dac/inst_asg_dat_fifo/U0/inst_fifo_gen/gconvfifo.rf/grf.rf/gntv_or_sync_fifo.mem/gbm.gbmg.gbmgc.ngecc.bmg/inst_blk_mem_gen/gnbram.gnativebmg.native_blk_mem_gen/valid.cstr/ramloop[1].ram.r/prim_noinit.ram/DEVICE_7SERIES.NO_BMM_INFO.SDP.WIDE_PRIM36_NO_ECC.ram/DIBDI[11]
  -------------------------------------------------------------------    -------------------

                         (clock pll_dac_clk_2x rise edge)
                                                      0.000     0.000 r  
    U18                                               0.000     0.000 r  adc_clk_i[1] (IN)
                         net (fo=0)                   0.000     0.000    adc_clk_i[1]
    U18                  IBUFDS (Prop_ibufds_I_O)     0.433     0.433 r  i_clk/O
                         net (fo=1, routed)           0.481     0.914    pll/adc_clk_in
    PLLE2_ADV_X0Y0       PLLE2_ADV (Prop_plle2_adv_CLKIN1_CLKOUT2)
                                                      0.054     0.968 r  pll/pll/CLKOUT2
                         net (fo=2, routed)           0.544     1.512    pll_dac_clk_2x
    BUFGCTRL_X0Y1        BUFG (Prop_bufg_I_O)         0.029     1.541 r  bufg_dac_axi_clk/O
                         net (fo=1073, routed)        0.871     2.412    i_asg/chB/inst_axi_dac/inst_asg_dat_fifo/U0/inst_fifo_gen/gconvfifo.rf/grf.rf/gntv_or_sync_fifo.mem/gbm.gbmg.gbmgc.ngecc.bmg/inst_blk_mem_gen/gnbram.gnativebmg.native_blk_mem_gen/valid.cstr/ramloop[1].ram.r/prim_noinit.ram/clka
    RAMB36_X0Y7          RAMB36E1                                     r  i_asg/chB/inst_axi_dac/inst_asg_dat_fifo/U0/inst_fifo_gen/gconvfifo.rf/grf.rf/gntv_or_sync_fifo.mem/gbm.gbmg.gbmgc.ngecc.bmg/inst_blk_mem_gen/gnbram.gnativebmg.native_blk_mem_gen/valid.cstr/ramloop[1].ram.r/prim_noinit.ram/DEVICE_7SERIES.NO_BMM_INFO.SDP.WIDE_PRIM36_NO_ECC.ram/CLKBWRCLK
                         clock pessimism             -0.378     2.035    
    RAMB36_X0Y7          RAMB36E1 (Hold_ramb36e1_CLKBWRCLK_DIBDI[11])
                                                      0.296     2.331    i_asg/chB/inst_axi_dac/inst_asg_dat_fifo/U0/inst_fifo_gen/gconvfifo.rf/grf.rf/gntv_or_sync_fifo.mem/gbm.gbmg.gbmgc.ngecc.bmg/inst_blk_mem_gen/gnbram.gnativebmg.native_blk_mem_gen/valid.cstr/ramloop[1].ram.r/prim_noinit.ram/DEVICE_7SERIES.NO_BMM_INFO.SDP.WIDE_PRIM36_NO_ECC.ram
  -------------------------------------------------------------------
                         required time                         -2.331    
                         arrival time                           2.424    
  -------------------------------------------------------------------
                         slack                                  0.093    

Slack (MET) :             0.093ns  (arrival time - required time)
  Source:                 i_asg/chA/inst_axi_dac/i_rdburst/rd_data_o_reg[58]/C
                            (rising edge-triggered cell FDRE clocked by pll_dac_clk_2x  {rise@0.000ns fall@2.034ns period=4.069ns})
  Destination:            i_asg/chA/inst_axi_dac/inst_asg_dat_fifo/U0/inst_fifo_gen/gconvfifo.rf/grf.rf/gntv_or_sync_fifo.mem/gbm.gbmg.gbmgc.ngecc.bmg/inst_blk_mem_gen/gnbram.gnativebmg.native_blk_mem_gen/valid.cstr/ramloop[1].ram.r/prim_noinit.ram/DEVICE_7SERIES.NO_BMM_INFO.SDP.WIDE_PRIM36_NO_ECC.ram/DIADI[23]
                            (rising edge-triggered cell RAMB36E1 clocked by pll_dac_clk_2x  {rise@0.000ns fall@2.034ns period=4.069ns})
  Path Group:             pll_dac_clk_2x
  Path Type:              Hold (Min at Fast Process Corner)
  Requirement:            0.000ns  (pll_dac_clk_2x rise@0.000ns - pll_dac_clk_2x rise@0.000ns)
  Data Path Delay:        0.395ns  (logic 0.128ns (32.418%)  route 0.267ns (67.582%))
  Logic Levels:           0  
  Clock Path Skew:        0.058ns (DCD - SCD - CPR)
    Destination Clock Delay (DCD):    2.405ns
    Source Clock Delay      (SCD):    1.988ns
    Clock Pessimism Removal (CPR):    0.359ns

    Location             Delay type                Incr(ns)  Path(ns)    Netlist Resource(s)
  -------------------------------------------------------------------    -------------------
                         (clock pll_dac_clk_2x rise edge)
                                                      0.000     0.000 r  
    U18                                               0.000     0.000 r  adc_clk_i[1] (IN)
                         net (fo=0)                   0.000     0.000    adc_clk_i[1]
    U18                  IBUFDS (Prop_ibufds_I_O)     0.401     0.401 r  i_clk/O
                         net (fo=1, routed)           0.440     0.842    pll/adc_clk_in
    PLLE2_ADV_X0Y0       PLLE2_ADV (Prop_plle2_adv_CLKIN1_CLKOUT2)
                                                      0.051     0.893 r  pll/pll/CLKOUT2
                         net (fo=2, routed)           0.497     1.390    pll_dac_clk_2x
    BUFGCTRL_X0Y1        BUFG (Prop_bufg_I_O)         0.026     1.416 r  bufg_dac_axi_clk/O
                         net (fo=1073, routed)        0.573     1.988    i_asg/chA/inst_axi_dac/i_rdburst/CLK
    SLICE_X5Y23          FDRE                                         r  i_asg/chA/inst_axi_dac/i_rdburst/rd_data_o_reg[58]/C
  -------------------------------------------------------------------    -------------------
    SLICE_X5Y23          FDRE (Prop_fdre_C_Q)         0.128     2.116 r  i_asg/chA/inst_axi_dac/i_rdburst/rd_data_o_reg[58]/Q
                         net (fo=1, routed)           0.267     2.383    i_asg/chA/inst_axi_dac/inst_asg_dat_fifo/U0/inst_fifo_gen/gconvfifo.rf/grf.rf/gntv_or_sync_fifo.mem/gbm.gbmg.gbmgc.ngecc.bmg/inst_blk_mem_gen/gnbram.gnativebmg.native_blk_mem_gen/valid.cstr/ramloop[1].ram.r/prim_noinit.ram/dina[22]
    RAMB36_X0Y4          RAMB36E1                                     r  i_asg/chA/inst_axi_dac/inst_asg_dat_fifo/U0/inst_fifo_gen/gconvfifo.rf/grf.rf/gntv_or_sync_fifo.mem/gbm.gbmg.gbmgc.ngecc.bmg/inst_blk_mem_gen/gnbram.gnativebmg.native_blk_mem_gen/valid.cstr/ramloop[1].ram.r/prim_noinit.ram/DEVICE_7SERIES.NO_BMM_INFO.SDP.WIDE_PRIM36_NO_ECC.ram/DIADI[23]
  -------------------------------------------------------------------    -------------------

                         (clock pll_dac_clk_2x rise edge)
                                                      0.000     0.000 r  
    U18                                               0.000     0.000 r  adc_clk_i[1] (IN)
                         net (fo=0)                   0.000     0.000    adc_clk_i[1]
    U18                  IBUFDS (Prop_ibufds_I_O)     0.433     0.433 r  i_clk/O
                         net (fo=1, routed)           0.481     0.914    pll/adc_clk_in
    PLLE2_ADV_X0Y0       PLLE2_ADV (Prop_plle2_adv_CLKIN1_CLKOUT2)
                                                      0.054     0.968 r  pll/pll/CLKOUT2
                         net (fo=2, routed)           0.544     1.512    pll_dac_clk_2x
    BUFGCTRL_X0Y1        BUFG (Prop_bufg_I_O)         0.029     1.541 r  bufg_dac_axi_clk/O
                         net (fo=1073, routed)        0.864     2.405    i_asg/chA/inst_axi_dac/inst_asg_dat_fifo/U0/inst_fifo_gen/gconvfifo.rf/grf.rf/gntv_or_sync_fifo.mem/gbm.gbmg.gbmgc.ngecc.bmg/inst_blk_mem_gen/gnbram.gnativebmg.native_blk_mem_gen/valid.cstr/ramloop[1].ram.r/prim_noinit.ram/clka
    RAMB36_X0Y4          RAMB36E1                                     r  i_asg/chA/inst_axi_dac/inst_asg_dat_fifo/U0/inst_fifo_gen/gconvfifo.rf/grf.rf/gntv_or_sync_fifo.mem/gbm.gbmg.gbmgc.ngecc.bmg/inst_blk_mem_gen/gnbram.gnativebmg.native_blk_mem_gen/valid.cstr/ramloop[1].ram.r/prim_noinit.ram/DEVICE_7SERIES.NO_BMM_INFO.SDP.WIDE_PRIM36_NO_ECC.ram/CLKBWRCLK
                         clock pessimism             -0.359     2.047    
    RAMB36_X0Y4          RAMB36E1 (Hold_ramb36e1_CLKBWRCLK_DIADI[23])
                                                      0.243     2.290    i_asg/chA/inst_axi_dac/inst_asg_dat_fifo/U0/inst_fifo_gen/gconvfifo.rf/grf.rf/gntv_or_sync_fifo.mem/gbm.gbmg.gbmgc.ngecc.bmg/inst_blk_mem_gen/gnbram.gnativebmg.native_blk_mem_gen/valid.cstr/ramloop[1].ram.r/prim_noinit.ram/DEVICE_7SERIES.NO_BMM_INFO.SDP.WIDE_PRIM36_NO_ECC.ram
  -------------------------------------------------------------------
                         required time                         -2.290    
                         arrival time                           2.383    
  -------------------------------------------------------------------
                         slack                                  0.093    

Slack (MET) :             0.094ns  (arrival time - required time)
  Source:                 i_asg/chA/inst_axi_dac/i_rdburst/rd_data_o_reg[56]/C
                            (rising edge-triggered cell FDRE clocked by pll_dac_clk_2x  {rise@0.000ns fall@2.034ns period=4.069ns})
  Destination:            i_asg/chA/inst_axi_dac/inst_asg_dat_fifo/U0/inst_fifo_gen/gconvfifo.rf/grf.rf/gntv_or_sync_fifo.mem/gbm.gbmg.gbmgc.ngecc.bmg/inst_blk_mem_gen/gnbram.gnativebmg.native_blk_mem_gen/valid.cstr/ramloop[1].ram.r/prim_noinit.ram/DEVICE_7SERIES.NO_BMM_INFO.SDP.WIDE_PRIM36_NO_ECC.ram/DIADI[21]
                            (rising edge-triggered cell RAMB36E1 clocked by pll_dac_clk_2x  {rise@0.000ns fall@2.034ns period=4.069ns})
  Path Group:             pll_dac_clk_2x
  Path Type:              Hold (Min at Fast Process Corner)
  Requirement:            0.000ns  (pll_dac_clk_2x rise@0.000ns - pll_dac_clk_2x rise@0.000ns)
  Data Path Delay:        0.395ns  (logic 0.128ns (32.429%)  route 0.267ns (67.571%))
  Logic Levels:           0  
  Clock Path Skew:        0.058ns (DCD - SCD - CPR)
    Destination Clock Delay (DCD):    2.405ns
    Source Clock Delay      (SCD):    1.988ns
    Clock Pessimism Removal (CPR):    0.359ns

    Location             Delay type                Incr(ns)  Path(ns)    Netlist Resource(s)
  -------------------------------------------------------------------    -------------------
                         (clock pll_dac_clk_2x rise edge)
                                                      0.000     0.000 r  
    U18                                               0.000     0.000 r  adc_clk_i[1] (IN)
                         net (fo=0)                   0.000     0.000    adc_clk_i[1]
    U18                  IBUFDS (Prop_ibufds_I_O)     0.401     0.401 r  i_clk/O
                         net (fo=1, routed)           0.440     0.842    pll/adc_clk_in
    PLLE2_ADV_X0Y0       PLLE2_ADV (Prop_plle2_adv_CLKIN1_CLKOUT2)
                                                      0.051     0.893 r  pll/pll/CLKOUT2
                         net (fo=2, routed)           0.497     1.390    pll_dac_clk_2x
    BUFGCTRL_X0Y1        BUFG (Prop_bufg_I_O)         0.026     1.416 r  bufg_dac_axi_clk/O
                         net (fo=1073, routed)        0.573     1.988    i_asg/chA/inst_axi_dac/i_rdburst/CLK
    SLICE_X5Y23          FDRE                                         r  i_asg/chA/inst_axi_dac/i_rdburst/rd_data_o_reg[56]/C
  -------------------------------------------------------------------    -------------------
    SLICE_X5Y23          FDRE (Prop_fdre_C_Q)         0.128     2.116 r  i_asg/chA/inst_axi_dac/i_rdburst/rd_data_o_reg[56]/Q
                         net (fo=1, routed)           0.267     2.383    i_asg/chA/inst_axi_dac/inst_asg_dat_fifo/U0/inst_fifo_gen/gconvfifo.rf/grf.rf/gntv_or_sync_fifo.mem/gbm.gbmg.gbmgc.ngecc.bmg/inst_blk_mem_gen/gnbram.gnativebmg.native_blk_mem_gen/valid.cstr/ramloop[1].ram.r/prim_noinit.ram/dina[20]
    RAMB36_X0Y4          RAMB36E1                                     r  i_asg/chA/inst_axi_dac/inst_asg_dat_fifo/U0/inst_fifo_gen/gconvfifo.rf/grf.rf/gntv_or_sync_fifo.mem/gbm.gbmg.gbmgc.ngecc.bmg/inst_blk_mem_gen/gnbram.gnativebmg.native_blk_mem_gen/valid.cstr/ramloop[1].ram.r/prim_noinit.ram/DEVICE_7SERIES.NO_BMM_INFO.SDP.WIDE_PRIM36_NO_ECC.ram/DIADI[21]
  -------------------------------------------------------------------    -------------------

                         (clock pll_dac_clk_2x rise edge)
                                                      0.000     0.000 r  
    U18                                               0.000     0.000 r  adc_clk_i[1] (IN)
                         net (fo=0)                   0.000     0.000    adc_clk_i[1]
    U18                  IBUFDS (Prop_ibufds_I_O)     0.433     0.433 r  i_clk/O
                         net (fo=1, routed)           0.481     0.914    pll/adc_clk_in
    PLLE2_ADV_X0Y0       PLLE2_ADV (Prop_plle2_adv_CLKIN1_CLKOUT2)
                                                      0.054     0.968 r  pll/pll/CLKOUT2
                         net (fo=2, routed)           0.544     1.512    pll_dac_clk_2x
    BUFGCTRL_X0Y1        BUFG (Prop_bufg_I_O)         0.029     1.541 r  bufg_dac_axi_clk/O
                         net (fo=1073, routed)        0.864     2.405    i_asg/chA/inst_axi_dac/inst_asg_dat_fifo/U0/inst_fifo_gen/gconvfifo.rf/grf.rf/gntv_or_sync_fifo.mem/gbm.gbmg.gbmgc.ngecc.bmg/inst_blk_mem_gen/gnbram.gnativebmg.native_blk_mem_gen/valid.cstr/ramloop[1].ram.r/prim_noinit.ram/clka
    RAMB36_X0Y4          RAMB36E1                                     r  i_asg/chA/inst_axi_dac/inst_asg_dat_fifo/U0/inst_fifo_gen/gconvfifo.rf/grf.rf/gntv_or_sync_fifo.mem/gbm.gbmg.gbmgc.ngecc.bmg/inst_blk_mem_gen/gnbram.gnativebmg.native_blk_mem_gen/valid.cstr/ramloop[1].ram.r/prim_noinit.ram/DEVICE_7SERIES.NO_BMM_INFO.SDP.WIDE_PRIM36_NO_ECC.ram/CLKBWRCLK
                         clock pessimism             -0.359     2.047    
    RAMB36_X0Y4          RAMB36E1 (Hold_ramb36e1_CLKBWRCLK_DIADI[21])
                                                      0.242     2.289    i_asg/chA/inst_axi_dac/inst_asg_dat_fifo/U0/inst_fifo_gen/gconvfifo.rf/grf.rf/gntv_or_sync_fifo.mem/gbm.gbmg.gbmgc.ngecc.bmg/inst_blk_mem_gen/gnbram.gnativebmg.native_blk_mem_gen/valid.cstr/ramloop[1].ram.r/prim_noinit.ram/DEVICE_7SERIES.NO_BMM_INFO.SDP.WIDE_PRIM36_NO_ECC.ram
  -------------------------------------------------------------------
                         required time                         -2.289    
                         arrival time                           2.383    
  -------------------------------------------------------------------
                         slack                                  0.094    

Slack (MET) :             0.094ns  (arrival time - required time)
  Source:                 i_asg/chB/inst_axi_dac/i_rdburst/rd_data_o_reg[31]/C
                            (rising edge-triggered cell FDRE clocked by pll_dac_clk_2x  {rise@0.000ns fall@2.034ns period=4.069ns})
  Destination:            i_asg/chB/inst_axi_dac/inst_asg_dat_fifo/U0/inst_fifo_gen/gconvfifo.rf/grf.rf/gntv_or_sync_fifo.mem/gbm.gbmg.gbmgc.ngecc.bmg/inst_blk_mem_gen/gnbram.gnativebmg.native_blk_mem_gen/valid.cstr/ramloop[0].ram.r/prim_noinit.ram/DEVICE_7SERIES.NO_BMM_INFO.SDP.WIDE_PRIM18.ram/DIBDI[12]
                            (rising edge-triggered cell RAMB18E1 clocked by pll_dac_clk_2x  {rise@0.000ns fall@2.034ns period=4.069ns})
  Path Group:             pll_dac_clk_2x
  Path Type:              Hold (Min at Fast Process Corner)
  Requirement:            0.000ns  (pll_dac_clk_2x rise@0.000ns - pll_dac_clk_2x rise@0.000ns)
  Data Path Delay:        0.394ns  (logic 0.128ns (32.506%)  route 0.266ns (67.494%))
  Logic Levels:           0  
  Clock Path Skew:        0.057ns (DCD - SCD - CPR)
    Destination Clock Delay (DCD):    2.408ns
    Source Clock Delay      (SCD):    1.992ns
    Clock Pessimism Removal (CPR):    0.359ns

    Location             Delay type                Incr(ns)  Path(ns)    Netlist Resource(s)
  -------------------------------------------------------------------    -------------------
                         (clock pll_dac_clk_2x rise edge)
                                                      0.000     0.000 r  
    U18                                               0.000     0.000 r  adc_clk_i[1] (IN)
                         net (fo=0)                   0.000     0.000    adc_clk_i[1]
    U18                  IBUFDS (Prop_ibufds_I_O)     0.401     0.401 r  i_clk/O
                         net (fo=1, routed)           0.440     0.842    pll/adc_clk_in
    PLLE2_ADV_X0Y0       PLLE2_ADV (Prop_plle2_adv_CLKIN1_CLKOUT2)
                                                      0.051     0.893 r  pll/pll/CLKOUT2
                         net (fo=2, routed)           0.497     1.390    pll_dac_clk_2x
    BUFGCTRL_X0Y1        BUFG (Prop_bufg_I_O)         0.026     1.416 r  bufg_dac_axi_clk/O
                         net (fo=1073, routed)        0.577     1.992    i_asg/chB/inst_axi_dac/i_rdburst/CLK
    SLICE_X5Y30          FDRE                                         r  i_asg/chB/inst_axi_dac/i_rdburst/rd_data_o_reg[31]/C
  -------------------------------------------------------------------    -------------------
    SLICE_X5Y30          FDRE (Prop_fdre_C_Q)         0.128     2.120 r  i_asg/chB/inst_axi_dac/i_rdburst/rd_data_o_reg[31]/Q
                         net (fo=1, routed)           0.266     2.386    i_asg/chB/inst_axi_dac/inst_asg_dat_fifo/U0/inst_fifo_gen/gconvfifo.rf/grf.rf/gntv_or_sync_fifo.mem/gbm.gbmg.gbmgc.ngecc.bmg/inst_blk_mem_gen/gnbram.gnativebmg.native_blk_mem_gen/valid.cstr/ramloop[0].ram.r/prim_noinit.ram/dina[31]
    RAMB18_X0Y12         RAMB18E1                                     r  i_asg/chB/inst_axi_dac/inst_asg_dat_fifo/U0/inst_fifo_gen/gconvfifo.rf/grf.rf/gntv_or_sync_fifo.mem/gbm.gbmg.gbmgc.ngecc.bmg/inst_blk_mem_gen/gnbram.gnativebmg.native_blk_mem_gen/valid.cstr/ramloop[0].ram.r/prim_noinit.ram/DEVICE_7SERIES.NO_BMM_INFO.SDP.WIDE_PRIM18.ram/DIBDI[12]
  -------------------------------------------------------------------    -------------------

                         (clock pll_dac_clk_2x rise edge)
                                                      0.000     0.000 r  
    U18                                               0.000     0.000 r  adc_clk_i[1] (IN)
                         net (fo=0)                   0.000     0.000    adc_clk_i[1]
    U18                  IBUFDS (Prop_ibufds_I_O)     0.433     0.433 r  i_clk/O
                         net (fo=1, routed)           0.481     0.914    pll/adc_clk_in
    PLLE2_ADV_X0Y0       PLLE2_ADV (Prop_plle2_adv_CLKIN1_CLKOUT2)
                                                      0.054     0.968 r  pll/pll/CLKOUT2
                         net (fo=2, routed)           0.544     1.512    pll_dac_clk_2x
    BUFGCTRL_X0Y1        BUFG (Prop_bufg_I_O)         0.029     1.541 r  bufg_dac_axi_clk/O
                         net (fo=1073, routed)        0.867     2.408    i_asg/chB/inst_axi_dac/inst_asg_dat_fifo/U0/inst_fifo_gen/gconvfifo.rf/grf.rf/gntv_or_sync_fifo.mem/gbm.gbmg.gbmgc.ngecc.bmg/inst_blk_mem_gen/gnbram.gnativebmg.native_blk_mem_gen/valid.cstr/ramloop[0].ram.r/prim_noinit.ram/clka
    RAMB18_X0Y12         RAMB18E1                                     r  i_asg/chB/inst_axi_dac/inst_asg_dat_fifo/U0/inst_fifo_gen/gconvfifo.rf/grf.rf/gntv_or_sync_fifo.mem/gbm.gbmg.gbmgc.ngecc.bmg/inst_blk_mem_gen/gnbram.gnativebmg.native_blk_mem_gen/valid.cstr/ramloop[0].ram.r/prim_noinit.ram/DEVICE_7SERIES.NO_BMM_INFO.SDP.WIDE_PRIM18.ram/CLKBWRCLK
                         clock pessimism             -0.359     2.050    
    RAMB18_X0Y12         RAMB18E1 (Hold_ramb18e1_CLKBWRCLK_DIBDI[12])
                                                      0.242     2.292    i_asg/chB/inst_axi_dac/inst_asg_dat_fifo/U0/inst_fifo_gen/gconvfifo.rf/grf.rf/gntv_or_sync_fifo.mem/gbm.gbmg.gbmgc.ngecc.bmg/inst_blk_mem_gen/gnbram.gnativebmg.native_blk_mem_gen/valid.cstr/ramloop[0].ram.r/prim_noinit.ram/DEVICE_7SERIES.NO_BMM_INFO.SDP.WIDE_PRIM18.ram
  -------------------------------------------------------------------
                         required time                         -2.292    
                         arrival time                           2.386    
  -------------------------------------------------------------------
                         slack                                  0.094    

Slack (MET) :             0.097ns  (arrival time - required time)
  Source:                 i_asg/chA/inst_axi_dac/rf_rd_sr_reg[0]/C
                            (rising edge-triggered cell FDRE clocked by pll_dac_clk_2x  {rise@0.000ns fall@2.034ns period=4.069ns})
  Destination:            i_asg/chA/inst_axi_dac/req_fifo_out_r_reg[7]/CE
                            (rising edge-triggered cell FDRE clocked by pll_dac_clk_2x  {rise@0.000ns fall@2.034ns period=4.069ns})
  Path Group:             pll_dac_clk_2x
  Path Type:              Hold (Min at Fast Process Corner)
  Requirement:            0.000ns  (pll_dac_clk_2x rise@0.000ns - pll_dac_clk_2x rise@0.000ns)
  Data Path Delay:        0.318ns  (logic 0.164ns (51.553%)  route 0.154ns (48.447%))
  Logic Levels:           0  
  Clock Path Skew:        0.260ns (DCD - SCD - CPR)
    Destination Clock Delay (DCD):    2.356ns
    Source Clock Delay      (SCD):    1.965ns
    Clock Pessimism Removal (CPR):    0.130ns

    Location             Delay type                Incr(ns)  Path(ns)    Netlist Resource(s)
  -------------------------------------------------------------------    -------------------
                         (clock pll_dac_clk_2x rise edge)
                                                      0.000     0.000 r  
    U18                                               0.000     0.000 r  adc_clk_i[1] (IN)
                         net (fo=0)                   0.000     0.000    adc_clk_i[1]
    U18                  IBUFDS (Prop_ibufds_I_O)     0.401     0.401 r  i_clk/O
                         net (fo=1, routed)           0.440     0.842    pll/adc_clk_in
    PLLE2_ADV_X0Y0       PLLE2_ADV (Prop_plle2_adv_CLKIN1_CLKOUT2)
                                                      0.051     0.893 r  pll/pll/CLKOUT2
                         net (fo=2, routed)           0.497     1.390    pll_dac_clk_2x
    BUFGCTRL_X0Y1        BUFG (Prop_bufg_I_O)         0.026     1.416 r  bufg_dac_axi_clk/O
                         net (fo=1073, routed)        0.550     1.965    i_asg/chA/inst_axi_dac/CLK
    SLICE_X20Y27         FDRE                                         r  i_asg/chA/inst_axi_dac/rf_rd_sr_reg[0]/C
  -------------------------------------------------------------------    -------------------
    SLICE_X20Y27         FDRE (Prop_fdre_C_Q)         0.164     2.129 r  i_asg/chA/inst_axi_dac/rf_rd_sr_reg[0]/Q
                         net (fo=38, routed)          0.154     2.283    i_asg/chA/inst_axi_dac/rf_rd_sr__0[0]
    SLICE_X22Y27         FDRE                                         r  i_asg/chA/inst_axi_dac/req_fifo_out_r_reg[7]/CE
  -------------------------------------------------------------------    -------------------

                         (clock pll_dac_clk_2x rise edge)
                                                      0.000     0.000 r  
    U18                                               0.000     0.000 r  adc_clk_i[1] (IN)
                         net (fo=0)                   0.000     0.000    adc_clk_i[1]
    U18                  IBUFDS (Prop_ibufds_I_O)     0.433     0.433 r  i_clk/O
                         net (fo=1, routed)           0.481     0.914    pll/adc_clk_in
    PLLE2_ADV_X0Y0       PLLE2_ADV (Prop_plle2_adv_CLKIN1_CLKOUT2)
                                                      0.054     0.968 r  pll/pll/CLKOUT2
                         net (fo=2, routed)           0.544     1.512    pll_dac_clk_2x
    BUFGCTRL_X0Y1        BUFG (Prop_bufg_I_O)         0.029     1.541 r  bufg_dac_axi_clk/O
                         net (fo=1073, routed)        0.815     2.356    i_asg/chA/inst_axi_dac/CLK
    SLICE_X22Y27         FDRE                                         r  i_asg/chA/inst_axi_dac/req_fifo_out_r_reg[7]/C
                         clock pessimism             -0.130     2.226    
    SLICE_X22Y27         FDRE (Hold_fdre_C_CE)       -0.039     2.187    i_asg/chA/inst_axi_dac/req_fifo_out_r_reg[7]
  -------------------------------------------------------------------
                         required time                         -2.187    
                         arrival time                           2.283    
  -------------------------------------------------------------------
                         slack                                  0.097    

Slack (MET) :             0.097ns  (arrival time - required time)
  Source:                 i_asg/chA/inst_axi_dac/i_rdburst/rd_data_o_reg[14]/C
                            (rising edge-triggered cell FDRE clocked by pll_dac_clk_2x  {rise@0.000ns fall@2.034ns period=4.069ns})
  Destination:            i_asg/chA/inst_axi_dac/inst_asg_dat_fifo/U0/inst_fifo_gen/gconvfifo.rf/grf.rf/gntv_or_sync_fifo.mem/gbm.gbmg.gbmgc.ngecc.bmg/inst_blk_mem_gen/gnbram.gnativebmg.native_blk_mem_gen/valid.cstr/ramloop[0].ram.r/prim_noinit.ram/DEVICE_7SERIES.NO_BMM_INFO.SDP.WIDE_PRIM18.ram/DIADI[13]
                            (rising edge-triggered cell RAMB18E1 clocked by pll_dac_clk_2x  {rise@0.000ns fall@2.034ns period=4.069ns})
  Path Group:             pll_dac_clk_2x
  Path Type:              Hold (Min at Fast Process Corner)
  Requirement:            0.000ns  (pll_dac_clk_2x rise@0.000ns - pll_dac_clk_2x rise@0.000ns)
  Data Path Delay:        0.450ns  (logic 0.141ns (31.343%)  route 0.309ns (68.657%))
  Logic Levels:           0  
  Clock Path Skew:        0.056ns (DCD - SCD - CPR)
    Destination Clock Delay (DCD):    2.402ns
    Source Clock Delay      (SCD):    1.987ns
    Clock Pessimism Removal (CPR):    0.359ns

    Location             Delay type                Incr(ns)  Path(ns)    Netlist Resource(s)
  -------------------------------------------------------------------    -------------------
                         (clock pll_dac_clk_2x rise edge)
                                                      0.000     0.000 r  
    U18                                               0.000     0.000 r  adc_clk_i[1] (IN)
                         net (fo=0)                   0.000     0.000    adc_clk_i[1]
    U18                  IBUFDS (Prop_ibufds_I_O)     0.401     0.401 r  i_clk/O
                         net (fo=1, routed)           0.440     0.842    pll/adc_clk_in
    PLLE2_ADV_X0Y0       PLLE2_ADV (Prop_plle2_adv_CLKIN1_CLKOUT2)
                                                      0.051     0.893 r  pll/pll/CLKOUT2
                         net (fo=2, routed)           0.497     1.390    pll_dac_clk_2x
    BUFGCTRL_X0Y1        BUFG (Prop_bufg_I_O)         0.026     1.416 r  bufg_dac_axi_clk/O
                         net (fo=1073, routed)        0.572     1.987    i_asg/chA/inst_axi_dac/i_rdburst/CLK
    SLICE_X3Y25          FDRE                                         r  i_asg/chA/inst_axi_dac/i_rdburst/rd_data_o_reg[14]/C
  -------------------------------------------------------------------    -------------------
    SLICE_X3Y25          FDRE (Prop_fdre_C_Q)         0.141     2.128 r  i_asg/chA/inst_axi_dac/i_rdburst/rd_data_o_reg[14]/Q
                         net (fo=1, routed)           0.309     2.437    i_asg/chA/inst_axi_dac/inst_asg_dat_fifo/U0/inst_fifo_gen/gconvfifo.rf/grf.rf/gntv_or_sync_fifo.mem/gbm.gbmg.gbmgc.ngecc.bmg/inst_blk_mem_gen/gnbram.gnativebmg.native_blk_mem_gen/valid.cstr/ramloop[0].ram.r/prim_noinit.ram/dina[14]
    RAMB18_X0Y10         RAMB18E1                                     r  i_asg/chA/inst_axi_dac/inst_asg_dat_fifo/U0/inst_fifo_gen/gconvfifo.rf/grf.rf/gntv_or_sync_fifo.mem/gbm.gbmg.gbmgc.ngecc.bmg/inst_blk_mem_gen/gnbram.gnativebmg.native_blk_mem_gen/valid.cstr/ramloop[0].ram.r/prim_noinit.ram/DEVICE_7SERIES.NO_BMM_INFO.SDP.WIDE_PRIM18.ram/DIADI[13]
  -------------------------------------------------------------------    -------------------

                         (clock pll_dac_clk_2x rise edge)
                                                      0.000     0.000 r  
    U18                                               0.000     0.000 r  adc_clk_i[1] (IN)
                         net (fo=0)                   0.000     0.000    adc_clk_i[1]
    U18                  IBUFDS (Prop_ibufds_I_O)     0.433     0.433 r  i_clk/O
                         net (fo=1, routed)           0.481     0.914    pll/adc_clk_in
    PLLE2_ADV_X0Y0       PLLE2_ADV (Prop_plle2_adv_CLKIN1_CLKOUT2)
                                                      0.054     0.968 r  pll/pll/CLKOUT2
                         net (fo=2, routed)           0.544     1.512    pll_dac_clk_2x
    BUFGCTRL_X0Y1        BUFG (Prop_bufg_I_O)         0.029     1.541 r  bufg_dac_axi_clk/O
                         net (fo=1073, routed)        0.861     2.402    i_asg/chA/inst_axi_dac/inst_asg_dat_fifo/U0/inst_fifo_gen/gconvfifo.rf/grf.rf/gntv_or_sync_fifo.mem/gbm.gbmg.gbmgc.ngecc.bmg/inst_blk_mem_gen/gnbram.gnativebmg.native_blk_mem_gen/valid.cstr/ramloop[0].ram.r/prim_noinit.ram/clka
    RAMB18_X0Y10         RAMB18E1                                     r  i_asg/chA/inst_axi_dac/inst_asg_dat_fifo/U0/inst_fifo_gen/gconvfifo.rf/grf.rf/gntv_or_sync_fifo.mem/gbm.gbmg.gbmgc.ngecc.bmg/inst_blk_mem_gen/gnbram.gnativebmg.native_blk_mem_gen/valid.cstr/ramloop[0].ram.r/prim_noinit.ram/DEVICE_7SERIES.NO_BMM_INFO.SDP.WIDE_PRIM18.ram/CLKBWRCLK
                         clock pessimism             -0.359     2.044    
    RAMB18_X0Y10         RAMB18E1 (Hold_ramb18e1_CLKBWRCLK_DIADI[13])
                                                      0.296     2.340    i_asg/chA/inst_axi_dac/inst_asg_dat_fifo/U0/inst_fifo_gen/gconvfifo.rf/grf.rf/gntv_or_sync_fifo.mem/gbm.gbmg.gbmgc.ngecc.bmg/inst_blk_mem_gen/gnbram.gnativebmg.native_blk_mem_gen/valid.cstr/ramloop[0].ram.r/prim_noinit.ram/DEVICE_7SERIES.NO_BMM_INFO.SDP.WIDE_PRIM18.ram
  -------------------------------------------------------------------
                         required time                         -2.340    
                         arrival time                           2.437    
  -------------------------------------------------------------------
                         slack                                  0.097    

Slack (MET) :             0.099ns  (arrival time - required time)
  Source:                 i_asg/chA/inst_axi_dac/i_rdburst/rd_data_o_reg[28]/C
                            (rising edge-triggered cell FDRE clocked by pll_dac_clk_2x  {rise@0.000ns fall@2.034ns period=4.069ns})
  Destination:            i_asg/chA/inst_axi_dac/inst_asg_dat_fifo/U0/inst_fifo_gen/gconvfifo.rf/grf.rf/gntv_or_sync_fifo.mem/gbm.gbmg.gbmgc.ngecc.bmg/inst_blk_mem_gen/gnbram.gnativebmg.native_blk_mem_gen/valid.cstr/ramloop[0].ram.r/prim_noinit.ram/DEVICE_7SERIES.NO_BMM_INFO.SDP.WIDE_PRIM18.ram/DIBDI[9]
                            (rising edge-triggered cell RAMB18E1 clocked by pll_dac_clk_2x  {rise@0.000ns fall@2.034ns period=4.069ns})
  Path Group:             pll_dac_clk_2x
  Path Type:              Hold (Min at Fast Process Corner)
  Requirement:            0.000ns  (pll_dac_clk_2x rise@0.000ns - pll_dac_clk_2x rise@0.000ns)
  Data Path Delay:        0.398ns  (logic 0.128ns (32.151%)  route 0.270ns (67.849%))
  Logic Levels:           0  
  Clock Path Skew:        0.056ns (DCD - SCD - CPR)
    Destination Clock Delay (DCD):    2.402ns
    Source Clock Delay      (SCD):    1.987ns
    Clock Pessimism Removal (CPR):    0.359ns

    Location             Delay type                Incr(ns)  Path(ns)    Netlist Resource(s)
  -------------------------------------------------------------------    -------------------
                         (clock pll_dac_clk_2x rise edge)
                                                      0.000     0.000 r  
    U18                                               0.000     0.000 r  adc_clk_i[1] (IN)
                         net (fo=0)                   0.000     0.000    adc_clk_i[1]
    U18                  IBUFDS (Prop_ibufds_I_O)     0.401     0.401 r  i_clk/O
                         net (fo=1, routed)           0.440     0.842    pll/adc_clk_in
    PLLE2_ADV_X0Y0       PLLE2_ADV (Prop_plle2_adv_CLKIN1_CLKOUT2)
                                                      0.051     0.893 r  pll/pll/CLKOUT2
                         net (fo=2, routed)           0.497     1.390    pll_dac_clk_2x
    BUFGCTRL_X0Y1        BUFG (Prop_bufg_I_O)         0.026     1.416 r  bufg_dac_axi_clk/O
                         net (fo=1073, routed)        0.572     1.987    i_asg/chA/inst_axi_dac/i_rdburst/CLK
    SLICE_X3Y25          FDRE                                         r  i_asg/chA/inst_axi_dac/i_rdburst/rd_data_o_reg[28]/C
  -------------------------------------------------------------------    -------------------
    SLICE_X3Y25          FDRE (Prop_fdre_C_Q)         0.128     2.115 r  i_asg/chA/inst_axi_dac/i_rdburst/rd_data_o_reg[28]/Q
                         net (fo=1, routed)           0.270     2.385    i_asg/chA/inst_axi_dac/inst_asg_dat_fifo/U0/inst_fifo_gen/gconvfifo.rf/grf.rf/gntv_or_sync_fifo.mem/gbm.gbmg.gbmgc.ngecc.bmg/inst_blk_mem_gen/gnbram.gnativebmg.native_blk_mem_gen/valid.cstr/ramloop[0].ram.r/prim_noinit.ram/dina[28]
    RAMB18_X0Y10         RAMB18E1                                     r  i_asg/chA/inst_axi_dac/inst_asg_dat_fifo/U0/inst_fifo_gen/gconvfifo.rf/grf.rf/gntv_or_sync_fifo.mem/gbm.gbmg.gbmgc.ngecc.bmg/inst_blk_mem_gen/gnbram.gnativebmg.native_blk_mem_gen/valid.cstr/ramloop[0].ram.r/prim_noinit.ram/DEVICE_7SERIES.NO_BMM_INFO.SDP.WIDE_PRIM18.ram/DIBDI[9]
  -------------------------------------------------------------------    -------------------

                         (clock pll_dac_clk_2x rise edge)
                                                      0.000     0.000 r  
    U18                                               0.000     0.000 r  adc_clk_i[1] (IN)
                         net (fo=0)                   0.000     0.000    adc_clk_i[1]
    U18                  IBUFDS (Prop_ibufds_I_O)     0.433     0.433 r  i_clk/O
                         net (fo=1, routed)           0.481     0.914    pll/adc_clk_in
    PLLE2_ADV_X0Y0       PLLE2_ADV (Prop_plle2_adv_CLKIN1_CLKOUT2)
                                                      0.054     0.968 r  pll/pll/CLKOUT2
                         net (fo=2, routed)           0.544     1.512    pll_dac_clk_2x
    BUFGCTRL_X0Y1        BUFG (Prop_bufg_I_O)         0.029     1.541 r  bufg_dac_axi_clk/O
                         net (fo=1073, routed)        0.861     2.402    i_asg/chA/inst_axi_dac/inst_asg_dat_fifo/U0/inst_fifo_gen/gconvfifo.rf/grf.rf/gntv_or_sync_fifo.mem/gbm.gbmg.gbmgc.ngecc.bmg/inst_blk_mem_gen/gnbram.gnativebmg.native_blk_mem_gen/valid.cstr/ramloop[0].ram.r/prim_noinit.ram/clka
    RAMB18_X0Y10         RAMB18E1                                     r  i_asg/chA/inst_axi_dac/inst_asg_dat_fifo/U0/inst_fifo_gen/gconvfifo.rf/grf.rf/gntv_or_sync_fifo.mem/gbm.gbmg.gbmgc.ngecc.bmg/inst_blk_mem_gen/gnbram.gnativebmg.native_blk_mem_gen/valid.cstr/ramloop[0].ram.r/prim_noinit.ram/DEVICE_7SERIES.NO_BMM_INFO.SDP.WIDE_PRIM18.ram/CLKBWRCLK
                         clock pessimism             -0.359     2.044    
    RAMB18_X0Y10         RAMB18E1 (Hold_ramb18e1_CLKBWRCLK_DIBDI[9])
                                                      0.243     2.287    i_asg/chA/inst_axi_dac/inst_asg_dat_fifo/U0/inst_fifo_gen/gconvfifo.rf/grf.rf/gntv_or_sync_fifo.mem/gbm.gbmg.gbmgc.ngecc.bmg/inst_blk_mem_gen/gnbram.gnativebmg.native_blk_mem_gen/valid.cstr/ramloop[0].ram.r/prim_noinit.ram/DEVICE_7SERIES.NO_BMM_INFO.SDP.WIDE_PRIM18.ram
  -------------------------------------------------------------------
                         required time                         -2.287    
                         arrival time                           2.385    
  -------------------------------------------------------------------
                         slack                                  0.099    

Slack (MET) :             0.101ns  (arrival time - required time)
  Source:                 ps/axi_master_2/axi_rwr_pt_reg[0]/C
                            (rising edge-triggered cell FDRE clocked by pll_dac_clk_2x  {rise@0.000ns fall@2.034ns period=4.069ns})
  Destination:            ps/axi_master_2/axi_rfifo_reg_0_15_48_53/RAMA/WADR0
                            (rising edge-triggered cell RAMD32 clocked by pll_dac_clk_2x  {rise@0.000ns fall@2.034ns period=4.069ns})
  Path Group:             pll_dac_clk_2x
  Path Type:              Hold (Min at Fast Process Corner)
  Requirement:            0.000ns  (pll_dac_clk_2x rise@0.000ns - pll_dac_clk_2x rise@0.000ns)
  Data Path Delay:        0.425ns  (logic 0.141ns (33.175%)  route 0.284ns (66.825%))
  Logic Levels:           0  
  Clock Path Skew:        0.014ns (DCD - SCD - CPR)
    Destination Clock Delay (DCD):    2.382ns
    Source Clock Delay      (SCD):    1.990ns
    Clock Pessimism Removal (CPR):    0.378ns

    Location             Delay type                Incr(ns)  Path(ns)    Netlist Resource(s)
  -------------------------------------------------------------------    -------------------
                         (clock pll_dac_clk_2x rise edge)
                                                      0.000     0.000 r  
    U18                                               0.000     0.000 r  adc_clk_i[1] (IN)
                         net (fo=0)                   0.000     0.000    adc_clk_i[1]
    U18                  IBUFDS (Prop_ibufds_I_O)     0.401     0.401 r  i_clk/O
                         net (fo=1, routed)           0.440     0.842    pll/adc_clk_in
    PLLE2_ADV_X0Y0       PLLE2_ADV (Prop_plle2_adv_CLKIN1_CLKOUT2)
                                                      0.051     0.893 r  pll/pll/CLKOUT2
                         net (fo=2, routed)           0.497     1.390    pll_dac_clk_2x
    BUFGCTRL_X0Y1        BUFG (Prop_bufg_I_O)         0.026     1.416 r  bufg_dac_axi_clk/O
                         net (fo=1073, routed)        0.575     1.990    ps/axi_master_2/CLK
    SLICE_X3Y22          FDRE                                         r  ps/axi_master_2/axi_rwr_pt_reg[0]/C
  -------------------------------------------------------------------    -------------------
    SLICE_X3Y22          FDRE (Prop_fdre_C_Q)         0.141     2.131 r  ps/axi_master_2/axi_rwr_pt_reg[0]/Q
                         net (fo=92, routed)          0.284     2.415    ps/axi_master_2/axi_rfifo_reg_0_15_48_53/ADDRD0
    SLICE_X4Y21          RAMD32                                       r  ps/axi_master_2/axi_rfifo_reg_0_15_48_53/RAMA/WADR0
  -------------------------------------------------------------------    -------------------

                         (clock pll_dac_clk_2x rise edge)
                                                      0.000     0.000 r  
    U18                                               0.000     0.000 r  adc_clk_i[1] (IN)
                         net (fo=0)                   0.000     0.000    adc_clk_i[1]
    U18                  IBUFDS (Prop_ibufds_I_O)     0.433     0.433 r  i_clk/O
                         net (fo=1, routed)           0.481     0.914    pll/adc_clk_in
    PLLE2_ADV_X0Y0       PLLE2_ADV (Prop_plle2_adv_CLKIN1_CLKOUT2)
                                                      0.054     0.968 r  pll/pll/CLKOUT2
                         net (fo=2, routed)           0.544     1.512    pll_dac_clk_2x
    BUFGCTRL_X0Y1        BUFG (Prop_bufg_I_O)         0.029     1.541 r  bufg_dac_axi_clk/O
                         net (fo=1073, routed)        0.841     2.382    ps/axi_master_2/axi_rfifo_reg_0_15_48_53/WCLK
    SLICE_X4Y21          RAMD32                                       r  ps/axi_master_2/axi_rfifo_reg_0_15_48_53/RAMA/CLK
                         clock pessimism             -0.378     2.004    
    SLICE_X4Y21          RAMD32 (Hold_ramd32_CLK_WADR0)
                                                      0.310     2.314    ps/axi_master_2/axi_rfifo_reg_0_15_48_53/RAMA
  -------------------------------------------------------------------
                         required time                         -2.314    
                         arrival time                           2.415    
  -------------------------------------------------------------------
                         slack                                  0.101    





Pulse Width Checks
--------------------------------------------------------------------------------------
Clock Name:         pll_dac_clk_2x
Waveform(ns):       { 0.000 2.034 }
Period(ns):         4.069
Sources:            { pll/pll/CLKOUT2 }

Check Type        Corner  Lib Pin             Reference Pin  Required(ns)  Actual(ns)  Slack(ns)  Location        Pin
Min Period        n/a     RAMB18E1/CLKBWRCLK  n/a            2.576         4.069       1.493      RAMB18_X0Y10    i_asg/chA/inst_axi_dac/inst_asg_dat_fifo/U0/inst_fifo_gen/gconvfifo.rf/grf.rf/gntv_or_sync_fifo.mem/gbm.gbmg.gbmgc.ngecc.bmg/inst_blk_mem_gen/gnbram.gnativebmg.native_blk_mem_gen/valid.cstr/ramloop[0].ram.r/prim_noinit.ram/DEVICE_7SERIES.NO_BMM_INFO.SDP.WIDE_PRIM18.ram/CLKBWRCLK
Min Period        n/a     RAMB36E1/CLKBWRCLK  n/a            2.576         4.069       1.493      RAMB36_X0Y4     i_asg/chA/inst_axi_dac/inst_asg_dat_fifo/U0/inst_fifo_gen/gconvfifo.rf/grf.rf/gntv_or_sync_fifo.mem/gbm.gbmg.gbmgc.ngecc.bmg/inst_blk_mem_gen/gnbram.gnativebmg.native_blk_mem_gen/valid.cstr/ramloop[1].ram.r/prim_noinit.ram/DEVICE_7SERIES.NO_BMM_INFO.SDP.WIDE_PRIM36_NO_ECC.ram/CLKBWRCLK
Min Period        n/a     RAMB36E1/CLKARDCLK  n/a            2.576         4.069       1.493      RAMB36_X1Y5     i_asg/chA/inst_axi_dac/inst_sync_fifo/U0/inst_fifo_gen/gconvfifo.rf/grf.rf/gntv_or_sync_fifo.mem/gbm.gbmg.gbmga.ngecc.bmg/inst_blk_mem_gen/gnbram.gnativebmg.native_blk_mem_gen/valid.cstr/ramloop[0].ram.r/prim_noinit.ram/DEVICE_7SERIES.NO_BMM_INFO.SDP.WIDE_PRIM36_NO_ECC.ram/CLKARDCLK
Min Period        n/a     RAMB18E1/CLKBWRCLK  n/a            2.576         4.069       1.493      RAMB18_X0Y12    i_asg/chB/inst_axi_dac/inst_asg_dat_fifo/U0/inst_fifo_gen/gconvfifo.rf/grf.rf/gntv_or_sync_fifo.mem/gbm.gbmg.gbmgc.ngecc.bmg/inst_blk_mem_gen/gnbram.gnativebmg.native_blk_mem_gen/valid.cstr/ramloop[0].ram.r/prim_noinit.ram/DEVICE_7SERIES.NO_BMM_INFO.SDP.WIDE_PRIM18.ram/CLKBWRCLK
Min Period        n/a     RAMB36E1/CLKBWRCLK  n/a            2.576         4.069       1.493      RAMB36_X0Y7     i_asg/chB/inst_axi_dac/inst_asg_dat_fifo/U0/inst_fifo_gen/gconvfifo.rf/grf.rf/gntv_or_sync_fifo.mem/gbm.gbmg.gbmgc.ngecc.bmg/inst_blk_mem_gen/gnbram.gnativebmg.native_blk_mem_gen/valid.cstr/ramloop[1].ram.r/prim_noinit.ram/DEVICE_7SERIES.NO_BMM_INFO.SDP.WIDE_PRIM36_NO_ECC.ram/CLKBWRCLK
Min Period        n/a     RAMB36E1/CLKARDCLK  n/a            2.576         4.069       1.493      RAMB36_X0Y8     i_asg/chB/inst_axi_dac/inst_sync_fifo/U0/inst_fifo_gen/gconvfifo.rf/grf.rf/gntv_or_sync_fifo.mem/gbm.gbmg.gbmga.ngecc.bmg/inst_blk_mem_gen/gnbram.gnativebmg.native_blk_mem_gen/valid.cstr/ramloop[0].ram.r/prim_noinit.ram/DEVICE_7SERIES.NO_BMM_INFO.SDP.WIDE_PRIM36_NO_ECC.ram/CLKARDCLK
Min Period        n/a     BUFG/I              n/a            2.155         4.069       1.914      BUFGCTRL_X0Y1   bufg_dac_axi_clk/I
Min Period        n/a     BUFG/I              n/a            2.155         4.069       1.914      BUFGCTRL_X0Y8   bufg_dac_clk_2x/I
Min Period        n/a     ODDR/C              n/a            1.474         4.069       2.595      OLOGIC_X0Y84    oddr_dac_wrt/C
Min Period        n/a     PLLE2_ADV/CLKOUT2   n/a            1.249         4.069       2.820      PLLE2_ADV_X0Y0  pll/pll/CLKOUT2
Max Period        n/a     PLLE2_ADV/CLKOUT2   n/a            160.000       4.069       155.931    PLLE2_ADV_X0Y0  pll/pll/CLKOUT2
Low Pulse Width   Slow    RAMD32/CLK          n/a            1.250         2.034       0.784      SLICE_X0Y22     ps/axi_master_2/axi_rfifo_reg_0_15_0_5/RAMA/CLK
Low Pulse Width   Fast    RAMD32/CLK          n/a            1.250         2.035       0.785      SLICE_X0Y22     ps/axi_master_2/axi_rfifo_reg_0_15_0_5/RAMA/CLK
Low Pulse Width   Slow    RAMD32/CLK          n/a            1.250         2.034       0.784      SLICE_X0Y22     ps/axi_master_2/axi_rfifo_reg_0_15_0_5/RAMA_D1/CLK
Low Pulse Width   Fast    RAMD32/CLK          n/a            1.250         2.035       0.785      SLICE_X0Y22     ps/axi_master_2/axi_rfifo_reg_0_15_0_5/RAMA_D1/CLK
Low Pulse Width   Slow    RAMD32/CLK          n/a            1.250         2.034       0.784      SLICE_X0Y22     ps/axi_master_2/axi_rfifo_reg_0_15_0_5/RAMB/CLK
Low Pulse Width   Fast    RAMD32/CLK          n/a            1.250         2.035       0.785      SLICE_X0Y22     ps/axi_master_2/axi_rfifo_reg_0_15_0_5/RAMB/CLK
Low Pulse Width   Slow    RAMD32/CLK          n/a            1.250         2.034       0.784      SLICE_X0Y22     ps/axi_master_2/axi_rfifo_reg_0_15_0_5/RAMB_D1/CLK
Low Pulse Width   Fast    RAMD32/CLK          n/a            1.250         2.035       0.785      SLICE_X0Y22     ps/axi_master_2/axi_rfifo_reg_0_15_0_5/RAMB_D1/CLK
Low Pulse Width   Slow    RAMD32/CLK          n/a            1.250         2.034       0.784      SLICE_X0Y22     ps/axi_master_2/axi_rfifo_reg_0_15_0_5/RAMC/CLK
Low Pulse Width   Fast    RAMD32/CLK          n/a            1.250         2.035       0.785      SLICE_X0Y22     ps/axi_master_2/axi_rfifo_reg_0_15_0_5/RAMC/CLK
High Pulse Width  Slow    RAMD32/CLK          n/a            1.250         2.035       0.785      SLICE_X0Y22     ps/axi_master_2/axi_rfifo_reg_0_15_0_5/RAMA/CLK
High Pulse Width  Fast    RAMD32/CLK          n/a            1.250         2.034       0.784      SLICE_X0Y22     ps/axi_master_2/axi_rfifo_reg_0_15_0_5/RAMA/CLK
High Pulse Width  Slow    RAMD32/CLK          n/a            1.250         2.035       0.785      SLICE_X0Y22     ps/axi_master_2/axi_rfifo_reg_0_15_0_5/RAMA_D1/CLK
High Pulse Width  Fast    RAMD32/CLK          n/a            1.250         2.034       0.784      SLICE_X0Y22     ps/axi_master_2/axi_rfifo_reg_0_15_0_5/RAMA_D1/CLK
High Pulse Width  Slow    RAMD32/CLK          n/a            1.250         2.035       0.785      SLICE_X0Y22     ps/axi_master_2/axi_rfifo_reg_0_15_0_5/RAMB/CLK
High Pulse Width  Fast    RAMD32/CLK          n/a            1.250         2.034       0.784      SLICE_X0Y22     ps/axi_master_2/axi_rfifo_reg_0_15_0_5/RAMB/CLK
High Pulse Width  Slow    RAMD32/CLK          n/a            1.250         2.035       0.785      SLICE_X0Y22     ps/axi_master_2/axi_rfifo_reg_0_15_0_5/RAMB_D1/CLK
High Pulse Width  Fast    RAMD32/CLK          n/a            1.250         2.034       0.784      SLICE_X0Y22     ps/axi_master_2/axi_rfifo_reg_0_15_0_5/RAMB_D1/CLK
High Pulse Width  Slow    RAMD32/CLK          n/a            1.250         2.035       0.785      SLICE_X0Y22     ps/axi_master_2/axi_rfifo_reg_0_15_0_5/RAMC/CLK
High Pulse Width  Fast    RAMD32/CLK          n/a            1.250         2.034       0.784      SLICE_X0Y22     ps/axi_master_2/axi_rfifo_reg_0_15_0_5/RAMC/CLK



---------------------------------------------------------------------------------------------------
From Clock:  pll_ser_clk
  To Clock:  pll_ser_clk

Setup :           NA  Failing Endpoints,  Worst Slack           NA  ,  Total Violation           NA
Hold  :           NA  Failing Endpoints,  Worst Slack           NA  ,  Total Violation           NA
PW    :            0  Failing Endpoints,  Worst Slack        1.914ns,  Total Violation        0.000ns
---------------------------------------------------------------------------------------------------


Pulse Width Checks
--------------------------------------------------------------------------------------
Clock Name:         pll_ser_clk
Waveform(ns):       { 0.000 2.034 }
Period(ns):         4.069
Sources:            { pll/pll/CLKOUT4 }

Check Type  Corner  Lib Pin            Reference Pin  Required(ns)  Actual(ns)  Slack(ns)  Location        Pin
Min Period  n/a     BUFG/I             n/a            2.155         4.069       1.914      BUFGCTRL_X0Y6   bufg_ser_clk/I
Min Period  n/a     OSERDESE2/CLK      n/a            1.667         4.069       2.402      OLOGIC_X0Y46    i_daisy/i_tx/genblk1[0].i_oserdese/CLK
Min Period  n/a     ODDR/C             n/a            1.474         4.069       2.595      OLOGIC_X0Y28    i_daisy/i_tx/ODDR_clk/C
Min Period  n/a     PLLE2_ADV/CLKOUT4  n/a            1.249         4.069       2.820      PLLE2_ADV_X0Y0  pll/pll/CLKOUT4
Max Period  n/a     PLLE2_ADV/CLKOUT4  n/a            160.000       4.069       155.931    PLLE2_ADV_X0Y0  pll/pll/CLKOUT4



---------------------------------------------------------------------------------------------------
From Clock:  clk_fpga_0
  To Clock:  clk_fpga_0

Setup :            2  Failing Endpoints,  Worst Slack       -0.249ns,  Total Violation       -0.455ns
Hold  :            0  Failing Endpoints,  Worst Slack        0.131ns,  Total Violation        0.000ns
PW    :            0  Failing Endpoints,  Worst Slack        3.500ns,  Total Violation        0.000ns
---------------------------------------------------------------------------------------------------


Max Delay Paths
--------------------------------------------------------------------------------------
Slack (VIOLATED) :        -0.249ns  (required time - arrival time)
  Source:                 ps/axi_slave_gp0/rd_do_reg/C
                            (rising edge-triggered cell FDRE clocked by clk_fpga_0  {rise@0.000ns fall@4.000ns period=8.000ns})
  Destination:            ps/axi_slave_gp0/axi\\.RDATA_reg[10]/D
                            (rising edge-triggered cell FDRE clocked by clk_fpga_0  {rise@0.000ns fall@4.000ns period=8.000ns})
  Path Group:             clk_fpga_0
  Path Type:              Setup (Max at Slow Process Corner)
  Requirement:            8.000ns  (clk_fpga_0 rise@8.000ns - clk_fpga_0 rise@0.000ns)
  Data Path Delay:        7.987ns  (logic 1.056ns (13.221%)  route 6.931ns (86.779%))
  Logic Levels:           3  (LUT3=1 LUT6=2)
  Clock Path Skew:        -0.214ns (DCD - SCD + CPR)
    Destination Clock Delay (DCD):    2.692ns = ( 10.693 - 8.000 ) 
    Source Clock Delay      (SCD):    3.036ns
    Clock Pessimism Removal (CPR):    0.130ns
  Clock Uncertainty:      0.125ns  ((TSJ^2 + TIJ^2)^1/2 + DJ) / 2 + PE
    Total System Jitter     (TSJ):    0.071ns
    Total Input Jitter      (TIJ):    0.240ns
    Discrete Jitter          (DJ):    0.000ns
    Phase Error              (PE):    0.000ns

    Location             Delay type                Incr(ns)  Path(ns)    Netlist Resource(s)
  -------------------------------------------------------------------    -------------------
                         (clock clk_fpga_0 rise edge)
                                                      0.000     0.000 r  
    PS7_X0Y0             PS7                          0.000     0.000 r  ps/system_i/processing_system7/inst/PS7_i/FCLKCLK[0]
                         net (fo=1, routed)           1.207     1.207    ps/lopt
    BUFGCTRL_X0Y3        BUFG (Prop_bufg_I_O)         0.101     1.308 r  ps/fclk_buf[0]/O
                         net (fo=235, routed)         1.728     3.036    ps/axi_slave_gp0/O[0]
    SLICE_X2Y44          FDRE                                         r  ps/axi_slave_gp0/rd_do_reg/C
  -------------------------------------------------------------------    -------------------
    SLICE_X2Y44          FDRE (Prop_fdre_C_Q)         0.456     3.492 r  ps/axi_slave_gp0/rd_do_reg/Q
                         net (fo=72, routed)          1.171     4.663    ps/axi_slave_gp0/rd_do
    SLICE_X2Y41          LUT3 (Prop_lut3_I2_O)        0.150     4.813 r  ps/axi_slave_gp0/ctrl_re_iw_inferred_i_3/O
                         net (fo=71, routed)          5.596    10.409    ps/axi_slave_gp0/rd_araddr_reg[20]_0
    SLICE_X32Y43         LUT6 (Prop_lut6_I3_O)        0.326    10.735 r  ps/axi_slave_gp0/axi\\.RDATA[10]_i_2/O
                         net (fo=1, routed)           0.165    10.899    ps/axi_slave_gp0/axi\\.RDATA[10]_i_2_n_0
    SLICE_X32Y43         LUT6 (Prop_lut6_I5_O)        0.124    11.023 r  ps/axi_slave_gp0/axi\\.RDATA[10]_i_1/O
                         net (fo=1, routed)           0.000    11.023    ps/axi_slave_gp0/ps_sys\\.rdata[10]
    SLICE_X32Y43         FDRE                                         r  ps/axi_slave_gp0/axi\\.RDATA_reg[10]/D
  -------------------------------------------------------------------    -------------------

                         (clock clk_fpga_0 rise edge)
                                                      8.000     8.000 r  
    PS7_X0Y0             PS7                          0.000     8.000 r  ps/system_i/processing_system7/inst/PS7_i/FCLKCLK[0]
                         net (fo=1, routed)           1.101     9.101    ps/lopt
    BUFGCTRL_X0Y3        BUFG (Prop_bufg_I_O)         0.091     9.192 r  ps/fclk_buf[0]/O
                         net (fo=235, routed)         1.500    10.692    ps/axi_slave_gp0/O[0]
    SLICE_X32Y43         FDRE                                         r  ps/axi_slave_gp0/axi\\.RDATA_reg[10]/C
                         clock pessimism              0.130    10.822    
                         clock uncertainty           -0.125    10.697    
    SLICE_X32Y43         FDRE (Setup_fdre_C_D)        0.077    10.774    ps/axi_slave_gp0/axi\\.RDATA_reg[10]
  -------------------------------------------------------------------
                         required time                         10.774    
                         arrival time                         -11.023    
  -------------------------------------------------------------------
                         slack                                 -0.249    

Slack (VIOLATED) :        -0.206ns  (required time - arrival time)
  Source:                 ps/axi_slave_gp0/rd_do_reg/C
                            (rising edge-triggered cell FDRE clocked by clk_fpga_0  {rise@0.000ns fall@4.000ns period=8.000ns})
  Destination:            ps/axi_slave_gp0/axi\\.RDATA_reg[5]/D
                            (rising edge-triggered cell FDRE clocked by clk_fpga_0  {rise@0.000ns fall@4.000ns period=8.000ns})
  Path Group:             clk_fpga_0
  Path Type:              Setup (Max at Slow Process Corner)
  Requirement:            8.000ns  (clk_fpga_0 rise@8.000ns - clk_fpga_0 rise@0.000ns)
  Data Path Delay:        7.944ns  (logic 1.056ns (13.293%)  route 6.888ns (86.707%))
  Logic Levels:           3  (LUT3=1 LUT6=2)
  Clock Path Skew:        -0.214ns (DCD - SCD + CPR)
    Destination Clock Delay (DCD):    2.692ns = ( 10.693 - 8.000 ) 
    Source Clock Delay      (SCD):    3.036ns
    Clock Pessimism Removal (CPR):    0.130ns
  Clock Uncertainty:      0.125ns  ((TSJ^2 + TIJ^2)^1/2 + DJ) / 2 + PE
    Total System Jitter     (TSJ):    0.071ns
    Total Input Jitter      (TIJ):    0.240ns
    Discrete Jitter          (DJ):    0.000ns
    Phase Error              (PE):    0.000ns

    Location             Delay type                Incr(ns)  Path(ns)    Netlist Resource(s)
  -------------------------------------------------------------------    -------------------
                         (clock clk_fpga_0 rise edge)
                                                      0.000     0.000 r  
    PS7_X0Y0             PS7                          0.000     0.000 r  ps/system_i/processing_system7/inst/PS7_i/FCLKCLK[0]
                         net (fo=1, routed)           1.207     1.207    ps/lopt
    BUFGCTRL_X0Y3        BUFG (Prop_bufg_I_O)         0.101     1.308 r  ps/fclk_buf[0]/O
                         net (fo=235, routed)         1.728     3.036    ps/axi_slave_gp0/O[0]
    SLICE_X2Y44          FDRE                                         r  ps/axi_slave_gp0/rd_do_reg/C
  -------------------------------------------------------------------    -------------------
    SLICE_X2Y44          FDRE (Prop_fdre_C_Q)         0.456     3.492 r  ps/axi_slave_gp0/rd_do_reg/Q
                         net (fo=72, routed)          1.171     4.663    ps/axi_slave_gp0/rd_do
    SLICE_X2Y41          LUT3 (Prop_lut3_I2_O)        0.150     4.813 r  ps/axi_slave_gp0/ctrl_re_iw_inferred_i_3/O
                         net (fo=71, routed)          5.407    10.220    ps/axi_slave_gp0/rd_araddr_reg[20]_0
    SLICE_X33Y43         LUT6 (Prop_lut6_I3_O)        0.326    10.546 r  ps/axi_slave_gp0/axi\\.RDATA[5]_i_2/O
                         net (fo=1, routed)           0.310    10.856    ps/axi_slave_gp0/axi\\.RDATA[5]_i_2_n_0
    SLICE_X34Y43         LUT6 (Prop_lut6_I5_O)        0.124    10.980 r  ps/axi_slave_gp0/axi\\.RDATA[5]_i_1/O
                         net (fo=1, routed)           0.000    10.980    ps/axi_slave_gp0/ps_sys\\.rdata[5]
    SLICE_X34Y43         FDRE                                         r  ps/axi_slave_gp0/axi\\.RDATA_reg[5]/D
  -------------------------------------------------------------------    -------------------

                         (clock clk_fpga_0 rise edge)
                                                      8.000     8.000 r  
    PS7_X0Y0             PS7                          0.000     8.000 r  ps/system_i/processing_system7/inst/PS7_i/FCLKCLK[0]
                         net (fo=1, routed)           1.101     9.101    ps/lopt
    BUFGCTRL_X0Y3        BUFG (Prop_bufg_I_O)         0.091     9.192 r  ps/fclk_buf[0]/O
                         net (fo=235, routed)         1.500    10.692    ps/axi_slave_gp0/O[0]
    SLICE_X34Y43         FDRE                                         r  ps/axi_slave_gp0/axi\\.RDATA_reg[5]/C
                         clock pessimism              0.130    10.822    
                         clock uncertainty           -0.125    10.697    
    SLICE_X34Y43         FDRE (Setup_fdre_C_D)        0.077    10.774    ps/axi_slave_gp0/axi\\.RDATA_reg[5]
  -------------------------------------------------------------------
                         required time                         10.774    
                         arrival time                         -10.980    
  -------------------------------------------------------------------
                         slack                                 -0.206    

Slack (MET) :             0.011ns  (required time - arrival time)
  Source:                 ps/axi_slave_gp0/rd_do_reg/C
                            (rising edge-triggered cell FDRE clocked by clk_fpga_0  {rise@0.000ns fall@4.000ns period=8.000ns})
  Destination:            ps/axi_slave_gp0/axi\\.RDATA_reg[2]/D
                            (rising edge-triggered cell FDRE clocked by clk_fpga_0  {rise@0.000ns fall@4.000ns period=8.000ns})
  Path Group:             clk_fpga_0
  Path Type:              Setup (Max at Slow Process Corner)
  Requirement:            8.000ns  (clk_fpga_0 rise@8.000ns - clk_fpga_0 rise@0.000ns)
  Data Path Delay:        7.683ns  (logic 1.056ns (13.746%)  route 6.627ns (86.254%))
  Logic Levels:           3  (LUT3=1 LUT6=2)
  Clock Path Skew:        -0.214ns (DCD - SCD + CPR)
    Destination Clock Delay (DCD):    2.692ns = ( 10.693 - 8.000 ) 
    Source Clock Delay      (SCD):    3.036ns
    Clock Pessimism Removal (CPR):    0.130ns
  Clock Uncertainty:      0.125ns  ((TSJ^2 + TIJ^2)^1/2 + DJ) / 2 + PE
    Total System Jitter     (TSJ):    0.071ns
    Total Input Jitter      (TIJ):    0.240ns
    Discrete Jitter          (DJ):    0.000ns
    Phase Error              (PE):    0.000ns

    Location             Delay type                Incr(ns)  Path(ns)    Netlist Resource(s)
  -------------------------------------------------------------------    -------------------
                         (clock clk_fpga_0 rise edge)
                                                      0.000     0.000 r  
    PS7_X0Y0             PS7                          0.000     0.000 r  ps/system_i/processing_system7/inst/PS7_i/FCLKCLK[0]
                         net (fo=1, routed)           1.207     1.207    ps/lopt
    BUFGCTRL_X0Y3        BUFG (Prop_bufg_I_O)         0.101     1.308 r  ps/fclk_buf[0]/O
                         net (fo=235, routed)         1.728     3.036    ps/axi_slave_gp0/O[0]
    SLICE_X2Y44          FDRE                                         r  ps/axi_slave_gp0/rd_do_reg/C
  -------------------------------------------------------------------    -------------------
    SLICE_X2Y44          FDRE (Prop_fdre_C_Q)         0.456     3.492 r  ps/axi_slave_gp0/rd_do_reg/Q
                         net (fo=72, routed)          1.171     4.663    ps/axi_slave_gp0/rd_do
    SLICE_X2Y41          LUT3 (Prop_lut3_I2_O)        0.150     4.813 r  ps/axi_slave_gp0/ctrl_re_iw_inferred_i_3/O
                         net (fo=71, routed)          5.142     9.955    ps/axi_slave_gp0/rd_araddr_reg[20]_0
    SLICE_X33Y45         LUT6 (Prop_lut6_I1_O)        0.326    10.281 r  ps/axi_slave_gp0/axi\\.RDATA[2]_i_2_comp/O
                         net (fo=1, routed)           0.313    10.595    ps/axi_slave_gp0/axi\\.RDATA[2]_i_2_n_0
    SLICE_X35Y46         LUT6 (Prop_lut6_I4_O)        0.124    10.719 r  ps/axi_slave_gp0/axi\\.RDATA[2]_i_1_comp/O
                         net (fo=1, routed)           0.000    10.719    ps/axi_slave_gp0/ps_sys\\.rdata[2]
    SLICE_X35Y46         FDRE                                         r  ps/axi_slave_gp0/axi\\.RDATA_reg[2]/D
  -------------------------------------------------------------------    -------------------

                         (clock clk_fpga_0 rise edge)
                                                      8.000     8.000 r  
    PS7_X0Y0             PS7                          0.000     8.000 r  ps/system_i/processing_system7/inst/PS7_i/FCLKCLK[0]
                         net (fo=1, routed)           1.101     9.101    ps/lopt
    BUFGCTRL_X0Y3        BUFG (Prop_bufg_I_O)         0.091     9.192 r  ps/fclk_buf[0]/O
                         net (fo=235, routed)         1.500    10.692    ps/axi_slave_gp0/O[0]
    SLICE_X35Y46         FDRE                                         r  ps/axi_slave_gp0/axi\\.RDATA_reg[2]/C
                         clock pessimism              0.130    10.822    
                         clock uncertainty           -0.125    10.697    
    SLICE_X35Y46         FDRE (Setup_fdre_C_D)        0.032    10.729    ps/axi_slave_gp0/axi\\.RDATA_reg[2]
  -------------------------------------------------------------------
                         required time                         10.729    
                         arrival time                         -10.719    
  -------------------------------------------------------------------
                         slack                                  0.011    

Slack (MET) :             0.111ns  (required time - arrival time)
  Source:                 ps/axi_slave_gp0/rd_do_reg/C
                            (rising edge-triggered cell FDRE clocked by clk_fpga_0  {rise@0.000ns fall@4.000ns period=8.000ns})
  Destination:            ps/axi_slave_gp0/axi\\.RDATA_reg[1]/D
                            (rising edge-triggered cell FDRE clocked by clk_fpga_0  {rise@0.000ns fall@4.000ns period=8.000ns})
  Path Group:             clk_fpga_0
  Path Type:              Setup (Max at Slow Process Corner)
  Requirement:            8.000ns  (clk_fpga_0 rise@8.000ns - clk_fpga_0 rise@0.000ns)
  Data Path Delay:        7.581ns  (logic 0.932ns (12.295%)  route 6.649ns (87.705%))
  Logic Levels:           2  (LUT3=1 LUT6=1)
  Clock Path Skew:        -0.216ns (DCD - SCD + CPR)
    Destination Clock Delay (DCD):    2.690ns = ( 10.691 - 8.000 ) 
    Source Clock Delay      (SCD):    3.036ns
    Clock Pessimism Removal (CPR):    0.130ns
  Clock Uncertainty:      0.125ns  ((TSJ^2 + TIJ^2)^1/2 + DJ) / 2 + PE
    Total System Jitter     (TSJ):    0.071ns
    Total Input Jitter      (TIJ):    0.240ns
    Discrete Jitter          (DJ):    0.000ns
    Phase Error              (PE):    0.000ns

    Location             Delay type                Incr(ns)  Path(ns)    Netlist Resource(s)
  -------------------------------------------------------------------    -------------------
                         (clock clk_fpga_0 rise edge)
                                                      0.000     0.000 r  
    PS7_X0Y0             PS7                          0.000     0.000 r  ps/system_i/processing_system7/inst/PS7_i/FCLKCLK[0]
                         net (fo=1, routed)           1.207     1.207    ps/lopt
    BUFGCTRL_X0Y3        BUFG (Prop_bufg_I_O)         0.101     1.308 r  ps/fclk_buf[0]/O
                         net (fo=235, routed)         1.728     3.036    ps/axi_slave_gp0/O[0]
    SLICE_X2Y44          FDRE                                         r  ps/axi_slave_gp0/rd_do_reg/C
  -------------------------------------------------------------------    -------------------
    SLICE_X2Y44          FDRE (Prop_fdre_C_Q)         0.456     3.492 r  ps/axi_slave_gp0/rd_do_reg/Q
                         net (fo=72, routed)          1.171     4.663    ps/axi_slave_gp0/rd_do
    SLICE_X2Y41          LUT3 (Prop_lut3_I2_O)        0.150     4.813 r  ps/axi_slave_gp0/ctrl_re_iw_inferred_i_3/O
                         net (fo=71, routed)          5.478    10.291    ps/axi_slave_gp0/rd_araddr_reg[20]_0
    SLICE_X35Y40         LUT6 (Prop_lut6_I3_O)        0.326    10.617 r  ps/axi_slave_gp0/axi\\.RDATA[1]_i_1/O
                         net (fo=1, routed)           0.000    10.617    ps/axi_slave_gp0/ps_sys\\.rdata[1]
    SLICE_X35Y40         FDRE                                         r  ps/axi_slave_gp0/axi\\.RDATA_reg[1]/D
  -------------------------------------------------------------------    -------------------

                         (clock clk_fpga_0 rise edge)
                                                      8.000     8.000 r  
    PS7_X0Y0             PS7                          0.000     8.000 r  ps/system_i/processing_system7/inst/PS7_i/FCLKCLK[0]
                         net (fo=1, routed)           1.101     9.101    ps/lopt
    BUFGCTRL_X0Y3        BUFG (Prop_bufg_I_O)         0.091     9.192 r  ps/fclk_buf[0]/O
                         net (fo=235, routed)         1.498    10.690    ps/axi_slave_gp0/O[0]
    SLICE_X35Y40         FDRE                                         r  ps/axi_slave_gp0/axi\\.RDATA_reg[1]/C
                         clock pessimism              0.130    10.820    
                         clock uncertainty           -0.125    10.695    
    SLICE_X35Y40         FDRE (Setup_fdre_C_D)        0.032    10.727    ps/axi_slave_gp0/axi\\.RDATA_reg[1]
  -------------------------------------------------------------------
                         required time                         10.727    
                         arrival time                         -10.617    
  -------------------------------------------------------------------
                         slack                                  0.111    

Slack (MET) :             0.163ns  (required time - arrival time)
  Source:                 ps/axi_slave_gp0/rd_do_reg/C
                            (rising edge-triggered cell FDRE clocked by clk_fpga_0  {rise@0.000ns fall@4.000ns period=8.000ns})
  Destination:            ps/axi_slave_gp0/axi\\.RDATA_reg[3]/D
                            (rising edge-triggered cell FDRE clocked by clk_fpga_0  {rise@0.000ns fall@4.000ns period=8.000ns})
  Path Group:             clk_fpga_0
  Path Type:              Setup (Max at Slow Process Corner)
  Requirement:            8.000ns  (clk_fpga_0 rise@8.000ns - clk_fpga_0 rise@0.000ns)
  Data Path Delay:        7.574ns  (logic 1.056ns (13.942%)  route 6.518ns (86.058%))
  Logic Levels:           3  (LUT3=1 LUT6=2)
  Clock Path Skew:        -0.215ns (DCD - SCD + CPR)
    Destination Clock Delay (DCD):    2.691ns = ( 10.691 - 8.000 ) 
    Source Clock Delay      (SCD):    3.036ns
    Clock Pessimism Removal (CPR):    0.130ns
  Clock Uncertainty:      0.125ns  ((TSJ^2 + TIJ^2)^1/2 + DJ) / 2 + PE
    Total System Jitter     (TSJ):    0.071ns
    Total Input Jitter      (TIJ):    0.240ns
    Discrete Jitter          (DJ):    0.000ns
    Phase Error              (PE):    0.000ns

    Location             Delay type                Incr(ns)  Path(ns)    Netlist Resource(s)
  -------------------------------------------------------------------    -------------------
                         (clock clk_fpga_0 rise edge)
                                                      0.000     0.000 r  
    PS7_X0Y0             PS7                          0.000     0.000 r  ps/system_i/processing_system7/inst/PS7_i/FCLKCLK[0]
                         net (fo=1, routed)           1.207     1.207    ps/lopt
    BUFGCTRL_X0Y3        BUFG (Prop_bufg_I_O)         0.101     1.308 r  ps/fclk_buf[0]/O
                         net (fo=235, routed)         1.728     3.036    ps/axi_slave_gp0/O[0]
    SLICE_X2Y44          FDRE                                         r  ps/axi_slave_gp0/rd_do_reg/C
  -------------------------------------------------------------------    -------------------
    SLICE_X2Y44          FDRE (Prop_fdre_C_Q)         0.456     3.492 r  ps/axi_slave_gp0/rd_do_reg/Q
                         net (fo=72, routed)          1.171     4.663    ps/axi_slave_gp0/rd_do
    SLICE_X2Y41          LUT3 (Prop_lut3_I2_O)        0.150     4.813 r  ps/axi_slave_gp0/ctrl_re_iw_inferred_i_3/O
                         net (fo=71, routed)          5.041     9.854    ps/axi_slave_gp0/rd_araddr_reg[20]_0
    SLICE_X35Y41         LUT6 (Prop_lut6_I2_O)        0.326    10.180 r  ps/axi_slave_gp0/axi\\.RDATA[3]_i_2/O
                         net (fo=1, routed)           0.306    10.486    ps/axi_slave_gp0/axi\\.RDATA[3]_i_2_n_0
    SLICE_X34Y42         LUT6 (Prop_lut6_I5_O)        0.124    10.610 r  ps/axi_slave_gp0/axi\\.RDATA[3]_i_1/O
                         net (fo=1, routed)           0.000    10.610    ps/axi_slave_gp0/ps_sys\\.rdata[3]
    SLICE_X34Y42         FDRE                                         r  ps/axi_slave_gp0/axi\\.RDATA_reg[3]/D
  -------------------------------------------------------------------    -------------------

                         (clock clk_fpga_0 rise edge)
                                                      8.000     8.000 r  
    PS7_X0Y0             PS7                          0.000     8.000 r  ps/system_i/processing_system7/inst/PS7_i/FCLKCLK[0]
                         net (fo=1, routed)           1.101     9.101    ps/lopt
    BUFGCTRL_X0Y3        BUFG (Prop_bufg_I_O)         0.091     9.192 r  ps/fclk_buf[0]/O
                         net (fo=235, routed)         1.499    10.691    ps/axi_slave_gp0/O[0]
    SLICE_X34Y42         FDRE                                         r  ps/axi_slave_gp0/axi\\.RDATA_reg[3]/C
                         clock pessimism              0.130    10.821    
                         clock uncertainty           -0.125    10.696    
    SLICE_X34Y42         FDRE (Setup_fdre_C_D)        0.077    10.773    ps/axi_slave_gp0/axi\\.RDATA_reg[3]
  -------------------------------------------------------------------
                         required time                         10.773    
                         arrival time                         -10.610    
  -------------------------------------------------------------------
                         slack                                  0.163    

Slack (MET) :             0.279ns  (required time - arrival time)
  Source:                 ps/axi_slave_gp0/rd_do_reg/C
                            (rising edge-triggered cell FDRE clocked by clk_fpga_0  {rise@0.000ns fall@4.000ns period=8.000ns})
  Destination:            ps/axi_slave_gp0/axi\\.RDATA_reg[4]/D
                            (rising edge-triggered cell FDRE clocked by clk_fpga_0  {rise@0.000ns fall@4.000ns period=8.000ns})
  Path Group:             clk_fpga_0
  Path Type:              Setup (Max at Slow Process Corner)
  Requirement:            8.000ns  (clk_fpga_0 rise@8.000ns - clk_fpga_0 rise@0.000ns)
  Data Path Delay:        7.411ns  (logic 1.056ns (14.248%)  route 6.355ns (85.752%))
  Logic Levels:           3  (LUT3=1 LUT5=1 LUT6=1)
  Clock Path Skew:        -0.216ns (DCD - SCD + CPR)
    Destination Clock Delay (DCD):    2.690ns = ( 10.691 - 8.000 ) 
    Source Clock Delay      (SCD):    3.036ns
    Clock Pessimism Removal (CPR):    0.130ns
  Clock Uncertainty:      0.125ns  ((TSJ^2 + TIJ^2)^1/2 + DJ) / 2 + PE
    Total System Jitter     (TSJ):    0.071ns
    Total Input Jitter      (TIJ):    0.240ns
    Discrete Jitter          (DJ):    0.000ns
    Phase Error              (PE):    0.000ns

    Location             Delay type                Incr(ns)  Path(ns)    Netlist Resource(s)
  -------------------------------------------------------------------    -------------------
                         (clock clk_fpga_0 rise edge)
                                                      0.000     0.000 r  
    PS7_X0Y0             PS7                          0.000     0.000 r  ps/system_i/processing_system7/inst/PS7_i/FCLKCLK[0]
                         net (fo=1, routed)           1.207     1.207    ps/lopt
    BUFGCTRL_X0Y3        BUFG (Prop_bufg_I_O)         0.101     1.308 r  ps/fclk_buf[0]/O
                         net (fo=235, routed)         1.728     3.036    ps/axi_slave_gp0/O[0]
    SLICE_X2Y44          FDRE                                         r  ps/axi_slave_gp0/rd_do_reg/C
  -------------------------------------------------------------------    -------------------
    SLICE_X2Y44          FDRE (Prop_fdre_C_Q)         0.456     3.492 r  ps/axi_slave_gp0/rd_do_reg/Q
                         net (fo=72, routed)          1.171     4.663    ps/axi_slave_gp0/rd_do
    SLICE_X2Y41          LUT3 (Prop_lut3_I2_O)        0.150     4.813 r  ps/axi_slave_gp0/ctrl_re_iw_inferred_i_3/O
                         net (fo=71, routed)          4.771     9.584    ps/axi_slave_gp0/rd_araddr_reg[20]_0
    SLICE_X33Y39         LUT5 (Prop_lut5_I2_O)        0.326     9.910 f  ps/axi_slave_gp0/axi\\.RDATA[4]_i_2/O
                         net (fo=1, routed)           0.414    10.323    ps/axi_slave_gp0/axi\\.RDATA[4]_i_2_n_0
    SLICE_X35Y40         LUT6 (Prop_lut6_I3_O)        0.124    10.447 r  ps/axi_slave_gp0/axi\\.RDATA[4]_i_1/O
                         net (fo=1, routed)           0.000    10.447    ps/axi_slave_gp0/ps_sys\\.rdata[4]
    SLICE_X35Y40         FDRE                                         r  ps/axi_slave_gp0/axi\\.RDATA_reg[4]/D
  -------------------------------------------------------------------    -------------------

                         (clock clk_fpga_0 rise edge)
                                                      8.000     8.000 r  
    PS7_X0Y0             PS7                          0.000     8.000 r  ps/system_i/processing_system7/inst/PS7_i/FCLKCLK[0]
                         net (fo=1, routed)           1.101     9.101    ps/lopt
    BUFGCTRL_X0Y3        BUFG (Prop_bufg_I_O)         0.091     9.192 r  ps/fclk_buf[0]/O
                         net (fo=235, routed)         1.498    10.690    ps/axi_slave_gp0/O[0]
    SLICE_X35Y40         FDRE                                         r  ps/axi_slave_gp0/axi\\.RDATA_reg[4]/C
                         clock pessimism              0.130    10.820    
                         clock uncertainty           -0.125    10.695    
    SLICE_X35Y40         FDRE (Setup_fdre_C_D)        0.031    10.726    ps/axi_slave_gp0/axi\\.RDATA_reg[4]
  -------------------------------------------------------------------
                         required time                         10.726    
                         arrival time                         -10.447    
  -------------------------------------------------------------------
                         slack                                  0.279    

Slack (MET) :             0.345ns  (required time - arrival time)
  Source:                 ps/axi_slave_gp0/rd_do_reg/C
                            (rising edge-triggered cell FDRE clocked by clk_fpga_0  {rise@0.000ns fall@4.000ns period=8.000ns})
  Destination:            ps/axi_slave_gp0/axi\\.RDATA_reg[11]/D
                            (rising edge-triggered cell FDRE clocked by clk_fpga_0  {rise@0.000ns fall@4.000ns period=8.000ns})
  Path Group:             clk_fpga_0
  Path Type:              Setup (Max at Slow Process Corner)
  Requirement:            8.000ns  (clk_fpga_0 rise@8.000ns - clk_fpga_0 rise@0.000ns)
  Data Path Delay:        7.346ns  (logic 0.932ns (12.688%)  route 6.414ns (87.312%))
  Logic Levels:           2  (LUT3=1 LUT6=1)
  Clock Path Skew:        -0.216ns (DCD - SCD + CPR)
    Destination Clock Delay (DCD):    2.690ns = ( 10.691 - 8.000 ) 
    Source Clock Delay      (SCD):    3.036ns
    Clock Pessimism Removal (CPR):    0.130ns
  Clock Uncertainty:      0.125ns  ((TSJ^2 + TIJ^2)^1/2 + DJ) / 2 + PE
    Total System Jitter     (TSJ):    0.071ns
    Total Input Jitter      (TIJ):    0.240ns
    Discrete Jitter          (DJ):    0.000ns
    Phase Error              (PE):    0.000ns

    Location             Delay type                Incr(ns)  Path(ns)    Netlist Resource(s)
  -------------------------------------------------------------------    -------------------
                         (clock clk_fpga_0 rise edge)
                                                      0.000     0.000 r  
    PS7_X0Y0             PS7                          0.000     0.000 r  ps/system_i/processing_system7/inst/PS7_i/FCLKCLK[0]
                         net (fo=1, routed)           1.207     1.207    ps/lopt
    BUFGCTRL_X0Y3        BUFG (Prop_bufg_I_O)         0.101     1.308 r  ps/fclk_buf[0]/O
                         net (fo=235, routed)         1.728     3.036    ps/axi_slave_gp0/O[0]
    SLICE_X2Y44          FDRE                                         r  ps/axi_slave_gp0/rd_do_reg/C
  -------------------------------------------------------------------    -------------------
    SLICE_X2Y44          FDRE (Prop_fdre_C_Q)         0.456     3.492 r  ps/axi_slave_gp0/rd_do_reg/Q
                         net (fo=72, routed)          1.171     4.663    ps/axi_slave_gp0/rd_do
    SLICE_X2Y41          LUT3 (Prop_lut3_I2_O)        0.150     4.813 r  ps/axi_slave_gp0/ctrl_re_iw_inferred_i_3/O
                         net (fo=71, routed)          5.243    10.056    ps/axi_slave_gp0/rd_araddr_reg[20]_0
    SLICE_X33Y40         LUT6 (Prop_lut6_I2_O)        0.326    10.382 r  ps/axi_slave_gp0/axi\\.RDATA[11]_i_1/O
                         net (fo=1, routed)           0.000    10.382    ps/axi_slave_gp0/ps_sys\\.rdata[11]
    SLICE_X33Y40         FDRE                                         r  ps/axi_slave_gp0/axi\\.RDATA_reg[11]/D
  -------------------------------------------------------------------    -------------------

                         (clock clk_fpga_0 rise edge)
                                                      8.000     8.000 r  
    PS7_X0Y0             PS7                          0.000     8.000 r  ps/system_i/processing_system7/inst/PS7_i/FCLKCLK[0]
                         net (fo=1, routed)           1.101     9.101    ps/lopt
    BUFGCTRL_X0Y3        BUFG (Prop_bufg_I_O)         0.091     9.192 r  ps/fclk_buf[0]/O
                         net (fo=235, routed)         1.498    10.690    ps/axi_slave_gp0/O[0]
    SLICE_X33Y40         FDRE                                         r  ps/axi_slave_gp0/axi\\.RDATA_reg[11]/C
                         clock pessimism              0.130    10.820    
                         clock uncertainty           -0.125    10.695    
    SLICE_X33Y40         FDRE (Setup_fdre_C_D)        0.031    10.726    ps/axi_slave_gp0/axi\\.RDATA_reg[11]
  -------------------------------------------------------------------
                         required time                         10.726    
                         arrival time                         -10.382    
  -------------------------------------------------------------------
                         slack                                  0.345    

Slack (MET) :             0.384ns  (required time - arrival time)
  Source:                 ps/axi_slave_gp0/rd_do_reg/C
                            (rising edge-triggered cell FDRE clocked by clk_fpga_0  {rise@0.000ns fall@4.000ns period=8.000ns})
  Destination:            ps/axi_slave_gp0/axi\\.RDATA_reg[6]/D
                            (rising edge-triggered cell FDRE clocked by clk_fpga_0  {rise@0.000ns fall@4.000ns period=8.000ns})
  Path Group:             clk_fpga_0
  Path Type:              Setup (Max at Slow Process Corner)
  Requirement:            8.000ns  (clk_fpga_0 rise@8.000ns - clk_fpga_0 rise@0.000ns)
  Data Path Delay:        7.358ns  (logic 0.932ns (12.666%)  route 6.426ns (87.334%))
  Logic Levels:           2  (LUT3=1 LUT6=1)
  Clock Path Skew:        -0.214ns (DCD - SCD + CPR)
    Destination Clock Delay (DCD):    2.692ns = ( 10.693 - 8.000 ) 
    Source Clock Delay      (SCD):    3.036ns
    Clock Pessimism Removal (CPR):    0.130ns
  Clock Uncertainty:      0.125ns  ((TSJ^2 + TIJ^2)^1/2 + DJ) / 2 + PE
    Total System Jitter     (TSJ):    0.071ns
    Total Input Jitter      (TIJ):    0.240ns
    Discrete Jitter          (DJ):    0.000ns
    Phase Error              (PE):    0.000ns

    Location             Delay type                Incr(ns)  Path(ns)    Netlist Resource(s)
  -------------------------------------------------------------------    -------------------
                         (clock clk_fpga_0 rise edge)
                                                      0.000     0.000 r  
    PS7_X0Y0             PS7                          0.000     0.000 r  ps/system_i/processing_system7/inst/PS7_i/FCLKCLK[0]
                         net (fo=1, routed)           1.207     1.207    ps/lopt
    BUFGCTRL_X0Y3        BUFG (Prop_bufg_I_O)         0.101     1.308 r  ps/fclk_buf[0]/O
                         net (fo=235, routed)         1.728     3.036    ps/axi_slave_gp0/O[0]
    SLICE_X2Y44          FDRE                                         r  ps/axi_slave_gp0/rd_do_reg/C
  -------------------------------------------------------------------    -------------------
    SLICE_X2Y44          FDRE (Prop_fdre_C_Q)         0.456     3.492 r  ps/axi_slave_gp0/rd_do_reg/Q
                         net (fo=72, routed)          1.171     4.663    ps/axi_slave_gp0/rd_do
    SLICE_X2Y41          LUT3 (Prop_lut3_I2_O)        0.150     4.813 r  ps/axi_slave_gp0/ctrl_re_iw_inferred_i_3/O
                         net (fo=71, routed)          5.255    10.068    ps/axi_slave_gp0/rd_araddr_reg[20]_0
    SLICE_X32Y43         LUT6 (Prop_lut6_I3_O)        0.326    10.394 r  ps/axi_slave_gp0/axi\\.RDATA[6]_i_1/O
                         net (fo=1, routed)           0.000    10.394    ps/axi_slave_gp0/ps_sys\\.rdata[6]
    SLICE_X32Y43         FDRE                                         r  ps/axi_slave_gp0/axi\\.RDATA_reg[6]/D
  -------------------------------------------------------------------    -------------------

                         (clock clk_fpga_0 rise edge)
                                                      8.000     8.000 r  
    PS7_X0Y0             PS7                          0.000     8.000 r  ps/system_i/processing_system7/inst/PS7_i/FCLKCLK[0]
                         net (fo=1, routed)           1.101     9.101    ps/lopt
    BUFGCTRL_X0Y3        BUFG (Prop_bufg_I_O)         0.091     9.192 r  ps/fclk_buf[0]/O
                         net (fo=235, routed)         1.500    10.692    ps/axi_slave_gp0/O[0]
    SLICE_X32Y43         FDRE                                         r  ps/axi_slave_gp0/axi\\.RDATA_reg[6]/C
                         clock pessimism              0.130    10.822    
                         clock uncertainty           -0.125    10.697    
    SLICE_X32Y43         FDRE (Setup_fdre_C_D)        0.081    10.778    ps/axi_slave_gp0/axi\\.RDATA_reg[6]
  -------------------------------------------------------------------
                         required time                         10.778    
                         arrival time                         -10.394    
  -------------------------------------------------------------------
                         slack                                  0.384    

Slack (MET) :             0.412ns  (required time - arrival time)
  Source:                 ps/axi_slave_gp0/rd_do_reg/C
                            (rising edge-triggered cell FDRE clocked by clk_fpga_0  {rise@0.000ns fall@4.000ns period=8.000ns})
  Destination:            ps/axi_slave_gp0/axi\\.RDATA_reg[16]/D
                            (rising edge-triggered cell FDRE clocked by clk_fpga_0  {rise@0.000ns fall@4.000ns period=8.000ns})
  Path Group:             clk_fpga_0
  Path Type:              Setup (Max at Slow Process Corner)
  Requirement:            8.000ns  (clk_fpga_0 rise@8.000ns - clk_fpga_0 rise@0.000ns)
  Data Path Delay:        7.271ns  (logic 1.056ns (14.523%)  route 6.215ns (85.477%))
  Logic Levels:           3  (LUT3=1 LUT5=1 LUT6=1)
  Clock Path Skew:        -0.223ns (DCD - SCD + CPR)
    Destination Clock Delay (DCD):    2.683ns = ( 10.684 - 8.000 ) 
    Source Clock Delay      (SCD):    3.036ns
    Clock Pessimism Removal (CPR):    0.130ns
  Clock Uncertainty:      0.125ns  ((TSJ^2 + TIJ^2)^1/2 + DJ) / 2 + PE
    Total System Jitter     (TSJ):    0.071ns
    Total Input Jitter      (TIJ):    0.240ns
    Discrete Jitter          (DJ):    0.000ns
    Phase Error              (PE):    0.000ns

    Location             Delay type                Incr(ns)  Path(ns)    Netlist Resource(s)
  -------------------------------------------------------------------    -------------------
                         (clock clk_fpga_0 rise edge)
                                                      0.000     0.000 r  
    PS7_X0Y0             PS7                          0.000     0.000 r  ps/system_i/processing_system7/inst/PS7_i/FCLKCLK[0]
                         net (fo=1, routed)           1.207     1.207    ps/lopt
    BUFGCTRL_X0Y3        BUFG (Prop_bufg_I_O)         0.101     1.308 r  ps/fclk_buf[0]/O
                         net (fo=235, routed)         1.728     3.036    ps/axi_slave_gp0/O[0]
    SLICE_X2Y44          FDRE                                         r  ps/axi_slave_gp0/rd_do_reg/C
  -------------------------------------------------------------------    -------------------
    SLICE_X2Y44          FDRE (Prop_fdre_C_Q)         0.456     3.492 r  ps/axi_slave_gp0/rd_do_reg/Q
                         net (fo=72, routed)          1.171     4.663    ps/axi_slave_gp0/rd_do
    SLICE_X2Y41          LUT3 (Prop_lut3_I2_O)        0.150     4.813 r  ps/axi_slave_gp0/ctrl_re_iw_inferred_i_3/O
                         net (fo=71, routed)          4.505     9.318    ps/axi_slave_gp0/rd_araddr_reg[20]_0
    SLICE_X25Y35         LUT6 (Prop_lut6_I0_O)        0.326     9.644 r  ps/axi_slave_gp0/axi\\.RDATA[16]_i_4_comp_1/O
                         net (fo=1, routed)           0.539    10.183    ps/axi_slave_gp0/axi\\.RDATA[16]_i_4_n_0_repN
    SLICE_X23Y37         LUT5 (Prop_lut5_I4_O)        0.124    10.307 r  ps/axi_slave_gp0/axi\\.RDATA[16]_i_1_comp_1/O
                         net (fo=1, routed)           0.000    10.307    ps/axi_slave_gp0/ps_sys\\.rdata[16]
    SLICE_X23Y37         FDRE                                         r  ps/axi_slave_gp0/axi\\.RDATA_reg[16]/D
  -------------------------------------------------------------------    -------------------

                         (clock clk_fpga_0 rise edge)
                                                      8.000     8.000 r  
    PS7_X0Y0             PS7                          0.000     8.000 r  ps/system_i/processing_system7/inst/PS7_i/FCLKCLK[0]
                         net (fo=1, routed)           1.101     9.101    ps/lopt
    BUFGCTRL_X0Y3        BUFG (Prop_bufg_I_O)         0.091     9.192 r  ps/fclk_buf[0]/O
                         net (fo=235, routed)         1.491    10.683    ps/axi_slave_gp0/O[0]
    SLICE_X23Y37         FDRE                                         r  ps/axi_slave_gp0/axi\\.RDATA_reg[16]/C
                         clock pessimism              0.130    10.813    
                         clock uncertainty           -0.125    10.688    
    SLICE_X23Y37         FDRE (Setup_fdre_C_D)        0.031    10.719    ps/axi_slave_gp0/axi\\.RDATA_reg[16]
  -------------------------------------------------------------------
                         required time                         10.719    
                         arrival time                         -10.307    
  -------------------------------------------------------------------
                         slack                                  0.412    

Slack (MET) :             0.435ns  (required time - arrival time)
  Source:                 ps/axi_slave_gp0/rd_do_reg/C
                            (rising edge-triggered cell FDRE clocked by clk_fpga_0  {rise@0.000ns fall@4.000ns period=8.000ns})
  Destination:            ps/axi_slave_gp0/axi\\.RDATA_reg[9]/D
                            (rising edge-triggered cell FDRE clocked by clk_fpga_0  {rise@0.000ns fall@4.000ns period=8.000ns})
  Path Group:             clk_fpga_0
  Path Type:              Setup (Max at Slow Process Corner)
  Requirement:            8.000ns  (clk_fpga_0 rise@8.000ns - clk_fpga_0 rise@0.000ns)
  Data Path Delay:        7.256ns  (logic 1.056ns (14.553%)  route 6.200ns (85.447%))
  Logic Levels:           3  (LUT3=1 LUT6=2)
  Clock Path Skew:        -0.216ns (DCD - SCD + CPR)
    Destination Clock Delay (DCD):    2.690ns = ( 10.691 - 8.000 ) 
    Source Clock Delay      (SCD):    3.036ns
    Clock Pessimism Removal (CPR):    0.130ns
  Clock Uncertainty:      0.125ns  ((TSJ^2 + TIJ^2)^1/2 + DJ) / 2 + PE
    Total System Jitter     (TSJ):    0.071ns
    Total Input Jitter      (TIJ):    0.240ns
    Discrete Jitter          (DJ):    0.000ns
    Phase Error              (PE):    0.000ns

    Location             Delay type                Incr(ns)  Path(ns)    Netlist Resource(s)
  -------------------------------------------------------------------    -------------------
                         (clock clk_fpga_0 rise edge)
                                                      0.000     0.000 r  
    PS7_X0Y0             PS7                          0.000     0.000 r  ps/system_i/processing_system7/inst/PS7_i/FCLKCLK[0]
                         net (fo=1, routed)           1.207     1.207    ps/lopt
    BUFGCTRL_X0Y3        BUFG (Prop_bufg_I_O)         0.101     1.308 r  ps/fclk_buf[0]/O
                         net (fo=235, routed)         1.728     3.036    ps/axi_slave_gp0/O[0]
    SLICE_X2Y44          FDRE                                         r  ps/axi_slave_gp0/rd_do_reg/C
  -------------------------------------------------------------------    -------------------
    SLICE_X2Y44          FDRE (Prop_fdre_C_Q)         0.456     3.492 r  ps/axi_slave_gp0/rd_do_reg/Q
                         net (fo=72, routed)          1.171     4.663    ps/axi_slave_gp0/rd_do
    SLICE_X2Y41          LUT3 (Prop_lut3_I2_O)        0.150     4.813 r  ps/axi_slave_gp0/ctrl_re_iw_inferred_i_3/O
                         net (fo=71, routed)          4.875     9.688    ps/axi_slave_gp0/rd_araddr_reg[20]_0
    SLICE_X31Y41         LUT6 (Prop_lut6_I4_O)        0.326    10.014 r  ps/axi_slave_gp0/axi\\.RDATA[9]_i_2/O
                         net (fo=1, routed)           0.154    10.168    ps/axi_slave_gp0/axi\\.RDATA[9]_i_2_n_0
    SLICE_X31Y41         LUT6 (Prop_lut6_I5_O)        0.124    10.292 r  ps/axi_slave_gp0/axi\\.RDATA[9]_i_1/O
                         net (fo=1, routed)           0.000    10.292    ps/axi_slave_gp0/ps_sys\\.rdata[9]
    SLICE_X31Y41         FDRE                                         r  ps/axi_slave_gp0/axi\\.RDATA_reg[9]/D
  -------------------------------------------------------------------    -------------------

                         (clock clk_fpga_0 rise edge)
                                                      8.000     8.000 r  
    PS7_X0Y0             PS7                          0.000     8.000 r  ps/system_i/processing_system7/inst/PS7_i/FCLKCLK[0]
                         net (fo=1, routed)           1.101     9.101    ps/lopt
    BUFGCTRL_X0Y3        BUFG (Prop_bufg_I_O)         0.091     9.192 r  ps/fclk_buf[0]/O
                         net (fo=235, routed)         1.498    10.690    ps/axi_slave_gp0/O[0]
    SLICE_X31Y41         FDRE                                         r  ps/axi_slave_gp0/axi\\.RDATA_reg[9]/C
                         clock pessimism              0.130    10.820    
                         clock uncertainty           -0.125    10.695    
    SLICE_X31Y41         FDRE (Setup_fdre_C_D)        0.032    10.727    ps/axi_slave_gp0/axi\\.RDATA_reg[9]
  -------------------------------------------------------------------
                         required time                         10.727    
                         arrival time                         -10.292    
  -------------------------------------------------------------------
                         slack                                  0.435    





Min Delay Paths
--------------------------------------------------------------------------------------
Slack (MET) :             0.131ns  (arrival time - required time)
  Source:                 sys_bus_interconnect/for_bus[4].inst_sys_bus_cdc/ctrl_done_csff_reg[0]/C
                            (rising edge-triggered cell FDRE clocked by clk_fpga_0  {rise@0.000ns fall@4.000ns period=8.000ns})
  Destination:            sys_bus_interconnect/for_bus[4].inst_sys_bus_cdc/ctrl_done_csff_reg[1]/D
                            (rising edge-triggered cell FDRE clocked by clk_fpga_0  {rise@0.000ns fall@4.000ns period=8.000ns})
  Path Group:             clk_fpga_0
  Path Type:              Hold (Min at Fast Process Corner)
  Requirement:            0.000ns  (clk_fpga_0 rise@0.000ns - clk_fpga_0 rise@0.000ns)
  Data Path Delay:        0.206ns  (logic 0.141ns (68.336%)  route 0.065ns (31.664%))
  Logic Levels:           0  
  Clock Path Skew:        0.000ns (DCD - SCD - CPR)
    Destination Clock Delay (DCD):    1.199ns
    Source Clock Delay      (SCD):    0.902ns
    Clock Pessimism Removal (CPR):    0.297ns

    Location             Delay type                Incr(ns)  Path(ns)    Netlist Resource(s)
  -------------------------------------------------------------------    -------------------
                         (clock clk_fpga_0 rise edge)
                                                      0.000     0.000 r  
    PS7_X0Y0             PS7                          0.000     0.000 r  ps/system_i/processing_system7/inst/PS7_i/FCLKCLK[0]
                         net (fo=1, routed)           0.315     0.315    ps/lopt
    BUFGCTRL_X0Y3        BUFG (Prop_bufg_I_O)         0.026     0.341 r  ps/fclk_buf[0]/O
                         net (fo=235, routed)         0.561     0.901    sys_bus_interconnect/for_bus[4].inst_sys_bus_cdc/O[0]
    SLICE_X14Y39         FDRE                                         r  sys_bus_interconnect/for_bus[4].inst_sys_bus_cdc/ctrl_done_csff_reg[0]/C
  -------------------------------------------------------------------    -------------------
    SLICE_X14Y39         FDRE (Prop_fdre_C_Q)         0.141     1.043 r  sys_bus_interconnect/for_bus[4].inst_sys_bus_cdc/ctrl_done_csff_reg[0]/Q
                         net (fo=1, routed)           0.065     1.108    sys_bus_interconnect/for_bus[4].inst_sys_bus_cdc/ctrl_done_csff[0]
    SLICE_X14Y39         FDRE                                         r  sys_bus_interconnect/for_bus[4].inst_sys_bus_cdc/ctrl_done_csff_reg[1]/D
  -------------------------------------------------------------------    -------------------

                         (clock clk_fpga_0 rise edge)
                                                      0.000     0.000 r  
    PS7_X0Y0             PS7                          0.000     0.000 r  ps/system_i/processing_system7/inst/PS7_i/FCLKCLK[0]
                         net (fo=1, routed)           0.341     0.341    ps/lopt
    BUFGCTRL_X0Y3        BUFG (Prop_bufg_I_O)         0.029     0.370 r  ps/fclk_buf[0]/O
                         net (fo=235, routed)         0.829     1.199    sys_bus_interconnect/for_bus[4].inst_sys_bus_cdc/O[0]
    SLICE_X14Y39         FDRE                                         r  sys_bus_interconnect/for_bus[4].inst_sys_bus_cdc/ctrl_done_csff_reg[1]/C
                         clock pessimism             -0.297     0.902    
    SLICE_X14Y39         FDRE (Hold_fdre_C_D)         0.075     0.977    sys_bus_interconnect/for_bus[4].inst_sys_bus_cdc/ctrl_done_csff_reg[1]
  -------------------------------------------------------------------
                         required time                         -0.977    
                         arrival time                           1.108    
  -------------------------------------------------------------------
                         slack                                  0.131    

Slack (MET) :             0.160ns  (arrival time - required time)
  Source:                 sys_bus_interconnect/for_bus[0].inst_sys_bus_cdc/ctrl_done_csff_reg[0]/C
                            (rising edge-triggered cell FDRE clocked by clk_fpga_0  {rise@0.000ns fall@4.000ns period=8.000ns})
  Destination:            sys_bus_interconnect/for_bus[0].inst_sys_bus_cdc/ctrl_done_csff_reg[1]/D
                            (rising edge-triggered cell FDRE clocked by clk_fpga_0  {rise@0.000ns fall@4.000ns period=8.000ns})
  Path Group:             clk_fpga_0
  Path Type:              Hold (Min at Fast Process Corner)
  Requirement:            0.000ns  (clk_fpga_0 rise@0.000ns - clk_fpga_0 rise@0.000ns)
  Data Path Delay:        0.220ns  (logic 0.164ns (74.580%)  route 0.056ns (25.420%))
  Logic Levels:           0  
  Clock Path Skew:        0.000ns (DCD - SCD - CPR)
    Destination Clock Delay (DCD):    1.202ns
    Source Clock Delay      (SCD):    0.905ns
    Clock Pessimism Removal (CPR):    0.297ns

    Location             Delay type                Incr(ns)  Path(ns)    Netlist Resource(s)
  -------------------------------------------------------------------    -------------------
                         (clock clk_fpga_0 rise edge)
                                                      0.000     0.000 r  
    PS7_X0Y0             PS7                          0.000     0.000 r  ps/system_i/processing_system7/inst/PS7_i/FCLKCLK[0]
                         net (fo=1, routed)           0.315     0.315    ps/lopt
    BUFGCTRL_X0Y3        BUFG (Prop_bufg_I_O)         0.026     0.341 r  ps/fclk_buf[0]/O
                         net (fo=235, routed)         0.564     0.905    sys_bus_interconnect/for_bus[0].inst_sys_bus_cdc/O[0]
    SLICE_X12Y38         FDRE                                         r  sys_bus_interconnect/for_bus[0].inst_sys_bus_cdc/ctrl_done_csff_reg[0]/C
  -------------------------------------------------------------------    -------------------
    SLICE_X12Y38         FDRE (Prop_fdre_C_Q)         0.164     1.069 r  sys_bus_interconnect/for_bus[0].inst_sys_bus_cdc/ctrl_done_csff_reg[0]/Q
                         net (fo=1, routed)           0.056     1.124    sys_bus_interconnect/for_bus[0].inst_sys_bus_cdc/ctrl_done_csff[0]
    SLICE_X12Y38         FDRE                                         r  sys_bus_interconnect/for_bus[0].inst_sys_bus_cdc/ctrl_done_csff_reg[1]/D
  -------------------------------------------------------------------    -------------------

                         (clock clk_fpga_0 rise edge)
                                                      0.000     0.000 r  
    PS7_X0Y0             PS7                          0.000     0.000 r  ps/system_i/processing_system7/inst/PS7_i/FCLKCLK[0]
                         net (fo=1, routed)           0.341     0.341    ps/lopt
    BUFGCTRL_X0Y3        BUFG (Prop_bufg_I_O)         0.029     0.370 r  ps/fclk_buf[0]/O
                         net (fo=235, routed)         0.832     1.202    sys_bus_interconnect/for_bus[0].inst_sys_bus_cdc/O[0]
    SLICE_X12Y38         FDRE                                         r  sys_bus_interconnect/for_bus[0].inst_sys_bus_cdc/ctrl_done_csff_reg[1]/C
                         clock pessimism             -0.297     0.905    
    SLICE_X12Y38         FDRE (Hold_fdre_C_D)         0.060     0.965    sys_bus_interconnect/for_bus[0].inst_sys_bus_cdc/ctrl_done_csff_reg[1]
  -------------------------------------------------------------------
                         required time                         -0.965    
                         arrival time                           1.124    
  -------------------------------------------------------------------
                         slack                                  0.160    

Slack (MET) :             0.160ns  (arrival time - required time)
  Source:                 sys_bus_interconnect/for_bus[2].inst_sys_bus_cdc/ctrl_done_csff_reg[0]/C
                            (rising edge-triggered cell FDRE clocked by clk_fpga_0  {rise@0.000ns fall@4.000ns period=8.000ns})
  Destination:            sys_bus_interconnect/for_bus[2].inst_sys_bus_cdc/ctrl_done_csff_reg[1]/D
                            (rising edge-triggered cell FDRE clocked by clk_fpga_0  {rise@0.000ns fall@4.000ns period=8.000ns})
  Path Group:             clk_fpga_0
  Path Type:              Hold (Min at Fast Process Corner)
  Requirement:            0.000ns  (clk_fpga_0 rise@0.000ns - clk_fpga_0 rise@0.000ns)
  Data Path Delay:        0.220ns  (logic 0.164ns (74.580%)  route 0.056ns (25.420%))
  Logic Levels:           0  
  Clock Path Skew:        0.000ns (DCD - SCD - CPR)
    Destination Clock Delay (DCD):    1.202ns
    Source Clock Delay      (SCD):    0.905ns
    Clock Pessimism Removal (CPR):    0.297ns

    Location             Delay type                Incr(ns)  Path(ns)    Netlist Resource(s)
  -------------------------------------------------------------------    -------------------
                         (clock clk_fpga_0 rise edge)
                                                      0.000     0.000 r  
    PS7_X0Y0             PS7                          0.000     0.000 r  ps/system_i/processing_system7/inst/PS7_i/FCLKCLK[0]
                         net (fo=1, routed)           0.315     0.315    ps/lopt
    BUFGCTRL_X0Y3        BUFG (Prop_bufg_I_O)         0.026     0.341 r  ps/fclk_buf[0]/O
                         net (fo=235, routed)         0.564     0.905    sys_bus_interconnect/for_bus[2].inst_sys_bus_cdc/O[0]
    SLICE_X12Y39         FDRE                                         r  sys_bus_interconnect/for_bus[2].inst_sys_bus_cdc/ctrl_done_csff_reg[0]/C
  -------------------------------------------------------------------    -------------------
    SLICE_X12Y39         FDRE (Prop_fdre_C_Q)         0.164     1.069 r  sys_bus_interconnect/for_bus[2].inst_sys_bus_cdc/ctrl_done_csff_reg[0]/Q
                         net (fo=1, routed)           0.056     1.124    sys_bus_interconnect/for_bus[2].inst_sys_bus_cdc/ctrl_done_csff[0]
    SLICE_X12Y39         FDRE                                         r  sys_bus_interconnect/for_bus[2].inst_sys_bus_cdc/ctrl_done_csff_reg[1]/D
  -------------------------------------------------------------------    -------------------

                         (clock clk_fpga_0 rise edge)
                                                      0.000     0.000 r  
    PS7_X0Y0             PS7                          0.000     0.000 r  ps/system_i/processing_system7/inst/PS7_i/FCLKCLK[0]
                         net (fo=1, routed)           0.341     0.341    ps/lopt
    BUFGCTRL_X0Y3        BUFG (Prop_bufg_I_O)         0.029     0.370 r  ps/fclk_buf[0]/O
                         net (fo=235, routed)         0.832     1.202    sys_bus_interconnect/for_bus[2].inst_sys_bus_cdc/O[0]
    SLICE_X12Y39         FDRE                                         r  sys_bus_interconnect/for_bus[2].inst_sys_bus_cdc/ctrl_done_csff_reg[1]/C
                         clock pessimism             -0.297     0.905    
    SLICE_X12Y39         FDRE (Hold_fdre_C_D)         0.060     0.965    sys_bus_interconnect/for_bus[2].inst_sys_bus_cdc/ctrl_done_csff_reg[1]
  -------------------------------------------------------------------
                         required time                         -0.965    
                         arrival time                           1.124    
  -------------------------------------------------------------------
                         slack                                  0.160    

Slack (MET) :             0.213ns  (arrival time - required time)
  Source:                 ps/axi_slave_gp0/rd_error_reg/C
                            (rising edge-triggered cell FDRE clocked by clk_fpga_0  {rise@0.000ns fall@4.000ns period=8.000ns})
  Destination:            ps/axi_slave_gp0/axi\\.RRESP_reg[1]/D
                            (rising edge-triggered cell FDRE clocked by clk_fpga_0  {rise@0.000ns fall@4.000ns period=8.000ns})
  Path Group:             clk_fpga_0
  Path Type:              Hold (Min at Fast Process Corner)
  Requirement:            0.000ns  (clk_fpga_0 rise@0.000ns - clk_fpga_0 rise@0.000ns)
  Data Path Delay:        0.336ns  (logic 0.189ns (56.204%)  route 0.147ns (43.796%))
  Logic Levels:           1  (LUT2=1)
  Clock Path Skew:        0.016ns (DCD - SCD - CPR)
    Destination Clock Delay (DCD):    1.223ns
    Source Clock Delay      (SCD):    0.926ns
    Clock Pessimism Removal (CPR):    0.281ns

    Location             Delay type                Incr(ns)  Path(ns)    Netlist Resource(s)
  -------------------------------------------------------------------    -------------------
                         (clock clk_fpga_0 rise edge)
                                                      0.000     0.000 r  
    PS7_X0Y0             PS7                          0.000     0.000 r  ps/system_i/processing_system7/inst/PS7_i/FCLKCLK[0]
                         net (fo=1, routed)           0.315     0.315    ps/lopt
    BUFGCTRL_X0Y3        BUFG (Prop_bufg_I_O)         0.026     0.341 r  ps/fclk_buf[0]/O
                         net (fo=235, routed)         0.585     0.926    ps/axi_slave_gp0/O[0]
    SLICE_X3Y43          FDRE                                         r  ps/axi_slave_gp0/rd_error_reg/C
  -------------------------------------------------------------------    -------------------
    SLICE_X3Y43          FDRE (Prop_fdre_C_Q)         0.141     1.067 r  ps/axi_slave_gp0/rd_error_reg/Q
                         net (fo=2, routed)           0.147     1.214    ps/axi_slave_gp0/rd_error
    SLICE_X3Y44          LUT2 (Prop_lut2_I0_O)        0.048     1.262 r  ps/axi_slave_gp0/axi\\.RRESP[1]_i_1/O
                         net (fo=1, routed)           0.000     1.262    ps/axi_slave_gp0/axi\\.RRESP[1]_i_1_n_0
    SLICE_X3Y44          FDRE                                         r  ps/axi_slave_gp0/axi\\.RRESP_reg[1]/D
  -------------------------------------------------------------------    -------------------

                         (clock clk_fpga_0 rise edge)
                                                      0.000     0.000 r  
    PS7_X0Y0             PS7                          0.000     0.000 r  ps/system_i/processing_system7/inst/PS7_i/FCLKCLK[0]
                         net (fo=1, routed)           0.341     0.341    ps/lopt
    BUFGCTRL_X0Y3        BUFG (Prop_bufg_I_O)         0.029     0.370 r  ps/fclk_buf[0]/O
                         net (fo=235, routed)         0.853     1.223    ps/axi_slave_gp0/O[0]
    SLICE_X3Y44          FDRE                                         r  ps/axi_slave_gp0/axi\\.RRESP_reg[1]/C
                         clock pessimism             -0.281     0.942    
    SLICE_X3Y44          FDRE (Hold_fdre_C_D)         0.107     1.049    ps/axi_slave_gp0/axi\\.RRESP_reg[1]
  -------------------------------------------------------------------
                         required time                         -1.049    
                         arrival time                           1.262    
  -------------------------------------------------------------------
                         slack                                  0.213    

Slack (MET) :             0.214ns  (arrival time - required time)
  Source:                 ps/axi_slave_gp0/wr_awid_reg[11]/C
                            (rising edge-triggered cell FDRE clocked by clk_fpga_0  {rise@0.000ns fall@4.000ns period=8.000ns})
  Destination:            ps/system_i/processing_system7/inst/PS7_i/MAXIGP0BID[11]
                            (rising edge-triggered cell PS7 clocked by clk_fpga_0  {rise@0.000ns fall@4.000ns period=8.000ns})
  Path Group:             clk_fpga_0
  Path Type:              Hold (Min at Fast Process Corner)
  Requirement:            0.000ns  (clk_fpga_0 rise@0.000ns - clk_fpga_0 rise@0.000ns)
  Data Path Delay:        0.270ns  (logic 0.141ns (52.160%)  route 0.129ns (47.840%))
  Logic Levels:           0  
  Clock Path Skew:        0.057ns (DCD - SCD - CPR)
    Destination Clock Delay (DCD):    1.263ns
    Source Clock Delay      (SCD):    0.925ns
    Clock Pessimism Removal (CPR):    0.281ns

    Location             Delay type                Incr(ns)  Path(ns)    Netlist Resource(s)
  -------------------------------------------------------------------    -------------------
                         (clock clk_fpga_0 rise edge)
                                                      0.000     0.000 r  
    PS7_X0Y0             PS7                          0.000     0.000 r  ps/system_i/processing_system7/inst/PS7_i/FCLKCLK[0]
                         net (fo=1, routed)           0.315     0.315    ps/lopt
    BUFGCTRL_X0Y3        BUFG (Prop_bufg_I_O)         0.026     0.341 r  ps/fclk_buf[0]/O
                         net (fo=235, routed)         0.584     0.925    ps/axi_slave_gp0/O[0]
    SLICE_X1Y49          FDRE                                         r  ps/axi_slave_gp0/wr_awid_reg[11]/C
  -------------------------------------------------------------------    -------------------
    SLICE_X1Y49          FDRE (Prop_fdre_C_Q)         0.141     1.066 r  ps/axi_slave_gp0/wr_awid_reg[11]/Q
                         net (fo=1, routed)           0.129     1.195    ps/system_i/processing_system7/inst/M_AXI_GP0_BID[11]
    PS7_X0Y0             PS7                                          r  ps/system_i/processing_system7/inst/PS7_i/MAXIGP0BID[11]
  -------------------------------------------------------------------    -------------------

                         (clock clk_fpga_0 rise edge)
                                                      0.000     0.000 r  
    PS7_X0Y0             PS7                          0.000     0.000 r  ps/system_i/processing_system7/inst/PS7_i/FCLKCLK[0]
                         net (fo=1, routed)           0.341     0.341    ps/lopt
    BUFGCTRL_X0Y3        BUFG (Prop_bufg_I_O)         0.029     0.370 r  ps/fclk_buf[0]/O
                         net (fo=235, routed)         0.893     1.263    ps/system_i/processing_system7/inst/M_AXI_GP0_ACLK
    PS7_X0Y0             PS7                                          r  ps/system_i/processing_system7/inst/PS7_i/MAXIGP0ACLK
                         clock pessimism             -0.281     0.981    
    PS7_X0Y0             PS7 (Hold_ps7_MAXIGP0ACLK_MAXIGP0BID[11])
                                                      0.000     0.981    ps/system_i/processing_system7/inst/PS7_i
  -------------------------------------------------------------------
                         required time                         -0.981    
                         arrival time                           1.195    
  -------------------------------------------------------------------
                         slack                                  0.214    

Slack (MET) :             0.214ns  (arrival time - required time)
  Source:                 ps/axi_slave_gp0/wr_awid_reg[2]/C
                            (rising edge-triggered cell FDRE clocked by clk_fpga_0  {rise@0.000ns fall@4.000ns period=8.000ns})
  Destination:            ps/system_i/processing_system7/inst/PS7_i/MAXIGP0BID[2]
                            (rising edge-triggered cell PS7 clocked by clk_fpga_0  {rise@0.000ns fall@4.000ns period=8.000ns})
  Path Group:             clk_fpga_0
  Path Type:              Hold (Min at Fast Process Corner)
  Requirement:            0.000ns  (clk_fpga_0 rise@0.000ns - clk_fpga_0 rise@0.000ns)
  Data Path Delay:        0.270ns  (logic 0.141ns (52.160%)  route 0.129ns (47.840%))
  Logic Levels:           0  
  Clock Path Skew:        0.057ns (DCD - SCD - CPR)
    Destination Clock Delay (DCD):    1.263ns
    Source Clock Delay      (SCD):    0.925ns
    Clock Pessimism Removal (CPR):    0.281ns

    Location             Delay type                Incr(ns)  Path(ns)    Netlist Resource(s)
  -------------------------------------------------------------------    -------------------
                         (clock clk_fpga_0 rise edge)
                                                      0.000     0.000 r  
    PS7_X0Y0             PS7                          0.000     0.000 r  ps/system_i/processing_system7/inst/PS7_i/FCLKCLK[0]
                         net (fo=1, routed)           0.315     0.315    ps/lopt
    BUFGCTRL_X0Y3        BUFG (Prop_bufg_I_O)         0.026     0.341 r  ps/fclk_buf[0]/O
                         net (fo=235, routed)         0.584     0.925    ps/axi_slave_gp0/O[0]
    SLICE_X1Y47          FDRE                                         r  ps/axi_slave_gp0/wr_awid_reg[2]/C
  -------------------------------------------------------------------    -------------------
    SLICE_X1Y47          FDRE (Prop_fdre_C_Q)         0.141     1.066 r  ps/axi_slave_gp0/wr_awid_reg[2]/Q
                         net (fo=1, routed)           0.129     1.195    ps/system_i/processing_system7/inst/M_AXI_GP0_BID[2]
    PS7_X0Y0             PS7                                          r  ps/system_i/processing_system7/inst/PS7_i/MAXIGP0BID[2]
  -------------------------------------------------------------------    -------------------

                         (clock clk_fpga_0 rise edge)
                                                      0.000     0.000 r  
    PS7_X0Y0             PS7                          0.000     0.000 r  ps/system_i/processing_system7/inst/PS7_i/FCLKCLK[0]
                         net (fo=1, routed)           0.341     0.341    ps/lopt
    BUFGCTRL_X0Y3        BUFG (Prop_bufg_I_O)         0.029     0.370 r  ps/fclk_buf[0]/O
                         net (fo=235, routed)         0.893     1.263    ps/system_i/processing_system7/inst/M_AXI_GP0_ACLK
    PS7_X0Y0             PS7                                          r  ps/system_i/processing_system7/inst/PS7_i/MAXIGP0ACLK
                         clock pessimism             -0.281     0.981    
    PS7_X0Y0             PS7 (Hold_ps7_MAXIGP0ACLK_MAXIGP0BID[2])
                                                      0.000     0.981    ps/system_i/processing_system7/inst/PS7_i
  -------------------------------------------------------------------
                         required time                         -0.981    
                         arrival time                           1.195    
  -------------------------------------------------------------------
                         slack                                  0.214    

Slack (MET) :             0.214ns  (arrival time - required time)
  Source:                 ps/axi_slave_gp0/wr_awid_reg[5]/C
                            (rising edge-triggered cell FDRE clocked by clk_fpga_0  {rise@0.000ns fall@4.000ns period=8.000ns})
  Destination:            ps/system_i/processing_system7/inst/PS7_i/MAXIGP0BID[5]
                            (rising edge-triggered cell PS7 clocked by clk_fpga_0  {rise@0.000ns fall@4.000ns period=8.000ns})
  Path Group:             clk_fpga_0
  Path Type:              Hold (Min at Fast Process Corner)
  Requirement:            0.000ns  (clk_fpga_0 rise@0.000ns - clk_fpga_0 rise@0.000ns)
  Data Path Delay:        0.270ns  (logic 0.141ns (52.160%)  route 0.129ns (47.840%))
  Logic Levels:           0  
  Clock Path Skew:        0.057ns (DCD - SCD - CPR)
    Destination Clock Delay (DCD):    1.263ns
    Source Clock Delay      (SCD):    0.925ns
    Clock Pessimism Removal (CPR):    0.281ns

    Location             Delay type                Incr(ns)  Path(ns)    Netlist Resource(s)
  -------------------------------------------------------------------    -------------------
                         (clock clk_fpga_0 rise edge)
                                                      0.000     0.000 r  
    PS7_X0Y0             PS7                          0.000     0.000 r  ps/system_i/processing_system7/inst/PS7_i/FCLKCLK[0]
                         net (fo=1, routed)           0.315     0.315    ps/lopt
    BUFGCTRL_X0Y3        BUFG (Prop_bufg_I_O)         0.026     0.341 r  ps/fclk_buf[0]/O
                         net (fo=235, routed)         0.584     0.925    ps/axi_slave_gp0/O[0]
    SLICE_X1Y48          FDRE                                         r  ps/axi_slave_gp0/wr_awid_reg[5]/C
  -------------------------------------------------------------------    -------------------
    SLICE_X1Y48          FDRE (Prop_fdre_C_Q)         0.141     1.066 r  ps/axi_slave_gp0/wr_awid_reg[5]/Q
                         net (fo=1, routed)           0.129     1.195    ps/system_i/processing_system7/inst/M_AXI_GP0_BID[5]
    PS7_X0Y0             PS7                                          r  ps/system_i/processing_system7/inst/PS7_i/MAXIGP0BID[5]
  -------------------------------------------------------------------    -------------------

                         (clock clk_fpga_0 rise edge)
                                                      0.000     0.000 r  
    PS7_X0Y0             PS7                          0.000     0.000 r  ps/system_i/processing_system7/inst/PS7_i/FCLKCLK[0]
                         net (fo=1, routed)           0.341     0.341    ps/lopt
    BUFGCTRL_X0Y3        BUFG (Prop_bufg_I_O)         0.029     0.370 r  ps/fclk_buf[0]/O
                         net (fo=235, routed)         0.893     1.263    ps/system_i/processing_system7/inst/M_AXI_GP0_ACLK
    PS7_X0Y0             PS7                                          r  ps/system_i/processing_system7/inst/PS7_i/MAXIGP0ACLK
                         clock pessimism             -0.281     0.981    
    PS7_X0Y0             PS7 (Hold_ps7_MAXIGP0ACLK_MAXIGP0BID[5])
                                                      0.000     0.981    ps/system_i/processing_system7/inst/PS7_i
  -------------------------------------------------------------------
                         required time                         -0.981    
                         arrival time                           1.195    
  -------------------------------------------------------------------
                         slack                                  0.214    

Slack (MET) :             0.214ns  (arrival time - required time)
  Source:                 ps/axi_slave_gp0/wr_awid_reg[6]/C
                            (rising edge-triggered cell FDRE clocked by clk_fpga_0  {rise@0.000ns fall@4.000ns period=8.000ns})
  Destination:            ps/system_i/processing_system7/inst/PS7_i/MAXIGP0BID[6]
                            (rising edge-triggered cell PS7 clocked by clk_fpga_0  {rise@0.000ns fall@4.000ns period=8.000ns})
  Path Group:             clk_fpga_0
  Path Type:              Hold (Min at Fast Process Corner)
  Requirement:            0.000ns  (clk_fpga_0 rise@0.000ns - clk_fpga_0 rise@0.000ns)
  Data Path Delay:        0.270ns  (logic 0.141ns (52.160%)  route 0.129ns (47.840%))
  Logic Levels:           0  
  Clock Path Skew:        0.057ns (DCD - SCD - CPR)
    Destination Clock Delay (DCD):    1.263ns
    Source Clock Delay      (SCD):    0.925ns
    Clock Pessimism Removal (CPR):    0.281ns

    Location             Delay type                Incr(ns)  Path(ns)    Netlist Resource(s)
  -------------------------------------------------------------------    -------------------
                         (clock clk_fpga_0 rise edge)
                                                      0.000     0.000 r  
    PS7_X0Y0             PS7                          0.000     0.000 r  ps/system_i/processing_system7/inst/PS7_i/FCLKCLK[0]
                         net (fo=1, routed)           0.315     0.315    ps/lopt
    BUFGCTRL_X0Y3        BUFG (Prop_bufg_I_O)         0.026     0.341 r  ps/fclk_buf[0]/O
                         net (fo=235, routed)         0.584     0.925    ps/axi_slave_gp0/O[0]
    SLICE_X1Y48          FDRE                                         r  ps/axi_slave_gp0/wr_awid_reg[6]/C
  -------------------------------------------------------------------    -------------------
    SLICE_X1Y48          FDRE (Prop_fdre_C_Q)         0.141     1.066 r  ps/axi_slave_gp0/wr_awid_reg[6]/Q
                         net (fo=1, routed)           0.129     1.195    ps/system_i/processing_system7/inst/M_AXI_GP0_BID[6]
    PS7_X0Y0             PS7                                          r  ps/system_i/processing_system7/inst/PS7_i/MAXIGP0BID[6]
  -------------------------------------------------------------------    -------------------

                         (clock clk_fpga_0 rise edge)
                                                      0.000     0.000 r  
    PS7_X0Y0             PS7                          0.000     0.000 r  ps/system_i/processing_system7/inst/PS7_i/FCLKCLK[0]
                         net (fo=1, routed)           0.341     0.341    ps/lopt
    BUFGCTRL_X0Y3        BUFG (Prop_bufg_I_O)         0.029     0.370 r  ps/fclk_buf[0]/O
                         net (fo=235, routed)         0.893     1.263    ps/system_i/processing_system7/inst/M_AXI_GP0_ACLK
    PS7_X0Y0             PS7                                          r  ps/system_i/processing_system7/inst/PS7_i/MAXIGP0ACLK
                         clock pessimism             -0.281     0.981    
    PS7_X0Y0             PS7 (Hold_ps7_MAXIGP0ACLK_MAXIGP0BID[6])
                                                      0.000     0.981    ps/system_i/processing_system7/inst/PS7_i
  -------------------------------------------------------------------
                         required time                         -0.981    
                         arrival time                           1.195    
  -------------------------------------------------------------------
                         slack                                  0.214    

Slack (MET) :             0.221ns  (arrival time - required time)
  Source:                 fpll_locked_r_reg/C
                            (rising edge-triggered cell FDRE clocked by clk_fpga_0  {rise@0.000ns fall@4.000ns period=8.000ns})
  Destination:            fpll_locked_r2_reg/D
                            (rising edge-triggered cell FDRE clocked by clk_fpga_0  {rise@0.000ns fall@4.000ns period=8.000ns})
  Path Group:             clk_fpga_0
  Path Type:              Hold (Min at Fast Process Corner)
  Requirement:            0.000ns  (clk_fpga_0 rise@0.000ns - clk_fpga_0 rise@0.000ns)
  Data Path Delay:        0.280ns  (logic 0.164ns (58.537%)  route 0.116ns (41.463%))
  Logic Levels:           0  
  Clock Path Skew:        0.000ns (DCD - SCD - CPR)
    Destination Clock Delay (DCD):    1.228ns
    Source Clock Delay      (SCD):    0.930ns
    Clock Pessimism Removal (CPR):    0.298ns

    Location             Delay type                Incr(ns)  Path(ns)    Netlist Resource(s)
  -------------------------------------------------------------------    -------------------
                         (clock clk_fpga_0 rise edge)
                                                      0.000     0.000 r  
    PS7_X0Y0             PS7                          0.000     0.000 r  ps/system_i/processing_system7/inst/PS7_i/FCLKCLK[0]
                         net (fo=1, routed)           0.315     0.315    ps/lopt
    BUFGCTRL_X0Y3        BUFG (Prop_bufg_I_O)         0.026     0.341 r  ps/fclk_buf[0]/O
                         net (fo=235, routed)         0.589     0.930    fclk[0]
    SLICE_X38Y40         FDRE                                         r  fpll_locked_r_reg/C
  -------------------------------------------------------------------    -------------------
    SLICE_X38Y40         FDRE (Prop_fdre_C_Q)         0.164     1.094 r  fpll_locked_r_reg/Q
                         net (fo=1, routed)           0.116     1.210    fpll_locked_r
    SLICE_X38Y40         FDRE                                         r  fpll_locked_r2_reg/D
  -------------------------------------------------------------------    -------------------

                         (clock clk_fpga_0 rise edge)
                                                      0.000     0.000 r  
    PS7_X0Y0             PS7                          0.000     0.000 r  ps/system_i/processing_system7/inst/PS7_i/FCLKCLK[0]
                         net (fo=1, routed)           0.341     0.341    ps/lopt
    BUFGCTRL_X0Y3        BUFG (Prop_bufg_I_O)         0.029     0.370 r  ps/fclk_buf[0]/O
                         net (fo=235, routed)         0.858     1.228    fclk[0]
    SLICE_X38Y40         FDRE                                         r  fpll_locked_r2_reg/C
                         clock pessimism             -0.298     0.930    
    SLICE_X38Y40         FDRE (Hold_fdre_C_D)         0.059     0.989    fpll_locked_r2_reg
  -------------------------------------------------------------------
                         required time                         -0.989    
                         arrival time                           1.210    
  -------------------------------------------------------------------
                         slack                                  0.221    

Slack (MET) :             0.236ns  (arrival time - required time)
  Source:                 ps/axi_slave_gp0/wr_awid_reg[3]/C
                            (rising edge-triggered cell FDRE clocked by clk_fpga_0  {rise@0.000ns fall@4.000ns period=8.000ns})
  Destination:            ps/system_i/processing_system7/inst/PS7_i/MAXIGP0BID[3]
                            (rising edge-triggered cell PS7 clocked by clk_fpga_0  {rise@0.000ns fall@4.000ns period=8.000ns})
  Path Group:             clk_fpga_0
  Path Type:              Hold (Min at Fast Process Corner)
  Requirement:            0.000ns  (clk_fpga_0 rise@0.000ns - clk_fpga_0 rise@0.000ns)
  Data Path Delay:        0.293ns  (logic 0.141ns (48.089%)  route 0.152ns (51.911%))
  Logic Levels:           0  
  Clock Path Skew:        0.057ns (DCD - SCD - CPR)
    Destination Clock Delay (DCD):    1.263ns
    Source Clock Delay      (SCD):    0.925ns
    Clock Pessimism Removal (CPR):    0.281ns

    Location             Delay type                Incr(ns)  Path(ns)    Netlist Resource(s)
  -------------------------------------------------------------------    -------------------
                         (clock clk_fpga_0 rise edge)
                                                      0.000     0.000 r  
    PS7_X0Y0             PS7                          0.000     0.000 r  ps/system_i/processing_system7/inst/PS7_i/FCLKCLK[0]
                         net (fo=1, routed)           0.315     0.315    ps/lopt
    BUFGCTRL_X0Y3        BUFG (Prop_bufg_I_O)         0.026     0.341 r  ps/fclk_buf[0]/O
                         net (fo=235, routed)         0.584     0.925    ps/axi_slave_gp0/O[0]
    SLICE_X1Y47          FDRE                                         r  ps/axi_slave_gp0/wr_awid_reg[3]/C
  -------------------------------------------------------------------    -------------------
    SLICE_X1Y47          FDRE (Prop_fdre_C_Q)         0.141     1.066 r  ps/axi_slave_gp0/wr_awid_reg[3]/Q
                         net (fo=1, routed)           0.152     1.218    ps/system_i/processing_system7/inst/M_AXI_GP0_BID[3]
    PS7_X0Y0             PS7                                          r  ps/system_i/processing_system7/inst/PS7_i/MAXIGP0BID[3]
  -------------------------------------------------------------------    -------------------

                         (clock clk_fpga_0 rise edge)
                                                      0.000     0.000 r  
    PS7_X0Y0             PS7                          0.000     0.000 r  ps/system_i/processing_system7/inst/PS7_i/FCLKCLK[0]
                         net (fo=1, routed)           0.341     0.341    ps/lopt
    BUFGCTRL_X0Y3        BUFG (Prop_bufg_I_O)         0.029     0.370 r  ps/fclk_buf[0]/O
                         net (fo=235, routed)         0.893     1.263    ps/system_i/processing_system7/inst/M_AXI_GP0_ACLK
    PS7_X0Y0             PS7                                          r  ps/system_i/processing_system7/inst/PS7_i/MAXIGP0ACLK
                         clock pessimism             -0.281     0.981    
    PS7_X0Y0             PS7 (Hold_ps7_MAXIGP0ACLK_MAXIGP0BID[3])
                                                      0.000     0.981    ps/system_i/processing_system7/inst/PS7_i
  -------------------------------------------------------------------
                         required time                         -0.981    
                         arrival time                           1.218    
  -------------------------------------------------------------------
                         slack                                  0.236    





Pulse Width Checks
--------------------------------------------------------------------------------------
Clock Name:         clk_fpga_0
Waveform(ns):       { 0.000 4.000 }
Period(ns):         8.000
Sources:            { ps/system_i/processing_system7/inst/PS7_i/FCLKCLK[0] }

Check Type        Corner  Lib Pin  Reference Pin  Required(ns)  Actual(ns)  Slack(ns)  Location       Pin
Min Period        n/a     BUFG/I   n/a            2.155         8.000       5.845      BUFGCTRL_X0Y3  ps/fclk_buf[0]/I
Min Period        n/a     FDRE/C   n/a            1.000         8.000       7.000      SLICE_X38Y40   fpll_locked_r2_reg/C
Min Period        n/a     FDRE/C   n/a            1.000         8.000       7.000      SLICE_X38Y40   fpll_locked_r3_reg/C
Min Period        n/a     FDRE/C   n/a            1.000         8.000       7.000      SLICE_X38Y40   fpll_locked_r_reg/C
Min Period        n/a     FDSE/C   n/a            1.000         8.000       7.000      SLICE_X42Y39   i_hk/i_freq_meter/ref_cnt_reg[0]/C
Min Period        n/a     FDRE/C   n/a            1.000         8.000       7.000      SLICE_X42Y41   i_hk/i_freq_meter/ref_cnt_reg[10]/C
Min Period        n/a     FDRE/C   n/a            1.000         8.000       7.000      SLICE_X42Y41   i_hk/i_freq_meter/ref_cnt_reg[11]/C
Min Period        n/a     FDRE/C   n/a            1.000         8.000       7.000      SLICE_X42Y42   i_hk/i_freq_meter/ref_cnt_reg[12]/C
Min Period        n/a     FDRE/C   n/a            1.000         8.000       7.000      SLICE_X42Y42   i_hk/i_freq_meter/ref_cnt_reg[13]/C
Min Period        n/a     FDRE/C   n/a            1.000         8.000       7.000      SLICE_X42Y42   i_hk/i_freq_meter/ref_cnt_reg[14]/C
Low Pulse Width   Slow    FDRE/C   n/a            0.500         4.000       3.500      SLICE_X38Y40   fpll_locked_r2_reg/C
Low Pulse Width   Fast    FDRE/C   n/a            0.500         4.000       3.500      SLICE_X38Y40   fpll_locked_r2_reg/C
Low Pulse Width   Slow    FDRE/C   n/a            0.500         4.000       3.500      SLICE_X38Y40   fpll_locked_r3_reg/C
Low Pulse Width   Fast    FDRE/C   n/a            0.500         4.000       3.500      SLICE_X38Y40   fpll_locked_r3_reg/C
Low Pulse Width   Slow    FDRE/C   n/a            0.500         4.000       3.500      SLICE_X38Y40   fpll_locked_r_reg/C
Low Pulse Width   Fast    FDRE/C   n/a            0.500         4.000       3.500      SLICE_X38Y40   fpll_locked_r_reg/C
Low Pulse Width   Slow    FDSE/C   n/a            0.500         4.000       3.500      SLICE_X42Y39   i_hk/i_freq_meter/ref_cnt_reg[0]/C
Low Pulse Width   Fast    FDSE/C   n/a            0.500         4.000       3.500      SLICE_X42Y39   i_hk/i_freq_meter/ref_cnt_reg[0]/C
Low Pulse Width   Slow    FDRE/C   n/a            0.500         4.000       3.500      SLICE_X42Y41   i_hk/i_freq_meter/ref_cnt_reg[10]/C
Low Pulse Width   Fast    FDRE/C   n/a            0.500         4.000       3.500      SLICE_X42Y41   i_hk/i_freq_meter/ref_cnt_reg[10]/C
High Pulse Width  Slow    FDRE/C   n/a            0.500         4.000       3.500      SLICE_X38Y40   fpll_locked_r2_reg/C
High Pulse Width  Fast    FDRE/C   n/a            0.500         4.000       3.500      SLICE_X38Y40   fpll_locked_r2_reg/C
High Pulse Width  Slow    FDRE/C   n/a            0.500         4.000       3.500      SLICE_X38Y40   fpll_locked_r3_reg/C
High Pulse Width  Fast    FDRE/C   n/a            0.500         4.000       3.500      SLICE_X38Y40   fpll_locked_r3_reg/C
High Pulse Width  Slow    FDRE/C   n/a            0.500         4.000       3.500      SLICE_X38Y40   fpll_locked_r_reg/C
High Pulse Width  Fast    FDRE/C   n/a            0.500         4.000       3.500      SLICE_X38Y40   fpll_locked_r_reg/C
High Pulse Width  Slow    FDSE/C   n/a            0.500         4.000       3.500      SLICE_X42Y39   i_hk/i_freq_meter/ref_cnt_reg[0]/C
High Pulse Width  Fast    FDSE/C   n/a            0.500         4.000       3.500      SLICE_X42Y39   i_hk/i_freq_meter/ref_cnt_reg[0]/C
High Pulse Width  Slow    FDRE/C   n/a            0.500         4.000       3.500      SLICE_X42Y41   i_hk/i_freq_meter/ref_cnt_reg[10]/C
High Pulse Width  Fast    FDRE/C   n/a            0.500         4.000       3.500      SLICE_X42Y41   i_hk/i_freq_meter/ref_cnt_reg[10]/C



---------------------------------------------------------------------------------------------------
From Clock:  clk_fpga_3
  To Clock:  clk_fpga_3

Setup :            0  Failing Endpoints,  Worst Slack        0.268ns,  Total Violation        0.000ns
Hold  :            0  Failing Endpoints,  Worst Slack        0.087ns,  Total Violation        0.000ns
PW    :            0  Failing Endpoints,  Worst Slack        1.000ns,  Total Violation        0.000ns
---------------------------------------------------------------------------------------------------


Max Delay Paths
--------------------------------------------------------------------------------------
Slack (MET) :             0.268ns  (required time - arrival time)
  Source:                 ps/system_i/axi_protocol_converter_0/inst/gen_axilite.gen_b2s_conv.axilite_b2s/SI_REG/aw.aw_pipe/m_payload_i_reg[39]/C
                            (rising edge-triggered cell FDRE clocked by clk_fpga_3  {rise@0.000ns fall@2.500ns period=5.000ns})
  Destination:            ps/system_i/xadc/inst/AXI_LITE_IPIF_I/I_SLAVE_ATTACHMENT/I_DECODER/GEN_BKEND_CE_REGISTERS[11].ce_out_i_reg[11]/D
                            (rising edge-triggered cell FDRE clocked by clk_fpga_3  {rise@0.000ns fall@2.500ns period=5.000ns})
  Path Group:             clk_fpga_3
  Path Type:              Setup (Max at Slow Process Corner)
  Requirement:            5.000ns  (clk_fpga_3 rise@5.000ns - clk_fpga_3 rise@0.000ns)
  Data Path Delay:        4.581ns  (logic 1.315ns (28.705%)  route 3.266ns (71.295%))
  Logic Levels:           4  (LUT3=2 LUT6=2)
  Clock Path Skew:        -0.099ns (DCD - SCD + CPR)
    Destination Clock Delay (DCD):    2.678ns = ( 7.678 - 5.000 ) 
    Source Clock Delay      (SCD):    3.007ns
    Clock Pessimism Removal (CPR):    0.230ns
  Clock Uncertainty:      0.083ns  ((TSJ^2 + TIJ^2)^1/2 + DJ) / 2 + PE
    Total System Jitter     (TSJ):    0.071ns
    Total Input Jitter      (TIJ):    0.150ns
    Discrete Jitter          (DJ):    0.000ns
    Phase Error              (PE):    0.000ns

    Location             Delay type                Incr(ns)  Path(ns)    Netlist Resource(s)
  -------------------------------------------------------------------    -------------------
                         (clock clk_fpga_3 rise edge)
                                                      0.000     0.000 r  
    PS7_X0Y0             PS7                          0.000     0.000 r  ps/system_i/processing_system7/inst/PS7_i/FCLKCLK[3]
                         net (fo=1, routed)           1.207     1.207    ps/system_i/processing_system7/inst/FCLK_CLK_unbuffered[3]
    BUFGCTRL_X0Y2        BUFG (Prop_bufg_I_O)         0.101     1.308 r  ps/system_i/processing_system7/inst/buffer_fclk_clk_3.FCLK_CLK_3_BUFG/O
                         net (fo=967, routed)         1.699     3.007    ps/system_i/axi_protocol_converter_0/inst/gen_axilite.gen_b2s_conv.axilite_b2s/SI_REG/aw.aw_pipe/aclk
    SLICE_X2Y76          FDRE                                         r  ps/system_i/axi_protocol_converter_0/inst/gen_axilite.gen_b2s_conv.axilite_b2s/SI_REG/aw.aw_pipe/m_payload_i_reg[39]/C
  -------------------------------------------------------------------    -------------------
    SLICE_X2Y76          FDRE (Prop_fdre_C_Q)         0.419     3.426 f  ps/system_i/axi_protocol_converter_0/inst/gen_axilite.gen_b2s_conv.axilite_b2s/SI_REG/aw.aw_pipe/m_payload_i_reg[39]/Q
                         net (fo=12, routed)          0.722     4.148    ps/system_i/axi_protocol_converter_0/inst/gen_axilite.gen_b2s_conv.axilite_b2s/SI_REG/aw.aw_pipe/m_payload_i_reg[61]_0[37]
    SLICE_X2Y77          LUT3 (Prop_lut3_I0_O)        0.296     4.444 r  ps/system_i/axi_protocol_converter_0/inst/gen_axilite.gen_b2s_conv.axilite_b2s/SI_REG/aw.aw_pipe/m_axi_awaddr[11]_INST_0_i_1/O
                         net (fo=8, routed)           0.357     4.801    ps/system_i/axi_protocol_converter_0/inst/gen_axilite.gen_b2s_conv.axilite_b2s/SI_REG/aw.aw_pipe/m_axi_awaddr[11]_INST_0_i_1_n_0
    SLICE_X0Y77          LUT6 (Prop_lut6_I2_O)        0.124     4.925 f  ps/system_i/axi_protocol_converter_0/inst/gen_axilite.gen_b2s_conv.axilite_b2s/SI_REG/aw.aw_pipe/m_axi_awaddr[4]_INST_0/O
                         net (fo=1, routed)           0.841     5.766    ps/system_i/xadc/inst/AXI_LITE_IPIF_I/I_SLAVE_ATTACHMENT/I_DECODER/s_axi_awaddr[2]
    SLICE_X9Y78          LUT3 (Prop_lut3_I2_O)        0.150     5.916 f  ps/system_i/xadc/inst/AXI_LITE_IPIF_I/I_SLAVE_ATTACHMENT/I_DECODER/XADC_INST_i_8/O
                         net (fo=25, routed)          1.346     7.262    ps/system_i/xadc/inst/AXI_LITE_IPIF_I/I_SLAVE_ATTACHMENT/I_DECODER/s_axi_araddr_4_sn_1
    SLICE_X7Y81          LUT6 (Prop_lut6_I0_O)        0.326     7.588 r  ps/system_i/xadc/inst/AXI_LITE_IPIF_I/I_SLAVE_ATTACHMENT/I_DECODER/GEN_BKEND_CE_REGISTERS[11].ce_out_i[11]_i_1/O
                         net (fo=1, routed)           0.000     7.588    ps/system_i/xadc/inst/AXI_LITE_IPIF_I/I_SLAVE_ATTACHMENT/I_DECODER/ce_expnd_i_13
    SLICE_X7Y81          FDRE                                         r  ps/system_i/xadc/inst/AXI_LITE_IPIF_I/I_SLAVE_ATTACHMENT/I_DECODER/GEN_BKEND_CE_REGISTERS[11].ce_out_i_reg[11]/D
  -------------------------------------------------------------------    -------------------

                         (clock clk_fpga_3 rise edge)
                                                      5.000     5.000 r  
    PS7_X0Y0             PS7                          0.000     5.000 r  ps/system_i/processing_system7/inst/PS7_i/FCLKCLK[3]
                         net (fo=1, routed)           1.101     6.101    ps/system_i/processing_system7/inst/FCLK_CLK_unbuffered[3]
    BUFGCTRL_X0Y2        BUFG (Prop_bufg_I_O)         0.091     6.192 r  ps/system_i/processing_system7/inst/buffer_fclk_clk_3.FCLK_CLK_3_BUFG/O
                         net (fo=967, routed)         1.486     7.678    ps/system_i/xadc/inst/AXI_LITE_IPIF_I/I_SLAVE_ATTACHMENT/I_DECODER/s_axi_aclk
    SLICE_X7Y81          FDRE                                         r  ps/system_i/xadc/inst/AXI_LITE_IPIF_I/I_SLAVE_ATTACHMENT/I_DECODER/GEN_BKEND_CE_REGISTERS[11].ce_out_i_reg[11]/C
                         clock pessimism              0.230     7.908    
                         clock uncertainty           -0.083     7.825    
    SLICE_X7Y81          FDRE (Setup_fdre_C_D)        0.031     7.856    ps/system_i/xadc/inst/AXI_LITE_IPIF_I/I_SLAVE_ATTACHMENT/I_DECODER/GEN_BKEND_CE_REGISTERS[11].ce_out_i_reg[11]
  -------------------------------------------------------------------
                         required time                          7.856    
                         arrival time                          -7.588    
  -------------------------------------------------------------------
                         slack                                  0.268    

Slack (MET) :             0.276ns  (required time - arrival time)
  Source:                 ps/system_i/axi_protocol_converter_0/inst/gen_axilite.gen_b2s_conv.axilite_b2s/SI_REG/aw.aw_pipe/m_payload_i_reg[39]/C
                            (rising edge-triggered cell FDRE clocked by clk_fpga_3  {rise@0.000ns fall@2.500ns period=5.000ns})
  Destination:            ps/system_i/xadc/inst/AXI_LITE_IPIF_I/I_SLAVE_ATTACHMENT/I_DECODER/GEN_BKEND_CE_REGISTERS[19].ce_out_i_reg[19]/D
                            (rising edge-triggered cell FDRE clocked by clk_fpga_3  {rise@0.000ns fall@2.500ns period=5.000ns})
  Path Group:             clk_fpga_3
  Path Type:              Setup (Max at Slow Process Corner)
  Requirement:            5.000ns  (clk_fpga_3 rise@5.000ns - clk_fpga_3 rise@0.000ns)
  Data Path Delay:        4.574ns  (logic 1.315ns (28.752%)  route 3.259ns (71.248%))
  Logic Levels:           4  (LUT3=2 LUT6=2)
  Clock Path Skew:        -0.099ns (DCD - SCD + CPR)
    Destination Clock Delay (DCD):    2.678ns = ( 7.678 - 5.000 ) 
    Source Clock Delay      (SCD):    3.007ns
    Clock Pessimism Removal (CPR):    0.230ns
  Clock Uncertainty:      0.083ns  ((TSJ^2 + TIJ^2)^1/2 + DJ) / 2 + PE
    Total System Jitter     (TSJ):    0.071ns
    Total Input Jitter      (TIJ):    0.150ns
    Discrete Jitter          (DJ):    0.000ns
    Phase Error              (PE):    0.000ns

    Location             Delay type                Incr(ns)  Path(ns)    Netlist Resource(s)
  -------------------------------------------------------------------    -------------------
                         (clock clk_fpga_3 rise edge)
                                                      0.000     0.000 r  
    PS7_X0Y0             PS7                          0.000     0.000 r  ps/system_i/processing_system7/inst/PS7_i/FCLKCLK[3]
                         net (fo=1, routed)           1.207     1.207    ps/system_i/processing_system7/inst/FCLK_CLK_unbuffered[3]
    BUFGCTRL_X0Y2        BUFG (Prop_bufg_I_O)         0.101     1.308 r  ps/system_i/processing_system7/inst/buffer_fclk_clk_3.FCLK_CLK_3_BUFG/O
                         net (fo=967, routed)         1.699     3.007    ps/system_i/axi_protocol_converter_0/inst/gen_axilite.gen_b2s_conv.axilite_b2s/SI_REG/aw.aw_pipe/aclk
    SLICE_X2Y76          FDRE                                         r  ps/system_i/axi_protocol_converter_0/inst/gen_axilite.gen_b2s_conv.axilite_b2s/SI_REG/aw.aw_pipe/m_payload_i_reg[39]/C
  -------------------------------------------------------------------    -------------------
    SLICE_X2Y76          FDRE (Prop_fdre_C_Q)         0.419     3.426 f  ps/system_i/axi_protocol_converter_0/inst/gen_axilite.gen_b2s_conv.axilite_b2s/SI_REG/aw.aw_pipe/m_payload_i_reg[39]/Q
                         net (fo=12, routed)          0.722     4.148    ps/system_i/axi_protocol_converter_0/inst/gen_axilite.gen_b2s_conv.axilite_b2s/SI_REG/aw.aw_pipe/m_payload_i_reg[61]_0[37]
    SLICE_X2Y77          LUT3 (Prop_lut3_I0_O)        0.296     4.444 r  ps/system_i/axi_protocol_converter_0/inst/gen_axilite.gen_b2s_conv.axilite_b2s/SI_REG/aw.aw_pipe/m_axi_awaddr[11]_INST_0_i_1/O
                         net (fo=8, routed)           0.357     4.801    ps/system_i/axi_protocol_converter_0/inst/gen_axilite.gen_b2s_conv.axilite_b2s/SI_REG/aw.aw_pipe/m_axi_awaddr[11]_INST_0_i_1_n_0
    SLICE_X0Y77          LUT6 (Prop_lut6_I2_O)        0.124     4.925 f  ps/system_i/axi_protocol_converter_0/inst/gen_axilite.gen_b2s_conv.axilite_b2s/SI_REG/aw.aw_pipe/m_axi_awaddr[4]_INST_0/O
                         net (fo=1, routed)           0.841     5.766    ps/system_i/xadc/inst/AXI_LITE_IPIF_I/I_SLAVE_ATTACHMENT/I_DECODER/s_axi_awaddr[2]
    SLICE_X9Y78          LUT3 (Prop_lut3_I2_O)        0.150     5.916 f  ps/system_i/xadc/inst/AXI_LITE_IPIF_I/I_SLAVE_ATTACHMENT/I_DECODER/XADC_INST_i_8/O
                         net (fo=25, routed)          1.339     7.255    ps/system_i/xadc/inst/AXI_LITE_IPIF_I/I_SLAVE_ATTACHMENT/I_DECODER/s_axi_araddr_4_sn_1
    SLICE_X7Y81          LUT6 (Prop_lut6_I0_O)        0.326     7.581 r  ps/system_i/xadc/inst/AXI_LITE_IPIF_I/I_SLAVE_ATTACHMENT/I_DECODER/GEN_BKEND_CE_REGISTERS[19].ce_out_i[19]_i_1/O
                         net (fo=1, routed)           0.000     7.581    ps/system_i/xadc/inst/AXI_LITE_IPIF_I/I_SLAVE_ATTACHMENT/I_DECODER/ce_expnd_i_5
    SLICE_X7Y81          FDRE                                         r  ps/system_i/xadc/inst/AXI_LITE_IPIF_I/I_SLAVE_ATTACHMENT/I_DECODER/GEN_BKEND_CE_REGISTERS[19].ce_out_i_reg[19]/D
  -------------------------------------------------------------------    -------------------

                         (clock clk_fpga_3 rise edge)
                                                      5.000     5.000 r  
    PS7_X0Y0             PS7                          0.000     5.000 r  ps/system_i/processing_system7/inst/PS7_i/FCLKCLK[3]
                         net (fo=1, routed)           1.101     6.101    ps/system_i/processing_system7/inst/FCLK_CLK_unbuffered[3]
    BUFGCTRL_X0Y2        BUFG (Prop_bufg_I_O)         0.091     6.192 r  ps/system_i/processing_system7/inst/buffer_fclk_clk_3.FCLK_CLK_3_BUFG/O
                         net (fo=967, routed)         1.486     7.678    ps/system_i/xadc/inst/AXI_LITE_IPIF_I/I_SLAVE_ATTACHMENT/I_DECODER/s_axi_aclk
    SLICE_X7Y81          FDRE                                         r  ps/system_i/xadc/inst/AXI_LITE_IPIF_I/I_SLAVE_ATTACHMENT/I_DECODER/GEN_BKEND_CE_REGISTERS[19].ce_out_i_reg[19]/C
                         clock pessimism              0.230     7.908    
                         clock uncertainty           -0.083     7.825    
    SLICE_X7Y81          FDRE (Setup_fdre_C_D)        0.031     7.856    ps/system_i/xadc/inst/AXI_LITE_IPIF_I/I_SLAVE_ATTACHMENT/I_DECODER/GEN_BKEND_CE_REGISTERS[19].ce_out_i_reg[19]
  -------------------------------------------------------------------
                         required time                          7.856    
                         arrival time                          -7.581    
  -------------------------------------------------------------------
                         slack                                  0.276    

Slack (MET) :             0.333ns  (required time - arrival time)
  Source:                 ps/system_i/axi_protocol_converter_0/inst/gen_axilite.gen_b2s_conv.axilite_b2s/SI_REG/aw.aw_pipe/m_payload_i_reg[39]/C
                            (rising edge-triggered cell FDRE clocked by clk_fpga_3  {rise@0.000ns fall@2.500ns period=5.000ns})
  Destination:            ps/system_i/xadc/inst/AXI_XADC_CORE_I/XADC_INST/DADDR[6]
                            (rising edge-triggered cell XADC clocked by clk_fpga_3  {rise@0.000ns fall@2.500ns period=5.000ns})
  Path Group:             clk_fpga_3
  Path Type:              Setup (Max at Slow Process Corner)
  Requirement:            5.000ns  (clk_fpga_3 rise@5.000ns - clk_fpga_3 rise@0.000ns)
  Data Path Delay:        3.774ns  (logic 0.963ns (25.519%)  route 2.811ns (74.481%))
  Logic Levels:           3  (LUT3=2 LUT6=1)
  Clock Path Skew:        -0.111ns (DCD - SCD + CPR)
    Destination Clock Delay (DCD):    2.666ns = ( 7.666 - 5.000 ) 
    Source Clock Delay      (SCD):    3.007ns
    Clock Pessimism Removal (CPR):    0.230ns
  Clock Uncertainty:      0.083ns  ((TSJ^2 + TIJ^2)^1/2 + DJ) / 2 + PE
    Total System Jitter     (TSJ):    0.071ns
    Total Input Jitter      (TIJ):    0.150ns
    Discrete Jitter          (DJ):    0.000ns
    Phase Error              (PE):    0.000ns

    Location             Delay type                Incr(ns)  Path(ns)    Netlist Resource(s)
  -------------------------------------------------------------------    -------------------
                         (clock clk_fpga_3 rise edge)
                                                      0.000     0.000 r  
    PS7_X0Y0             PS7                          0.000     0.000 r  ps/system_i/processing_system7/inst/PS7_i/FCLKCLK[3]
                         net (fo=1, routed)           1.207     1.207    ps/system_i/processing_system7/inst/FCLK_CLK_unbuffered[3]
    BUFGCTRL_X0Y2        BUFG (Prop_bufg_I_O)         0.101     1.308 r  ps/system_i/processing_system7/inst/buffer_fclk_clk_3.FCLK_CLK_3_BUFG/O
                         net (fo=967, routed)         1.699     3.007    ps/system_i/axi_protocol_converter_0/inst/gen_axilite.gen_b2s_conv.axilite_b2s/SI_REG/aw.aw_pipe/aclk
    SLICE_X2Y76          FDRE                                         r  ps/system_i/axi_protocol_converter_0/inst/gen_axilite.gen_b2s_conv.axilite_b2s/SI_REG/aw.aw_pipe/m_payload_i_reg[39]/C
  -------------------------------------------------------------------    -------------------
    SLICE_X2Y76          FDRE (Prop_fdre_C_Q)         0.419     3.426 f  ps/system_i/axi_protocol_converter_0/inst/gen_axilite.gen_b2s_conv.axilite_b2s/SI_REG/aw.aw_pipe/m_payload_i_reg[39]/Q
                         net (fo=12, routed)          0.722     4.148    ps/system_i/axi_protocol_converter_0/inst/gen_axilite.gen_b2s_conv.axilite_b2s/SI_REG/aw.aw_pipe/m_payload_i_reg[61]_0[37]
    SLICE_X2Y77          LUT3 (Prop_lut3_I0_O)        0.296     4.444 r  ps/system_i/axi_protocol_converter_0/inst/gen_axilite.gen_b2s_conv.axilite_b2s/SI_REG/aw.aw_pipe/m_axi_awaddr[11]_INST_0_i_1/O
                         net (fo=8, routed)           0.614     5.058    ps/system_i/axi_protocol_converter_0/inst/gen_axilite.gen_b2s_conv.axilite_b2s/SI_REG/aw.aw_pipe/m_axi_awaddr[11]_INST_0_i_1_n_0
    SLICE_X5Y80          LUT6 (Prop_lut6_I2_O)        0.124     5.182 r  ps/system_i/axi_protocol_converter_0/inst/gen_axilite.gen_b2s_conv.axilite_b2s/SI_REG/aw.aw_pipe/m_axi_awaddr[8]_INST_0/O
                         net (fo=2, routed)           0.696     5.878    ps/system_i/xadc/inst/AXI_XADC_CORE_I/s_axi_awaddr[3]
    SLICE_X8Y79          LUT3 (Prop_lut3_I2_O)        0.124     6.002 r  ps/system_i/xadc/inst/AXI_XADC_CORE_I/XADC_INST_i_4/O
                         net (fo=1, routed)           0.779     6.781    ps/system_i/xadc/inst/AXI_XADC_CORE_I/bus2ip_addr[8]
    XADC_X0Y0            XADC                                         r  ps/system_i/xadc/inst/AXI_XADC_CORE_I/XADC_INST/DADDR[6]
  -------------------------------------------------------------------    -------------------

                         (clock clk_fpga_3 rise edge)
                                                      5.000     5.000 r  
    PS7_X0Y0             PS7                          0.000     5.000 r  ps/system_i/processing_system7/inst/PS7_i/FCLKCLK[3]
                         net (fo=1, routed)           1.101     6.101    ps/system_i/processing_system7/inst/FCLK_CLK_unbuffered[3]
    BUFGCTRL_X0Y2        BUFG (Prop_bufg_I_O)         0.091     6.192 r  ps/system_i/processing_system7/inst/buffer_fclk_clk_3.FCLK_CLK_3_BUFG/O
                         net (fo=967, routed)         1.474     7.666    ps/system_i/xadc/inst/AXI_XADC_CORE_I/s_axi_aclk
    XADC_X0Y0            XADC                                         r  ps/system_i/xadc/inst/AXI_XADC_CORE_I/XADC_INST/DCLK
                         clock pessimism              0.230     7.896    
                         clock uncertainty           -0.083     7.813    
    XADC_X0Y0            XADC (Setup_xadc_DCLK_DADDR[6])
                                                     -0.699     7.114    ps/system_i/xadc/inst/AXI_XADC_CORE_I/XADC_INST
  -------------------------------------------------------------------
                         required time                          7.114    
                         arrival time                          -6.781    
  -------------------------------------------------------------------
                         slack                                  0.333    

Slack (MET) :             0.362ns  (required time - arrival time)
  Source:                 ps/system_i/axi_protocol_converter_0/inst/gen_axilite.gen_b2s_conv.axilite_b2s/SI_REG/aw.aw_pipe/m_payload_i_reg[39]/C
                            (rising edge-triggered cell FDRE clocked by clk_fpga_3  {rise@0.000ns fall@2.500ns period=5.000ns})
  Destination:            ps/system_i/xadc/inst/AXI_LITE_IPIF_I/I_SLAVE_ATTACHMENT/I_DECODER/GEN_BKEND_CE_REGISTERS[21].ce_out_i_reg[21]/D
                            (rising edge-triggered cell FDRE clocked by clk_fpga_3  {rise@0.000ns fall@2.500ns period=5.000ns})
  Path Group:             clk_fpga_3
  Path Type:              Setup (Max at Slow Process Corner)
  Requirement:            5.000ns  (clk_fpga_3 rise@5.000ns - clk_fpga_3 rise@0.000ns)
  Data Path Delay:        4.485ns  (logic 1.315ns (29.321%)  route 3.170ns (70.679%))
  Logic Levels:           4  (LUT3=2 LUT6=2)
  Clock Path Skew:        -0.099ns (DCD - SCD + CPR)
    Destination Clock Delay (DCD):    2.678ns = ( 7.678 - 5.000 ) 
    Source Clock Delay      (SCD):    3.007ns
    Clock Pessimism Removal (CPR):    0.230ns
  Clock Uncertainty:      0.083ns  ((TSJ^2 + TIJ^2)^1/2 + DJ) / 2 + PE
    Total System Jitter     (TSJ):    0.071ns
    Total Input Jitter      (TIJ):    0.150ns
    Discrete Jitter          (DJ):    0.000ns
    Phase Error              (PE):    0.000ns

    Location             Delay type                Incr(ns)  Path(ns)    Netlist Resource(s)
  -------------------------------------------------------------------    -------------------
                         (clock clk_fpga_3 rise edge)
                                                      0.000     0.000 r  
    PS7_X0Y0             PS7                          0.000     0.000 r  ps/system_i/processing_system7/inst/PS7_i/FCLKCLK[3]
                         net (fo=1, routed)           1.207     1.207    ps/system_i/processing_system7/inst/FCLK_CLK_unbuffered[3]
    BUFGCTRL_X0Y2        BUFG (Prop_bufg_I_O)         0.101     1.308 r  ps/system_i/processing_system7/inst/buffer_fclk_clk_3.FCLK_CLK_3_BUFG/O
                         net (fo=967, routed)         1.699     3.007    ps/system_i/axi_protocol_converter_0/inst/gen_axilite.gen_b2s_conv.axilite_b2s/SI_REG/aw.aw_pipe/aclk
    SLICE_X2Y76          FDRE                                         r  ps/system_i/axi_protocol_converter_0/inst/gen_axilite.gen_b2s_conv.axilite_b2s/SI_REG/aw.aw_pipe/m_payload_i_reg[39]/C
  -------------------------------------------------------------------    -------------------
    SLICE_X2Y76          FDRE (Prop_fdre_C_Q)         0.419     3.426 f  ps/system_i/axi_protocol_converter_0/inst/gen_axilite.gen_b2s_conv.axilite_b2s/SI_REG/aw.aw_pipe/m_payload_i_reg[39]/Q
                         net (fo=12, routed)          0.722     4.148    ps/system_i/axi_protocol_converter_0/inst/gen_axilite.gen_b2s_conv.axilite_b2s/SI_REG/aw.aw_pipe/m_payload_i_reg[61]_0[37]
    SLICE_X2Y77          LUT3 (Prop_lut3_I0_O)        0.296     4.444 r  ps/system_i/axi_protocol_converter_0/inst/gen_axilite.gen_b2s_conv.axilite_b2s/SI_REG/aw.aw_pipe/m_axi_awaddr[11]_INST_0_i_1/O
                         net (fo=8, routed)           0.357     4.801    ps/system_i/axi_protocol_converter_0/inst/gen_axilite.gen_b2s_conv.axilite_b2s/SI_REG/aw.aw_pipe/m_axi_awaddr[11]_INST_0_i_1_n_0
    SLICE_X0Y77          LUT6 (Prop_lut6_I2_O)        0.124     4.925 r  ps/system_i/axi_protocol_converter_0/inst/gen_axilite.gen_b2s_conv.axilite_b2s/SI_REG/aw.aw_pipe/m_axi_awaddr[4]_INST_0/O
                         net (fo=1, routed)           0.841     5.766    ps/system_i/xadc/inst/AXI_LITE_IPIF_I/I_SLAVE_ATTACHMENT/I_DECODER/s_axi_awaddr[2]
    SLICE_X9Y78          LUT3 (Prop_lut3_I2_O)        0.150     5.916 r  ps/system_i/xadc/inst/AXI_LITE_IPIF_I/I_SLAVE_ATTACHMENT/I_DECODER/XADC_INST_i_8/O
                         net (fo=25, routed)          1.250     7.166    ps/system_i/xadc/inst/AXI_LITE_IPIF_I/I_SLAVE_ATTACHMENT/I_DECODER/s_axi_araddr_4_sn_1
    SLICE_X7Y81          LUT6 (Prop_lut6_I3_O)        0.326     7.492 r  ps/system_i/xadc/inst/AXI_LITE_IPIF_I/I_SLAVE_ATTACHMENT/I_DECODER/GEN_BKEND_CE_REGISTERS[21].ce_out_i[21]_i_1/O
                         net (fo=1, routed)           0.000     7.492    ps/system_i/xadc/inst/AXI_LITE_IPIF_I/I_SLAVE_ATTACHMENT/I_DECODER/GEN_BKEND_CE_REGISTERS[21].ce_out_i[21]_i_1_n_0
    SLICE_X7Y81          FDRE                                         r  ps/system_i/xadc/inst/AXI_LITE_IPIF_I/I_SLAVE_ATTACHMENT/I_DECODER/GEN_BKEND_CE_REGISTERS[21].ce_out_i_reg[21]/D
  -------------------------------------------------------------------    -------------------

                         (clock clk_fpga_3 rise edge)
                                                      5.000     5.000 r  
    PS7_X0Y0             PS7                          0.000     5.000 r  ps/system_i/processing_system7/inst/PS7_i/FCLKCLK[3]
                         net (fo=1, routed)           1.101     6.101    ps/system_i/processing_system7/inst/FCLK_CLK_unbuffered[3]
    BUFGCTRL_X0Y2        BUFG (Prop_bufg_I_O)         0.091     6.192 r  ps/system_i/processing_system7/inst/buffer_fclk_clk_3.FCLK_CLK_3_BUFG/O
                         net (fo=967, routed)         1.486     7.678    ps/system_i/xadc/inst/AXI_LITE_IPIF_I/I_SLAVE_ATTACHMENT/I_DECODER/s_axi_aclk
    SLICE_X7Y81          FDRE                                         r  ps/system_i/xadc/inst/AXI_LITE_IPIF_I/I_SLAVE_ATTACHMENT/I_DECODER/GEN_BKEND_CE_REGISTERS[21].ce_out_i_reg[21]/C
                         clock pessimism              0.230     7.908    
                         clock uncertainty           -0.083     7.825    
    SLICE_X7Y81          FDRE (Setup_fdre_C_D)        0.029     7.854    ps/system_i/xadc/inst/AXI_LITE_IPIF_I/I_SLAVE_ATTACHMENT/I_DECODER/GEN_BKEND_CE_REGISTERS[21].ce_out_i_reg[21]
  -------------------------------------------------------------------
                         required time                          7.854    
                         arrival time                          -7.492    
  -------------------------------------------------------------------
                         slack                                  0.362    

Slack (MET) :             0.368ns  (required time - arrival time)
  Source:                 ps/system_i/axi_protocol_converter_0/inst/gen_axilite.gen_b2s_conv.axilite_b2s/SI_REG/aw.aw_pipe/m_payload_i_reg[39]/C
                            (rising edge-triggered cell FDRE clocked by clk_fpga_3  {rise@0.000ns fall@2.500ns period=5.000ns})
  Destination:            ps/system_i/xadc/inst/AXI_LITE_IPIF_I/I_SLAVE_ATTACHMENT/I_DECODER/GEN_BKEND_CE_REGISTERS[18].ce_out_i_reg[18]/D
                            (rising edge-triggered cell FDRE clocked by clk_fpga_3  {rise@0.000ns fall@2.500ns period=5.000ns})
  Path Group:             clk_fpga_3
  Path Type:              Setup (Max at Slow Process Corner)
  Requirement:            5.000ns  (clk_fpga_3 rise@5.000ns - clk_fpga_3 rise@0.000ns)
  Data Path Delay:        4.527ns  (logic 1.315ns (29.048%)  route 3.212ns (70.952%))
  Logic Levels:           4  (LUT3=2 LUT6=2)
  Clock Path Skew:        -0.099ns (DCD - SCD + CPR)
    Destination Clock Delay (DCD):    2.678ns = ( 7.678 - 5.000 ) 
    Source Clock Delay      (SCD):    3.007ns
    Clock Pessimism Removal (CPR):    0.230ns
  Clock Uncertainty:      0.083ns  ((TSJ^2 + TIJ^2)^1/2 + DJ) / 2 + PE
    Total System Jitter     (TSJ):    0.071ns
    Total Input Jitter      (TIJ):    0.150ns
    Discrete Jitter          (DJ):    0.000ns
    Phase Error              (PE):    0.000ns

    Location             Delay type                Incr(ns)  Path(ns)    Netlist Resource(s)
  -------------------------------------------------------------------    -------------------
                         (clock clk_fpga_3 rise edge)
                                                      0.000     0.000 r  
    PS7_X0Y0             PS7                          0.000     0.000 r  ps/system_i/processing_system7/inst/PS7_i/FCLKCLK[3]
                         net (fo=1, routed)           1.207     1.207    ps/system_i/processing_system7/inst/FCLK_CLK_unbuffered[3]
    BUFGCTRL_X0Y2        BUFG (Prop_bufg_I_O)         0.101     1.308 r  ps/system_i/processing_system7/inst/buffer_fclk_clk_3.FCLK_CLK_3_BUFG/O
                         net (fo=967, routed)         1.699     3.007    ps/system_i/axi_protocol_converter_0/inst/gen_axilite.gen_b2s_conv.axilite_b2s/SI_REG/aw.aw_pipe/aclk
    SLICE_X2Y76          FDRE                                         r  ps/system_i/axi_protocol_converter_0/inst/gen_axilite.gen_b2s_conv.axilite_b2s/SI_REG/aw.aw_pipe/m_payload_i_reg[39]/C
  -------------------------------------------------------------------    -------------------
    SLICE_X2Y76          FDRE (Prop_fdre_C_Q)         0.419     3.426 f  ps/system_i/axi_protocol_converter_0/inst/gen_axilite.gen_b2s_conv.axilite_b2s/SI_REG/aw.aw_pipe/m_payload_i_reg[39]/Q
                         net (fo=12, routed)          0.722     4.148    ps/system_i/axi_protocol_converter_0/inst/gen_axilite.gen_b2s_conv.axilite_b2s/SI_REG/aw.aw_pipe/m_payload_i_reg[61]_0[37]
    SLICE_X2Y77          LUT3 (Prop_lut3_I0_O)        0.296     4.444 r  ps/system_i/axi_protocol_converter_0/inst/gen_axilite.gen_b2s_conv.axilite_b2s/SI_REG/aw.aw_pipe/m_axi_awaddr[11]_INST_0_i_1/O
                         net (fo=8, routed)           0.357     4.801    ps/system_i/axi_protocol_converter_0/inst/gen_axilite.gen_b2s_conv.axilite_b2s/SI_REG/aw.aw_pipe/m_axi_awaddr[11]_INST_0_i_1_n_0
    SLICE_X0Y77          LUT6 (Prop_lut6_I2_O)        0.124     4.925 f  ps/system_i/axi_protocol_converter_0/inst/gen_axilite.gen_b2s_conv.axilite_b2s/SI_REG/aw.aw_pipe/m_axi_awaddr[4]_INST_0/O
                         net (fo=1, routed)           0.841     5.766    ps/system_i/xadc/inst/AXI_LITE_IPIF_I/I_SLAVE_ATTACHMENT/I_DECODER/s_axi_awaddr[2]
    SLICE_X9Y78          LUT3 (Prop_lut3_I2_O)        0.150     5.916 f  ps/system_i/xadc/inst/AXI_LITE_IPIF_I/I_SLAVE_ATTACHMENT/I_DECODER/XADC_INST_i_8/O
                         net (fo=25, routed)          1.292     7.208    ps/system_i/xadc/inst/AXI_LITE_IPIF_I/I_SLAVE_ATTACHMENT/I_DECODER/s_axi_araddr_4_sn_1
    SLICE_X6Y81          LUT6 (Prop_lut6_I0_O)        0.326     7.534 r  ps/system_i/xadc/inst/AXI_LITE_IPIF_I/I_SLAVE_ATTACHMENT/I_DECODER/GEN_BKEND_CE_REGISTERS[18].ce_out_i[18]_i_1/O
                         net (fo=1, routed)           0.000     7.534    ps/system_i/xadc/inst/AXI_LITE_IPIF_I/I_SLAVE_ATTACHMENT/I_DECODER/ce_expnd_i_6
    SLICE_X6Y81          FDRE                                         r  ps/system_i/xadc/inst/AXI_LITE_IPIF_I/I_SLAVE_ATTACHMENT/I_DECODER/GEN_BKEND_CE_REGISTERS[18].ce_out_i_reg[18]/D
  -------------------------------------------------------------------    -------------------

                         (clock clk_fpga_3 rise edge)
                                                      5.000     5.000 r  
    PS7_X0Y0             PS7                          0.000     5.000 r  ps/system_i/processing_system7/inst/PS7_i/FCLKCLK[3]
                         net (fo=1, routed)           1.101     6.101    ps/system_i/processing_system7/inst/FCLK_CLK_unbuffered[3]
    BUFGCTRL_X0Y2        BUFG (Prop_bufg_I_O)         0.091     6.192 r  ps/system_i/processing_system7/inst/buffer_fclk_clk_3.FCLK_CLK_3_BUFG/O
                         net (fo=967, routed)         1.486     7.678    ps/system_i/xadc/inst/AXI_LITE_IPIF_I/I_SLAVE_ATTACHMENT/I_DECODER/s_axi_aclk
    SLICE_X6Y81          FDRE                                         r  ps/system_i/xadc/inst/AXI_LITE_IPIF_I/I_SLAVE_ATTACHMENT/I_DECODER/GEN_BKEND_CE_REGISTERS[18].ce_out_i_reg[18]/C
                         clock pessimism              0.230     7.908    
                         clock uncertainty           -0.083     7.825    
    SLICE_X6Y81          FDRE (Setup_fdre_C_D)        0.077     7.902    ps/system_i/xadc/inst/AXI_LITE_IPIF_I/I_SLAVE_ATTACHMENT/I_DECODER/GEN_BKEND_CE_REGISTERS[18].ce_out_i_reg[18]
  -------------------------------------------------------------------
                         required time                          7.902    
                         arrival time                          -7.534    
  -------------------------------------------------------------------
                         slack                                  0.368    

Slack (MET) :             0.390ns  (required time - arrival time)
  Source:                 ps/system_i/axi_protocol_converter_0/inst/gen_axilite.gen_b2s_conv.axilite_b2s/SI_REG/aw.aw_pipe/m_payload_i_reg[39]/C
                            (rising edge-triggered cell FDRE clocked by clk_fpga_3  {rise@0.000ns fall@2.500ns period=5.000ns})
  Destination:            ps/system_i/axi_protocol_converter_0/inst/gen_axilite.gen_b2s_conv.axilite_b2s/WR.aw_channel_0/cmd_translator_0/incr_cmd_0/axlen_cnt_reg[5]/R
                            (rising edge-triggered cell FDRE clocked by clk_fpga_3  {rise@0.000ns fall@2.500ns period=5.000ns})
  Path Group:             clk_fpga_3
  Path Type:              Setup (Max at Slow Process Corner)
  Requirement:            5.000ns  (clk_fpga_3 rise@5.000ns - clk_fpga_3 rise@0.000ns)
  Data Path Delay:        4.082ns  (logic 1.319ns (32.316%)  route 2.763ns (67.684%))
  Logic Levels:           4  (LUT2=1 LUT3=1 LUT4=1 LUT6=1)
  Clock Path Skew:        -0.017ns (DCD - SCD + CPR)
    Destination Clock Delay (DCD):    2.723ns = ( 7.723 - 5.000 ) 
    Source Clock Delay      (SCD):    3.007ns
    Clock Pessimism Removal (CPR):    0.267ns
  Clock Uncertainty:      0.083ns  ((TSJ^2 + TIJ^2)^1/2 + DJ) / 2 + PE
    Total System Jitter     (TSJ):    0.071ns
    Total Input Jitter      (TIJ):    0.150ns
    Discrete Jitter          (DJ):    0.000ns
    Phase Error              (PE):    0.000ns

    Location             Delay type                Incr(ns)  Path(ns)    Netlist Resource(s)
  -------------------------------------------------------------------    -------------------
                         (clock clk_fpga_3 rise edge)
                                                      0.000     0.000 r  
    PS7_X0Y0             PS7                          0.000     0.000 r  ps/system_i/processing_system7/inst/PS7_i/FCLKCLK[3]
                         net (fo=1, routed)           1.207     1.207    ps/system_i/processing_system7/inst/FCLK_CLK_unbuffered[3]
    BUFGCTRL_X0Y2        BUFG (Prop_bufg_I_O)         0.101     1.308 r  ps/system_i/processing_system7/inst/buffer_fclk_clk_3.FCLK_CLK_3_BUFG/O
                         net (fo=967, routed)         1.699     3.007    ps/system_i/axi_protocol_converter_0/inst/gen_axilite.gen_b2s_conv.axilite_b2s/SI_REG/aw.aw_pipe/aclk
    SLICE_X2Y76          FDRE                                         r  ps/system_i/axi_protocol_converter_0/inst/gen_axilite.gen_b2s_conv.axilite_b2s/SI_REG/aw.aw_pipe/m_payload_i_reg[39]/C
  -------------------------------------------------------------------    -------------------
    SLICE_X2Y76          FDRE (Prop_fdre_C_Q)         0.419     3.426 r  ps/system_i/axi_protocol_converter_0/inst/gen_axilite.gen_b2s_conv.axilite_b2s/SI_REG/aw.aw_pipe/m_payload_i_reg[39]/Q
                         net (fo=12, routed)          0.722     4.148    ps/system_i/axi_protocol_converter_0/inst/gen_axilite.gen_b2s_conv.axilite_b2s/WR.aw_channel_0/cmd_translator_0/axlen_cnt_reg[3][5]
    SLICE_X2Y77          LUT3 (Prop_lut3_I1_O)        0.325     4.473 f  ps/system_i/axi_protocol_converter_0/inst/gen_axilite.gen_b2s_conv.axilite_b2s/WR.aw_channel_0/cmd_translator_0/FSM_sequential_state[1]_i_2/O
                         net (fo=4, routed)           0.582     5.055    ps/system_i/axi_protocol_converter_0/inst/gen_axilite.gen_b2s_conv.axilite_b2s/WR.aw_channel_0/aw_cmd_fsm_0/FSM_sequential_state_reg[1]_0
    SLICE_X5Y79          LUT6 (Prop_lut6_I3_O)        0.327     5.382 r  ps/system_i/axi_protocol_converter_0/inst/gen_axilite.gen_b2s_conv.axilite_b2s/WR.aw_channel_0/aw_cmd_fsm_0/memory_reg[3][0]_srl4_i_1/O
                         net (fo=33, routed)          0.625     6.007    ps/system_i/axi_protocol_converter_0/inst/gen_axilite.gen_b2s_conv.axilite_b2s/WR.aw_channel_0/aw_cmd_fsm_0/m_axi_awready_0
    SLICE_X2Y81          LUT4 (Prop_lut4_I3_O)        0.124     6.131 r  ps/system_i/axi_protocol_converter_0/inst/gen_axilite.gen_b2s_conv.axilite_b2s/WR.aw_channel_0/aw_cmd_fsm_0/axlen_cnt[3]_i_1__0/O
                         net (fo=28, routed)          0.502     6.633    ps/system_i/axi_protocol_converter_0/inst/gen_axilite.gen_b2s_conv.axilite_b2s/WR.aw_channel_0/aw_cmd_fsm_0/FSM_sequential_state_reg[0]_1
    SLICE_X4Y81          LUT2 (Prop_lut2_I0_O)        0.124     6.757 r  ps/system_i/axi_protocol_converter_0/inst/gen_axilite.gen_b2s_conv.axilite_b2s/WR.aw_channel_0/aw_cmd_fsm_0/axlen_cnt[5]_i_1/O
                         net (fo=1, routed)           0.331     7.089    ps/system_i/axi_protocol_converter_0/inst/gen_axilite.gen_b2s_conv.axilite_b2s/WR.aw_channel_0/cmd_translator_0/incr_cmd_0/axlen_cnt_reg[5]_1
    SLICE_X3Y81          FDRE                                         r  ps/system_i/axi_protocol_converter_0/inst/gen_axilite.gen_b2s_conv.axilite_b2s/WR.aw_channel_0/cmd_translator_0/incr_cmd_0/axlen_cnt_reg[5]/R
  -------------------------------------------------------------------    -------------------

                         (clock clk_fpga_3 rise edge)
                                                      5.000     5.000 r  
    PS7_X0Y0             PS7                          0.000     5.000 r  ps/system_i/processing_system7/inst/PS7_i/FCLKCLK[3]
                         net (fo=1, routed)           1.101     6.101    ps/system_i/processing_system7/inst/FCLK_CLK_unbuffered[3]
    BUFGCTRL_X0Y2        BUFG (Prop_bufg_I_O)         0.091     6.192 r  ps/system_i/processing_system7/inst/buffer_fclk_clk_3.FCLK_CLK_3_BUFG/O
                         net (fo=967, routed)         1.531     7.723    ps/system_i/axi_protocol_converter_0/inst/gen_axilite.gen_b2s_conv.axilite_b2s/WR.aw_channel_0/cmd_translator_0/incr_cmd_0/aclk
    SLICE_X3Y81          FDRE                                         r  ps/system_i/axi_protocol_converter_0/inst/gen_axilite.gen_b2s_conv.axilite_b2s/WR.aw_channel_0/cmd_translator_0/incr_cmd_0/axlen_cnt_reg[5]/C
                         clock pessimism              0.267     7.990    
                         clock uncertainty           -0.083     7.907    
    SLICE_X3Y81          FDRE (Setup_fdre_C_R)       -0.429     7.478    ps/system_i/axi_protocol_converter_0/inst/gen_axilite.gen_b2s_conv.axilite_b2s/WR.aw_channel_0/cmd_translator_0/incr_cmd_0/axlen_cnt_reg[5]
  -------------------------------------------------------------------
                         required time                          7.478    
                         arrival time                          -7.089    
  -------------------------------------------------------------------
                         slack                                  0.390    

Slack (MET) :             0.404ns  (required time - arrival time)
  Source:                 ps/system_i/axi_protocol_converter_0/inst/gen_axilite.gen_b2s_conv.axilite_b2s/SI_REG/aw.aw_pipe/m_payload_i_reg[39]/C
                            (rising edge-triggered cell FDRE clocked by clk_fpga_3  {rise@0.000ns fall@2.500ns period=5.000ns})
  Destination:            ps/system_i/axi_protocol_converter_0/inst/gen_axilite.gen_b2s_conv.axilite_b2s/WR.aw_channel_0/cmd_translator_0/incr_cmd_0/axaddr_incr_reg[8]/D
                            (rising edge-triggered cell FDRE clocked by clk_fpga_3  {rise@0.000ns fall@2.500ns period=5.000ns})
  Path Group:             clk_fpga_3
  Path Type:              Setup (Max at Slow Process Corner)
  Requirement:            5.000ns  (clk_fpga_3 rise@5.000ns - clk_fpga_3 rise@0.000ns)
  Data Path Delay:        4.528ns  (logic 2.380ns (52.556%)  route 2.148ns (47.444%))
  Logic Levels:           7  (CARRY4=3 LUT3=2 LUT6=2)
  Clock Path Skew:        -0.017ns (DCD - SCD + CPR)
    Destination Clock Delay (DCD):    2.723ns = ( 7.723 - 5.000 ) 
    Source Clock Delay      (SCD):    3.007ns
    Clock Pessimism Removal (CPR):    0.267ns
  Clock Uncertainty:      0.083ns  ((TSJ^2 + TIJ^2)^1/2 + DJ) / 2 + PE
    Total System Jitter     (TSJ):    0.071ns
    Total Input Jitter      (TIJ):    0.150ns
    Discrete Jitter          (DJ):    0.000ns
    Phase Error              (PE):    0.000ns

    Location             Delay type                Incr(ns)  Path(ns)    Netlist Resource(s)
  -------------------------------------------------------------------    -------------------
                         (clock clk_fpga_3 rise edge)
                                                      0.000     0.000 r  
    PS7_X0Y0             PS7                          0.000     0.000 r  ps/system_i/processing_system7/inst/PS7_i/FCLKCLK[3]
                         net (fo=1, routed)           1.207     1.207    ps/system_i/processing_system7/inst/FCLK_CLK_unbuffered[3]
    BUFGCTRL_X0Y2        BUFG (Prop_bufg_I_O)         0.101     1.308 r  ps/system_i/processing_system7/inst/buffer_fclk_clk_3.FCLK_CLK_3_BUFG/O
                         net (fo=967, routed)         1.699     3.007    ps/system_i/axi_protocol_converter_0/inst/gen_axilite.gen_b2s_conv.axilite_b2s/SI_REG/aw.aw_pipe/aclk
    SLICE_X2Y76          FDRE                                         r  ps/system_i/axi_protocol_converter_0/inst/gen_axilite.gen_b2s_conv.axilite_b2s/SI_REG/aw.aw_pipe/m_payload_i_reg[39]/C
  -------------------------------------------------------------------    -------------------
    SLICE_X2Y76          FDRE (Prop_fdre_C_Q)         0.419     3.426 r  ps/system_i/axi_protocol_converter_0/inst/gen_axilite.gen_b2s_conv.axilite_b2s/SI_REG/aw.aw_pipe/m_payload_i_reg[39]/Q
                         net (fo=12, routed)          0.722     4.148    ps/system_i/axi_protocol_converter_0/inst/gen_axilite.gen_b2s_conv.axilite_b2s/WR.aw_channel_0/cmd_translator_0/axlen_cnt_reg[3][5]
    SLICE_X2Y77          LUT3 (Prop_lut3_I1_O)        0.325     4.473 f  ps/system_i/axi_protocol_converter_0/inst/gen_axilite.gen_b2s_conv.axilite_b2s/WR.aw_channel_0/cmd_translator_0/FSM_sequential_state[1]_i_2/O
                         net (fo=4, routed)           0.582     5.055    ps/system_i/axi_protocol_converter_0/inst/gen_axilite.gen_b2s_conv.axilite_b2s/WR.aw_channel_0/aw_cmd_fsm_0/FSM_sequential_state_reg[1]_0
    SLICE_X5Y79          LUT6 (Prop_lut6_I3_O)        0.327     5.382 r  ps/system_i/axi_protocol_converter_0/inst/gen_axilite.gen_b2s_conv.axilite_b2s/WR.aw_channel_0/aw_cmd_fsm_0/memory_reg[3][0]_srl4_i_1/O
                         net (fo=33, routed)          0.410     5.793    ps/system_i/axi_protocol_converter_0/inst/gen_axilite.gen_b2s_conv.axilite_b2s/WR.aw_channel_0/aw_cmd_fsm_0/m_axi_awready_0
    SLICE_X2Y78          LUT6 (Prop_lut6_I2_O)        0.124     5.917 r  ps/system_i/axi_protocol_converter_0/inst/gen_axilite.gen_b2s_conv.axilite_b2s/WR.aw_channel_0/aw_cmd_fsm_0/axaddr_incr[3]_i_9/O
                         net (fo=1, routed)           0.000     5.917    ps/system_i/axi_protocol_converter_0/inst/gen_axilite.gen_b2s_conv.axilite_b2s/SI_REG/aw.aw_pipe/axaddr_incr_reg[3][1]
    SLICE_X2Y78          CARRY4 (Prop_carry4_S[1]_CO[3])
                                                      0.550     6.467 r  ps/system_i/axi_protocol_converter_0/inst/gen_axilite.gen_b2s_conv.axilite_b2s/SI_REG/aw.aw_pipe/axaddr_incr_reg[3]_i_2/CO[3]
                         net (fo=1, routed)           0.000     6.467    ps/system_i/axi_protocol_converter_0/inst/gen_axilite.gen_b2s_conv.axilite_b2s/SI_REG/aw.aw_pipe/axaddr_incr_reg[3]_i_2_n_0
    SLICE_X2Y79          CARRY4 (Prop_carry4_CI_CO[3])
                                                      0.114     6.581 r  ps/system_i/axi_protocol_converter_0/inst/gen_axilite.gen_b2s_conv.axilite_b2s/SI_REG/aw.aw_pipe/axaddr_incr_reg[7]_i_2/CO[3]
                         net (fo=1, routed)           0.000     6.581    ps/system_i/axi_protocol_converter_0/inst/gen_axilite.gen_b2s_conv.axilite_b2s/SI_REG/aw.aw_pipe/axaddr_incr_reg[7]_i_2_n_0
    SLICE_X2Y80          CARRY4 (Prop_carry4_CI_O[0])
                                                      0.222     6.803 r  ps/system_i/axi_protocol_converter_0/inst/gen_axilite.gen_b2s_conv.axilite_b2s/SI_REG/aw.aw_pipe/axaddr_incr_reg[11]_i_3/O[0]
                         net (fo=1, routed)           0.434     7.236    ps/system_i/axi_protocol_converter_0/inst/gen_axilite.gen_b2s_conv.axilite_b2s/WR.aw_channel_0/cmd_translator_0/incr_cmd_0/axaddr_incr[8]
    SLICE_X5Y81          LUT3 (Prop_lut3_I0_O)        0.299     7.535 r  ps/system_i/axi_protocol_converter_0/inst/gen_axilite.gen_b2s_conv.axilite_b2s/WR.aw_channel_0/cmd_translator_0/incr_cmd_0/axaddr_incr[8]_i_1/O
                         net (fo=1, routed)           0.000     7.535    ps/system_i/axi_protocol_converter_0/inst/gen_axilite.gen_b2s_conv.axilite_b2s/WR.aw_channel_0/cmd_translator_0/incr_cmd_0/p_1_in[8]
    SLICE_X5Y81          FDRE                                         r  ps/system_i/axi_protocol_converter_0/inst/gen_axilite.gen_b2s_conv.axilite_b2s/WR.aw_channel_0/cmd_translator_0/incr_cmd_0/axaddr_incr_reg[8]/D
  -------------------------------------------------------------------    -------------------

                         (clock clk_fpga_3 rise edge)
                                                      5.000     5.000 r  
    PS7_X0Y0             PS7                          0.000     5.000 r  ps/system_i/processing_system7/inst/PS7_i/FCLKCLK[3]
                         net (fo=1, routed)           1.101     6.101    ps/system_i/processing_system7/inst/FCLK_CLK_unbuffered[3]
    BUFGCTRL_X0Y2        BUFG (Prop_bufg_I_O)         0.091     6.192 r  ps/system_i/processing_system7/inst/buffer_fclk_clk_3.FCLK_CLK_3_BUFG/O
                         net (fo=967, routed)         1.531     7.723    ps/system_i/axi_protocol_converter_0/inst/gen_axilite.gen_b2s_conv.axilite_b2s/WR.aw_channel_0/cmd_translator_0/incr_cmd_0/aclk
    SLICE_X5Y81          FDRE                                         r  ps/system_i/axi_protocol_converter_0/inst/gen_axilite.gen_b2s_conv.axilite_b2s/WR.aw_channel_0/cmd_translator_0/incr_cmd_0/axaddr_incr_reg[8]/C
                         clock pessimism              0.267     7.990    
                         clock uncertainty           -0.083     7.907    
    SLICE_X5Y81          FDRE (Setup_fdre_C_D)        0.032     7.939    ps/system_i/axi_protocol_converter_0/inst/gen_axilite.gen_b2s_conv.axilite_b2s/WR.aw_channel_0/cmd_translator_0/incr_cmd_0/axaddr_incr_reg[8]
  -------------------------------------------------------------------
                         required time                          7.939    
                         arrival time                          -7.535    
  -------------------------------------------------------------------
                         slack                                  0.404    

Slack (MET) :             0.406ns  (required time - arrival time)
  Source:                 ps/system_i/axi_protocol_converter_0/inst/gen_axilite.gen_b2s_conv.axilite_b2s/SI_REG/aw.aw_pipe/m_payload_i_reg[39]/C
                            (rising edge-triggered cell FDRE clocked by clk_fpga_3  {rise@0.000ns fall@2.500ns period=5.000ns})
  Destination:            ps/system_i/xadc/inst/AXI_LITE_IPIF_I/I_SLAVE_ATTACHMENT/I_DECODER/GEN_BKEND_CE_REGISTERS[0].ce_out_i_reg[0]/D
                            (rising edge-triggered cell FDRE clocked by clk_fpga_3  {rise@0.000ns fall@2.500ns period=5.000ns})
  Path Group:             clk_fpga_3
  Path Type:              Setup (Max at Slow Process Corner)
  Requirement:            5.000ns  (clk_fpga_3 rise@5.000ns - clk_fpga_3 rise@0.000ns)
  Data Path Delay:        4.443ns  (logic 1.315ns (29.600%)  route 3.128ns (70.400%))
  Logic Levels:           4  (LUT3=2 LUT6=2)
  Clock Path Skew:        -0.098ns (DCD - SCD + CPR)
    Destination Clock Delay (DCD):    2.679ns = ( 7.679 - 5.000 ) 
    Source Clock Delay      (SCD):    3.007ns
    Clock Pessimism Removal (CPR):    0.230ns
  Clock Uncertainty:      0.083ns  ((TSJ^2 + TIJ^2)^1/2 + DJ) / 2 + PE
    Total System Jitter     (TSJ):    0.071ns
    Total Input Jitter      (TIJ):    0.150ns
    Discrete Jitter          (DJ):    0.000ns
    Phase Error              (PE):    0.000ns

    Location             Delay type                Incr(ns)  Path(ns)    Netlist Resource(s)
  -------------------------------------------------------------------    -------------------
                         (clock clk_fpga_3 rise edge)
                                                      0.000     0.000 r  
    PS7_X0Y0             PS7                          0.000     0.000 r  ps/system_i/processing_system7/inst/PS7_i/FCLKCLK[3]
                         net (fo=1, routed)           1.207     1.207    ps/system_i/processing_system7/inst/FCLK_CLK_unbuffered[3]
    BUFGCTRL_X0Y2        BUFG (Prop_bufg_I_O)         0.101     1.308 r  ps/system_i/processing_system7/inst/buffer_fclk_clk_3.FCLK_CLK_3_BUFG/O
                         net (fo=967, routed)         1.699     3.007    ps/system_i/axi_protocol_converter_0/inst/gen_axilite.gen_b2s_conv.axilite_b2s/SI_REG/aw.aw_pipe/aclk
    SLICE_X2Y76          FDRE                                         r  ps/system_i/axi_protocol_converter_0/inst/gen_axilite.gen_b2s_conv.axilite_b2s/SI_REG/aw.aw_pipe/m_payload_i_reg[39]/C
  -------------------------------------------------------------------    -------------------
    SLICE_X2Y76          FDRE (Prop_fdre_C_Q)         0.419     3.426 f  ps/system_i/axi_protocol_converter_0/inst/gen_axilite.gen_b2s_conv.axilite_b2s/SI_REG/aw.aw_pipe/m_payload_i_reg[39]/Q
                         net (fo=12, routed)          0.722     4.148    ps/system_i/axi_protocol_converter_0/inst/gen_axilite.gen_b2s_conv.axilite_b2s/SI_REG/aw.aw_pipe/m_payload_i_reg[61]_0[37]
    SLICE_X2Y77          LUT3 (Prop_lut3_I0_O)        0.296     4.444 r  ps/system_i/axi_protocol_converter_0/inst/gen_axilite.gen_b2s_conv.axilite_b2s/SI_REG/aw.aw_pipe/m_axi_awaddr[11]_INST_0_i_1/O
                         net (fo=8, routed)           0.357     4.801    ps/system_i/axi_protocol_converter_0/inst/gen_axilite.gen_b2s_conv.axilite_b2s/SI_REG/aw.aw_pipe/m_axi_awaddr[11]_INST_0_i_1_n_0
    SLICE_X0Y77          LUT6 (Prop_lut6_I2_O)        0.124     4.925 f  ps/system_i/axi_protocol_converter_0/inst/gen_axilite.gen_b2s_conv.axilite_b2s/SI_REG/aw.aw_pipe/m_axi_awaddr[4]_INST_0/O
                         net (fo=1, routed)           0.841     5.766    ps/system_i/xadc/inst/AXI_LITE_IPIF_I/I_SLAVE_ATTACHMENT/I_DECODER/s_axi_awaddr[2]
    SLICE_X9Y78          LUT3 (Prop_lut3_I2_O)        0.150     5.916 f  ps/system_i/xadc/inst/AXI_LITE_IPIF_I/I_SLAVE_ATTACHMENT/I_DECODER/XADC_INST_i_8/O
                         net (fo=25, routed)          1.208     7.124    ps/system_i/xadc/inst/AXI_LITE_IPIF_I/I_SLAVE_ATTACHMENT/I_DECODER/s_axi_araddr_4_sn_1
    SLICE_X9Y81          LUT6 (Prop_lut6_I1_O)        0.326     7.450 r  ps/system_i/xadc/inst/AXI_LITE_IPIF_I/I_SLAVE_ATTACHMENT/I_DECODER/GEN_BKEND_CE_REGISTERS[0].ce_out_i[0]_i_1/O
                         net (fo=1, routed)           0.000     7.450    ps/system_i/xadc/inst/AXI_LITE_IPIF_I/I_SLAVE_ATTACHMENT/I_DECODER/ce_expnd_i_24
    SLICE_X9Y81          FDRE                                         r  ps/system_i/xadc/inst/AXI_LITE_IPIF_I/I_SLAVE_ATTACHMENT/I_DECODER/GEN_BKEND_CE_REGISTERS[0].ce_out_i_reg[0]/D
  -------------------------------------------------------------------    -------------------

                         (clock clk_fpga_3 rise edge)
                                                      5.000     5.000 r  
    PS7_X0Y0             PS7                          0.000     5.000 r  ps/system_i/processing_system7/inst/PS7_i/FCLKCLK[3]
                         net (fo=1, routed)           1.101     6.101    ps/system_i/processing_system7/inst/FCLK_CLK_unbuffered[3]
    BUFGCTRL_X0Y2        BUFG (Prop_bufg_I_O)         0.091     6.192 r  ps/system_i/processing_system7/inst/buffer_fclk_clk_3.FCLK_CLK_3_BUFG/O
                         net (fo=967, routed)         1.487     7.679    ps/system_i/xadc/inst/AXI_LITE_IPIF_I/I_SLAVE_ATTACHMENT/I_DECODER/s_axi_aclk
    SLICE_X9Y81          FDRE                                         r  ps/system_i/xadc/inst/AXI_LITE_IPIF_I/I_SLAVE_ATTACHMENT/I_DECODER/GEN_BKEND_CE_REGISTERS[0].ce_out_i_reg[0]/C
                         clock pessimism              0.230     7.909    
                         clock uncertainty           -0.083     7.826    
    SLICE_X9Y81          FDRE (Setup_fdre_C_D)        0.029     7.855    ps/system_i/xadc/inst/AXI_LITE_IPIF_I/I_SLAVE_ATTACHMENT/I_DECODER/GEN_BKEND_CE_REGISTERS[0].ce_out_i_reg[0]
  -------------------------------------------------------------------
                         required time                          7.855    
                         arrival time                          -7.450    
  -------------------------------------------------------------------
                         slack                                  0.406    

Slack (MET) :             0.414ns  (required time - arrival time)
  Source:                 ps/system_i/axi_protocol_converter_0/inst/gen_axilite.gen_b2s_conv.axilite_b2s/SI_REG/aw.aw_pipe/m_payload_i_reg[39]/C
                            (rising edge-triggered cell FDRE clocked by clk_fpga_3  {rise@0.000ns fall@2.500ns period=5.000ns})
  Destination:            ps/system_i/xadc/inst/AXI_XADC_CORE_I/XADC_INST/DADDR[2]
                            (rising edge-triggered cell XADC clocked by clk_fpga_3  {rise@0.000ns fall@2.500ns period=5.000ns})
  Path Group:             clk_fpga_3
  Path Type:              Setup (Max at Slow Process Corner)
  Requirement:            5.000ns  (clk_fpga_3 rise@5.000ns - clk_fpga_3 rise@0.000ns)
  Data Path Delay:        3.491ns  (logic 0.989ns (28.333%)  route 2.502ns (71.667%))
  Logic Levels:           3  (LUT3=2 LUT6=1)
  Clock Path Skew:        -0.111ns (DCD - SCD + CPR)
    Destination Clock Delay (DCD):    2.666ns = ( 7.666 - 5.000 ) 
    Source Clock Delay      (SCD):    3.007ns
    Clock Pessimism Removal (CPR):    0.230ns
  Clock Uncertainty:      0.083ns  ((TSJ^2 + TIJ^2)^1/2 + DJ) / 2 + PE
    Total System Jitter     (TSJ):    0.071ns
    Total Input Jitter      (TIJ):    0.150ns
    Discrete Jitter          (DJ):    0.000ns
    Phase Error              (PE):    0.000ns

    Location             Delay type                Incr(ns)  Path(ns)    Netlist Resource(s)
  -------------------------------------------------------------------    -------------------
                         (clock clk_fpga_3 rise edge)
                                                      0.000     0.000 r  
    PS7_X0Y0             PS7                          0.000     0.000 r  ps/system_i/processing_system7/inst/PS7_i/FCLKCLK[3]
                         net (fo=1, routed)           1.207     1.207    ps/system_i/processing_system7/inst/FCLK_CLK_unbuffered[3]
    BUFGCTRL_X0Y2        BUFG (Prop_bufg_I_O)         0.101     1.308 r  ps/system_i/processing_system7/inst/buffer_fclk_clk_3.FCLK_CLK_3_BUFG/O
                         net (fo=967, routed)         1.699     3.007    ps/system_i/axi_protocol_converter_0/inst/gen_axilite.gen_b2s_conv.axilite_b2s/SI_REG/aw.aw_pipe/aclk
    SLICE_X2Y76          FDRE                                         r  ps/system_i/axi_protocol_converter_0/inst/gen_axilite.gen_b2s_conv.axilite_b2s/SI_REG/aw.aw_pipe/m_payload_i_reg[39]/C
  -------------------------------------------------------------------    -------------------
    SLICE_X2Y76          FDRE (Prop_fdre_C_Q)         0.419     3.426 f  ps/system_i/axi_protocol_converter_0/inst/gen_axilite.gen_b2s_conv.axilite_b2s/SI_REG/aw.aw_pipe/m_payload_i_reg[39]/Q
                         net (fo=12, routed)          0.722     4.148    ps/system_i/axi_protocol_converter_0/inst/gen_axilite.gen_b2s_conv.axilite_b2s/SI_REG/aw.aw_pipe/m_payload_i_reg[61]_0[37]
    SLICE_X2Y77          LUT3 (Prop_lut3_I0_O)        0.296     4.444 r  ps/system_i/axi_protocol_converter_0/inst/gen_axilite.gen_b2s_conv.axilite_b2s/SI_REG/aw.aw_pipe/m_axi_awaddr[11]_INST_0_i_1/O
                         net (fo=8, routed)           0.357     4.801    ps/system_i/axi_protocol_converter_0/inst/gen_axilite.gen_b2s_conv.axilite_b2s/SI_REG/aw.aw_pipe/m_axi_awaddr[11]_INST_0_i_1_n_0
    SLICE_X0Y77          LUT6 (Prop_lut6_I2_O)        0.124     4.925 r  ps/system_i/axi_protocol_converter_0/inst/gen_axilite.gen_b2s_conv.axilite_b2s/SI_REG/aw.aw_pipe/m_axi_awaddr[4]_INST_0/O
                         net (fo=1, routed)           0.841     5.766    ps/system_i/xadc/inst/AXI_LITE_IPIF_I/I_SLAVE_ATTACHMENT/I_DECODER/s_axi_awaddr[2]
    SLICE_X9Y78          LUT3 (Prop_lut3_I2_O)        0.150     5.916 r  ps/system_i/xadc/inst/AXI_LITE_IPIF_I/I_SLAVE_ATTACHMENT/I_DECODER/XADC_INST_i_8/O
                         net (fo=25, routed)          0.582     6.498    ps/system_i/xadc/inst/AXI_XADC_CORE_I/XADC_INST_1[0]
    XADC_X0Y0            XADC                                         r  ps/system_i/xadc/inst/AXI_XADC_CORE_I/XADC_INST/DADDR[2]
  -------------------------------------------------------------------    -------------------

                         (clock clk_fpga_3 rise edge)
                                                      5.000     5.000 r  
    PS7_X0Y0             PS7                          0.000     5.000 r  ps/system_i/processing_system7/inst/PS7_i/FCLKCLK[3]
                         net (fo=1, routed)           1.101     6.101    ps/system_i/processing_system7/inst/FCLK_CLK_unbuffered[3]
    BUFGCTRL_X0Y2        BUFG (Prop_bufg_I_O)         0.091     6.192 r  ps/system_i/processing_system7/inst/buffer_fclk_clk_3.FCLK_CLK_3_BUFG/O
                         net (fo=967, routed)         1.474     7.666    ps/system_i/xadc/inst/AXI_XADC_CORE_I/s_axi_aclk
    XADC_X0Y0            XADC                                         r  ps/system_i/xadc/inst/AXI_XADC_CORE_I/XADC_INST/DCLK
                         clock pessimism              0.230     7.896    
                         clock uncertainty           -0.083     7.813    
    XADC_X0Y0            XADC (Setup_xadc_DCLK_DADDR[2])
                                                     -0.901     6.912    ps/system_i/xadc/inst/AXI_XADC_CORE_I/XADC_INST
  -------------------------------------------------------------------
                         required time                          6.912    
                         arrival time                          -6.498    
  -------------------------------------------------------------------
                         slack                                  0.414    

Slack (MET) :             0.420ns  (required time - arrival time)
  Source:                 ps/system_i/axi_protocol_converter_0/inst/gen_axilite.gen_b2s_conv.axilite_b2s/SI_REG/aw.aw_pipe/m_payload_i_reg[39]/C
                            (rising edge-triggered cell FDRE clocked by clk_fpga_3  {rise@0.000ns fall@2.500ns period=5.000ns})
  Destination:            ps/system_i/axi_protocol_converter_0/inst/gen_axilite.gen_b2s_conv.axilite_b2s/WR.aw_channel_0/cmd_translator_0/incr_cmd_0/axaddr_incr_reg[9]/D
                            (rising edge-triggered cell FDRE clocked by clk_fpga_3  {rise@0.000ns fall@2.500ns period=5.000ns})
  Path Group:             clk_fpga_3
  Path Type:              Setup (Max at Slow Process Corner)
  Requirement:            5.000ns  (clk_fpga_3 rise@5.000ns - clk_fpga_3 rise@0.000ns)
  Data Path Delay:        4.510ns  (logic 2.496ns (55.340%)  route 2.014ns (44.660%))
  Logic Levels:           7  (CARRY4=3 LUT3=2 LUT6=2)
  Clock Path Skew:        -0.018ns (DCD - SCD + CPR)
    Destination Clock Delay (DCD):    2.722ns = ( 7.722 - 5.000 ) 
    Source Clock Delay      (SCD):    3.007ns
    Clock Pessimism Removal (CPR):    0.267ns
  Clock Uncertainty:      0.083ns  ((TSJ^2 + TIJ^2)^1/2 + DJ) / 2 + PE
    Total System Jitter     (TSJ):    0.071ns
    Total Input Jitter      (TIJ):    0.150ns
    Discrete Jitter          (DJ):    0.000ns
    Phase Error              (PE):    0.000ns

    Location             Delay type                Incr(ns)  Path(ns)    Netlist Resource(s)
  -------------------------------------------------------------------    -------------------
                         (clock clk_fpga_3 rise edge)
                                                      0.000     0.000 r  
    PS7_X0Y0             PS7                          0.000     0.000 r  ps/system_i/processing_system7/inst/PS7_i/FCLKCLK[3]
                         net (fo=1, routed)           1.207     1.207    ps/system_i/processing_system7/inst/FCLK_CLK_unbuffered[3]
    BUFGCTRL_X0Y2        BUFG (Prop_bufg_I_O)         0.101     1.308 r  ps/system_i/processing_system7/inst/buffer_fclk_clk_3.FCLK_CLK_3_BUFG/O
                         net (fo=967, routed)         1.699     3.007    ps/system_i/axi_protocol_converter_0/inst/gen_axilite.gen_b2s_conv.axilite_b2s/SI_REG/aw.aw_pipe/aclk
    SLICE_X2Y76          FDRE                                         r  ps/system_i/axi_protocol_converter_0/inst/gen_axilite.gen_b2s_conv.axilite_b2s/SI_REG/aw.aw_pipe/m_payload_i_reg[39]/C
  -------------------------------------------------------------------    -------------------
    SLICE_X2Y76          FDRE (Prop_fdre_C_Q)         0.419     3.426 r  ps/system_i/axi_protocol_converter_0/inst/gen_axilite.gen_b2s_conv.axilite_b2s/SI_REG/aw.aw_pipe/m_payload_i_reg[39]/Q
                         net (fo=12, routed)          0.722     4.148    ps/system_i/axi_protocol_converter_0/inst/gen_axilite.gen_b2s_conv.axilite_b2s/WR.aw_channel_0/cmd_translator_0/axlen_cnt_reg[3][5]
    SLICE_X2Y77          LUT3 (Prop_lut3_I1_O)        0.325     4.473 f  ps/system_i/axi_protocol_converter_0/inst/gen_axilite.gen_b2s_conv.axilite_b2s/WR.aw_channel_0/cmd_translator_0/FSM_sequential_state[1]_i_2/O
                         net (fo=4, routed)           0.582     5.055    ps/system_i/axi_protocol_converter_0/inst/gen_axilite.gen_b2s_conv.axilite_b2s/WR.aw_channel_0/aw_cmd_fsm_0/FSM_sequential_state_reg[1]_0
    SLICE_X5Y79          LUT6 (Prop_lut6_I3_O)        0.327     5.382 r  ps/system_i/axi_protocol_converter_0/inst/gen_axilite.gen_b2s_conv.axilite_b2s/WR.aw_channel_0/aw_cmd_fsm_0/memory_reg[3][0]_srl4_i_1/O
                         net (fo=33, routed)          0.410     5.793    ps/system_i/axi_protocol_converter_0/inst/gen_axilite.gen_b2s_conv.axilite_b2s/WR.aw_channel_0/aw_cmd_fsm_0/m_axi_awready_0
    SLICE_X2Y78          LUT6 (Prop_lut6_I2_O)        0.124     5.917 r  ps/system_i/axi_protocol_converter_0/inst/gen_axilite.gen_b2s_conv.axilite_b2s/WR.aw_channel_0/aw_cmd_fsm_0/axaddr_incr[3]_i_9/O
                         net (fo=1, routed)           0.000     5.917    ps/system_i/axi_protocol_converter_0/inst/gen_axilite.gen_b2s_conv.axilite_b2s/SI_REG/aw.aw_pipe/axaddr_incr_reg[3][1]
    SLICE_X2Y78          CARRY4 (Prop_carry4_S[1]_CO[3])
                                                      0.550     6.467 r  ps/system_i/axi_protocol_converter_0/inst/gen_axilite.gen_b2s_conv.axilite_b2s/SI_REG/aw.aw_pipe/axaddr_incr_reg[3]_i_2/CO[3]
                         net (fo=1, routed)           0.000     6.467    ps/system_i/axi_protocol_converter_0/inst/gen_axilite.gen_b2s_conv.axilite_b2s/SI_REG/aw.aw_pipe/axaddr_incr_reg[3]_i_2_n_0
    SLICE_X2Y79          CARRY4 (Prop_carry4_CI_CO[3])
                                                      0.114     6.581 r  ps/system_i/axi_protocol_converter_0/inst/gen_axilite.gen_b2s_conv.axilite_b2s/SI_REG/aw.aw_pipe/axaddr_incr_reg[7]_i_2/CO[3]
                         net (fo=1, routed)           0.000     6.581    ps/system_i/axi_protocol_converter_0/inst/gen_axilite.gen_b2s_conv.axilite_b2s/SI_REG/aw.aw_pipe/axaddr_incr_reg[7]_i_2_n_0
    SLICE_X2Y80          CARRY4 (Prop_carry4_CI_O[1])
                                                      0.334     6.915 r  ps/system_i/axi_protocol_converter_0/inst/gen_axilite.gen_b2s_conv.axilite_b2s/SI_REG/aw.aw_pipe/axaddr_incr_reg[11]_i_3/O[1]
                         net (fo=1, routed)           0.299     7.214    ps/system_i/axi_protocol_converter_0/inst/gen_axilite.gen_b2s_conv.axilite_b2s/WR.aw_channel_0/cmd_translator_0/incr_cmd_0/axaddr_incr[9]
    SLICE_X3Y80          LUT3 (Prop_lut3_I0_O)        0.303     7.517 r  ps/system_i/axi_protocol_converter_0/inst/gen_axilite.gen_b2s_conv.axilite_b2s/WR.aw_channel_0/cmd_translator_0/incr_cmd_0/axaddr_incr[9]_i_1/O
                         net (fo=1, routed)           0.000     7.517    ps/system_i/axi_protocol_converter_0/inst/gen_axilite.gen_b2s_conv.axilite_b2s/WR.aw_channel_0/cmd_translator_0/incr_cmd_0/p_1_in[9]
    SLICE_X3Y80          FDRE                                         r  ps/system_i/axi_protocol_converter_0/inst/gen_axilite.gen_b2s_conv.axilite_b2s/WR.aw_channel_0/cmd_translator_0/incr_cmd_0/axaddr_incr_reg[9]/D
  -------------------------------------------------------------------    -------------------

                         (clock clk_fpga_3 rise edge)
                                                      5.000     5.000 r  
    PS7_X0Y0             PS7                          0.000     5.000 r  ps/system_i/processing_system7/inst/PS7_i/FCLKCLK[3]
                         net (fo=1, routed)           1.101     6.101    ps/system_i/processing_system7/inst/FCLK_CLK_unbuffered[3]
    BUFGCTRL_X0Y2        BUFG (Prop_bufg_I_O)         0.091     6.192 r  ps/system_i/processing_system7/inst/buffer_fclk_clk_3.FCLK_CLK_3_BUFG/O
                         net (fo=967, routed)         1.530     7.722    ps/system_i/axi_protocol_converter_0/inst/gen_axilite.gen_b2s_conv.axilite_b2s/WR.aw_channel_0/cmd_translator_0/incr_cmd_0/aclk
    SLICE_X3Y80          FDRE                                         r  ps/system_i/axi_protocol_converter_0/inst/gen_axilite.gen_b2s_conv.axilite_b2s/WR.aw_channel_0/cmd_translator_0/incr_cmd_0/axaddr_incr_reg[9]/C
                         clock pessimism              0.267     7.989    
                         clock uncertainty           -0.083     7.906    
    SLICE_X3Y80          FDRE (Setup_fdre_C_D)        0.031     7.937    ps/system_i/axi_protocol_converter_0/inst/gen_axilite.gen_b2s_conv.axilite_b2s/WR.aw_channel_0/cmd_translator_0/incr_cmd_0/axaddr_incr_reg[9]
  -------------------------------------------------------------------
                         required time                          7.937    
                         arrival time                          -7.517    
  -------------------------------------------------------------------
                         slack                                  0.420    





Min Delay Paths
--------------------------------------------------------------------------------------
Slack (MET) :             0.087ns  (arrival time - required time)
  Source:                 ps/system_i/xadc/inst/AXI_LITE_IPIF_I/I_SLAVE_ATTACHMENT/s_axi_rdata_i_reg[6]/C
                            (rising edge-triggered cell FDRE clocked by clk_fpga_3  {rise@0.000ns fall@2.500ns period=5.000ns})
  Destination:            ps/system_i/axi_protocol_converter_0/inst/gen_axilite.gen_b2s_conv.axilite_b2s/RD.r_channel_0/rd_data_fifo_0/memory_reg[31][6]_srl32/D
                            (rising edge-triggered cell SRLC32E clocked by clk_fpga_3  {rise@0.000ns fall@2.500ns period=5.000ns})
  Path Group:             clk_fpga_3
  Path Type:              Hold (Min at Fast Process Corner)
  Requirement:            0.000ns  (clk_fpga_3 rise@0.000ns - clk_fpga_3 rise@0.000ns)
  Data Path Delay:        0.231ns  (logic 0.128ns (55.317%)  route 0.103ns (44.683%))
  Logic Levels:           0  
  Clock Path Skew:        0.014ns (DCD - SCD - CPR)
    Destination Clock Delay (DCD):    1.191ns
    Source Clock Delay      (SCD):    0.895ns
    Clock Pessimism Removal (CPR):    0.282ns

    Location             Delay type                Incr(ns)  Path(ns)    Netlist Resource(s)
  -------------------------------------------------------------------    -------------------
                         (clock clk_fpga_3 rise edge)
                                                      0.000     0.000 r  
    PS7_X0Y0             PS7                          0.000     0.000 r  ps/system_i/processing_system7/inst/PS7_i/FCLKCLK[3]
                         net (fo=1, routed)           0.315     0.315    ps/system_i/processing_system7/inst/FCLK_CLK_unbuffered[3]
    BUFGCTRL_X0Y2        BUFG (Prop_bufg_I_O)         0.026     0.341 r  ps/system_i/processing_system7/inst/buffer_fclk_clk_3.FCLK_CLK_3_BUFG/O
                         net (fo=967, routed)         0.554     0.895    ps/system_i/xadc/inst/AXI_LITE_IPIF_I/I_SLAVE_ATTACHMENT/s_axi_aclk
    SLICE_X13Y72         FDRE                                         r  ps/system_i/xadc/inst/AXI_LITE_IPIF_I/I_SLAVE_ATTACHMENT/s_axi_rdata_i_reg[6]/C
  -------------------------------------------------------------------    -------------------
    SLICE_X13Y72         FDRE (Prop_fdre_C_Q)         0.128     1.023 r  ps/system_i/xadc/inst/AXI_LITE_IPIF_I/I_SLAVE_ATTACHMENT/s_axi_rdata_i_reg[6]/Q
                         net (fo=1, routed)           0.103     1.126    ps/system_i/axi_protocol_converter_0/inst/gen_axilite.gen_b2s_conv.axilite_b2s/RD.r_channel_0/rd_data_fifo_0/in[6]
    SLICE_X10Y71         SRLC32E                                      r  ps/system_i/axi_protocol_converter_0/inst/gen_axilite.gen_b2s_conv.axilite_b2s/RD.r_channel_0/rd_data_fifo_0/memory_reg[31][6]_srl32/D
  -------------------------------------------------------------------    -------------------

                         (clock clk_fpga_3 rise edge)
                                                      0.000     0.000 r  
    PS7_X0Y0             PS7                          0.000     0.000 r  ps/system_i/processing_system7/inst/PS7_i/FCLKCLK[3]
                         net (fo=1, routed)           0.341     0.341    ps/system_i/processing_system7/inst/FCLK_CLK_unbuffered[3]
    BUFGCTRL_X0Y2        BUFG (Prop_bufg_I_O)         0.029     0.370 r  ps/system_i/processing_system7/inst/buffer_fclk_clk_3.FCLK_CLK_3_BUFG/O
                         net (fo=967, routed)         0.821     1.191    ps/system_i/axi_protocol_converter_0/inst/gen_axilite.gen_b2s_conv.axilite_b2s/RD.r_channel_0/rd_data_fifo_0/aclk
    SLICE_X10Y71         SRLC32E                                      r  ps/system_i/axi_protocol_converter_0/inst/gen_axilite.gen_b2s_conv.axilite_b2s/RD.r_channel_0/rd_data_fifo_0/memory_reg[31][6]_srl32/CLK
                         clock pessimism             -0.282     0.909    
    SLICE_X10Y71         SRLC32E (Hold_srlc32e_CLK_D)
                                                      0.130     1.039    ps/system_i/axi_protocol_converter_0/inst/gen_axilite.gen_b2s_conv.axilite_b2s/RD.r_channel_0/rd_data_fifo_0/memory_reg[31][6]_srl32
  -------------------------------------------------------------------
                         required time                         -1.039    
                         arrival time                           1.126    
  -------------------------------------------------------------------
                         slack                                  0.087    

Slack (MET) :             0.087ns  (arrival time - required time)
  Source:                 ps/system_i/axi_protocol_converter_0/inst/gen_axilite.gen_b2s_conv.axilite_b2s/WR.aw_channel_0/s_awid_r_reg[7]/C
                            (rising edge-triggered cell FDRE clocked by clk_fpga_3  {rise@0.000ns fall@2.500ns period=5.000ns})
  Destination:            ps/system_i/axi_protocol_converter_0/inst/gen_axilite.gen_b2s_conv.axilite_b2s/WR.b_channel_0/bid_fifo_0/memory_reg[3][15]_srl4/D
                            (rising edge-triggered cell SRL16E clocked by clk_fpga_3  {rise@0.000ns fall@2.500ns period=5.000ns})
  Path Group:             clk_fpga_3
  Path Type:              Hold (Min at Fast Process Corner)
  Requirement:            0.000ns  (clk_fpga_3 rise@0.000ns - clk_fpga_3 rise@0.000ns)
  Data Path Delay:        0.232ns  (logic 0.128ns (55.079%)  route 0.104ns (44.921%))
  Logic Levels:           0  
  Clock Path Skew:        0.015ns (DCD - SCD - CPR)
    Destination Clock Delay (DCD):    1.214ns
    Source Clock Delay      (SCD):    0.917ns
    Clock Pessimism Removal (CPR):    0.282ns

    Location             Delay type                Incr(ns)  Path(ns)    Netlist Resource(s)
  -------------------------------------------------------------------    -------------------
                         (clock clk_fpga_3 rise edge)
                                                      0.000     0.000 r  
    PS7_X0Y0             PS7                          0.000     0.000 r  ps/system_i/processing_system7/inst/PS7_i/FCLKCLK[3]
                         net (fo=1, routed)           0.315     0.315    ps/system_i/processing_system7/inst/FCLK_CLK_unbuffered[3]
    BUFGCTRL_X0Y2        BUFG (Prop_bufg_I_O)         0.026     0.341 r  ps/system_i/processing_system7/inst/buffer_fclk_clk_3.FCLK_CLK_3_BUFG/O
                         net (fo=967, routed)         0.576     0.917    ps/system_i/axi_protocol_converter_0/inst/gen_axilite.gen_b2s_conv.axilite_b2s/WR.aw_channel_0/aclk
    SLICE_X3Y68          FDRE                                         r  ps/system_i/axi_protocol_converter_0/inst/gen_axilite.gen_b2s_conv.axilite_b2s/WR.aw_channel_0/s_awid_r_reg[7]/C
  -------------------------------------------------------------------    -------------------
    SLICE_X3Y68          FDRE (Prop_fdre_C_Q)         0.128     1.045 r  ps/system_i/axi_protocol_converter_0/inst/gen_axilite.gen_b2s_conv.axilite_b2s/WR.aw_channel_0/s_awid_r_reg[7]/Q
                         net (fo=1, routed)           0.104     1.149    ps/system_i/axi_protocol_converter_0/inst/gen_axilite.gen_b2s_conv.axilite_b2s/WR.b_channel_0/bid_fifo_0/in[11]
    SLICE_X4Y67          SRL16E                                       r  ps/system_i/axi_protocol_converter_0/inst/gen_axilite.gen_b2s_conv.axilite_b2s/WR.b_channel_0/bid_fifo_0/memory_reg[3][15]_srl4/D
  -------------------------------------------------------------------    -------------------

                         (clock clk_fpga_3 rise edge)
                                                      0.000     0.000 r  
    PS7_X0Y0             PS7                          0.000     0.000 r  ps/system_i/processing_system7/inst/PS7_i/FCLKCLK[3]
                         net (fo=1, routed)           0.341     0.341    ps/system_i/processing_system7/inst/FCLK_CLK_unbuffered[3]
    BUFGCTRL_X0Y2        BUFG (Prop_bufg_I_O)         0.029     0.370 r  ps/system_i/processing_system7/inst/buffer_fclk_clk_3.FCLK_CLK_3_BUFG/O
                         net (fo=967, routed)         0.844     1.214    ps/system_i/axi_protocol_converter_0/inst/gen_axilite.gen_b2s_conv.axilite_b2s/WR.b_channel_0/bid_fifo_0/aclk
    SLICE_X4Y67          SRL16E                                       r  ps/system_i/axi_protocol_converter_0/inst/gen_axilite.gen_b2s_conv.axilite_b2s/WR.b_channel_0/bid_fifo_0/memory_reg[3][15]_srl4/CLK
                         clock pessimism             -0.282     0.932    
    SLICE_X4Y67          SRL16E (Hold_srl16e_CLK_D)
                                                      0.130     1.062    ps/system_i/axi_protocol_converter_0/inst/gen_axilite.gen_b2s_conv.axilite_b2s/WR.b_channel_0/bid_fifo_0/memory_reg[3][15]_srl4
  -------------------------------------------------------------------
                         required time                         -1.062    
                         arrival time                           1.149    
  -------------------------------------------------------------------
                         slack                                  0.087    

Slack (MET) :             0.098ns  (arrival time - required time)
  Source:                 ps/system_i/xadc/inst/AXI_LITE_IPIF_I/I_SLAVE_ATTACHMENT/s_axi_rdata_i_reg[4]/C
                            (rising edge-triggered cell FDRE clocked by clk_fpga_3  {rise@0.000ns fall@2.500ns period=5.000ns})
  Destination:            ps/system_i/axi_protocol_converter_0/inst/gen_axilite.gen_b2s_conv.axilite_b2s/RD.r_channel_0/rd_data_fifo_0/memory_reg[31][4]_srl32/D
                            (rising edge-triggered cell SRLC32E clocked by clk_fpga_3  {rise@0.000ns fall@2.500ns period=5.000ns})
  Path Group:             clk_fpga_3
  Path Type:              Hold (Min at Fast Process Corner)
  Requirement:            0.000ns  (clk_fpga_3 rise@0.000ns - clk_fpga_3 rise@0.000ns)
  Data Path Delay:        0.242ns  (logic 0.128ns (52.946%)  route 0.114ns (47.054%))
  Logic Levels:           0  
  Clock Path Skew:        0.014ns (DCD - SCD - CPR)
    Destination Clock Delay (DCD):    1.191ns
    Source Clock Delay      (SCD):    0.895ns
    Clock Pessimism Removal (CPR):    0.282ns

    Location             Delay type                Incr(ns)  Path(ns)    Netlist Resource(s)
  -------------------------------------------------------------------    -------------------
                         (clock clk_fpga_3 rise edge)
                                                      0.000     0.000 r  
    PS7_X0Y0             PS7                          0.000     0.000 r  ps/system_i/processing_system7/inst/PS7_i/FCLKCLK[3]
                         net (fo=1, routed)           0.315     0.315    ps/system_i/processing_system7/inst/FCLK_CLK_unbuffered[3]
    BUFGCTRL_X0Y2        BUFG (Prop_bufg_I_O)         0.026     0.341 r  ps/system_i/processing_system7/inst/buffer_fclk_clk_3.FCLK_CLK_3_BUFG/O
                         net (fo=967, routed)         0.554     0.895    ps/system_i/xadc/inst/AXI_LITE_IPIF_I/I_SLAVE_ATTACHMENT/s_axi_aclk
    SLICE_X13Y72         FDRE                                         r  ps/system_i/xadc/inst/AXI_LITE_IPIF_I/I_SLAVE_ATTACHMENT/s_axi_rdata_i_reg[4]/C
  -------------------------------------------------------------------    -------------------
    SLICE_X13Y72         FDRE (Prop_fdre_C_Q)         0.128     1.023 r  ps/system_i/xadc/inst/AXI_LITE_IPIF_I/I_SLAVE_ATTACHMENT/s_axi_rdata_i_reg[4]/Q
                         net (fo=1, routed)           0.114     1.136    ps/system_i/axi_protocol_converter_0/inst/gen_axilite.gen_b2s_conv.axilite_b2s/RD.r_channel_0/rd_data_fifo_0/in[4]
    SLICE_X12Y71         SRLC32E                                      r  ps/system_i/axi_protocol_converter_0/inst/gen_axilite.gen_b2s_conv.axilite_b2s/RD.r_channel_0/rd_data_fifo_0/memory_reg[31][4]_srl32/D
  -------------------------------------------------------------------    -------------------

                         (clock clk_fpga_3 rise edge)
                                                      0.000     0.000 r  
    PS7_X0Y0             PS7                          0.000     0.000 r  ps/system_i/processing_system7/inst/PS7_i/FCLKCLK[3]
                         net (fo=1, routed)           0.341     0.341    ps/system_i/processing_system7/inst/FCLK_CLK_unbuffered[3]
    BUFGCTRL_X0Y2        BUFG (Prop_bufg_I_O)         0.029     0.370 r  ps/system_i/processing_system7/inst/buffer_fclk_clk_3.FCLK_CLK_3_BUFG/O
                         net (fo=967, routed)         0.821     1.191    ps/system_i/axi_protocol_converter_0/inst/gen_axilite.gen_b2s_conv.axilite_b2s/RD.r_channel_0/rd_data_fifo_0/aclk
    SLICE_X12Y71         SRLC32E                                      r  ps/system_i/axi_protocol_converter_0/inst/gen_axilite.gen_b2s_conv.axilite_b2s/RD.r_channel_0/rd_data_fifo_0/memory_reg[31][4]_srl32/CLK
                         clock pessimism             -0.282     0.909    
    SLICE_X12Y71         SRLC32E (Hold_srlc32e_CLK_D)
                                                      0.130     1.039    ps/system_i/axi_protocol_converter_0/inst/gen_axilite.gen_b2s_conv.axilite_b2s/RD.r_channel_0/rd_data_fifo_0/memory_reg[31][4]_srl32
  -------------------------------------------------------------------
                         required time                         -1.039    
                         arrival time                           1.136    
  -------------------------------------------------------------------
                         slack                                  0.098    

Slack (MET) :             0.106ns  (arrival time - required time)
  Source:                 ps/system_i/axi_protocol_converter_0/inst/gen_axilite.gen_b2s_conv.axilite_b2s/SI_REG/r.r_pipe/skid_buffer_reg[31]/C
                            (rising edge-triggered cell FDRE clocked by clk_fpga_3  {rise@0.000ns fall@2.500ns period=5.000ns})
  Destination:            ps/system_i/axi_protocol_converter_0/inst/gen_axilite.gen_b2s_conv.axilite_b2s/SI_REG/r.r_pipe/m_payload_i_reg[31]/D
                            (rising edge-triggered cell FDRE clocked by clk_fpga_3  {rise@0.000ns fall@2.500ns period=5.000ns})
  Path Group:             clk_fpga_3
  Path Type:              Hold (Min at Fast Process Corner)
  Requirement:            0.000ns  (clk_fpga_3 rise@0.000ns - clk_fpga_3 rise@0.000ns)
  Data Path Delay:        0.240ns  (logic 0.186ns (77.466%)  route 0.054ns (22.534%))
  Logic Levels:           1  (LUT3=1)
  Clock Path Skew:        0.013ns (DCD - SCD - CPR)
    Destination Clock Delay (DCD):    1.195ns
    Source Clock Delay      (SCD):    0.899ns
    Clock Pessimism Removal (CPR):    0.283ns

    Location             Delay type                Incr(ns)  Path(ns)    Netlist Resource(s)
  -------------------------------------------------------------------    -------------------
                         (clock clk_fpga_3 rise edge)
                                                      0.000     0.000 r  
    PS7_X0Y0             PS7                          0.000     0.000 r  ps/system_i/processing_system7/inst/PS7_i/FCLKCLK[3]
                         net (fo=1, routed)           0.315     0.315    ps/system_i/processing_system7/inst/FCLK_CLK_unbuffered[3]
    BUFGCTRL_X0Y2        BUFG (Prop_bufg_I_O)         0.026     0.341 r  ps/system_i/processing_system7/inst/buffer_fclk_clk_3.FCLK_CLK_3_BUFG/O
                         net (fo=967, routed)         0.558     0.899    ps/system_i/axi_protocol_converter_0/inst/gen_axilite.gen_b2s_conv.axilite_b2s/SI_REG/r.r_pipe/aclk
    SLICE_X11Y67         FDRE                                         r  ps/system_i/axi_protocol_converter_0/inst/gen_axilite.gen_b2s_conv.axilite_b2s/SI_REG/r.r_pipe/skid_buffer_reg[31]/C
  -------------------------------------------------------------------    -------------------
    SLICE_X11Y67         FDRE (Prop_fdre_C_Q)         0.141     1.040 r  ps/system_i/axi_protocol_converter_0/inst/gen_axilite.gen_b2s_conv.axilite_b2s/SI_REG/r.r_pipe/skid_buffer_reg[31]/Q
                         net (fo=1, routed)           0.054     1.094    ps/system_i/axi_protocol_converter_0/inst/gen_axilite.gen_b2s_conv.axilite_b2s/SI_REG/r.r_pipe/skid_buffer_reg_n_0_[31]
    SLICE_X10Y67         LUT3 (Prop_lut3_I2_O)        0.045     1.139 r  ps/system_i/axi_protocol_converter_0/inst/gen_axilite.gen_b2s_conv.axilite_b2s/SI_REG/r.r_pipe/m_payload_i[31]_i_1__0/O
                         net (fo=1, routed)           0.000     1.139    ps/system_i/axi_protocol_converter_0/inst/gen_axilite.gen_b2s_conv.axilite_b2s/SI_REG/r.r_pipe/m_payload_i[31]_i_1__0_n_0
    SLICE_X10Y67         FDRE                                         r  ps/system_i/axi_protocol_converter_0/inst/gen_axilite.gen_b2s_conv.axilite_b2s/SI_REG/r.r_pipe/m_payload_i_reg[31]/D
  -------------------------------------------------------------------    -------------------

                         (clock clk_fpga_3 rise edge)
                                                      0.000     0.000 r  
    PS7_X0Y0             PS7                          0.000     0.000 r  ps/system_i/processing_system7/inst/PS7_i/FCLKCLK[3]
                         net (fo=1, routed)           0.341     0.341    ps/system_i/processing_system7/inst/FCLK_CLK_unbuffered[3]
    BUFGCTRL_X0Y2        BUFG (Prop_bufg_I_O)         0.029     0.370 r  ps/system_i/processing_system7/inst/buffer_fclk_clk_3.FCLK_CLK_3_BUFG/O
                         net (fo=967, routed)         0.825     1.195    ps/system_i/axi_protocol_converter_0/inst/gen_axilite.gen_b2s_conv.axilite_b2s/SI_REG/r.r_pipe/aclk
    SLICE_X10Y67         FDRE                                         r  ps/system_i/axi_protocol_converter_0/inst/gen_axilite.gen_b2s_conv.axilite_b2s/SI_REG/r.r_pipe/m_payload_i_reg[31]/C
                         clock pessimism             -0.283     0.912    
    SLICE_X10Y67         FDRE (Hold_fdre_C_D)         0.121     1.033    ps/system_i/axi_protocol_converter_0/inst/gen_axilite.gen_b2s_conv.axilite_b2s/SI_REG/r.r_pipe/m_payload_i_reg[31]
  -------------------------------------------------------------------
                         required time                         -1.033    
                         arrival time                           1.139    
  -------------------------------------------------------------------
                         slack                                  0.106    

Slack (MET) :             0.109ns  (arrival time - required time)
  Source:                 ps/system_i/axi_protocol_converter_0/inst/gen_axilite.gen_b2s_conv.axilite_b2s/RD.r_channel_0/r_arid_r_reg[4]/C
                            (rising edge-triggered cell FDRE clocked by clk_fpga_3  {rise@0.000ns fall@2.500ns period=5.000ns})
  Destination:            ps/system_i/axi_protocol_converter_0/inst/gen_axilite.gen_b2s_conv.axilite_b2s/RD.r_channel_0/transaction_fifo_0/memory_reg[31][5]_srl32/D
                            (rising edge-triggered cell SRLC32E clocked by clk_fpga_3  {rise@0.000ns fall@2.500ns period=5.000ns})
  Path Group:             clk_fpga_3
  Path Type:              Hold (Min at Fast Process Corner)
  Requirement:            0.000ns  (clk_fpga_3 rise@0.000ns - clk_fpga_3 rise@0.000ns)
  Data Path Delay:        0.240ns  (logic 0.141ns (58.691%)  route 0.099ns (41.309%))
  Logic Levels:           0  
  Clock Path Skew:        0.016ns (DCD - SCD - CPR)
    Destination Clock Delay (DCD):    1.218ns
    Source Clock Delay      (SCD):    0.920ns
    Clock Pessimism Removal (CPR):    0.282ns

    Location             Delay type                Incr(ns)  Path(ns)    Netlist Resource(s)
  -------------------------------------------------------------------    -------------------
                         (clock clk_fpga_3 rise edge)
                                                      0.000     0.000 r  
    PS7_X0Y0             PS7                          0.000     0.000 r  ps/system_i/processing_system7/inst/PS7_i/FCLKCLK[3]
                         net (fo=1, routed)           0.315     0.315    ps/system_i/processing_system7/inst/FCLK_CLK_unbuffered[3]
    BUFGCTRL_X0Y2        BUFG (Prop_bufg_I_O)         0.026     0.341 r  ps/system_i/processing_system7/inst/buffer_fclk_clk_3.FCLK_CLK_3_BUFG/O
                         net (fo=967, routed)         0.579     0.920    ps/system_i/axi_protocol_converter_0/inst/gen_axilite.gen_b2s_conv.axilite_b2s/RD.r_channel_0/aclk
    SLICE_X3Y63          FDRE                                         r  ps/system_i/axi_protocol_converter_0/inst/gen_axilite.gen_b2s_conv.axilite_b2s/RD.r_channel_0/r_arid_r_reg[4]/C
  -------------------------------------------------------------------    -------------------
    SLICE_X3Y63          FDRE (Prop_fdre_C_Q)         0.141     1.061 r  ps/system_i/axi_protocol_converter_0/inst/gen_axilite.gen_b2s_conv.axilite_b2s/RD.r_channel_0/r_arid_r_reg[4]/Q
                         net (fo=1, routed)           0.099     1.160    ps/system_i/axi_protocol_converter_0/inst/gen_axilite.gen_b2s_conv.axilite_b2s/RD.r_channel_0/transaction_fifo_0/in[5]
    SLICE_X4Y62          SRLC32E                                      r  ps/system_i/axi_protocol_converter_0/inst/gen_axilite.gen_b2s_conv.axilite_b2s/RD.r_channel_0/transaction_fifo_0/memory_reg[31][5]_srl32/D
  -------------------------------------------------------------------    -------------------

                         (clock clk_fpga_3 rise edge)
                                                      0.000     0.000 r  
    PS7_X0Y0             PS7                          0.000     0.000 r  ps/system_i/processing_system7/inst/PS7_i/FCLKCLK[3]
                         net (fo=1, routed)           0.341     0.341    ps/system_i/processing_system7/inst/FCLK_CLK_unbuffered[3]
    BUFGCTRL_X0Y2        BUFG (Prop_bufg_I_O)         0.029     0.370 r  ps/system_i/processing_system7/inst/buffer_fclk_clk_3.FCLK_CLK_3_BUFG/O
                         net (fo=967, routed)         0.848     1.218    ps/system_i/axi_protocol_converter_0/inst/gen_axilite.gen_b2s_conv.axilite_b2s/RD.r_channel_0/transaction_fifo_0/aclk
    SLICE_X4Y62          SRLC32E                                      r  ps/system_i/axi_protocol_converter_0/inst/gen_axilite.gen_b2s_conv.axilite_b2s/RD.r_channel_0/transaction_fifo_0/memory_reg[31][5]_srl32/CLK
                         clock pessimism             -0.282     0.936    
    SLICE_X4Y62          SRLC32E (Hold_srlc32e_CLK_D)
                                                      0.115     1.051    ps/system_i/axi_protocol_converter_0/inst/gen_axilite.gen_b2s_conv.axilite_b2s/RD.r_channel_0/transaction_fifo_0/memory_reg[31][5]_srl32
  -------------------------------------------------------------------
                         required time                         -1.051    
                         arrival time                           1.160    
  -------------------------------------------------------------------
                         slack                                  0.109    

Slack (MET) :             0.117ns  (arrival time - required time)
  Source:                 ps/system_i/xadc/inst/INTR_CTRLR_GEN_I.INTERRUPT_CONTROL_I/DO_IRPT_INPUT[1].GEN_POS_EDGE_DETECT.irpt_dly1_reg/C
                            (rising edge-triggered cell FDSE clocked by clk_fpga_3  {rise@0.000ns fall@2.500ns period=5.000ns})
  Destination:            ps/system_i/xadc/inst/INTR_CTRLR_GEN_I.INTERRUPT_CONTROL_I/GEN_IP_IRPT_STATUS_REG[1].GEN_REG_STATUS.ip_irpt_status_reg_reg[1]/D
                            (rising edge-triggered cell FDRE clocked by clk_fpga_3  {rise@0.000ns fall@2.500ns period=5.000ns})
  Path Group:             clk_fpga_3
  Path Type:              Hold (Min at Fast Process Corner)
  Requirement:            0.000ns  (clk_fpga_3 rise@0.000ns - clk_fpga_3 rise@0.000ns)
  Data Path Delay:        0.251ns  (logic 0.186ns (74.103%)  route 0.065ns (25.897%))
  Logic Levels:           1  (LUT5=1)
  Clock Path Skew:        0.013ns (DCD - SCD - CPR)
    Destination Clock Delay (DCD):    1.184ns
    Source Clock Delay      (SCD):    0.889ns
    Clock Pessimism Removal (CPR):    0.282ns

    Location             Delay type                Incr(ns)  Path(ns)    Netlist Resource(s)
  -------------------------------------------------------------------    -------------------
                         (clock clk_fpga_3 rise edge)
                                                      0.000     0.000 r  
    PS7_X0Y0             PS7                          0.000     0.000 r  ps/system_i/processing_system7/inst/PS7_i/FCLKCLK[3]
                         net (fo=1, routed)           0.315     0.315    ps/system_i/processing_system7/inst/FCLK_CLK_unbuffered[3]
    BUFGCTRL_X0Y2        BUFG (Prop_bufg_I_O)         0.026     0.341 r  ps/system_i/processing_system7/inst/buffer_fclk_clk_3.FCLK_CLK_3_BUFG/O
                         net (fo=967, routed)         0.548     0.889    ps/system_i/xadc/inst/INTR_CTRLR_GEN_I.INTERRUPT_CONTROL_I/s_axi_aclk
    SLICE_X17Y74         FDSE                                         r  ps/system_i/xadc/inst/INTR_CTRLR_GEN_I.INTERRUPT_CONTROL_I/DO_IRPT_INPUT[1].GEN_POS_EDGE_DETECT.irpt_dly1_reg/C
  -------------------------------------------------------------------    -------------------
    SLICE_X17Y74         FDSE (Prop_fdse_C_Q)         0.141     1.030 r  ps/system_i/xadc/inst/INTR_CTRLR_GEN_I.INTERRUPT_CONTROL_I/DO_IRPT_INPUT[1].GEN_POS_EDGE_DETECT.irpt_dly1_reg/Q
                         net (fo=2, routed)           0.065     1.095    ps/system_i/xadc/inst/INTR_CTRLR_GEN_I.INTERRUPT_CONTROL_I/DO_IRPT_INPUT[1].GEN_POS_EDGE_DETECT.irpt_dly1_reg_n_0
    SLICE_X16Y74         LUT5 (Prop_lut5_I3_O)        0.045     1.140 r  ps/system_i/xadc/inst/INTR_CTRLR_GEN_I.INTERRUPT_CONTROL_I/GEN_IP_IRPT_STATUS_REG[1].GEN_REG_STATUS.ip_irpt_status_reg[1]_i_1/O
                         net (fo=1, routed)           0.000     1.140    ps/system_i/xadc/inst/INTR_CTRLR_GEN_I.INTERRUPT_CONTROL_I/GEN_IP_IRPT_STATUS_REG[1].GEN_REG_STATUS.ip_irpt_status_reg[1]_i_1_n_0
    SLICE_X16Y74         FDRE                                         r  ps/system_i/xadc/inst/INTR_CTRLR_GEN_I.INTERRUPT_CONTROL_I/GEN_IP_IRPT_STATUS_REG[1].GEN_REG_STATUS.ip_irpt_status_reg_reg[1]/D
  -------------------------------------------------------------------    -------------------

                         (clock clk_fpga_3 rise edge)
                                                      0.000     0.000 r  
    PS7_X0Y0             PS7                          0.000     0.000 r  ps/system_i/processing_system7/inst/PS7_i/FCLKCLK[3]
                         net (fo=1, routed)           0.341     0.341    ps/system_i/processing_system7/inst/FCLK_CLK_unbuffered[3]
    BUFGCTRL_X0Y2        BUFG (Prop_bufg_I_O)         0.029     0.370 r  ps/system_i/processing_system7/inst/buffer_fclk_clk_3.FCLK_CLK_3_BUFG/O
                         net (fo=967, routed)         0.814     1.184    ps/system_i/xadc/inst/INTR_CTRLR_GEN_I.INTERRUPT_CONTROL_I/s_axi_aclk
    SLICE_X16Y74         FDRE                                         r  ps/system_i/xadc/inst/INTR_CTRLR_GEN_I.INTERRUPT_CONTROL_I/GEN_IP_IRPT_STATUS_REG[1].GEN_REG_STATUS.ip_irpt_status_reg_reg[1]/C
                         clock pessimism             -0.282     0.902    
    SLICE_X16Y74         FDRE (Hold_fdre_C_D)         0.121     1.023    ps/system_i/xadc/inst/INTR_CTRLR_GEN_I.INTERRUPT_CONTROL_I/GEN_IP_IRPT_STATUS_REG[1].GEN_REG_STATUS.ip_irpt_status_reg_reg[1]
  -------------------------------------------------------------------
                         required time                         -1.023    
                         arrival time                           1.140    
  -------------------------------------------------------------------
                         slack                                  0.117    

Slack (MET) :             0.119ns  (arrival time - required time)
  Source:                 ps/system_i/axi_protocol_converter_0/inst/gen_axilite.gen_b2s_conv.axilite_b2s/RD.ar_channel_0/s_arid_r_reg[3]/C
                            (rising edge-triggered cell FDRE clocked by clk_fpga_3  {rise@0.000ns fall@2.500ns period=5.000ns})
  Destination:            ps/system_i/axi_protocol_converter_0/inst/gen_axilite.gen_b2s_conv.axilite_b2s/RD.r_channel_0/r_arid_r_reg[3]/D
                            (rising edge-triggered cell FDRE clocked by clk_fpga_3  {rise@0.000ns fall@2.500ns period=5.000ns})
  Path Group:             clk_fpga_3
  Path Type:              Hold (Min at Fast Process Corner)
  Requirement:            0.000ns  (clk_fpga_3 rise@0.000ns - clk_fpga_3 rise@0.000ns)
  Data Path Delay:        0.197ns  (logic 0.141ns (71.611%)  route 0.056ns (28.389%))
  Logic Levels:           0  
  Clock Path Skew:        0.000ns (DCD - SCD - CPR)
    Destination Clock Delay (DCD):    1.217ns
    Source Clock Delay      (SCD):    0.920ns
    Clock Pessimism Removal (CPR):    0.297ns

    Location             Delay type                Incr(ns)  Path(ns)    Netlist Resource(s)
  -------------------------------------------------------------------    -------------------
                         (clock clk_fpga_3 rise edge)
                                                      0.000     0.000 r  
    PS7_X0Y0             PS7                          0.000     0.000 r  ps/system_i/processing_system7/inst/PS7_i/FCLKCLK[3]
                         net (fo=1, routed)           0.315     0.315    ps/system_i/processing_system7/inst/FCLK_CLK_unbuffered[3]
    BUFGCTRL_X0Y2        BUFG (Prop_bufg_I_O)         0.026     0.341 r  ps/system_i/processing_system7/inst/buffer_fclk_clk_3.FCLK_CLK_3_BUFG/O
                         net (fo=967, routed)         0.579     0.920    ps/system_i/axi_protocol_converter_0/inst/gen_axilite.gen_b2s_conv.axilite_b2s/RD.ar_channel_0/aclk
    SLICE_X3Y64          FDRE                                         r  ps/system_i/axi_protocol_converter_0/inst/gen_axilite.gen_b2s_conv.axilite_b2s/RD.ar_channel_0/s_arid_r_reg[3]/C
  -------------------------------------------------------------------    -------------------
    SLICE_X3Y64          FDRE (Prop_fdre_C_Q)         0.141     1.061 r  ps/system_i/axi_protocol_converter_0/inst/gen_axilite.gen_b2s_conv.axilite_b2s/RD.ar_channel_0/s_arid_r_reg[3]/Q
                         net (fo=1, routed)           0.056     1.116    ps/system_i/axi_protocol_converter_0/inst/gen_axilite.gen_b2s_conv.axilite_b2s/RD.r_channel_0/D[3]
    SLICE_X3Y64          FDRE                                         r  ps/system_i/axi_protocol_converter_0/inst/gen_axilite.gen_b2s_conv.axilite_b2s/RD.r_channel_0/r_arid_r_reg[3]/D
  -------------------------------------------------------------------    -------------------

                         (clock clk_fpga_3 rise edge)
                                                      0.000     0.000 r  
    PS7_X0Y0             PS7                          0.000     0.000 r  ps/system_i/processing_system7/inst/PS7_i/FCLKCLK[3]
                         net (fo=1, routed)           0.341     0.341    ps/system_i/processing_system7/inst/FCLK_CLK_unbuffered[3]
    BUFGCTRL_X0Y2        BUFG (Prop_bufg_I_O)         0.029     0.370 r  ps/system_i/processing_system7/inst/buffer_fclk_clk_3.FCLK_CLK_3_BUFG/O
                         net (fo=967, routed)         0.847     1.217    ps/system_i/axi_protocol_converter_0/inst/gen_axilite.gen_b2s_conv.axilite_b2s/RD.r_channel_0/aclk
    SLICE_X3Y64          FDRE                                         r  ps/system_i/axi_protocol_converter_0/inst/gen_axilite.gen_b2s_conv.axilite_b2s/RD.r_channel_0/r_arid_r_reg[3]/C
                         clock pessimism             -0.297     0.920    
    SLICE_X3Y64          FDRE (Hold_fdre_C_D)         0.078     0.998    ps/system_i/axi_protocol_converter_0/inst/gen_axilite.gen_b2s_conv.axilite_b2s/RD.r_channel_0/r_arid_r_reg[3]
  -------------------------------------------------------------------
                         required time                         -0.998    
                         arrival time                           1.116    
  -------------------------------------------------------------------
                         slack                                  0.119    

Slack (MET) :             0.121ns  (arrival time - required time)
  Source:                 ps/system_i/axi_protocol_converter_0/inst/gen_axilite.gen_b2s_conv.axilite_b2s/RD.ar_channel_0/s_arid_r_reg[2]/C
                            (rising edge-triggered cell FDRE clocked by clk_fpga_3  {rise@0.000ns fall@2.500ns period=5.000ns})
  Destination:            ps/system_i/axi_protocol_converter_0/inst/gen_axilite.gen_b2s_conv.axilite_b2s/RD.r_channel_0/r_arid_r_reg[2]/D
                            (rising edge-triggered cell FDRE clocked by clk_fpga_3  {rise@0.000ns fall@2.500ns period=5.000ns})
  Path Group:             clk_fpga_3
  Path Type:              Hold (Min at Fast Process Corner)
  Requirement:            0.000ns  (clk_fpga_3 rise@0.000ns - clk_fpga_3 rise@0.000ns)
  Data Path Delay:        0.197ns  (logic 0.141ns (71.611%)  route 0.056ns (28.389%))
  Logic Levels:           0  
  Clock Path Skew:        0.000ns (DCD - SCD - CPR)
    Destination Clock Delay (DCD):    1.217ns
    Source Clock Delay      (SCD):    0.920ns
    Clock Pessimism Removal (CPR):    0.297ns

    Location             Delay type                Incr(ns)  Path(ns)    Netlist Resource(s)
  -------------------------------------------------------------------    -------------------
                         (clock clk_fpga_3 rise edge)
                                                      0.000     0.000 r  
    PS7_X0Y0             PS7                          0.000     0.000 r  ps/system_i/processing_system7/inst/PS7_i/FCLKCLK[3]
                         net (fo=1, routed)           0.315     0.315    ps/system_i/processing_system7/inst/FCLK_CLK_unbuffered[3]
    BUFGCTRL_X0Y2        BUFG (Prop_bufg_I_O)         0.026     0.341 r  ps/system_i/processing_system7/inst/buffer_fclk_clk_3.FCLK_CLK_3_BUFG/O
                         net (fo=967, routed)         0.579     0.920    ps/system_i/axi_protocol_converter_0/inst/gen_axilite.gen_b2s_conv.axilite_b2s/RD.ar_channel_0/aclk
    SLICE_X3Y64          FDRE                                         r  ps/system_i/axi_protocol_converter_0/inst/gen_axilite.gen_b2s_conv.axilite_b2s/RD.ar_channel_0/s_arid_r_reg[2]/C
  -------------------------------------------------------------------    -------------------
    SLICE_X3Y64          FDRE (Prop_fdre_C_Q)         0.141     1.061 r  ps/system_i/axi_protocol_converter_0/inst/gen_axilite.gen_b2s_conv.axilite_b2s/RD.ar_channel_0/s_arid_r_reg[2]/Q
                         net (fo=1, routed)           0.056     1.116    ps/system_i/axi_protocol_converter_0/inst/gen_axilite.gen_b2s_conv.axilite_b2s/RD.r_channel_0/D[2]
    SLICE_X3Y64          FDRE                                         r  ps/system_i/axi_protocol_converter_0/inst/gen_axilite.gen_b2s_conv.axilite_b2s/RD.r_channel_0/r_arid_r_reg[2]/D
  -------------------------------------------------------------------    -------------------

                         (clock clk_fpga_3 rise edge)
                                                      0.000     0.000 r  
    PS7_X0Y0             PS7                          0.000     0.000 r  ps/system_i/processing_system7/inst/PS7_i/FCLKCLK[3]
                         net (fo=1, routed)           0.341     0.341    ps/system_i/processing_system7/inst/FCLK_CLK_unbuffered[3]
    BUFGCTRL_X0Y2        BUFG (Prop_bufg_I_O)         0.029     0.370 r  ps/system_i/processing_system7/inst/buffer_fclk_clk_3.FCLK_CLK_3_BUFG/O
                         net (fo=967, routed)         0.847     1.217    ps/system_i/axi_protocol_converter_0/inst/gen_axilite.gen_b2s_conv.axilite_b2s/RD.r_channel_0/aclk
    SLICE_X3Y64          FDRE                                         r  ps/system_i/axi_protocol_converter_0/inst/gen_axilite.gen_b2s_conv.axilite_b2s/RD.r_channel_0/r_arid_r_reg[2]/C
                         clock pessimism             -0.297     0.920    
    SLICE_X3Y64          FDRE (Hold_fdre_C_D)         0.076     0.996    ps/system_i/axi_protocol_converter_0/inst/gen_axilite.gen_b2s_conv.axilite_b2s/RD.r_channel_0/r_arid_r_reg[2]
  -------------------------------------------------------------------
                         required time                         -0.996    
                         arrival time                           1.116    
  -------------------------------------------------------------------
                         slack                                  0.121    

Slack (MET) :             0.122ns  (arrival time - required time)
  Source:                 ps/system_i/axi_protocol_converter_0/inst/gen_axilite.gen_b2s_conv.axilite_b2s/RD.ar_channel_0/s_arid_r_reg[0]/C
                            (rising edge-triggered cell FDRE clocked by clk_fpga_3  {rise@0.000ns fall@2.500ns period=5.000ns})
  Destination:            ps/system_i/axi_protocol_converter_0/inst/gen_axilite.gen_b2s_conv.axilite_b2s/RD.r_channel_0/r_arid_r_reg[0]/D
                            (rising edge-triggered cell FDRE clocked by clk_fpga_3  {rise@0.000ns fall@2.500ns period=5.000ns})
  Path Group:             clk_fpga_3
  Path Type:              Hold (Min at Fast Process Corner)
  Requirement:            0.000ns  (clk_fpga_3 rise@0.000ns - clk_fpga_3 rise@0.000ns)
  Data Path Delay:        0.197ns  (logic 0.141ns (71.611%)  route 0.056ns (28.389%))
  Logic Levels:           0  
  Clock Path Skew:        0.000ns (DCD - SCD - CPR)
    Destination Clock Delay (DCD):    1.217ns
    Source Clock Delay      (SCD):    0.920ns
    Clock Pessimism Removal (CPR):    0.297ns

    Location             Delay type                Incr(ns)  Path(ns)    Netlist Resource(s)
  -------------------------------------------------------------------    -------------------
                         (clock clk_fpga_3 rise edge)
                                                      0.000     0.000 r  
    PS7_X0Y0             PS7                          0.000     0.000 r  ps/system_i/processing_system7/inst/PS7_i/FCLKCLK[3]
                         net (fo=1, routed)           0.315     0.315    ps/system_i/processing_system7/inst/FCLK_CLK_unbuffered[3]
    BUFGCTRL_X0Y2        BUFG (Prop_bufg_I_O)         0.026     0.341 r  ps/system_i/processing_system7/inst/buffer_fclk_clk_3.FCLK_CLK_3_BUFG/O
                         net (fo=967, routed)         0.579     0.920    ps/system_i/axi_protocol_converter_0/inst/gen_axilite.gen_b2s_conv.axilite_b2s/RD.ar_channel_0/aclk
    SLICE_X3Y64          FDRE                                         r  ps/system_i/axi_protocol_converter_0/inst/gen_axilite.gen_b2s_conv.axilite_b2s/RD.ar_channel_0/s_arid_r_reg[0]/C
  -------------------------------------------------------------------    -------------------
    SLICE_X3Y64          FDRE (Prop_fdre_C_Q)         0.141     1.061 r  ps/system_i/axi_protocol_converter_0/inst/gen_axilite.gen_b2s_conv.axilite_b2s/RD.ar_channel_0/s_arid_r_reg[0]/Q
                         net (fo=1, routed)           0.056     1.116    ps/system_i/axi_protocol_converter_0/inst/gen_axilite.gen_b2s_conv.axilite_b2s/RD.r_channel_0/D[0]
    SLICE_X3Y64          FDRE                                         r  ps/system_i/axi_protocol_converter_0/inst/gen_axilite.gen_b2s_conv.axilite_b2s/RD.r_channel_0/r_arid_r_reg[0]/D
  -------------------------------------------------------------------    -------------------

                         (clock clk_fpga_3 rise edge)
                                                      0.000     0.000 r  
    PS7_X0Y0             PS7                          0.000     0.000 r  ps/system_i/processing_system7/inst/PS7_i/FCLKCLK[3]
                         net (fo=1, routed)           0.341     0.341    ps/system_i/processing_system7/inst/FCLK_CLK_unbuffered[3]
    BUFGCTRL_X0Y2        BUFG (Prop_bufg_I_O)         0.029     0.370 r  ps/system_i/processing_system7/inst/buffer_fclk_clk_3.FCLK_CLK_3_BUFG/O
                         net (fo=967, routed)         0.847     1.217    ps/system_i/axi_protocol_converter_0/inst/gen_axilite.gen_b2s_conv.axilite_b2s/RD.r_channel_0/aclk
    SLICE_X3Y64          FDRE                                         r  ps/system_i/axi_protocol_converter_0/inst/gen_axilite.gen_b2s_conv.axilite_b2s/RD.r_channel_0/r_arid_r_reg[0]/C
                         clock pessimism             -0.297     0.920    
    SLICE_X3Y64          FDRE (Hold_fdre_C_D)         0.075     0.995    ps/system_i/axi_protocol_converter_0/inst/gen_axilite.gen_b2s_conv.axilite_b2s/RD.r_channel_0/r_arid_r_reg[0]
  -------------------------------------------------------------------
                         required time                         -0.995    
                         arrival time                           1.116    
  -------------------------------------------------------------------
                         slack                                  0.122    

Slack (MET) :             0.122ns  (arrival time - required time)
  Source:                 ps/system_i/proc_sys_reset/U0/EXT_LPF/ACTIVE_LOW_AUX.ACT_LO_AUX/GENERATE_LEVEL_P_S_CDC.SINGLE_BIT.CROSS_PLEVEL_IN2SCNDRY_IN_cdc_to/C
                            (rising edge-triggered cell FDRE clocked by clk_fpga_3  {rise@0.000ns fall@2.500ns period=5.000ns})
  Destination:            ps/system_i/proc_sys_reset/U0/EXT_LPF/ACTIVE_LOW_AUX.ACT_LO_AUX/GENERATE_LEVEL_P_S_CDC.SINGLE_BIT.CROSS_PLEVEL_IN2SCNDRY_s_level_out_d2/D
                            (rising edge-triggered cell FDRE clocked by clk_fpga_3  {rise@0.000ns fall@2.500ns period=5.000ns})
  Path Group:             clk_fpga_3
  Path Type:              Hold (Min at Fast Process Corner)
  Requirement:            0.000ns  (clk_fpga_3 rise@0.000ns - clk_fpga_3 rise@0.000ns)
  Data Path Delay:        0.197ns  (logic 0.141ns (71.611%)  route 0.056ns (28.389%))
  Logic Levels:           0  
  Clock Path Skew:        0.000ns (DCD - SCD - CPR)
    Destination Clock Delay (DCD):    1.191ns
    Source Clock Delay      (SCD):    0.895ns
    Clock Pessimism Removal (CPR):    0.296ns

    Location             Delay type                Incr(ns)  Path(ns)    Netlist Resource(s)
  -------------------------------------------------------------------    -------------------
                         (clock clk_fpga_3 rise edge)
                                                      0.000     0.000 r  
    PS7_X0Y0             PS7                          0.000     0.000 r  ps/system_i/processing_system7/inst/PS7_i/FCLKCLK[3]
                         net (fo=1, routed)           0.315     0.315    ps/system_i/processing_system7/inst/FCLK_CLK_unbuffered[3]
    BUFGCTRL_X0Y2        BUFG (Prop_bufg_I_O)         0.026     0.341 r  ps/system_i/processing_system7/inst/buffer_fclk_clk_3.FCLK_CLK_3_BUFG/O
                         net (fo=967, routed)         0.554     0.895    ps/system_i/proc_sys_reset/U0/EXT_LPF/ACTIVE_LOW_AUX.ACT_LO_AUX/slowest_sync_clk
    SLICE_X17Y81         FDRE                                         r  ps/system_i/proc_sys_reset/U0/EXT_LPF/ACTIVE_LOW_AUX.ACT_LO_AUX/GENERATE_LEVEL_P_S_CDC.SINGLE_BIT.CROSS_PLEVEL_IN2SCNDRY_IN_cdc_to/C
  -------------------------------------------------------------------    -------------------
    SLICE_X17Y81         FDRE (Prop_fdre_C_Q)         0.141     1.036 r  ps/system_i/proc_sys_reset/U0/EXT_LPF/ACTIVE_LOW_AUX.ACT_LO_AUX/GENERATE_LEVEL_P_S_CDC.SINGLE_BIT.CROSS_PLEVEL_IN2SCNDRY_IN_cdc_to/Q
                         net (fo=1, routed)           0.056     1.091    ps/system_i/proc_sys_reset/U0/EXT_LPF/ACTIVE_LOW_AUX.ACT_LO_AUX/s_level_out_d1_cdc_to
    SLICE_X17Y81         FDRE                                         r  ps/system_i/proc_sys_reset/U0/EXT_LPF/ACTIVE_LOW_AUX.ACT_LO_AUX/GENERATE_LEVEL_P_S_CDC.SINGLE_BIT.CROSS_PLEVEL_IN2SCNDRY_s_level_out_d2/D
  -------------------------------------------------------------------    -------------------

                         (clock clk_fpga_3 rise edge)
                                                      0.000     0.000 r  
    PS7_X0Y0             PS7                          0.000     0.000 r  ps/system_i/processing_system7/inst/PS7_i/FCLKCLK[3]
                         net (fo=1, routed)           0.341     0.341    ps/system_i/processing_system7/inst/FCLK_CLK_unbuffered[3]
    BUFGCTRL_X0Y2        BUFG (Prop_bufg_I_O)         0.029     0.370 r  ps/system_i/processing_system7/inst/buffer_fclk_clk_3.FCLK_CLK_3_BUFG/O
                         net (fo=967, routed)         0.821     1.191    ps/system_i/proc_sys_reset/U0/EXT_LPF/ACTIVE_LOW_AUX.ACT_LO_AUX/slowest_sync_clk
    SLICE_X17Y81         FDRE                                         r  ps/system_i/proc_sys_reset/U0/EXT_LPF/ACTIVE_LOW_AUX.ACT_LO_AUX/GENERATE_LEVEL_P_S_CDC.SINGLE_BIT.CROSS_PLEVEL_IN2SCNDRY_s_level_out_d2/C
                         clock pessimism             -0.296     0.895    
    SLICE_X17Y81         FDRE (Hold_fdre_C_D)         0.075     0.970    ps/system_i/proc_sys_reset/U0/EXT_LPF/ACTIVE_LOW_AUX.ACT_LO_AUX/GENERATE_LEVEL_P_S_CDC.SINGLE_BIT.CROSS_PLEVEL_IN2SCNDRY_s_level_out_d2
  -------------------------------------------------------------------
                         required time                         -0.970    
                         arrival time                           1.091    
  -------------------------------------------------------------------
                         slack                                  0.122    





Pulse Width Checks
--------------------------------------------------------------------------------------
Clock Name:         clk_fpga_3
Waveform(ns):       { 0.000 2.500 }
Period(ns):         5.000
Sources:            { ps/system_i/processing_system7/inst/PS7_i/FCLKCLK[3] }

Check Type        Corner  Lib Pin      Reference Pin  Required(ns)  Actual(ns)  Slack(ns)  Location       Pin
Min Period        n/a     XADC/DCLK    n/a            4.000         5.000       1.000      XADC_X0Y0      ps/system_i/xadc/inst/AXI_XADC_CORE_I/XADC_INST/DCLK
Min Period        n/a     BUFG/I       n/a            2.155         5.000       2.845      BUFGCTRL_X0Y2  ps/system_i/processing_system7/inst/buffer_fclk_clk_3.FCLK_CLK_3_BUFG/I
Min Period        n/a     FDRE/C       n/a            1.000         5.000       4.000      SLICE_X3Y76    ps/system_i/axi_protocol_converter_0/inst/gen_axilite.gen_b2s_conv.axilite_b2s/areset_d1_reg/C
Min Period        n/a     FDRE/C       n/a            1.000         5.000       4.000      SLICE_X3Y64    ps/system_i/axi_protocol_converter_0/inst/gen_axilite.gen_b2s_conv.axilite_b2s/RD.ar_channel_0/s_arid_r_reg[0]/C
Min Period        n/a     FDRE/C       n/a            1.000         5.000       4.000      SLICE_X3Y64    ps/system_i/axi_protocol_converter_0/inst/gen_axilite.gen_b2s_conv.axilite_b2s/RD.ar_channel_0/s_arid_r_reg[10]/C
Min Period        n/a     FDRE/C       n/a            1.000         5.000       4.000      SLICE_X5Y64    ps/system_i/axi_protocol_converter_0/inst/gen_axilite.gen_b2s_conv.axilite_b2s/RD.ar_channel_0/s_arid_r_reg[11]/C
Min Period        n/a     FDRE/C       n/a            1.000         5.000       4.000      SLICE_X5Y64    ps/system_i/axi_protocol_converter_0/inst/gen_axilite.gen_b2s_conv.axilite_b2s/RD.ar_channel_0/s_arid_r_reg[1]/C
Min Period        n/a     FDRE/C       n/a            1.000         5.000       4.000      SLICE_X3Y64    ps/system_i/axi_protocol_converter_0/inst/gen_axilite.gen_b2s_conv.axilite_b2s/RD.ar_channel_0/s_arid_r_reg[2]/C
Min Period        n/a     FDRE/C       n/a            1.000         5.000       4.000      SLICE_X3Y64    ps/system_i/axi_protocol_converter_0/inst/gen_axilite.gen_b2s_conv.axilite_b2s/RD.ar_channel_0/s_arid_r_reg[3]/C
Min Period        n/a     FDRE/C       n/a            1.000         5.000       4.000      SLICE_X2Y63    ps/system_i/axi_protocol_converter_0/inst/gen_axilite.gen_b2s_conv.axilite_b2s/RD.ar_channel_0/s_arid_r_reg[4]/C
Low Pulse Width   Slow    SRLC32E/CLK  n/a            0.980         2.500       1.520      SLICE_X8Y72    ps/system_i/axi_protocol_converter_0/inst/gen_axilite.gen_b2s_conv.axilite_b2s/RD.r_channel_0/rd_data_fifo_0/memory_reg[31][0]_srl32/CLK
Low Pulse Width   Fast    SRLC32E/CLK  n/a            0.980         2.500       1.520      SLICE_X8Y72    ps/system_i/axi_protocol_converter_0/inst/gen_axilite.gen_b2s_conv.axilite_b2s/RD.r_channel_0/rd_data_fifo_0/memory_reg[31][0]_srl32/CLK
Low Pulse Width   Slow    SRLC32E/CLK  n/a            0.980         2.500       1.520      SLICE_X12Y72   ps/system_i/axi_protocol_converter_0/inst/gen_axilite.gen_b2s_conv.axilite_b2s/RD.r_channel_0/rd_data_fifo_0/memory_reg[31][10]_srl32/CLK
Low Pulse Width   Fast    SRLC32E/CLK  n/a            0.980         2.500       1.520      SLICE_X12Y72   ps/system_i/axi_protocol_converter_0/inst/gen_axilite.gen_b2s_conv.axilite_b2s/RD.r_channel_0/rd_data_fifo_0/memory_reg[31][10]_srl32/CLK
Low Pulse Width   Slow    SRLC32E/CLK  n/a            0.980         2.500       1.520      SLICE_X10Y71   ps/system_i/axi_protocol_converter_0/inst/gen_axilite.gen_b2s_conv.axilite_b2s/RD.r_channel_0/rd_data_fifo_0/memory_reg[31][11]_srl32/CLK
Low Pulse Width   Fast    SRLC32E/CLK  n/a            0.980         2.500       1.520      SLICE_X10Y71   ps/system_i/axi_protocol_converter_0/inst/gen_axilite.gen_b2s_conv.axilite_b2s/RD.r_channel_0/rd_data_fifo_0/memory_reg[31][11]_srl32/CLK
Low Pulse Width   Slow    SRLC32E/CLK  n/a            0.980         2.500       1.520      SLICE_X12Y72   ps/system_i/axi_protocol_converter_0/inst/gen_axilite.gen_b2s_conv.axilite_b2s/RD.r_channel_0/rd_data_fifo_0/memory_reg[31][12]_srl32/CLK
Low Pulse Width   Fast    SRLC32E/CLK  n/a            0.980         2.500       1.520      SLICE_X12Y72   ps/system_i/axi_protocol_converter_0/inst/gen_axilite.gen_b2s_conv.axilite_b2s/RD.r_channel_0/rd_data_fifo_0/memory_reg[31][12]_srl32/CLK
Low Pulse Width   Slow    SRLC32E/CLK  n/a            0.980         2.500       1.520      SLICE_X12Y71   ps/system_i/axi_protocol_converter_0/inst/gen_axilite.gen_b2s_conv.axilite_b2s/RD.r_channel_0/rd_data_fifo_0/memory_reg[31][13]_srl32/CLK
Low Pulse Width   Fast    SRLC32E/CLK  n/a            0.980         2.500       1.520      SLICE_X12Y71   ps/system_i/axi_protocol_converter_0/inst/gen_axilite.gen_b2s_conv.axilite_b2s/RD.r_channel_0/rd_data_fifo_0/memory_reg[31][13]_srl32/CLK
High Pulse Width  Slow    SRLC32E/CLK  n/a            0.980         2.500       1.520      SLICE_X8Y72    ps/system_i/axi_protocol_converter_0/inst/gen_axilite.gen_b2s_conv.axilite_b2s/RD.r_channel_0/rd_data_fifo_0/memory_reg[31][0]_srl32/CLK
High Pulse Width  Fast    SRLC32E/CLK  n/a            0.980         2.500       1.520      SLICE_X8Y72    ps/system_i/axi_protocol_converter_0/inst/gen_axilite.gen_b2s_conv.axilite_b2s/RD.r_channel_0/rd_data_fifo_0/memory_reg[31][0]_srl32/CLK
High Pulse Width  Slow    SRLC32E/CLK  n/a            0.980         2.500       1.520      SLICE_X12Y72   ps/system_i/axi_protocol_converter_0/inst/gen_axilite.gen_b2s_conv.axilite_b2s/RD.r_channel_0/rd_data_fifo_0/memory_reg[31][10]_srl32/CLK
High Pulse Width  Fast    SRLC32E/CLK  n/a            0.980         2.500       1.520      SLICE_X12Y72   ps/system_i/axi_protocol_converter_0/inst/gen_axilite.gen_b2s_conv.axilite_b2s/RD.r_channel_0/rd_data_fifo_0/memory_reg[31][10]_srl32/CLK
High Pulse Width  Slow    SRLC32E/CLK  n/a            0.980         2.500       1.520      SLICE_X10Y71   ps/system_i/axi_protocol_converter_0/inst/gen_axilite.gen_b2s_conv.axilite_b2s/RD.r_channel_0/rd_data_fifo_0/memory_reg[31][11]_srl32/CLK
High Pulse Width  Fast    SRLC32E/CLK  n/a            0.980         2.500       1.520      SLICE_X10Y71   ps/system_i/axi_protocol_converter_0/inst/gen_axilite.gen_b2s_conv.axilite_b2s/RD.r_channel_0/rd_data_fifo_0/memory_reg[31][11]_srl32/CLK
High Pulse Width  Slow    SRLC32E/CLK  n/a            0.980         2.500       1.520      SLICE_X12Y72   ps/system_i/axi_protocol_converter_0/inst/gen_axilite.gen_b2s_conv.axilite_b2s/RD.r_channel_0/rd_data_fifo_0/memory_reg[31][12]_srl32/CLK
High Pulse Width  Fast    SRLC32E/CLK  n/a            0.980         2.500       1.520      SLICE_X12Y72   ps/system_i/axi_protocol_converter_0/inst/gen_axilite.gen_b2s_conv.axilite_b2s/RD.r_channel_0/rd_data_fifo_0/memory_reg[31][12]_srl32/CLK
High Pulse Width  Slow    SRLC32E/CLK  n/a            0.980         2.500       1.520      SLICE_X12Y71   ps/system_i/axi_protocol_converter_0/inst/gen_axilite.gen_b2s_conv.axilite_b2s/RD.r_channel_0/rd_data_fifo_0/memory_reg[31][13]_srl32/CLK
High Pulse Width  Fast    SRLC32E/CLK  n/a            0.980         2.500       1.520      SLICE_X12Y71   ps/system_i/axi_protocol_converter_0/inst/gen_axilite.gen_b2s_conv.axilite_b2s/RD.r_channel_0/rd_data_fifo_0/memory_reg[31][13]_srl32/CLK



---------------------------------------------------------------------------------------------------
From Clock:  rx_clk
  To Clock:  rx_clk

Setup :           NA  Failing Endpoints,  Worst Slack           NA  ,  Total Violation           NA
Hold  :           NA  Failing Endpoints,  Worst Slack           NA  ,  Total Violation           NA
PW    :            0  Failing Endpoints,  Worst Slack        2.333ns,  Total Violation        0.000ns
---------------------------------------------------------------------------------------------------


Pulse Width Checks
--------------------------------------------------------------------------------------
Clock Name:         rx_clk
Waveform(ns):       { 0.000 2.000 }
Period(ns):         4.000
Sources:            { daisy_p_i[1] }

Check Type  Corner  Lib Pin         Reference Pin  Required(ns)  Actual(ns)  Slack(ns)  Location      Pin
Min Period  n/a     ISERDESE2/CLK   n/a            1.667         4.000       2.333      ILOGIC_X0Y38  i_daisy/i_rx/genblk1[0].i_iserdese/CLK
Min Period  n/a     ISERDESE2/CLKB  n/a            1.667         4.000       2.333      ILOGIC_X0Y38  i_daisy/i_rx/genblk1[0].i_iserdese/CLKB
Min Period  n/a     BUFIO/I         n/a            1.666         4.000       2.334      BUFIO_X0Y1    i_daisy/i_rx/i_BUFIO_clk/I
Min Period  n/a     BUFR/I          n/a            1.666         4.000       2.334      BUFR_X0Y1     i_daisy/i_rx/i_BUFR_clk/I



---------------------------------------------------------------------------------------------------
From Clock:  par_clk
  To Clock:  par_clk

Setup :            0  Failing Endpoints,  Worst Slack        3.968ns,  Total Violation        0.000ns
Hold  :            0  Failing Endpoints,  Worst Slack        0.119ns,  Total Violation        0.000ns
PW    :            0  Failing Endpoints,  Worst Slack        3.020ns,  Total Violation        0.000ns
---------------------------------------------------------------------------------------------------


Max Delay Paths
--------------------------------------------------------------------------------------
Slack (MET) :             3.968ns  (required time - arrival time)
  Source:                 i_daisy/genblk3[0].i_test/rx_dat_inc_reg/C
                            (rising edge-triggered cell FDRE clocked by par_clk  {rise@0.000ns fall@4.000ns period=8.000ns})
  Destination:            i_daisy/genblk3[0].i_test/rx_dat_cnt_reg[10]/R
                            (rising edge-triggered cell FDRE clocked by par_clk  {rise@0.000ns fall@4.000ns period=8.000ns})
  Path Group:             par_clk
  Path Type:              Setup (Max at Slow Process Corner)
  Requirement:            8.000ns  (par_clk rise@8.000ns - par_clk rise@0.000ns)
  Data Path Delay:        3.334ns  (logic 0.642ns (19.258%)  route 2.692ns (80.742%))
  Logic Levels:           1  (LUT3=1)
  Clock Path Skew:        -0.139ns (DCD - SCD + CPR)
    Destination Clock Delay (DCD):    4.597ns = ( 12.597 - 8.000 ) 
    Source Clock Delay      (SCD):    5.149ns
    Clock Pessimism Removal (CPR):    0.413ns
  Clock Uncertainty:      0.035ns  ((TSJ^2 + TIJ^2)^1/2 + DJ) / 2 + PE
    Total System Jitter     (TSJ):    0.071ns
    Total Input Jitter      (TIJ):    0.000ns
    Discrete Jitter          (DJ):    0.000ns
    Phase Error              (PE):    0.000ns

    Location             Delay type                Incr(ns)  Path(ns)    Netlist Resource(s)
  -------------------------------------------------------------------    -------------------
                         (clock par_clk rise edge)    0.000     0.000 r  
    N18                                               0.000     0.000 r  daisy_p_i[1] (IN)
                         net (fo=0)                   0.000     0.000    i_daisy/daisy_p_i[1]
    N18                  IBUFDS (Prop_ibufds_I_O)     0.945     0.945 r  i_daisy/i_IBUFGDS_clk/O
                         net (fo=2, routed)           0.510     1.455    i_daisy/i_rx/rxs_clk
    BUFR_X0Y1            BUFR (Prop_bufr_I_O)         1.032     2.487 r  i_daisy/i_rx/i_BUFR_clk/O
                         net (fo=39, routed)          0.814     3.301    i_daisy/i_rx/par_clk
    BUFGCTRL_X0Y4        BUFG (Prop_bufg_I_O)         0.101     3.402 r  i_daisy/i_rx/i_parclk_buf/O
                         net (fo=233, routed)         1.747     5.149    i_daisy/genblk3[0].i_test/CLK
    SLICE_X42Y34         FDRE                                         r  i_daisy/genblk3[0].i_test/rx_dat_inc_reg/C
  -------------------------------------------------------------------    -------------------
    SLICE_X42Y34         FDRE (Prop_fdre_C_Q)         0.518     5.667 f  i_daisy/genblk3[0].i_test/rx_dat_inc_reg/Q
                         net (fo=33, routed)          1.423     7.090    i_daisy/genblk3[0].i_test/rx_dat_inc
    SLICE_X31Y32         LUT3 (Prop_lut3_I0_O)        0.124     7.214 r  i_daisy/genblk3[0].i_test/rx_dat_cnt[0]_i_1/O
                         net (fo=32, routed)          1.269     8.483    i_daisy/genblk3[0].i_test/rx_dat_cnt[0]_i_1_n_0
    SLICE_X34Y33         FDRE                                         r  i_daisy/genblk3[0].i_test/rx_dat_cnt_reg[10]/R
  -------------------------------------------------------------------    -------------------

                         (clock par_clk rise edge)    8.000     8.000 r  
    N18                                               0.000     8.000 r  daisy_p_i[1] (IN)
                         net (fo=0)                   0.000     8.000    i_daisy/daisy_p_i[1]
    N18                  IBUFDS (Prop_ibufds_I_O)     0.902     8.902 r  i_daisy/i_IBUFGDS_clk/O
                         net (fo=2, routed)           0.459     9.361    i_daisy/i_rx/rxs_clk
    BUFR_X0Y1            BUFR (Prop_bufr_I_O)         0.919    10.280 r  i_daisy/i_rx/i_BUFR_clk/O
                         net (fo=39, routed)          0.732    11.012    i_daisy/i_rx/par_clk
    BUFGCTRL_X0Y4        BUFG (Prop_bufg_I_O)         0.091    11.103 r  i_daisy/i_rx/i_parclk_buf/O
                         net (fo=233, routed)         1.493    12.597    i_daisy/genblk3[0].i_test/CLK
    SLICE_X34Y33         FDRE                                         r  i_daisy/genblk3[0].i_test/rx_dat_cnt_reg[10]/C
                         clock pessimism              0.413    13.010    
                         clock uncertainty           -0.035    12.975    
    SLICE_X34Y33         FDRE (Setup_fdre_C_R)       -0.524    12.451    i_daisy/genblk3[0].i_test/rx_dat_cnt_reg[10]
  -------------------------------------------------------------------
                         required time                         12.451    
                         arrival time                          -8.483    
  -------------------------------------------------------------------
                         slack                                  3.968    

Slack (MET) :             3.968ns  (required time - arrival time)
  Source:                 i_daisy/genblk3[0].i_test/rx_dat_inc_reg/C
                            (rising edge-triggered cell FDRE clocked by par_clk  {rise@0.000ns fall@4.000ns period=8.000ns})
  Destination:            i_daisy/genblk3[0].i_test/rx_dat_cnt_reg[11]/R
                            (rising edge-triggered cell FDRE clocked by par_clk  {rise@0.000ns fall@4.000ns period=8.000ns})
  Path Group:             par_clk
  Path Type:              Setup (Max at Slow Process Corner)
  Requirement:            8.000ns  (par_clk rise@8.000ns - par_clk rise@0.000ns)
  Data Path Delay:        3.334ns  (logic 0.642ns (19.258%)  route 2.692ns (80.742%))
  Logic Levels:           1  (LUT3=1)
  Clock Path Skew:        -0.139ns (DCD - SCD + CPR)
    Destination Clock Delay (DCD):    4.597ns = ( 12.597 - 8.000 ) 
    Source Clock Delay      (SCD):    5.149ns
    Clock Pessimism Removal (CPR):    0.413ns
  Clock Uncertainty:      0.035ns  ((TSJ^2 + TIJ^2)^1/2 + DJ) / 2 + PE
    Total System Jitter     (TSJ):    0.071ns
    Total Input Jitter      (TIJ):    0.000ns
    Discrete Jitter          (DJ):    0.000ns
    Phase Error              (PE):    0.000ns

    Location             Delay type                Incr(ns)  Path(ns)    Netlist Resource(s)
  -------------------------------------------------------------------    -------------------
                         (clock par_clk rise edge)    0.000     0.000 r  
    N18                                               0.000     0.000 r  daisy_p_i[1] (IN)
                         net (fo=0)                   0.000     0.000    i_daisy/daisy_p_i[1]
    N18                  IBUFDS (Prop_ibufds_I_O)     0.945     0.945 r  i_daisy/i_IBUFGDS_clk/O
                         net (fo=2, routed)           0.510     1.455    i_daisy/i_rx/rxs_clk
    BUFR_X0Y1            BUFR (Prop_bufr_I_O)         1.032     2.487 r  i_daisy/i_rx/i_BUFR_clk/O
                         net (fo=39, routed)          0.814     3.301    i_daisy/i_rx/par_clk
    BUFGCTRL_X0Y4        BUFG (Prop_bufg_I_O)         0.101     3.402 r  i_daisy/i_rx/i_parclk_buf/O
                         net (fo=233, routed)         1.747     5.149    i_daisy/genblk3[0].i_test/CLK
    SLICE_X42Y34         FDRE                                         r  i_daisy/genblk3[0].i_test/rx_dat_inc_reg/C
  -------------------------------------------------------------------    -------------------
    SLICE_X42Y34         FDRE (Prop_fdre_C_Q)         0.518     5.667 f  i_daisy/genblk3[0].i_test/rx_dat_inc_reg/Q
                         net (fo=33, routed)          1.423     7.090    i_daisy/genblk3[0].i_test/rx_dat_inc
    SLICE_X31Y32         LUT3 (Prop_lut3_I0_O)        0.124     7.214 r  i_daisy/genblk3[0].i_test/rx_dat_cnt[0]_i_1/O
                         net (fo=32, routed)          1.269     8.483    i_daisy/genblk3[0].i_test/rx_dat_cnt[0]_i_1_n_0
    SLICE_X34Y33         FDRE                                         r  i_daisy/genblk3[0].i_test/rx_dat_cnt_reg[11]/R
  -------------------------------------------------------------------    -------------------

                         (clock par_clk rise edge)    8.000     8.000 r  
    N18                                               0.000     8.000 r  daisy_p_i[1] (IN)
                         net (fo=0)                   0.000     8.000    i_daisy/daisy_p_i[1]
    N18                  IBUFDS (Prop_ibufds_I_O)     0.902     8.902 r  i_daisy/i_IBUFGDS_clk/O
                         net (fo=2, routed)           0.459     9.361    i_daisy/i_rx/rxs_clk
    BUFR_X0Y1            BUFR (Prop_bufr_I_O)         0.919    10.280 r  i_daisy/i_rx/i_BUFR_clk/O
                         net (fo=39, routed)          0.732    11.012    i_daisy/i_rx/par_clk
    BUFGCTRL_X0Y4        BUFG (Prop_bufg_I_O)         0.091    11.103 r  i_daisy/i_rx/i_parclk_buf/O
                         net (fo=233, routed)         1.493    12.597    i_daisy/genblk3[0].i_test/CLK
    SLICE_X34Y33         FDRE                                         r  i_daisy/genblk3[0].i_test/rx_dat_cnt_reg[11]/C
                         clock pessimism              0.413    13.010    
                         clock uncertainty           -0.035    12.975    
    SLICE_X34Y33         FDRE (Setup_fdre_C_R)       -0.524    12.451    i_daisy/genblk3[0].i_test/rx_dat_cnt_reg[11]
  -------------------------------------------------------------------
                         required time                         12.451    
                         arrival time                          -8.483    
  -------------------------------------------------------------------
                         slack                                  3.968    

Slack (MET) :             3.968ns  (required time - arrival time)
  Source:                 i_daisy/genblk3[0].i_test/rx_dat_inc_reg/C
                            (rising edge-triggered cell FDRE clocked by par_clk  {rise@0.000ns fall@4.000ns period=8.000ns})
  Destination:            i_daisy/genblk3[0].i_test/rx_dat_cnt_reg[8]/R
                            (rising edge-triggered cell FDRE clocked by par_clk  {rise@0.000ns fall@4.000ns period=8.000ns})
  Path Group:             par_clk
  Path Type:              Setup (Max at Slow Process Corner)
  Requirement:            8.000ns  (par_clk rise@8.000ns - par_clk rise@0.000ns)
  Data Path Delay:        3.334ns  (logic 0.642ns (19.258%)  route 2.692ns (80.742%))
  Logic Levels:           1  (LUT3=1)
  Clock Path Skew:        -0.139ns (DCD - SCD + CPR)
    Destination Clock Delay (DCD):    4.597ns = ( 12.597 - 8.000 ) 
    Source Clock Delay      (SCD):    5.149ns
    Clock Pessimism Removal (CPR):    0.413ns
  Clock Uncertainty:      0.035ns  ((TSJ^2 + TIJ^2)^1/2 + DJ) / 2 + PE
    Total System Jitter     (TSJ):    0.071ns
    Total Input Jitter      (TIJ):    0.000ns
    Discrete Jitter          (DJ):    0.000ns
    Phase Error              (PE):    0.000ns

    Location             Delay type                Incr(ns)  Path(ns)    Netlist Resource(s)
  -------------------------------------------------------------------    -------------------
                         (clock par_clk rise edge)    0.000     0.000 r  
    N18                                               0.000     0.000 r  daisy_p_i[1] (IN)
                         net (fo=0)                   0.000     0.000    i_daisy/daisy_p_i[1]
    N18                  IBUFDS (Prop_ibufds_I_O)     0.945     0.945 r  i_daisy/i_IBUFGDS_clk/O
                         net (fo=2, routed)           0.510     1.455    i_daisy/i_rx/rxs_clk
    BUFR_X0Y1            BUFR (Prop_bufr_I_O)         1.032     2.487 r  i_daisy/i_rx/i_BUFR_clk/O
                         net (fo=39, routed)          0.814     3.301    i_daisy/i_rx/par_clk
    BUFGCTRL_X0Y4        BUFG (Prop_bufg_I_O)         0.101     3.402 r  i_daisy/i_rx/i_parclk_buf/O
                         net (fo=233, routed)         1.747     5.149    i_daisy/genblk3[0].i_test/CLK
    SLICE_X42Y34         FDRE                                         r  i_daisy/genblk3[0].i_test/rx_dat_inc_reg/C
  -------------------------------------------------------------------    -------------------
    SLICE_X42Y34         FDRE (Prop_fdre_C_Q)         0.518     5.667 f  i_daisy/genblk3[0].i_test/rx_dat_inc_reg/Q
                         net (fo=33, routed)          1.423     7.090    i_daisy/genblk3[0].i_test/rx_dat_inc
    SLICE_X31Y32         LUT3 (Prop_lut3_I0_O)        0.124     7.214 r  i_daisy/genblk3[0].i_test/rx_dat_cnt[0]_i_1/O
                         net (fo=32, routed)          1.269     8.483    i_daisy/genblk3[0].i_test/rx_dat_cnt[0]_i_1_n_0
    SLICE_X34Y33         FDRE                                         r  i_daisy/genblk3[0].i_test/rx_dat_cnt_reg[8]/R
  -------------------------------------------------------------------    -------------------

                         (clock par_clk rise edge)    8.000     8.000 r  
    N18                                               0.000     8.000 r  daisy_p_i[1] (IN)
                         net (fo=0)                   0.000     8.000    i_daisy/daisy_p_i[1]
    N18                  IBUFDS (Prop_ibufds_I_O)     0.902     8.902 r  i_daisy/i_IBUFGDS_clk/O
                         net (fo=2, routed)           0.459     9.361    i_daisy/i_rx/rxs_clk
    BUFR_X0Y1            BUFR (Prop_bufr_I_O)         0.919    10.280 r  i_daisy/i_rx/i_BUFR_clk/O
                         net (fo=39, routed)          0.732    11.012    i_daisy/i_rx/par_clk
    BUFGCTRL_X0Y4        BUFG (Prop_bufg_I_O)         0.091    11.103 r  i_daisy/i_rx/i_parclk_buf/O
                         net (fo=233, routed)         1.493    12.597    i_daisy/genblk3[0].i_test/CLK
    SLICE_X34Y33         FDRE                                         r  i_daisy/genblk3[0].i_test/rx_dat_cnt_reg[8]/C
                         clock pessimism              0.413    13.010    
                         clock uncertainty           -0.035    12.975    
    SLICE_X34Y33         FDRE (Setup_fdre_C_R)       -0.524    12.451    i_daisy/genblk3[0].i_test/rx_dat_cnt_reg[8]
  -------------------------------------------------------------------
                         required time                         12.451    
                         arrival time                          -8.483    
  -------------------------------------------------------------------
                         slack                                  3.968    

Slack (MET) :             3.968ns  (required time - arrival time)
  Source:                 i_daisy/genblk3[0].i_test/rx_dat_inc_reg/C
                            (rising edge-triggered cell FDRE clocked by par_clk  {rise@0.000ns fall@4.000ns period=8.000ns})
  Destination:            i_daisy/genblk3[0].i_test/rx_dat_cnt_reg[9]/R
                            (rising edge-triggered cell FDRE clocked by par_clk  {rise@0.000ns fall@4.000ns period=8.000ns})
  Path Group:             par_clk
  Path Type:              Setup (Max at Slow Process Corner)
  Requirement:            8.000ns  (par_clk rise@8.000ns - par_clk rise@0.000ns)
  Data Path Delay:        3.334ns  (logic 0.642ns (19.258%)  route 2.692ns (80.742%))
  Logic Levels:           1  (LUT3=1)
  Clock Path Skew:        -0.139ns (DCD - SCD + CPR)
    Destination Clock Delay (DCD):    4.597ns = ( 12.597 - 8.000 ) 
    Source Clock Delay      (SCD):    5.149ns
    Clock Pessimism Removal (CPR):    0.413ns
  Clock Uncertainty:      0.035ns  ((TSJ^2 + TIJ^2)^1/2 + DJ) / 2 + PE
    Total System Jitter     (TSJ):    0.071ns
    Total Input Jitter      (TIJ):    0.000ns
    Discrete Jitter          (DJ):    0.000ns
    Phase Error              (PE):    0.000ns

    Location             Delay type                Incr(ns)  Path(ns)    Netlist Resource(s)
  -------------------------------------------------------------------    -------------------
                         (clock par_clk rise edge)    0.000     0.000 r  
    N18                                               0.000     0.000 r  daisy_p_i[1] (IN)
                         net (fo=0)                   0.000     0.000    i_daisy/daisy_p_i[1]
    N18                  IBUFDS (Prop_ibufds_I_O)     0.945     0.945 r  i_daisy/i_IBUFGDS_clk/O
                         net (fo=2, routed)           0.510     1.455    i_daisy/i_rx/rxs_clk
    BUFR_X0Y1            BUFR (Prop_bufr_I_O)         1.032     2.487 r  i_daisy/i_rx/i_BUFR_clk/O
                         net (fo=39, routed)          0.814     3.301    i_daisy/i_rx/par_clk
    BUFGCTRL_X0Y4        BUFG (Prop_bufg_I_O)         0.101     3.402 r  i_daisy/i_rx/i_parclk_buf/O
                         net (fo=233, routed)         1.747     5.149    i_daisy/genblk3[0].i_test/CLK
    SLICE_X42Y34         FDRE                                         r  i_daisy/genblk3[0].i_test/rx_dat_inc_reg/C
  -------------------------------------------------------------------    -------------------
    SLICE_X42Y34         FDRE (Prop_fdre_C_Q)         0.518     5.667 f  i_daisy/genblk3[0].i_test/rx_dat_inc_reg/Q
                         net (fo=33, routed)          1.423     7.090    i_daisy/genblk3[0].i_test/rx_dat_inc
    SLICE_X31Y32         LUT3 (Prop_lut3_I0_O)        0.124     7.214 r  i_daisy/genblk3[0].i_test/rx_dat_cnt[0]_i_1/O
                         net (fo=32, routed)          1.269     8.483    i_daisy/genblk3[0].i_test/rx_dat_cnt[0]_i_1_n_0
    SLICE_X34Y33         FDRE                                         r  i_daisy/genblk3[0].i_test/rx_dat_cnt_reg[9]/R
  -------------------------------------------------------------------    -------------------

                         (clock par_clk rise edge)    8.000     8.000 r  
    N18                                               0.000     8.000 r  daisy_p_i[1] (IN)
                         net (fo=0)                   0.000     8.000    i_daisy/daisy_p_i[1]
    N18                  IBUFDS (Prop_ibufds_I_O)     0.902     8.902 r  i_daisy/i_IBUFGDS_clk/O
                         net (fo=2, routed)           0.459     9.361    i_daisy/i_rx/rxs_clk
    BUFR_X0Y1            BUFR (Prop_bufr_I_O)         0.919    10.280 r  i_daisy/i_rx/i_BUFR_clk/O
                         net (fo=39, routed)          0.732    11.012    i_daisy/i_rx/par_clk
    BUFGCTRL_X0Y4        BUFG (Prop_bufg_I_O)         0.091    11.103 r  i_daisy/i_rx/i_parclk_buf/O
                         net (fo=233, routed)         1.493    12.597    i_daisy/genblk3[0].i_test/CLK
    SLICE_X34Y33         FDRE                                         r  i_daisy/genblk3[0].i_test/rx_dat_cnt_reg[9]/C
                         clock pessimism              0.413    13.010    
                         clock uncertainty           -0.035    12.975    
    SLICE_X34Y33         FDRE (Setup_fdre_C_R)       -0.524    12.451    i_daisy/genblk3[0].i_test/rx_dat_cnt_reg[9]
  -------------------------------------------------------------------
                         required time                         12.451    
                         arrival time                          -8.483    
  -------------------------------------------------------------------
                         slack                                  3.968    

Slack (MET) :             4.058ns  (required time - arrival time)
  Source:                 i_daisy/genblk3[0].i_test/rx_err_inc_reg/C
                            (rising edge-triggered cell FDRE clocked by par_clk  {rise@0.000ns fall@4.000ns period=8.000ns})
  Destination:            i_daisy/genblk3[0].i_test/rx_err_cnt_reg[28]/R
                            (rising edge-triggered cell FDRE clocked by par_clk  {rise@0.000ns fall@4.000ns period=8.000ns})
  Path Group:             par_clk
  Path Type:              Setup (Max at Slow Process Corner)
  Requirement:            8.000ns  (par_clk rise@8.000ns - par_clk rise@0.000ns)
  Data Path Delay:        3.141ns  (logic 0.668ns (21.266%)  route 2.473ns (78.734%))
  Logic Levels:           1  (LUT3=1)
  Clock Path Skew:        -0.135ns (DCD - SCD + CPR)
    Destination Clock Delay (DCD):    4.601ns = ( 12.601 - 8.000 ) 
    Source Clock Delay      (SCD):    5.149ns
    Clock Pessimism Removal (CPR):    0.413ns
  Clock Uncertainty:      0.035ns  ((TSJ^2 + TIJ^2)^1/2 + DJ) / 2 + PE
    Total System Jitter     (TSJ):    0.071ns
    Total Input Jitter      (TIJ):    0.000ns
    Discrete Jitter          (DJ):    0.000ns
    Phase Error              (PE):    0.000ns

    Location             Delay type                Incr(ns)  Path(ns)    Netlist Resource(s)
  -------------------------------------------------------------------    -------------------
                         (clock par_clk rise edge)    0.000     0.000 r  
    N18                                               0.000     0.000 r  daisy_p_i[1] (IN)
                         net (fo=0)                   0.000     0.000    i_daisy/daisy_p_i[1]
    N18                  IBUFDS (Prop_ibufds_I_O)     0.945     0.945 r  i_daisy/i_IBUFGDS_clk/O
                         net (fo=2, routed)           0.510     1.455    i_daisy/i_rx/rxs_clk
    BUFR_X0Y1            BUFR (Prop_bufr_I_O)         1.032     2.487 r  i_daisy/i_rx/i_BUFR_clk/O
                         net (fo=39, routed)          0.814     3.301    i_daisy/i_rx/par_clk
    BUFGCTRL_X0Y4        BUFG (Prop_bufg_I_O)         0.101     3.402 r  i_daisy/i_rx/i_parclk_buf/O
                         net (fo=233, routed)         1.747     5.149    i_daisy/genblk3[0].i_test/CLK
    SLICE_X42Y34         FDRE                                         r  i_daisy/genblk3[0].i_test/rx_err_inc_reg/C
  -------------------------------------------------------------------    -------------------
    SLICE_X42Y34         FDRE (Prop_fdre_C_Q)         0.518     5.667 f  i_daisy/genblk3[0].i_test/rx_err_inc_reg/Q
                         net (fo=33, routed)          1.334     7.001    i_daisy/genblk3[0].i_test/rx_err_inc
    SLICE_X31Y32         LUT3 (Prop_lut3_I0_O)        0.150     7.151 r  i_daisy/genblk3[0].i_test/rx_err_cnt[0]_i_1/O
                         net (fo=32, routed)          1.139     8.290    i_daisy/genblk3[0].i_test/rx_err_cnt[0]_i_1_n_0
    SLICE_X31Y40         FDRE                                         r  i_daisy/genblk3[0].i_test/rx_err_cnt_reg[28]/R
  -------------------------------------------------------------------    -------------------

                         (clock par_clk rise edge)    8.000     8.000 r  
    N18                                               0.000     8.000 r  daisy_p_i[1] (IN)
                         net (fo=0)                   0.000     8.000    i_daisy/daisy_p_i[1]
    N18                  IBUFDS (Prop_ibufds_I_O)     0.902     8.902 r  i_daisy/i_IBUFGDS_clk/O
                         net (fo=2, routed)           0.459     9.361    i_daisy/i_rx/rxs_clk
    BUFR_X0Y1            BUFR (Prop_bufr_I_O)         0.919    10.280 r  i_daisy/i_rx/i_BUFR_clk/O
                         net (fo=39, routed)          0.732    11.012    i_daisy/i_rx/par_clk
    BUFGCTRL_X0Y4        BUFG (Prop_bufg_I_O)         0.091    11.103 r  i_daisy/i_rx/i_parclk_buf/O
                         net (fo=233, routed)         1.497    12.601    i_daisy/genblk3[0].i_test/CLK
    SLICE_X31Y40         FDRE                                         r  i_daisy/genblk3[0].i_test/rx_err_cnt_reg[28]/C
                         clock pessimism              0.413    13.014    
                         clock uncertainty           -0.035    12.979    
    SLICE_X31Y40         FDRE (Setup_fdre_C_R)       -0.631    12.348    i_daisy/genblk3[0].i_test/rx_err_cnt_reg[28]
  -------------------------------------------------------------------
                         required time                         12.348    
                         arrival time                          -8.290    
  -------------------------------------------------------------------
                         slack                                  4.058    

Slack (MET) :             4.058ns  (required time - arrival time)
  Source:                 i_daisy/genblk3[0].i_test/rx_err_inc_reg/C
                            (rising edge-triggered cell FDRE clocked by par_clk  {rise@0.000ns fall@4.000ns period=8.000ns})
  Destination:            i_daisy/genblk3[0].i_test/rx_err_cnt_reg[29]/R
                            (rising edge-triggered cell FDRE clocked by par_clk  {rise@0.000ns fall@4.000ns period=8.000ns})
  Path Group:             par_clk
  Path Type:              Setup (Max at Slow Process Corner)
  Requirement:            8.000ns  (par_clk rise@8.000ns - par_clk rise@0.000ns)
  Data Path Delay:        3.141ns  (logic 0.668ns (21.266%)  route 2.473ns (78.734%))
  Logic Levels:           1  (LUT3=1)
  Clock Path Skew:        -0.135ns (DCD - SCD + CPR)
    Destination Clock Delay (DCD):    4.601ns = ( 12.601 - 8.000 ) 
    Source Clock Delay      (SCD):    5.149ns
    Clock Pessimism Removal (CPR):    0.413ns
  Clock Uncertainty:      0.035ns  ((TSJ^2 + TIJ^2)^1/2 + DJ) / 2 + PE
    Total System Jitter     (TSJ):    0.071ns
    Total Input Jitter      (TIJ):    0.000ns
    Discrete Jitter          (DJ):    0.000ns
    Phase Error              (PE):    0.000ns

    Location             Delay type                Incr(ns)  Path(ns)    Netlist Resource(s)
  -------------------------------------------------------------------    -------------------
                         (clock par_clk rise edge)    0.000     0.000 r  
    N18                                               0.000     0.000 r  daisy_p_i[1] (IN)
                         net (fo=0)                   0.000     0.000    i_daisy/daisy_p_i[1]
    N18                  IBUFDS (Prop_ibufds_I_O)     0.945     0.945 r  i_daisy/i_IBUFGDS_clk/O
                         net (fo=2, routed)           0.510     1.455    i_daisy/i_rx/rxs_clk
    BUFR_X0Y1            BUFR (Prop_bufr_I_O)         1.032     2.487 r  i_daisy/i_rx/i_BUFR_clk/O
                         net (fo=39, routed)          0.814     3.301    i_daisy/i_rx/par_clk
    BUFGCTRL_X0Y4        BUFG (Prop_bufg_I_O)         0.101     3.402 r  i_daisy/i_rx/i_parclk_buf/O
                         net (fo=233, routed)         1.747     5.149    i_daisy/genblk3[0].i_test/CLK
    SLICE_X42Y34         FDRE                                         r  i_daisy/genblk3[0].i_test/rx_err_inc_reg/C
  -------------------------------------------------------------------    -------------------
    SLICE_X42Y34         FDRE (Prop_fdre_C_Q)         0.518     5.667 f  i_daisy/genblk3[0].i_test/rx_err_inc_reg/Q
                         net (fo=33, routed)          1.334     7.001    i_daisy/genblk3[0].i_test/rx_err_inc
    SLICE_X31Y32         LUT3 (Prop_lut3_I0_O)        0.150     7.151 r  i_daisy/genblk3[0].i_test/rx_err_cnt[0]_i_1/O
                         net (fo=32, routed)          1.139     8.290    i_daisy/genblk3[0].i_test/rx_err_cnt[0]_i_1_n_0
    SLICE_X31Y40         FDRE                                         r  i_daisy/genblk3[0].i_test/rx_err_cnt_reg[29]/R
  -------------------------------------------------------------------    -------------------

                         (clock par_clk rise edge)    8.000     8.000 r  
    N18                                               0.000     8.000 r  daisy_p_i[1] (IN)
                         net (fo=0)                   0.000     8.000    i_daisy/daisy_p_i[1]
    N18                  IBUFDS (Prop_ibufds_I_O)     0.902     8.902 r  i_daisy/i_IBUFGDS_clk/O
                         net (fo=2, routed)           0.459     9.361    i_daisy/i_rx/rxs_clk
    BUFR_X0Y1            BUFR (Prop_bufr_I_O)         0.919    10.280 r  i_daisy/i_rx/i_BUFR_clk/O
                         net (fo=39, routed)          0.732    11.012    i_daisy/i_rx/par_clk
    BUFGCTRL_X0Y4        BUFG (Prop_bufg_I_O)         0.091    11.103 r  i_daisy/i_rx/i_parclk_buf/O
                         net (fo=233, routed)         1.497    12.601    i_daisy/genblk3[0].i_test/CLK
    SLICE_X31Y40         FDRE                                         r  i_daisy/genblk3[0].i_test/rx_err_cnt_reg[29]/C
                         clock pessimism              0.413    13.014    
                         clock uncertainty           -0.035    12.979    
    SLICE_X31Y40         FDRE (Setup_fdre_C_R)       -0.631    12.348    i_daisy/genblk3[0].i_test/rx_err_cnt_reg[29]
  -------------------------------------------------------------------
                         required time                         12.348    
                         arrival time                          -8.290    
  -------------------------------------------------------------------
                         slack                                  4.058    

Slack (MET) :             4.058ns  (required time - arrival time)
  Source:                 i_daisy/genblk3[0].i_test/rx_err_inc_reg/C
                            (rising edge-triggered cell FDRE clocked by par_clk  {rise@0.000ns fall@4.000ns period=8.000ns})
  Destination:            i_daisy/genblk3[0].i_test/rx_err_cnt_reg[30]/R
                            (rising edge-triggered cell FDRE clocked by par_clk  {rise@0.000ns fall@4.000ns period=8.000ns})
  Path Group:             par_clk
  Path Type:              Setup (Max at Slow Process Corner)
  Requirement:            8.000ns  (par_clk rise@8.000ns - par_clk rise@0.000ns)
  Data Path Delay:        3.141ns  (logic 0.668ns (21.266%)  route 2.473ns (78.734%))
  Logic Levels:           1  (LUT3=1)
  Clock Path Skew:        -0.135ns (DCD - SCD + CPR)
    Destination Clock Delay (DCD):    4.601ns = ( 12.601 - 8.000 ) 
    Source Clock Delay      (SCD):    5.149ns
    Clock Pessimism Removal (CPR):    0.413ns
  Clock Uncertainty:      0.035ns  ((TSJ^2 + TIJ^2)^1/2 + DJ) / 2 + PE
    Total System Jitter     (TSJ):    0.071ns
    Total Input Jitter      (TIJ):    0.000ns
    Discrete Jitter          (DJ):    0.000ns
    Phase Error              (PE):    0.000ns

    Location             Delay type                Incr(ns)  Path(ns)    Netlist Resource(s)
  -------------------------------------------------------------------    -------------------
                         (clock par_clk rise edge)    0.000     0.000 r  
    N18                                               0.000     0.000 r  daisy_p_i[1] (IN)
                         net (fo=0)                   0.000     0.000    i_daisy/daisy_p_i[1]
    N18                  IBUFDS (Prop_ibufds_I_O)     0.945     0.945 r  i_daisy/i_IBUFGDS_clk/O
                         net (fo=2, routed)           0.510     1.455    i_daisy/i_rx/rxs_clk
    BUFR_X0Y1            BUFR (Prop_bufr_I_O)         1.032     2.487 r  i_daisy/i_rx/i_BUFR_clk/O
                         net (fo=39, routed)          0.814     3.301    i_daisy/i_rx/par_clk
    BUFGCTRL_X0Y4        BUFG (Prop_bufg_I_O)         0.101     3.402 r  i_daisy/i_rx/i_parclk_buf/O
                         net (fo=233, routed)         1.747     5.149    i_daisy/genblk3[0].i_test/CLK
    SLICE_X42Y34         FDRE                                         r  i_daisy/genblk3[0].i_test/rx_err_inc_reg/C
  -------------------------------------------------------------------    -------------------
    SLICE_X42Y34         FDRE (Prop_fdre_C_Q)         0.518     5.667 f  i_daisy/genblk3[0].i_test/rx_err_inc_reg/Q
                         net (fo=33, routed)          1.334     7.001    i_daisy/genblk3[0].i_test/rx_err_inc
    SLICE_X31Y32         LUT3 (Prop_lut3_I0_O)        0.150     7.151 r  i_daisy/genblk3[0].i_test/rx_err_cnt[0]_i_1/O
                         net (fo=32, routed)          1.139     8.290    i_daisy/genblk3[0].i_test/rx_err_cnt[0]_i_1_n_0
    SLICE_X31Y40         FDRE                                         r  i_daisy/genblk3[0].i_test/rx_err_cnt_reg[30]/R
  -------------------------------------------------------------------    -------------------

                         (clock par_clk rise edge)    8.000     8.000 r  
    N18                                               0.000     8.000 r  daisy_p_i[1] (IN)
                         net (fo=0)                   0.000     8.000    i_daisy/daisy_p_i[1]
    N18                  IBUFDS (Prop_ibufds_I_O)     0.902     8.902 r  i_daisy/i_IBUFGDS_clk/O
                         net (fo=2, routed)           0.459     9.361    i_daisy/i_rx/rxs_clk
    BUFR_X0Y1            BUFR (Prop_bufr_I_O)         0.919    10.280 r  i_daisy/i_rx/i_BUFR_clk/O
                         net (fo=39, routed)          0.732    11.012    i_daisy/i_rx/par_clk
    BUFGCTRL_X0Y4        BUFG (Prop_bufg_I_O)         0.091    11.103 r  i_daisy/i_rx/i_parclk_buf/O
                         net (fo=233, routed)         1.497    12.601    i_daisy/genblk3[0].i_test/CLK
    SLICE_X31Y40         FDRE                                         r  i_daisy/genblk3[0].i_test/rx_err_cnt_reg[30]/C
                         clock pessimism              0.413    13.014    
                         clock uncertainty           -0.035    12.979    
    SLICE_X31Y40         FDRE (Setup_fdre_C_R)       -0.631    12.348    i_daisy/genblk3[0].i_test/rx_err_cnt_reg[30]
  -------------------------------------------------------------------
                         required time                         12.348    
                         arrival time                          -8.290    
  -------------------------------------------------------------------
                         slack                                  4.058    

Slack (MET) :             4.058ns  (required time - arrival time)
  Source:                 i_daisy/genblk3[0].i_test/rx_err_inc_reg/C
                            (rising edge-triggered cell FDRE clocked by par_clk  {rise@0.000ns fall@4.000ns period=8.000ns})
  Destination:            i_daisy/genblk3[0].i_test/rx_err_cnt_reg[31]/R
                            (rising edge-triggered cell FDRE clocked by par_clk  {rise@0.000ns fall@4.000ns period=8.000ns})
  Path Group:             par_clk
  Path Type:              Setup (Max at Slow Process Corner)
  Requirement:            8.000ns  (par_clk rise@8.000ns - par_clk rise@0.000ns)
  Data Path Delay:        3.141ns  (logic 0.668ns (21.266%)  route 2.473ns (78.734%))
  Logic Levels:           1  (LUT3=1)
  Clock Path Skew:        -0.135ns (DCD - SCD + CPR)
    Destination Clock Delay (DCD):    4.601ns = ( 12.601 - 8.000 ) 
    Source Clock Delay      (SCD):    5.149ns
    Clock Pessimism Removal (CPR):    0.413ns
  Clock Uncertainty:      0.035ns  ((TSJ^2 + TIJ^2)^1/2 + DJ) / 2 + PE
    Total System Jitter     (TSJ):    0.071ns
    Total Input Jitter      (TIJ):    0.000ns
    Discrete Jitter          (DJ):    0.000ns
    Phase Error              (PE):    0.000ns

    Location             Delay type                Incr(ns)  Path(ns)    Netlist Resource(s)
  -------------------------------------------------------------------    -------------------
                         (clock par_clk rise edge)    0.000     0.000 r  
    N18                                               0.000     0.000 r  daisy_p_i[1] (IN)
                         net (fo=0)                   0.000     0.000    i_daisy/daisy_p_i[1]
    N18                  IBUFDS (Prop_ibufds_I_O)     0.945     0.945 r  i_daisy/i_IBUFGDS_clk/O
                         net (fo=2, routed)           0.510     1.455    i_daisy/i_rx/rxs_clk
    BUFR_X0Y1            BUFR (Prop_bufr_I_O)         1.032     2.487 r  i_daisy/i_rx/i_BUFR_clk/O
                         net (fo=39, routed)          0.814     3.301    i_daisy/i_rx/par_clk
    BUFGCTRL_X0Y4        BUFG (Prop_bufg_I_O)         0.101     3.402 r  i_daisy/i_rx/i_parclk_buf/O
                         net (fo=233, routed)         1.747     5.149    i_daisy/genblk3[0].i_test/CLK
    SLICE_X42Y34         FDRE                                         r  i_daisy/genblk3[0].i_test/rx_err_inc_reg/C
  -------------------------------------------------------------------    -------------------
    SLICE_X42Y34         FDRE (Prop_fdre_C_Q)         0.518     5.667 f  i_daisy/genblk3[0].i_test/rx_err_inc_reg/Q
                         net (fo=33, routed)          1.334     7.001    i_daisy/genblk3[0].i_test/rx_err_inc
    SLICE_X31Y32         LUT3 (Prop_lut3_I0_O)        0.150     7.151 r  i_daisy/genblk3[0].i_test/rx_err_cnt[0]_i_1/O
                         net (fo=32, routed)          1.139     8.290    i_daisy/genblk3[0].i_test/rx_err_cnt[0]_i_1_n_0
    SLICE_X31Y40         FDRE                                         r  i_daisy/genblk3[0].i_test/rx_err_cnt_reg[31]/R
  -------------------------------------------------------------------    -------------------

                         (clock par_clk rise edge)    8.000     8.000 r  
    N18                                               0.000     8.000 r  daisy_p_i[1] (IN)
                         net (fo=0)                   0.000     8.000    i_daisy/daisy_p_i[1]
    N18                  IBUFDS (Prop_ibufds_I_O)     0.902     8.902 r  i_daisy/i_IBUFGDS_clk/O
                         net (fo=2, routed)           0.459     9.361    i_daisy/i_rx/rxs_clk
    BUFR_X0Y1            BUFR (Prop_bufr_I_O)         0.919    10.280 r  i_daisy/i_rx/i_BUFR_clk/O
                         net (fo=39, routed)          0.732    11.012    i_daisy/i_rx/par_clk
    BUFGCTRL_X0Y4        BUFG (Prop_bufg_I_O)         0.091    11.103 r  i_daisy/i_rx/i_parclk_buf/O
                         net (fo=233, routed)         1.497    12.601    i_daisy/genblk3[0].i_test/CLK
    SLICE_X31Y40         FDRE                                         r  i_daisy/genblk3[0].i_test/rx_err_cnt_reg[31]/C
                         clock pessimism              0.413    13.014    
                         clock uncertainty           -0.035    12.979    
    SLICE_X31Y40         FDRE (Setup_fdre_C_R)       -0.631    12.348    i_daisy/genblk3[0].i_test/rx_err_cnt_reg[31]
  -------------------------------------------------------------------
                         required time                         12.348    
                         arrival time                          -8.290    
  -------------------------------------------------------------------
                         slack                                  4.058    

Slack (MET) :             4.066ns  (required time - arrival time)
  Source:                 i_daisy/genblk3[0].i_test/rx_dat_inc_reg/C
                            (rising edge-triggered cell FDRE clocked by par_clk  {rise@0.000ns fall@4.000ns period=8.000ns})
  Destination:            i_daisy/genblk3[0].i_test/rx_dat_cnt_reg[20]/R
                            (rising edge-triggered cell FDRE clocked by par_clk  {rise@0.000ns fall@4.000ns period=8.000ns})
  Path Group:             par_clk
  Path Type:              Setup (Max at Slow Process Corner)
  Requirement:            8.000ns  (par_clk rise@8.000ns - par_clk rise@0.000ns)
  Data Path Delay:        3.238ns  (logic 0.642ns (19.830%)  route 2.596ns (80.170%))
  Logic Levels:           1  (LUT3=1)
  Clock Path Skew:        -0.137ns (DCD - SCD + CPR)
    Destination Clock Delay (DCD):    4.599ns = ( 12.599 - 8.000 ) 
    Source Clock Delay      (SCD):    5.149ns
    Clock Pessimism Removal (CPR):    0.413ns
  Clock Uncertainty:      0.035ns  ((TSJ^2 + TIJ^2)^1/2 + DJ) / 2 + PE
    Total System Jitter     (TSJ):    0.071ns
    Total Input Jitter      (TIJ):    0.000ns
    Discrete Jitter          (DJ):    0.000ns
    Phase Error              (PE):    0.000ns

    Location             Delay type                Incr(ns)  Path(ns)    Netlist Resource(s)
  -------------------------------------------------------------------    -------------------
                         (clock par_clk rise edge)    0.000     0.000 r  
    N18                                               0.000     0.000 r  daisy_p_i[1] (IN)
                         net (fo=0)                   0.000     0.000    i_daisy/daisy_p_i[1]
    N18                  IBUFDS (Prop_ibufds_I_O)     0.945     0.945 r  i_daisy/i_IBUFGDS_clk/O
                         net (fo=2, routed)           0.510     1.455    i_daisy/i_rx/rxs_clk
    BUFR_X0Y1            BUFR (Prop_bufr_I_O)         1.032     2.487 r  i_daisy/i_rx/i_BUFR_clk/O
                         net (fo=39, routed)          0.814     3.301    i_daisy/i_rx/par_clk
    BUFGCTRL_X0Y4        BUFG (Prop_bufg_I_O)         0.101     3.402 r  i_daisy/i_rx/i_parclk_buf/O
                         net (fo=233, routed)         1.747     5.149    i_daisy/genblk3[0].i_test/CLK
    SLICE_X42Y34         FDRE                                         r  i_daisy/genblk3[0].i_test/rx_dat_inc_reg/C
  -------------------------------------------------------------------    -------------------
    SLICE_X42Y34         FDRE (Prop_fdre_C_Q)         0.518     5.667 f  i_daisy/genblk3[0].i_test/rx_dat_inc_reg/Q
                         net (fo=33, routed)          1.423     7.090    i_daisy/genblk3[0].i_test/rx_dat_inc
    SLICE_X31Y32         LUT3 (Prop_lut3_I0_O)        0.124     7.214 r  i_daisy/genblk3[0].i_test/rx_dat_cnt[0]_i_1/O
                         net (fo=32, routed)          1.173     8.387    i_daisy/genblk3[0].i_test/rx_dat_cnt[0]_i_1_n_0
    SLICE_X34Y36         FDRE                                         r  i_daisy/genblk3[0].i_test/rx_dat_cnt_reg[20]/R
  -------------------------------------------------------------------    -------------------

                         (clock par_clk rise edge)    8.000     8.000 r  
    N18                                               0.000     8.000 r  daisy_p_i[1] (IN)
                         net (fo=0)                   0.000     8.000    i_daisy/daisy_p_i[1]
    N18                  IBUFDS (Prop_ibufds_I_O)     0.902     8.902 r  i_daisy/i_IBUFGDS_clk/O
                         net (fo=2, routed)           0.459     9.361    i_daisy/i_rx/rxs_clk
    BUFR_X0Y1            BUFR (Prop_bufr_I_O)         0.919    10.280 r  i_daisy/i_rx/i_BUFR_clk/O
                         net (fo=39, routed)          0.732    11.012    i_daisy/i_rx/par_clk
    BUFGCTRL_X0Y4        BUFG (Prop_bufg_I_O)         0.091    11.103 r  i_daisy/i_rx/i_parclk_buf/O
                         net (fo=233, routed)         1.495    12.599    i_daisy/genblk3[0].i_test/CLK
    SLICE_X34Y36         FDRE                                         r  i_daisy/genblk3[0].i_test/rx_dat_cnt_reg[20]/C
                         clock pessimism              0.413    13.012    
                         clock uncertainty           -0.035    12.977    
    SLICE_X34Y36         FDRE (Setup_fdre_C_R)       -0.524    12.453    i_daisy/genblk3[0].i_test/rx_dat_cnt_reg[20]
  -------------------------------------------------------------------
                         required time                         12.453    
                         arrival time                          -8.387    
  -------------------------------------------------------------------
                         slack                                  4.066    

Slack (MET) :             4.066ns  (required time - arrival time)
  Source:                 i_daisy/genblk3[0].i_test/rx_dat_inc_reg/C
                            (rising edge-triggered cell FDRE clocked by par_clk  {rise@0.000ns fall@4.000ns period=8.000ns})
  Destination:            i_daisy/genblk3[0].i_test/rx_dat_cnt_reg[21]/R
                            (rising edge-triggered cell FDRE clocked by par_clk  {rise@0.000ns fall@4.000ns period=8.000ns})
  Path Group:             par_clk
  Path Type:              Setup (Max at Slow Process Corner)
  Requirement:            8.000ns  (par_clk rise@8.000ns - par_clk rise@0.000ns)
  Data Path Delay:        3.238ns  (logic 0.642ns (19.830%)  route 2.596ns (80.170%))
  Logic Levels:           1  (LUT3=1)
  Clock Path Skew:        -0.137ns (DCD - SCD + CPR)
    Destination Clock Delay (DCD):    4.599ns = ( 12.599 - 8.000 ) 
    Source Clock Delay      (SCD):    5.149ns
    Clock Pessimism Removal (CPR):    0.413ns
  Clock Uncertainty:      0.035ns  ((TSJ^2 + TIJ^2)^1/2 + DJ) / 2 + PE
    Total System Jitter     (TSJ):    0.071ns
    Total Input Jitter      (TIJ):    0.000ns
    Discrete Jitter          (DJ):    0.000ns
    Phase Error              (PE):    0.000ns

    Location             Delay type                Incr(ns)  Path(ns)    Netlist Resource(s)
  -------------------------------------------------------------------    -------------------
                         (clock par_clk rise edge)    0.000     0.000 r  
    N18                                               0.000     0.000 r  daisy_p_i[1] (IN)
                         net (fo=0)                   0.000     0.000    i_daisy/daisy_p_i[1]
    N18                  IBUFDS (Prop_ibufds_I_O)     0.945     0.945 r  i_daisy/i_IBUFGDS_clk/O
                         net (fo=2, routed)           0.510     1.455    i_daisy/i_rx/rxs_clk
    BUFR_X0Y1            BUFR (Prop_bufr_I_O)         1.032     2.487 r  i_daisy/i_rx/i_BUFR_clk/O
                         net (fo=39, routed)          0.814     3.301    i_daisy/i_rx/par_clk
    BUFGCTRL_X0Y4        BUFG (Prop_bufg_I_O)         0.101     3.402 r  i_daisy/i_rx/i_parclk_buf/O
                         net (fo=233, routed)         1.747     5.149    i_daisy/genblk3[0].i_test/CLK
    SLICE_X42Y34         FDRE                                         r  i_daisy/genblk3[0].i_test/rx_dat_inc_reg/C
  -------------------------------------------------------------------    -------------------
    SLICE_X42Y34         FDRE (Prop_fdre_C_Q)         0.518     5.667 f  i_daisy/genblk3[0].i_test/rx_dat_inc_reg/Q
                         net (fo=33, routed)          1.423     7.090    i_daisy/genblk3[0].i_test/rx_dat_inc
    SLICE_X31Y32         LUT3 (Prop_lut3_I0_O)        0.124     7.214 r  i_daisy/genblk3[0].i_test/rx_dat_cnt[0]_i_1/O
                         net (fo=32, routed)          1.173     8.387    i_daisy/genblk3[0].i_test/rx_dat_cnt[0]_i_1_n_0
    SLICE_X34Y36         FDRE                                         r  i_daisy/genblk3[0].i_test/rx_dat_cnt_reg[21]/R
  -------------------------------------------------------------------    -------------------

                         (clock par_clk rise edge)    8.000     8.000 r  
    N18                                               0.000     8.000 r  daisy_p_i[1] (IN)
                         net (fo=0)                   0.000     8.000    i_daisy/daisy_p_i[1]
    N18                  IBUFDS (Prop_ibufds_I_O)     0.902     8.902 r  i_daisy/i_IBUFGDS_clk/O
                         net (fo=2, routed)           0.459     9.361    i_daisy/i_rx/rxs_clk
    BUFR_X0Y1            BUFR (Prop_bufr_I_O)         0.919    10.280 r  i_daisy/i_rx/i_BUFR_clk/O
                         net (fo=39, routed)          0.732    11.012    i_daisy/i_rx/par_clk
    BUFGCTRL_X0Y4        BUFG (Prop_bufg_I_O)         0.091    11.103 r  i_daisy/i_rx/i_parclk_buf/O
                         net (fo=233, routed)         1.495    12.599    i_daisy/genblk3[0].i_test/CLK
    SLICE_X34Y36         FDRE                                         r  i_daisy/genblk3[0].i_test/rx_dat_cnt_reg[21]/C
                         clock pessimism              0.413    13.012    
                         clock uncertainty           -0.035    12.977    
    SLICE_X34Y36         FDRE (Setup_fdre_C_R)       -0.524    12.453    i_daisy/genblk3[0].i_test/rx_dat_cnt_reg[21]
  -------------------------------------------------------------------
                         required time                         12.453    
                         arrival time                          -8.387    
  -------------------------------------------------------------------
                         slack                                  4.066    





Min Delay Paths
--------------------------------------------------------------------------------------
Slack (MET) :             0.119ns  (arrival time - required time)
  Source:                 i_daisy/i_rx/genblk1[0].par_train_r_reg[1]/C
                            (rising edge-triggered cell FDRE clocked by par_clk  {rise@0.000ns fall@4.000ns period=8.000ns})
  Destination:            i_daisy/i_rx/genblk1[0].par_train_reg/D
                            (rising edge-triggered cell FDRE clocked by par_clk  {rise@0.000ns fall@4.000ns period=8.000ns})
  Path Group:             par_clk
  Path Type:              Hold (Min at Fast Process Corner)
  Requirement:            0.000ns  (par_clk rise@0.000ns - par_clk rise@0.000ns)
  Data Path Delay:        0.197ns  (logic 0.141ns (71.611%)  route 0.056ns (28.389%))
  Logic Levels:           0  
  Clock Path Skew:        0.000ns (DCD - SCD - CPR)
    Destination Clock Delay (DCD):    2.298ns
    Source Clock Delay      (SCD):    1.694ns
    Clock Pessimism Removal (CPR):    0.603ns

    Location             Delay type                Incr(ns)  Path(ns)    Netlist Resource(s)
  -------------------------------------------------------------------    -------------------
                         (clock par_clk rise edge)    0.000     0.000 r  
    N18                                               0.000     0.000 r  daisy_p_i[1] (IN)
                         net (fo=0)                   0.000     0.000    i_daisy/daisy_p_i[1]
    N18                  IBUFDS (Prop_ibufds_I_O)     0.364     0.364 r  i_daisy/i_IBUFGDS_clk/O
                         net (fo=2, routed)           0.206     0.570    i_daisy/i_rx/rxs_clk
    BUFR_X0Y1            BUFR (Prop_bufr_I_O)         0.271     0.841 r  i_daisy/i_rx/i_BUFR_clk/O
                         net (fo=39, routed)          0.245     1.086    i_daisy/i_rx/par_clk
    BUFGCTRL_X0Y4        BUFG (Prop_bufg_I_O)         0.026     1.112 r  i_daisy/i_rx/i_parclk_buf/O
                         net (fo=233, routed)         0.583     1.694    i_daisy/i_rx/CLK
    SLICE_X39Y31         FDRE                                         r  i_daisy/i_rx/genblk1[0].par_train_r_reg[1]/C
  -------------------------------------------------------------------    -------------------
    SLICE_X39Y31         FDRE (Prop_fdre_C_Q)         0.141     1.835 r  i_daisy/i_rx/genblk1[0].par_train_r_reg[1]/Q
                         net (fo=1, routed)           0.056     1.891    i_daisy/i_rx/p_1_in
    SLICE_X39Y31         FDRE                                         r  i_daisy/i_rx/genblk1[0].par_train_reg/D
  -------------------------------------------------------------------    -------------------

                         (clock par_clk rise edge)    0.000     0.000 r  
    N18                                               0.000     0.000 r  daisy_p_i[1] (IN)
                         net (fo=0)                   0.000     0.000    i_daisy/daisy_p_i[1]
    N18                  IBUFDS (Prop_ibufds_I_O)     0.395     0.395 r  i_daisy/i_IBUFGDS_clk/O
                         net (fo=2, routed)           0.311     0.706    i_daisy/i_rx/rxs_clk
    BUFR_X0Y1            BUFR (Prop_bufr_I_O)         0.432     1.138 r  i_daisy/i_rx/i_BUFR_clk/O
                         net (fo=39, routed)          0.281     1.419    i_daisy/i_rx/par_clk
    BUFGCTRL_X0Y4        BUFG (Prop_bufg_I_O)         0.029     1.448 r  i_daisy/i_rx/i_parclk_buf/O
                         net (fo=233, routed)         0.850     2.298    i_daisy/i_rx/CLK
    SLICE_X39Y31         FDRE                                         r  i_daisy/i_rx/genblk1[0].par_train_reg/C
                         clock pessimism             -0.603     1.694    
    SLICE_X39Y31         FDRE (Hold_fdre_C_D)         0.078     1.772    i_daisy/i_rx/genblk1[0].par_train_reg
  -------------------------------------------------------------------
                         required time                         -1.772    
                         arrival time                           1.891    
  -------------------------------------------------------------------
                         slack                                  0.119    

Slack (MET) :             0.130ns  (arrival time - required time)
  Source:                 i_daisy/genblk4[0].rxp_datr_reg[11]/C
                            (rising edge-triggered cell FDRE clocked by par_clk  {rise@0.000ns fall@4.000ns period=8.000ns})
  Destination:            i_daisy/genblk4[0].rxp_dat_n_reg[11]/D
                            (rising edge-triggered cell FDRE clocked by par_clk  {rise@0.000ns fall@4.000ns period=8.000ns})
  Path Group:             par_clk
  Path Type:              Hold (Min at Fast Process Corner)
  Requirement:            0.000ns  (par_clk rise@0.000ns - par_clk rise@0.000ns)
  Data Path Delay:        0.219ns  (logic 0.141ns (64.274%)  route 0.078ns (35.726%))
  Logic Levels:           0  
  Clock Path Skew:        0.013ns (DCD - SCD - CPR)
    Destination Clock Delay (DCD):    2.302ns
    Source Clock Delay      (SCD):    1.697ns
    Clock Pessimism Removal (CPR):    0.591ns

    Location             Delay type                Incr(ns)  Path(ns)    Netlist Resource(s)
  -------------------------------------------------------------------    -------------------
                         (clock par_clk rise edge)    0.000     0.000 r  
    N18                                               0.000     0.000 r  daisy_p_i[1] (IN)
                         net (fo=0)                   0.000     0.000    i_daisy/daisy_p_i[1]
    N18                  IBUFDS (Prop_ibufds_I_O)     0.364     0.364 r  i_daisy/i_IBUFGDS_clk/O
                         net (fo=2, routed)           0.206     0.570    i_daisy/i_rx/rxs_clk
    BUFR_X0Y1            BUFR (Prop_bufr_I_O)         0.271     0.841 r  i_daisy/i_rx/i_BUFR_clk/O
                         net (fo=39, routed)          0.245     1.086    i_daisy/i_rx/par_clk
    BUFGCTRL_X0Y4        BUFG (Prop_bufg_I_O)         0.026     1.112 r  i_daisy/i_rx/i_parclk_buf/O
                         net (fo=233, routed)         0.586     1.697    i_daisy/adc_clk_daisy
    SLICE_X39Y36         FDRE                                         r  i_daisy/genblk4[0].rxp_datr_reg[11]/C
  -------------------------------------------------------------------    -------------------
    SLICE_X39Y36         FDRE (Prop_fdre_C_Q)         0.141     1.838 r  i_daisy/genblk4[0].rxp_datr_reg[11]/Q
                         net (fo=4, routed)           0.078     1.917    i_daisy/rxp_datr[11]
    SLICE_X38Y36         FDRE                                         r  i_daisy/genblk4[0].rxp_dat_n_reg[11]/D
  -------------------------------------------------------------------    -------------------

                         (clock par_clk rise edge)    0.000     0.000 r  
    N18                                               0.000     0.000 r  daisy_p_i[1] (IN)
                         net (fo=0)                   0.000     0.000    i_daisy/daisy_p_i[1]
    N18                  IBUFDS (Prop_ibufds_I_O)     0.395     0.395 r  i_daisy/i_IBUFGDS_clk/O
                         net (fo=2, routed)           0.311     0.706    i_daisy/i_rx/rxs_clk
    BUFR_X0Y1            BUFR (Prop_bufr_I_O)         0.432     1.138 r  i_daisy/i_rx/i_BUFR_clk/O
                         net (fo=39, routed)          0.281     1.419    i_daisy/i_rx/par_clk
    BUFGCTRL_X0Y4        BUFG (Prop_bufg_I_O)         0.029     1.448 r  i_daisy/i_rx/i_parclk_buf/O
                         net (fo=233, routed)         0.854     2.302    i_daisy/adc_clk_daisy
    SLICE_X38Y36         FDRE                                         r  i_daisy/genblk4[0].rxp_dat_n_reg[11]/C
                         clock pessimism             -0.591     1.710    
    SLICE_X38Y36         FDRE (Hold_fdre_C_D)         0.076     1.786    i_daisy/genblk4[0].rxp_dat_n_reg[11]
  -------------------------------------------------------------------
                         required time                         -1.786    
                         arrival time                           1.917    
  -------------------------------------------------------------------
                         slack                                  0.130    

Slack (MET) :             0.163ns  (arrival time - required time)
  Source:                 i_daisy/i_rx/genblk1[0].par_dat_reg[13]/C
                            (rising edge-triggered cell FDRE clocked by par_clk  {rise@0.000ns fall@4.000ns period=8.000ns})
  Destination:            i_daisy/i_rx/genblk1[0].par_dat_r_reg[13]/D
                            (rising edge-triggered cell FDRE clocked by par_clk  {rise@0.000ns fall@4.000ns period=8.000ns})
  Path Group:             par_clk
  Path Type:              Hold (Min at Slow Process Corner)
  Requirement:            0.000ns  (par_clk rise@0.000ns - par_clk rise@0.000ns)
  Data Path Delay:        2.299ns  (logic 0.367ns (15.962%)  route 1.932ns (84.038%))
  Logic Levels:           0  
  Clock Path Skew:        1.903ns (DCD - SCD - CPR)
    Destination Clock Delay (DCD):    5.147ns
    Source Clock Delay      (SCD):    3.037ns
    Clock Pessimism Removal (CPR):    0.207ns

    Location             Delay type                Incr(ns)  Path(ns)    Netlist Resource(s)
  -------------------------------------------------------------------    -------------------
                         (clock par_clk rise edge)    0.000     0.000 r  
    N18                                               0.000     0.000 r  daisy_p_i[1] (IN)
                         net (fo=0)                   0.000     0.000    i_daisy/daisy_p_i[1]
    N18                  IBUFDS (Prop_ibufds_I_O)     0.902     0.902 r  i_daisy/i_IBUFGDS_clk/O
                         net (fo=2, routed)           0.459     1.361    i_daisy/i_rx/rxs_clk
    BUFR_X0Y1            BUFR (Prop_bufr_I_O)         0.919     2.280 r  i_daisy/i_rx/i_BUFR_clk/O
                         net (fo=39, routed)          0.757     3.037    i_daisy/i_rx/par_clk
    SLICE_X40Y35         FDRE                                         r  i_daisy/i_rx/genblk1[0].par_dat_reg[13]/C
  -------------------------------------------------------------------    -------------------
    SLICE_X40Y35         FDRE (Prop_fdre_C_Q)         0.367     3.404 r  i_daisy/i_rx/genblk1[0].par_dat_reg[13]/Q
                         net (fo=2, routed)           1.932     5.337    i_daisy/i_rx/genblk1[0].par_dat_reg_n_0_[13]
    SLICE_X38Y34         FDRE                                         r  i_daisy/i_rx/genblk1[0].par_dat_r_reg[13]/D
  -------------------------------------------------------------------    -------------------

                         (clock par_clk rise edge)    0.000     0.000 r  
    N18                                               0.000     0.000 r  daisy_p_i[1] (IN)
                         net (fo=0)                   0.000     0.000    i_daisy/daisy_p_i[1]
    N18                  IBUFDS (Prop_ibufds_I_O)     0.945     0.945 r  i_daisy/i_IBUFGDS_clk/O
                         net (fo=2, routed)           0.510     1.455    i_daisy/i_rx/rxs_clk
    BUFR_X0Y1            BUFR (Prop_bufr_I_O)         1.032     2.487 r  i_daisy/i_rx/i_BUFR_clk/O
                         net (fo=39, routed)          0.814     3.301    i_daisy/i_rx/par_clk
    BUFGCTRL_X0Y4        BUFG (Prop_bufg_I_O)         0.101     3.402 r  i_daisy/i_rx/i_parclk_buf/O
                         net (fo=233, routed)         1.745     5.147    i_daisy/i_rx/CLK
    SLICE_X38Y34         FDRE                                         r  i_daisy/i_rx/genblk1[0].par_dat_r_reg[13]/C
                         clock pessimism             -0.207     4.940    
    SLICE_X38Y34         FDRE (Hold_fdre_C_D)         0.233     5.173    i_daisy/i_rx/genblk1[0].par_dat_r_reg[13]
  -------------------------------------------------------------------
                         required time                         -5.173    
                         arrival time                           5.337    
  -------------------------------------------------------------------
                         slack                                  0.163    

Slack (MET) :             0.175ns  (arrival time - required time)
  Source:                 i_daisy/genblk4[0].rxp_datr_reg[9]/C
                            (rising edge-triggered cell FDRE clocked by par_clk  {rise@0.000ns fall@4.000ns period=8.000ns})
  Destination:            i_daisy/genblk3[0].i_test/rx_dat_reg[9]/D
                            (rising edge-triggered cell FDRE clocked by par_clk  {rise@0.000ns fall@4.000ns period=8.000ns})
  Path Group:             par_clk
  Path Type:              Hold (Min at Fast Process Corner)
  Requirement:            0.000ns  (par_clk rise@0.000ns - par_clk rise@0.000ns)
  Data Path Delay:        0.253ns  (logic 0.141ns (55.648%)  route 0.112ns (44.352%))
  Logic Levels:           0  
  Clock Path Skew:        0.014ns (DCD - SCD - CPR)
    Destination Clock Delay (DCD):    2.303ns
    Source Clock Delay      (SCD):    1.699ns
    Clock Pessimism Removal (CPR):    0.589ns

    Location             Delay type                Incr(ns)  Path(ns)    Netlist Resource(s)
  -------------------------------------------------------------------    -------------------
                         (clock par_clk rise edge)    0.000     0.000 r  
    N18                                               0.000     0.000 r  daisy_p_i[1] (IN)
                         net (fo=0)                   0.000     0.000    i_daisy/daisy_p_i[1]
    N18                  IBUFDS (Prop_ibufds_I_O)     0.364     0.364 r  i_daisy/i_IBUFGDS_clk/O
                         net (fo=2, routed)           0.206     0.570    i_daisy/i_rx/rxs_clk
    BUFR_X0Y1            BUFR (Prop_bufr_I_O)         0.271     0.841 r  i_daisy/i_rx/i_BUFR_clk/O
                         net (fo=39, routed)          0.245     1.086    i_daisy/i_rx/par_clk
    BUFGCTRL_X0Y4        BUFG (Prop_bufg_I_O)         0.026     1.112 r  i_daisy/i_rx/i_parclk_buf/O
                         net (fo=233, routed)         0.588     1.699    i_daisy/adc_clk_daisy
    SLICE_X41Y35         FDRE                                         r  i_daisy/genblk4[0].rxp_datr_reg[9]/C
  -------------------------------------------------------------------    -------------------
    SLICE_X41Y35         FDRE (Prop_fdre_C_Q)         0.141     1.840 r  i_daisy/genblk4[0].rxp_datr_reg[9]/Q
                         net (fo=4, routed)           0.112     1.953    i_daisy/genblk3[0].i_test/rx_dat_reg[15]_0[9]
    SLICE_X42Y34         FDRE                                         r  i_daisy/genblk3[0].i_test/rx_dat_reg[9]/D
  -------------------------------------------------------------------    -------------------

                         (clock par_clk rise edge)    0.000     0.000 r  
    N18                                               0.000     0.000 r  daisy_p_i[1] (IN)
                         net (fo=0)                   0.000     0.000    i_daisy/daisy_p_i[1]
    N18                  IBUFDS (Prop_ibufds_I_O)     0.395     0.395 r  i_daisy/i_IBUFGDS_clk/O
                         net (fo=2, routed)           0.311     0.706    i_daisy/i_rx/rxs_clk
    BUFR_X0Y1            BUFR (Prop_bufr_I_O)         0.432     1.138 r  i_daisy/i_rx/i_BUFR_clk/O
                         net (fo=39, routed)          0.281     1.419    i_daisy/i_rx/par_clk
    BUFGCTRL_X0Y4        BUFG (Prop_bufg_I_O)         0.029     1.448 r  i_daisy/i_rx/i_parclk_buf/O
                         net (fo=233, routed)         0.855     2.303    i_daisy/genblk3[0].i_test/CLK
    SLICE_X42Y34         FDRE                                         r  i_daisy/genblk3[0].i_test/rx_dat_reg[9]/C
                         clock pessimism             -0.589     1.713    
    SLICE_X42Y34         FDRE (Hold_fdre_C_D)         0.064     1.777    i_daisy/genblk3[0].i_test/rx_dat_reg[9]
  -------------------------------------------------------------------
                         required time                         -1.777    
                         arrival time                           1.953    
  -------------------------------------------------------------------
                         slack                                  0.175    

Slack (MET) :             0.178ns  (arrival time - required time)
  Source:                 i_daisy/i_rx/genblk1[0].par_dat_reg[0]/C
                            (rising edge-triggered cell FDRE clocked by par_clk  {rise@0.000ns fall@4.000ns period=8.000ns})
  Destination:            i_daisy/i_rx/genblk1[0].par_dat_r_reg[0]/D
                            (rising edge-triggered cell FDRE clocked by par_clk  {rise@0.000ns fall@4.000ns period=8.000ns})
  Path Group:             par_clk
  Path Type:              Hold (Min at Fast Process Corner)
  Requirement:            0.000ns  (par_clk rise@0.000ns - par_clk rise@0.000ns)
  Data Path Delay:        1.142ns  (logic 0.141ns (12.349%)  route 1.001ns (87.651%))
  Logic Levels:           0  
  Clock Path Skew:        0.903ns (DCD - SCD - CPR)
    Destination Clock Delay (DCD):    2.302ns
    Source Clock Delay      (SCD):    1.102ns
    Clock Pessimism Removal (CPR):    0.297ns

    Location             Delay type                Incr(ns)  Path(ns)    Netlist Resource(s)
  -------------------------------------------------------------------    -------------------
                         (clock par_clk rise edge)    0.000     0.000 r  
    N18                                               0.000     0.000 r  daisy_p_i[1] (IN)
                         net (fo=0)                   0.000     0.000    i_daisy/daisy_p_i[1]
    N18                  IBUFDS (Prop_ibufds_I_O)     0.364     0.364 r  i_daisy/i_IBUFGDS_clk/O
                         net (fo=2, routed)           0.206     0.570    i_daisy/i_rx/rxs_clk
    BUFR_X0Y1            BUFR (Prop_bufr_I_O)         0.271     0.841 r  i_daisy/i_rx/i_BUFR_clk/O
                         net (fo=39, routed)          0.261     1.102    i_daisy/i_rx/par_clk
    SLICE_X36Y35         FDRE                                         r  i_daisy/i_rx/genblk1[0].par_dat_reg[0]/C
  -------------------------------------------------------------------    -------------------
    SLICE_X36Y35         FDRE (Prop_fdre_C_Q)         0.141     1.243 r  i_daisy/i_rx/genblk1[0].par_dat_reg[0]/Q
                         net (fo=1, routed)           1.001     2.244    i_daisy/i_rx/genblk1[0].par_dat_reg_n_0_[0]
    SLICE_X37Y35         FDRE                                         r  i_daisy/i_rx/genblk1[0].par_dat_r_reg[0]/D
  -------------------------------------------------------------------    -------------------

                         (clock par_clk rise edge)    0.000     0.000 r  
    N18                                               0.000     0.000 r  daisy_p_i[1] (IN)
                         net (fo=0)                   0.000     0.000    i_daisy/daisy_p_i[1]
    N18                  IBUFDS (Prop_ibufds_I_O)     0.395     0.395 r  i_daisy/i_IBUFGDS_clk/O
                         net (fo=2, routed)           0.311     0.706    i_daisy/i_rx/rxs_clk
    BUFR_X0Y1            BUFR (Prop_bufr_I_O)         0.432     1.138 r  i_daisy/i_rx/i_BUFR_clk/O
                         net (fo=39, routed)          0.281     1.419    i_daisy/i_rx/par_clk
    BUFGCTRL_X0Y4        BUFG (Prop_bufg_I_O)         0.029     1.448 r  i_daisy/i_rx/i_parclk_buf/O
                         net (fo=233, routed)         0.854     2.302    i_daisy/i_rx/CLK
    SLICE_X37Y35         FDRE                                         r  i_daisy/i_rx/genblk1[0].par_dat_r_reg[0]/C
                         clock pessimism             -0.297     2.005    
    SLICE_X37Y35         FDRE (Hold_fdre_C_D)         0.061     2.066    i_daisy/i_rx/genblk1[0].par_dat_r_reg[0]
  -------------------------------------------------------------------
                         required time                         -2.066    
                         arrival time                           2.244    
  -------------------------------------------------------------------
                         slack                                  0.178    

Slack (MET) :             0.178ns  (arrival time - required time)
  Source:                 i_daisy/i_rx/genblk1[0].par_dat_r_reg[14]/C
                            (rising edge-triggered cell FDRE clocked by par_clk  {rise@0.000ns fall@4.000ns period=8.000ns})
  Destination:            i_daisy/i_rx/genblk1[0].par_dat_or_reg[14]/D
                            (rising edge-triggered cell FDRE clocked by par_clk  {rise@0.000ns fall@4.000ns period=8.000ns})
  Path Group:             par_clk
  Path Type:              Hold (Min at Fast Process Corner)
  Requirement:            0.000ns  (par_clk rise@0.000ns - par_clk rise@0.000ns)
  Data Path Delay:        0.265ns  (logic 0.141ns (53.180%)  route 0.124ns (46.820%))
  Logic Levels:           0  
  Clock Path Skew:        0.015ns (DCD - SCD - CPR)
    Destination Clock Delay (DCD):    2.302ns
    Source Clock Delay      (SCD):    1.697ns
    Clock Pessimism Removal (CPR):    0.589ns

    Location             Delay type                Incr(ns)  Path(ns)    Netlist Resource(s)
  -------------------------------------------------------------------    -------------------
                         (clock par_clk rise edge)    0.000     0.000 r  
    N18                                               0.000     0.000 r  daisy_p_i[1] (IN)
                         net (fo=0)                   0.000     0.000    i_daisy/daisy_p_i[1]
    N18                  IBUFDS (Prop_ibufds_I_O)     0.364     0.364 r  i_daisy/i_IBUFGDS_clk/O
                         net (fo=2, routed)           0.206     0.570    i_daisy/i_rx/rxs_clk
    BUFR_X0Y1            BUFR (Prop_bufr_I_O)         0.271     0.841 r  i_daisy/i_rx/i_BUFR_clk/O
                         net (fo=39, routed)          0.245     1.086    i_daisy/i_rx/par_clk
    BUFGCTRL_X0Y4        BUFG (Prop_bufg_I_O)         0.026     1.112 r  i_daisy/i_rx/i_parclk_buf/O
                         net (fo=233, routed)         0.586     1.697    i_daisy/i_rx/CLK
    SLICE_X37Y35         FDRE                                         r  i_daisy/i_rx/genblk1[0].par_dat_r_reg[14]/C
  -------------------------------------------------------------------    -------------------
    SLICE_X37Y35         FDRE (Prop_fdre_C_Q)         0.141     1.838 r  i_daisy/i_rx/genblk1[0].par_dat_r_reg[14]/Q
                         net (fo=2, routed)           0.124     1.963    i_daisy/i_rx/genblk1[0].par_dat_r[14]
    SLICE_X37Y36         FDRE                                         r  i_daisy/i_rx/genblk1[0].par_dat_or_reg[14]/D
  -------------------------------------------------------------------    -------------------

                         (clock par_clk rise edge)    0.000     0.000 r  
    N18                                               0.000     0.000 r  daisy_p_i[1] (IN)
                         net (fo=0)                   0.000     0.000    i_daisy/daisy_p_i[1]
    N18                  IBUFDS (Prop_ibufds_I_O)     0.395     0.395 r  i_daisy/i_IBUFGDS_clk/O
                         net (fo=2, routed)           0.311     0.706    i_daisy/i_rx/rxs_clk
    BUFR_X0Y1            BUFR (Prop_bufr_I_O)         0.432     1.138 r  i_daisy/i_rx/i_BUFR_clk/O
                         net (fo=39, routed)          0.281     1.419    i_daisy/i_rx/par_clk
    BUFGCTRL_X0Y4        BUFG (Prop_bufg_I_O)         0.029     1.448 r  i_daisy/i_rx/i_parclk_buf/O
                         net (fo=233, routed)         0.854     2.302    i_daisy/i_rx/CLK
    SLICE_X37Y36         FDRE                                         r  i_daisy/i_rx/genblk1[0].par_dat_or_reg[14]/C
                         clock pessimism             -0.589     1.712    
    SLICE_X37Y36         FDRE (Hold_fdre_C_D)         0.072     1.784    i_daisy/i_rx/genblk1[0].par_dat_or_reg[14]
  -------------------------------------------------------------------
                         required time                         -1.784    
                         arrival time                           1.963    
  -------------------------------------------------------------------
                         slack                                  0.178    

Slack (MET) :             0.181ns  (arrival time - required time)
  Source:                 i_daisy/i_rx/genblk1[0].par_dat_reg[7]/C
                            (rising edge-triggered cell FDRE clocked by par_clk  {rise@0.000ns fall@4.000ns period=8.000ns})
  Destination:            i_daisy/i_rx/genblk1[0].par_dat_r_reg[7]/D
                            (rising edge-triggered cell FDRE clocked by par_clk  {rise@0.000ns fall@4.000ns period=8.000ns})
  Path Group:             par_clk
  Path Type:              Hold (Min at Slow Process Corner)
  Requirement:            0.000ns  (par_clk rise@0.000ns - par_clk rise@0.000ns)
  Data Path Delay:        2.181ns  (logic 0.337ns (15.453%)  route 1.844ns (84.547%))
  Logic Levels:           0  
  Clock Path Skew:        1.904ns (DCD - SCD - CPR)
    Destination Clock Delay (DCD):    5.147ns
    Source Clock Delay      (SCD):    3.036ns
    Clock Pessimism Removal (CPR):    0.207ns

    Location             Delay type                Incr(ns)  Path(ns)    Netlist Resource(s)
  -------------------------------------------------------------------    -------------------
                         (clock par_clk rise edge)    0.000     0.000 r  
    N18                                               0.000     0.000 r  daisy_p_i[1] (IN)
                         net (fo=0)                   0.000     0.000    i_daisy/daisy_p_i[1]
    N18                  IBUFDS (Prop_ibufds_I_O)     0.902     0.902 r  i_daisy/i_IBUFGDS_clk/O
                         net (fo=2, routed)           0.459     1.361    i_daisy/i_rx/rxs_clk
    BUFR_X0Y1            BUFR (Prop_bufr_I_O)         0.919     2.280 r  i_daisy/i_rx/i_BUFR_clk/O
                         net (fo=39, routed)          0.756     3.036    i_daisy/i_rx/par_clk
    SLICE_X39Y34         FDRE                                         r  i_daisy/i_rx/genblk1[0].par_dat_reg[7]/C
  -------------------------------------------------------------------    -------------------
    SLICE_X39Y34         FDRE (Prop_fdre_C_Q)         0.337     3.373 r  i_daisy/i_rx/genblk1[0].par_dat_reg[7]/Q
                         net (fo=2, routed)           1.844     5.217    i_daisy/i_rx/genblk1[0].par_dat_reg_n_0_[7]
    SLICE_X38Y34         FDRE                                         r  i_daisy/i_rx/genblk1[0].par_dat_r_reg[7]/D
  -------------------------------------------------------------------    -------------------

                         (clock par_clk rise edge)    0.000     0.000 r  
    N18                                               0.000     0.000 r  daisy_p_i[1] (IN)
                         net (fo=0)                   0.000     0.000    i_daisy/daisy_p_i[1]
    N18                  IBUFDS (Prop_ibufds_I_O)     0.945     0.945 r  i_daisy/i_IBUFGDS_clk/O
                         net (fo=2, routed)           0.510     1.455    i_daisy/i_rx/rxs_clk
    BUFR_X0Y1            BUFR (Prop_bufr_I_O)         1.032     2.487 r  i_daisy/i_rx/i_BUFR_clk/O
                         net (fo=39, routed)          0.814     3.301    i_daisy/i_rx/par_clk
    BUFGCTRL_X0Y4        BUFG (Prop_bufg_I_O)         0.101     3.402 r  i_daisy/i_rx/i_parclk_buf/O
                         net (fo=233, routed)         1.745     5.147    i_daisy/i_rx/CLK
    SLICE_X38Y34         FDRE                                         r  i_daisy/i_rx/genblk1[0].par_dat_r_reg[7]/C
                         clock pessimism             -0.207     4.940    
    SLICE_X38Y34         FDRE (Hold_fdre_C_D)         0.096     5.036    i_daisy/i_rx/genblk1[0].par_dat_r_reg[7]
  -------------------------------------------------------------------
                         required time                         -5.036    
                         arrival time                           5.217    
  -------------------------------------------------------------------
                         slack                                  0.181    

Slack (MET) :             0.185ns  (arrival time - required time)
  Source:                 i_daisy/i_rx/genblk1[0].par_dat_or_reg[12]/C
                            (rising edge-triggered cell FDRE clocked by par_clk  {rise@0.000ns fall@4.000ns period=8.000ns})
  Destination:            i_daisy/genblk4[0].rxp_datr_reg[12]/D
                            (rising edge-triggered cell FDRE clocked by par_clk  {rise@0.000ns fall@4.000ns period=8.000ns})
  Path Group:             par_clk
  Path Type:              Hold (Min at Fast Process Corner)
  Requirement:            0.000ns  (par_clk rise@0.000ns - par_clk rise@0.000ns)
  Data Path Delay:        0.247ns  (logic 0.141ns (57.000%)  route 0.106ns (43.000%))
  Logic Levels:           0  
  Clock Path Skew:        0.015ns (DCD - SCD - CPR)
    Destination Clock Delay (DCD):    2.302ns
    Source Clock Delay      (SCD):    1.697ns
    Clock Pessimism Removal (CPR):    0.589ns

    Location             Delay type                Incr(ns)  Path(ns)    Netlist Resource(s)
  -------------------------------------------------------------------    -------------------
                         (clock par_clk rise edge)    0.000     0.000 r  
    N18                                               0.000     0.000 r  daisy_p_i[1] (IN)
                         net (fo=0)                   0.000     0.000    i_daisy/daisy_p_i[1]
    N18                  IBUFDS (Prop_ibufds_I_O)     0.364     0.364 r  i_daisy/i_IBUFGDS_clk/O
                         net (fo=2, routed)           0.206     0.570    i_daisy/i_rx/rxs_clk
    BUFR_X0Y1            BUFR (Prop_bufr_I_O)         0.271     0.841 r  i_daisy/i_rx/i_BUFR_clk/O
                         net (fo=39, routed)          0.245     1.086    i_daisy/i_rx/par_clk
    BUFGCTRL_X0Y4        BUFG (Prop_bufg_I_O)         0.026     1.112 r  i_daisy/i_rx/i_parclk_buf/O
                         net (fo=233, routed)         0.586     1.697    i_daisy/i_rx/CLK
    SLICE_X37Y36         FDRE                                         r  i_daisy/i_rx/genblk1[0].par_dat_or_reg[12]/C
  -------------------------------------------------------------------    -------------------
    SLICE_X37Y36         FDRE (Prop_fdre_C_Q)         0.141     1.838 r  i_daisy/i_rx/genblk1[0].par_dat_or_reg[12]/Q
                         net (fo=2, routed)           0.106     1.945    i_daisy/genblk1[0].par_dat_or[12]
    SLICE_X39Y36         FDRE                                         r  i_daisy/genblk4[0].rxp_datr_reg[12]/D
  -------------------------------------------------------------------    -------------------

                         (clock par_clk rise edge)    0.000     0.000 r  
    N18                                               0.000     0.000 r  daisy_p_i[1] (IN)
                         net (fo=0)                   0.000     0.000    i_daisy/daisy_p_i[1]
    N18                  IBUFDS (Prop_ibufds_I_O)     0.395     0.395 r  i_daisy/i_IBUFGDS_clk/O
                         net (fo=2, routed)           0.311     0.706    i_daisy/i_rx/rxs_clk
    BUFR_X0Y1            BUFR (Prop_bufr_I_O)         0.432     1.138 r  i_daisy/i_rx/i_BUFR_clk/O
                         net (fo=39, routed)          0.281     1.419    i_daisy/i_rx/par_clk
    BUFGCTRL_X0Y4        BUFG (Prop_bufg_I_O)         0.029     1.448 r  i_daisy/i_rx/i_parclk_buf/O
                         net (fo=233, routed)         0.854     2.302    i_daisy/adc_clk_daisy
    SLICE_X39Y36         FDRE                                         r  i_daisy/genblk4[0].rxp_datr_reg[12]/C
                         clock pessimism             -0.589     1.712    
    SLICE_X39Y36         FDRE (Hold_fdre_C_D)         0.047     1.759    i_daisy/genblk4[0].rxp_datr_reg[12]
  -------------------------------------------------------------------
                         required time                         -1.759    
                         arrival time                           1.945    
  -------------------------------------------------------------------
                         slack                                  0.185    

Slack (MET) :             0.187ns  (arrival time - required time)
  Source:                 i_daisy/i_rx/genblk1[0].par_dat_or_reg[11]/C
                            (rising edge-triggered cell FDRE clocked by par_clk  {rise@0.000ns fall@4.000ns period=8.000ns})
  Destination:            i_daisy/genblk4[0].rxp_datr_reg[11]/D
                            (rising edge-triggered cell FDRE clocked by par_clk  {rise@0.000ns fall@4.000ns period=8.000ns})
  Path Group:             par_clk
  Path Type:              Hold (Min at Fast Process Corner)
  Requirement:            0.000ns  (par_clk rise@0.000ns - par_clk rise@0.000ns)
  Data Path Delay:        0.249ns  (logic 0.141ns (56.542%)  route 0.108ns (43.458%))
  Logic Levels:           0  
  Clock Path Skew:        0.015ns (DCD - SCD - CPR)
    Destination Clock Delay (DCD):    2.302ns
    Source Clock Delay      (SCD):    1.697ns
    Clock Pessimism Removal (CPR):    0.589ns

    Location             Delay type                Incr(ns)  Path(ns)    Netlist Resource(s)
  -------------------------------------------------------------------    -------------------
                         (clock par_clk rise edge)    0.000     0.000 r  
    N18                                               0.000     0.000 r  daisy_p_i[1] (IN)
                         net (fo=0)                   0.000     0.000    i_daisy/daisy_p_i[1]
    N18                  IBUFDS (Prop_ibufds_I_O)     0.364     0.364 r  i_daisy/i_IBUFGDS_clk/O
                         net (fo=2, routed)           0.206     0.570    i_daisy/i_rx/rxs_clk
    BUFR_X0Y1            BUFR (Prop_bufr_I_O)         0.271     0.841 r  i_daisy/i_rx/i_BUFR_clk/O
                         net (fo=39, routed)          0.245     1.086    i_daisy/i_rx/par_clk
    BUFGCTRL_X0Y4        BUFG (Prop_bufg_I_O)         0.026     1.112 r  i_daisy/i_rx/i_parclk_buf/O
                         net (fo=233, routed)         0.586     1.697    i_daisy/i_rx/CLK
    SLICE_X37Y36         FDRE                                         r  i_daisy/i_rx/genblk1[0].par_dat_or_reg[11]/C
  -------------------------------------------------------------------    -------------------
    SLICE_X37Y36         FDRE (Prop_fdre_C_Q)         0.141     1.838 r  i_daisy/i_rx/genblk1[0].par_dat_or_reg[11]/Q
                         net (fo=2, routed)           0.108     1.947    i_daisy/genblk1[0].par_dat_or[11]
    SLICE_X39Y36         FDRE                                         r  i_daisy/genblk4[0].rxp_datr_reg[11]/D
  -------------------------------------------------------------------    -------------------

                         (clock par_clk rise edge)    0.000     0.000 r  
    N18                                               0.000     0.000 r  daisy_p_i[1] (IN)
                         net (fo=0)                   0.000     0.000    i_daisy/daisy_p_i[1]
    N18                  IBUFDS (Prop_ibufds_I_O)     0.395     0.395 r  i_daisy/i_IBUFGDS_clk/O
                         net (fo=2, routed)           0.311     0.706    i_daisy/i_rx/rxs_clk
    BUFR_X0Y1            BUFR (Prop_bufr_I_O)         0.432     1.138 r  i_daisy/i_rx/i_BUFR_clk/O
                         net (fo=39, routed)          0.281     1.419    i_daisy/i_rx/par_clk
    BUFGCTRL_X0Y4        BUFG (Prop_bufg_I_O)         0.029     1.448 r  i_daisy/i_rx/i_parclk_buf/O
                         net (fo=233, routed)         0.854     2.302    i_daisy/adc_clk_daisy
    SLICE_X39Y36         FDRE                                         r  i_daisy/genblk4[0].rxp_datr_reg[11]/C
                         clock pessimism             -0.589     1.712    
    SLICE_X39Y36         FDRE (Hold_fdre_C_D)         0.047     1.759    i_daisy/genblk4[0].rxp_datr_reg[11]
  -------------------------------------------------------------------
                         required time                         -1.759    
                         arrival time                           1.947    
  -------------------------------------------------------------------
                         slack                                  0.187    

Slack (MET) :             0.188ns  (arrival time - required time)
  Source:                 i_daisy/genblk3[0].i_test/rx_err_cnt_reg[4]/C
                            (rising edge-triggered cell FDRE clocked by par_clk  {rise@0.000ns fall@4.000ns period=8.000ns})
  Destination:            i_daisy/genblk3[0].i_test/stat_err_o_reg[4]/D
                            (rising edge-triggered cell FDRE clocked by par_clk  {rise@0.000ns fall@4.000ns period=8.000ns})
  Path Group:             par_clk
  Path Type:              Hold (Min at Fast Process Corner)
  Requirement:            0.000ns  (par_clk rise@0.000ns - par_clk rise@0.000ns)
  Data Path Delay:        0.254ns  (logic 0.141ns (55.481%)  route 0.113ns (44.519%))
  Logic Levels:           0  
  Clock Path Skew:        0.014ns (DCD - SCD - CPR)
    Destination Clock Delay (DCD):    2.273ns
    Source Clock Delay      (SCD):    1.670ns
    Clock Pessimism Removal (CPR):    0.588ns

    Location             Delay type                Incr(ns)  Path(ns)    Netlist Resource(s)
  -------------------------------------------------------------------    -------------------
                         (clock par_clk rise edge)    0.000     0.000 r  
    N18                                               0.000     0.000 r  daisy_p_i[1] (IN)
                         net (fo=0)                   0.000     0.000    i_daisy/daisy_p_i[1]
    N18                  IBUFDS (Prop_ibufds_I_O)     0.364     0.364 r  i_daisy/i_IBUFGDS_clk/O
                         net (fo=2, routed)           0.206     0.570    i_daisy/i_rx/rxs_clk
    BUFR_X0Y1            BUFR (Prop_bufr_I_O)         0.271     0.841 r  i_daisy/i_rx/i_BUFR_clk/O
                         net (fo=39, routed)          0.245     1.086    i_daisy/i_rx/par_clk
    BUFGCTRL_X0Y4        BUFG (Prop_bufg_I_O)         0.026     1.112 r  i_daisy/i_rx/i_parclk_buf/O
                         net (fo=233, routed)         0.559     1.670    i_daisy/genblk3[0].i_test/CLK
    SLICE_X31Y34         FDRE                                         r  i_daisy/genblk3[0].i_test/rx_err_cnt_reg[4]/C
  -------------------------------------------------------------------    -------------------
    SLICE_X31Y34         FDRE (Prop_fdre_C_Q)         0.141     1.811 r  i_daisy/genblk3[0].i_test/rx_err_cnt_reg[4]/Q
                         net (fo=2, routed)           0.113     1.925    i_daisy/genblk3[0].i_test/rx_err_cnt_reg[4]
    SLICE_X28Y34         FDRE                                         r  i_daisy/genblk3[0].i_test/stat_err_o_reg[4]/D
  -------------------------------------------------------------------    -------------------

                         (clock par_clk rise edge)    0.000     0.000 r  
    N18                                               0.000     0.000 r  daisy_p_i[1] (IN)
                         net (fo=0)                   0.000     0.000    i_daisy/daisy_p_i[1]
    N18                  IBUFDS (Prop_ibufds_I_O)     0.395     0.395 r  i_daisy/i_IBUFGDS_clk/O
                         net (fo=2, routed)           0.311     0.706    i_daisy/i_rx/rxs_clk
    BUFR_X0Y1            BUFR (Prop_bufr_I_O)         0.432     1.138 r  i_daisy/i_rx/i_BUFR_clk/O
                         net (fo=39, routed)          0.281     1.419    i_daisy/i_rx/par_clk
    BUFGCTRL_X0Y4        BUFG (Prop_bufg_I_O)         0.029     1.448 r  i_daisy/i_rx/i_parclk_buf/O
                         net (fo=233, routed)         0.825     2.273    i_daisy/genblk3[0].i_test/CLK
    SLICE_X28Y34         FDRE                                         r  i_daisy/genblk3[0].i_test/stat_err_o_reg[4]/C
                         clock pessimism             -0.588     1.684    
    SLICE_X28Y34         FDRE (Hold_fdre_C_D)         0.052     1.736    i_daisy/genblk3[0].i_test/stat_err_o_reg[4]
  -------------------------------------------------------------------
                         required time                         -1.736    
                         arrival time                           1.925    
  -------------------------------------------------------------------
                         slack                                  0.188    





Pulse Width Checks
--------------------------------------------------------------------------------------
Clock Name:         par_clk
Waveform(ns):       { 0.000 4.000 }
Period(ns):         8.000
Sources:            { i_daisy/i_rx/i_BUFR_clk/O }

Check Type        Corner  Lib Pin           Reference Pin  Required(ns)  Actual(ns)  Slack(ns)  Location       Pin
Min Period        n/a     BUFG/I            n/a            2.155         8.000       5.845      BUFGCTRL_X0Y4  i_daisy/i_rx/i_parclk_buf/I
Min Period        n/a     ISERDESE2/CLKDIV  n/a            1.667         8.000       6.333      ILOGIC_X0Y38   i_daisy/i_rx/genblk1[0].i_iserdese/CLKDIV
Min Period        n/a     ODDR/C            n/a            1.474         8.000       6.526      OLOGIC_X0Y21   i_adc_clk_n/C
Min Period        n/a     ODDR/C            n/a            1.474         8.000       6.526      OLOGIC_X0Y22   i_adc_clk_p/C
Min Period        n/a     FDRE/C            n/a            1.000         8.000       7.000      SLICE_X38Y36   i_daisy/genblk4[0].rxp_dat_n_reg[0]/C
Min Period        n/a     FDRE/C            n/a            1.000         8.000       7.000      SLICE_X38Y36   i_daisy/genblk4[0].rxp_dat_n_reg[10]/C
Min Period        n/a     FDRE/C            n/a            1.000         8.000       7.000      SLICE_X38Y36   i_daisy/genblk4[0].rxp_dat_n_reg[11]/C
Min Period        n/a     FDRE/C            n/a            1.000         8.000       7.000      SLICE_X38Y36   i_daisy/genblk4[0].rxp_dat_n_reg[12]/C
Min Period        n/a     FDRE/C            n/a            1.000         8.000       7.000      SLICE_X38Y38   i_daisy/genblk4[0].rxp_dat_n_reg[13]/C
Min Period        n/a     FDRE/C            n/a            1.000         8.000       7.000      SLICE_X38Y36   i_daisy/genblk4[0].rxp_dat_n_reg[14]/C
Low Pulse Width   Slow    SRL16E/CLK        n/a            0.980         4.000       3.020      SLICE_X38Y33   i_daisy/i_rx/genblk1[0].bitslip_r_reg[1]_srl2/CLK
Low Pulse Width   Fast    SRL16E/CLK        n/a            0.980         4.000       3.020      SLICE_X38Y33   i_daisy/i_rx/genblk1[0].bitslip_r_reg[1]_srl2/CLK
Low Pulse Width   Slow    FDRE/C            n/a            0.500         4.000       3.500      SLICE_X38Y36   i_daisy/genblk4[0].rxp_dat_n_reg[0]/C
Low Pulse Width   Fast    FDRE/C            n/a            0.500         4.000       3.500      SLICE_X38Y36   i_daisy/genblk4[0].rxp_dat_n_reg[0]/C
Low Pulse Width   Slow    FDRE/C            n/a            0.500         4.000       3.500      SLICE_X38Y36   i_daisy/genblk4[0].rxp_dat_n_reg[10]/C
Low Pulse Width   Fast    FDRE/C            n/a            0.500         4.000       3.500      SLICE_X38Y36   i_daisy/genblk4[0].rxp_dat_n_reg[10]/C
Low Pulse Width   Slow    FDRE/C            n/a            0.500         4.000       3.500      SLICE_X38Y36   i_daisy/genblk4[0].rxp_dat_n_reg[11]/C
Low Pulse Width   Fast    FDRE/C            n/a            0.500         4.000       3.500      SLICE_X38Y36   i_daisy/genblk4[0].rxp_dat_n_reg[11]/C
Low Pulse Width   Slow    FDRE/C            n/a            0.500         4.000       3.500      SLICE_X38Y36   i_daisy/genblk4[0].rxp_dat_n_reg[12]/C
Low Pulse Width   Fast    FDRE/C            n/a            0.500         4.000       3.500      SLICE_X38Y36   i_daisy/genblk4[0].rxp_dat_n_reg[12]/C
High Pulse Width  Slow    SRL16E/CLK        n/a            0.980         4.000       3.020      SLICE_X38Y33   i_daisy/i_rx/genblk1[0].bitslip_r_reg[1]_srl2/CLK
High Pulse Width  Fast    SRL16E/CLK        n/a            0.980         4.000       3.020      SLICE_X38Y33   i_daisy/i_rx/genblk1[0].bitslip_r_reg[1]_srl2/CLK
High Pulse Width  Slow    FDRE/C            n/a            0.500         4.000       3.500      SLICE_X38Y36   i_daisy/genblk4[0].rxp_dat_n_reg[0]/C
High Pulse Width  Fast    FDRE/C            n/a            0.500         4.000       3.500      SLICE_X38Y36   i_daisy/genblk4[0].rxp_dat_n_reg[0]/C
High Pulse Width  Slow    FDRE/C            n/a            0.500         4.000       3.500      SLICE_X38Y36   i_daisy/genblk4[0].rxp_dat_n_reg[10]/C
High Pulse Width  Fast    FDRE/C            n/a            0.500         4.000       3.500      SLICE_X38Y36   i_daisy/genblk4[0].rxp_dat_n_reg[10]/C
High Pulse Width  Slow    FDRE/C            n/a            0.500         4.000       3.500      SLICE_X38Y36   i_daisy/genblk4[0].rxp_dat_n_reg[11]/C
High Pulse Width  Fast    FDRE/C            n/a            0.500         4.000       3.500      SLICE_X38Y36   i_daisy/genblk4[0].rxp_dat_n_reg[11]/C
High Pulse Width  Slow    FDRE/C            n/a            0.500         4.000       3.500      SLICE_X38Y36   i_daisy/genblk4[0].rxp_dat_n_reg[12]/C
High Pulse Width  Fast    FDRE/C            n/a            0.500         4.000       3.500      SLICE_X38Y36   i_daisy/genblk4[0].rxp_dat_n_reg[12]/C



---------------------------------------------------------------------------------------------------
From Clock:  pll_dac_clk_2x
  To Clock:  pll_adc_clk

Setup :            0  Failing Endpoints,  Worst Slack        2.690ns,  Total Violation        0.000ns
Hold  :           NA  Failing Endpoints,  Worst Slack           NA  ,  Total Violation           NA
---------------------------------------------------------------------------------------------------


Max Delay Paths
--------------------------------------------------------------------------------------
Slack (MET) :             2.690ns  (required time - arrival time)
  Source:                 i_asg/chB/inst_axi_dac/inst_asg_dat_fifo/U0/inst_fifo_gen/gconvfifo.rf/grf.rf/gntv_or_sync_fifo.gcx.clkx/wr_pntr_cdc_inst/src_gray_ff_reg[5]/C
                            (rising edge-triggered cell FDRE clocked by pll_dac_clk_2x  {rise@0.000ns fall@2.034ns period=4.069ns})
  Destination:            i_asg/chB/inst_axi_dac/inst_asg_dat_fifo/U0/inst_fifo_gen/gconvfifo.rf/grf.rf/gntv_or_sync_fifo.gcx.clkx/wr_pntr_cdc_inst/dest_graysync_ff_reg[0][5]/D
                            (rising edge-triggered cell FDRE clocked by pll_adc_clk  {rise@0.000ns fall@4.069ns period=8.138ns})
  Path Group:             pll_adc_clk
  Path Type:              Setup (Max at Slow Process Corner)
  Requirement:            4.069ns  (MaxDelay Path 4.069ns)
  Data Path Delay:        1.107ns  (logic 0.478ns (43.174%)  route 0.629ns (56.826%))
  Logic Levels:           0  
  Timing Exception:       MaxDelay Path 4.069ns -datapath_only

    Location             Delay type                Incr(ns)  Path(ns)    Netlist Resource(s)
  -------------------------------------------------------------------    -------------------
    SLICE_X8Y31                                       0.000     0.000 r  i_asg/chB/inst_axi_dac/inst_asg_dat_fifo/U0/inst_fifo_gen/gconvfifo.rf/grf.rf/gntv_or_sync_fifo.gcx.clkx/wr_pntr_cdc_inst/src_gray_ff_reg[5]/C
    SLICE_X8Y31          FDRE (Prop_fdre_C_Q)         0.478     0.478 r  i_asg/chB/inst_axi_dac/inst_asg_dat_fifo/U0/inst_fifo_gen/gconvfifo.rf/grf.rf/gntv_or_sync_fifo.gcx.clkx/wr_pntr_cdc_inst/src_gray_ff_reg[5]/Q
                         net (fo=1, routed)           0.629     1.107    i_asg/chB/inst_axi_dac/inst_asg_dat_fifo/U0/inst_fifo_gen/gconvfifo.rf/grf.rf/gntv_or_sync_fifo.gcx.clkx/wr_pntr_cdc_inst/async_path[5]
    SLICE_X9Y33          FDRE                                         r  i_asg/chB/inst_axi_dac/inst_asg_dat_fifo/U0/inst_fifo_gen/gconvfifo.rf/grf.rf/gntv_or_sync_fifo.gcx.clkx/wr_pntr_cdc_inst/dest_graysync_ff_reg[0][5]/D
  -------------------------------------------------------------------    -------------------

                         max delay                    4.069     4.069    
    SLICE_X9Y33          FDRE (Setup_fdre_C_D)       -0.272     3.797    i_asg/chB/inst_axi_dac/inst_asg_dat_fifo/U0/inst_fifo_gen/gconvfifo.rf/grf.rf/gntv_or_sync_fifo.gcx.clkx/wr_pntr_cdc_inst/dest_graysync_ff_reg[0][5]
  -------------------------------------------------------------------
                         required time                          3.797    
                         arrival time                          -1.107    
  -------------------------------------------------------------------
                         slack                                  2.690    

Slack (MET) :             2.702ns  (required time - arrival time)
  Source:                 i_asg/chA/inst_axi_dac/inst_sync_fifo/U0/inst_fifo_gen/gconvfifo.rf/grf.rf/gntv_or_sync_fifo.gcx.clkx/rd_pntr_cdc_inst/src_gray_ff_reg[3]/C
                            (rising edge-triggered cell FDRE clocked by pll_dac_clk_2x  {rise@0.000ns fall@2.034ns period=4.069ns})
  Destination:            i_asg/chA/inst_axi_dac/inst_sync_fifo/U0/inst_fifo_gen/gconvfifo.rf/grf.rf/gntv_or_sync_fifo.gcx.clkx/rd_pntr_cdc_inst/dest_graysync_ff_reg[0][3]/D
                            (rising edge-triggered cell FDRE clocked by pll_adc_clk  {rise@0.000ns fall@4.069ns period=8.138ns})
  Path Group:             pll_adc_clk
  Path Type:              Setup (Max at Slow Process Corner)
  Requirement:            4.069ns  (MaxDelay Path 4.069ns)
  Data Path Delay:        1.102ns  (logic 0.419ns (38.026%)  route 0.683ns (61.974%))
  Logic Levels:           0  
  Timing Exception:       MaxDelay Path 4.069ns -datapath_only

    Location             Delay type                Incr(ns)  Path(ns)    Netlist Resource(s)
  -------------------------------------------------------------------    -------------------
    SLICE_X19Y29                                      0.000     0.000 r  i_asg/chA/inst_axi_dac/inst_sync_fifo/U0/inst_fifo_gen/gconvfifo.rf/grf.rf/gntv_or_sync_fifo.gcx.clkx/rd_pntr_cdc_inst/src_gray_ff_reg[3]/C
    SLICE_X19Y29         FDRE (Prop_fdre_C_Q)         0.419     0.419 r  i_asg/chA/inst_axi_dac/inst_sync_fifo/U0/inst_fifo_gen/gconvfifo.rf/grf.rf/gntv_or_sync_fifo.gcx.clkx/rd_pntr_cdc_inst/src_gray_ff_reg[3]/Q
                         net (fo=1, routed)           0.683     1.102    i_asg/chA/inst_axi_dac/inst_sync_fifo/U0/inst_fifo_gen/gconvfifo.rf/grf.rf/gntv_or_sync_fifo.gcx.clkx/rd_pntr_cdc_inst/async_path[3]
    SLICE_X18Y29         FDRE                                         r  i_asg/chA/inst_axi_dac/inst_sync_fifo/U0/inst_fifo_gen/gconvfifo.rf/grf.rf/gntv_or_sync_fifo.gcx.clkx/rd_pntr_cdc_inst/dest_graysync_ff_reg[0][3]/D
  -------------------------------------------------------------------    -------------------

                         max delay                    4.069     4.069    
    SLICE_X18Y29         FDRE (Setup_fdre_C_D)       -0.265     3.804    i_asg/chA/inst_axi_dac/inst_sync_fifo/U0/inst_fifo_gen/gconvfifo.rf/grf.rf/gntv_or_sync_fifo.gcx.clkx/rd_pntr_cdc_inst/dest_graysync_ff_reg[0][3]
  -------------------------------------------------------------------
                         required time                          3.804    
                         arrival time                          -1.102    
  -------------------------------------------------------------------
                         slack                                  2.702    

Slack (MET) :             2.728ns  (required time - arrival time)
  Source:                 i_asg/chB/inst_axi_dac/inst_sync_fifo/U0/inst_fifo_gen/gconvfifo.rf/grf.rf/gntv_or_sync_fifo.gcx.clkx/rd_pntr_cdc_inst/src_gray_ff_reg[1]/C
                            (rising edge-triggered cell FDRE clocked by pll_dac_clk_2x  {rise@0.000ns fall@2.034ns period=4.069ns})
  Destination:            i_asg/chB/inst_axi_dac/inst_sync_fifo/U0/inst_fifo_gen/gconvfifo.rf/grf.rf/gntv_or_sync_fifo.gcx.clkx/rd_pntr_cdc_inst/dest_graysync_ff_reg[0][1]/D
                            (rising edge-triggered cell FDRE clocked by pll_adc_clk  {rise@0.000ns fall@4.069ns period=8.138ns})
  Path Group:             pll_adc_clk
  Path Type:              Setup (Max at Slow Process Corner)
  Requirement:            4.069ns  (MaxDelay Path 4.069ns)
  Data Path Delay:        1.127ns  (logic 0.478ns (42.407%)  route 0.649ns (57.593%))
  Logic Levels:           0  
  Timing Exception:       MaxDelay Path 4.069ns -datapath_only

    Location             Delay type                Incr(ns)  Path(ns)    Netlist Resource(s)
  -------------------------------------------------------------------    -------------------
    SLICE_X10Y37                                      0.000     0.000 r  i_asg/chB/inst_axi_dac/inst_sync_fifo/U0/inst_fifo_gen/gconvfifo.rf/grf.rf/gntv_or_sync_fifo.gcx.clkx/rd_pntr_cdc_inst/src_gray_ff_reg[1]/C
    SLICE_X10Y37         FDRE (Prop_fdre_C_Q)         0.478     0.478 r  i_asg/chB/inst_axi_dac/inst_sync_fifo/U0/inst_fifo_gen/gconvfifo.rf/grf.rf/gntv_or_sync_fifo.gcx.clkx/rd_pntr_cdc_inst/src_gray_ff_reg[1]/Q
                         net (fo=1, routed)           0.649     1.127    i_asg/chB/inst_axi_dac/inst_sync_fifo/U0/inst_fifo_gen/gconvfifo.rf/grf.rf/gntv_or_sync_fifo.gcx.clkx/rd_pntr_cdc_inst/async_path[1]
    SLICE_X10Y36         FDRE                                         r  i_asg/chB/inst_axi_dac/inst_sync_fifo/U0/inst_fifo_gen/gconvfifo.rf/grf.rf/gntv_or_sync_fifo.gcx.clkx/rd_pntr_cdc_inst/dest_graysync_ff_reg[0][1]/D
  -------------------------------------------------------------------    -------------------

                         max delay                    4.069     4.069    
    SLICE_X10Y36         FDRE (Setup_fdre_C_D)       -0.214     3.855    i_asg/chB/inst_axi_dac/inst_sync_fifo/U0/inst_fifo_gen/gconvfifo.rf/grf.rf/gntv_or_sync_fifo.gcx.clkx/rd_pntr_cdc_inst/dest_graysync_ff_reg[0][1]
  -------------------------------------------------------------------
                         required time                          3.855    
                         arrival time                          -1.127    
  -------------------------------------------------------------------
                         slack                                  2.728    

Slack (MET) :             2.752ns  (required time - arrival time)
  Source:                 i_asg/chB/inst_axi_dac/inst_sync_fifo/U0/inst_fifo_gen/gconvfifo.rf/grf.rf/gntv_or_sync_fifo.gcx.clkx/rd_pntr_cdc_inst/src_gray_ff_reg[2]/C
                            (rising edge-triggered cell FDRE clocked by pll_dac_clk_2x  {rise@0.000ns fall@2.034ns period=4.069ns})
  Destination:            i_asg/chB/inst_axi_dac/inst_sync_fifo/U0/inst_fifo_gen/gconvfifo.rf/grf.rf/gntv_or_sync_fifo.gcx.clkx/rd_pntr_cdc_inst/dest_graysync_ff_reg[0][2]/D
                            (rising edge-triggered cell FDRE clocked by pll_adc_clk  {rise@0.000ns fall@4.069ns period=8.138ns})
  Path Group:             pll_adc_clk
  Path Type:              Setup (Max at Slow Process Corner)
  Requirement:            4.069ns  (MaxDelay Path 4.069ns)
  Data Path Delay:        1.222ns  (logic 0.456ns (37.304%)  route 0.766ns (62.696%))
  Logic Levels:           0  
  Timing Exception:       MaxDelay Path 4.069ns -datapath_only

    Location             Delay type                Incr(ns)  Path(ns)    Netlist Resource(s)
  -------------------------------------------------------------------    -------------------
    SLICE_X11Y37                                      0.000     0.000 r  i_asg/chB/inst_axi_dac/inst_sync_fifo/U0/inst_fifo_gen/gconvfifo.rf/grf.rf/gntv_or_sync_fifo.gcx.clkx/rd_pntr_cdc_inst/src_gray_ff_reg[2]/C
    SLICE_X11Y37         FDRE (Prop_fdre_C_Q)         0.456     0.456 r  i_asg/chB/inst_axi_dac/inst_sync_fifo/U0/inst_fifo_gen/gconvfifo.rf/grf.rf/gntv_or_sync_fifo.gcx.clkx/rd_pntr_cdc_inst/src_gray_ff_reg[2]/Q
                         net (fo=1, routed)           0.766     1.222    i_asg/chB/inst_axi_dac/inst_sync_fifo/U0/inst_fifo_gen/gconvfifo.rf/grf.rf/gntv_or_sync_fifo.gcx.clkx/rd_pntr_cdc_inst/async_path[2]
    SLICE_X11Y36         FDRE                                         r  i_asg/chB/inst_axi_dac/inst_sync_fifo/U0/inst_fifo_gen/gconvfifo.rf/grf.rf/gntv_or_sync_fifo.gcx.clkx/rd_pntr_cdc_inst/dest_graysync_ff_reg[0][2]/D
  -------------------------------------------------------------------    -------------------

                         max delay                    4.069     4.069    
    SLICE_X11Y36         FDRE (Setup_fdre_C_D)       -0.095     3.974    i_asg/chB/inst_axi_dac/inst_sync_fifo/U0/inst_fifo_gen/gconvfifo.rf/grf.rf/gntv_or_sync_fifo.gcx.clkx/rd_pntr_cdc_inst/dest_graysync_ff_reg[0][2]
  -------------------------------------------------------------------
                         required time                          3.974    
                         arrival time                          -1.222    
  -------------------------------------------------------------------
                         slack                                  2.752    

Slack (MET) :             2.756ns  (required time - arrival time)
  Source:                 i_asg/chA/inst_axi_dac/inst_asg_dat_fifo/U0/inst_fifo_gen/gconvfifo.rf/grf.rf/gntv_or_sync_fifo.gcx.clkx/wr_pntr_cdc_inst/src_gray_ff_reg[3]/C
                            (rising edge-triggered cell FDRE clocked by pll_dac_clk_2x  {rise@0.000ns fall@2.034ns period=4.069ns})
  Destination:            i_asg/chA/inst_axi_dac/inst_asg_dat_fifo/U0/inst_fifo_gen/gconvfifo.rf/grf.rf/gntv_or_sync_fifo.gcx.clkx/wr_pntr_cdc_inst/dest_graysync_ff_reg[0][3]/D
                            (rising edge-triggered cell FDRE clocked by pll_adc_clk  {rise@0.000ns fall@4.069ns period=8.138ns})
  Path Group:             pll_adc_clk
  Path Type:              Setup (Max at Slow Process Corner)
  Requirement:            4.069ns  (MaxDelay Path 4.069ns)
  Data Path Delay:        1.046ns  (logic 0.419ns (40.055%)  route 0.627ns (59.945%))
  Logic Levels:           0  
  Timing Exception:       MaxDelay Path 4.069ns -datapath_only

    Location             Delay type                Incr(ns)  Path(ns)    Netlist Resource(s)
  -------------------------------------------------------------------    -------------------
    SLICE_X7Y20                                       0.000     0.000 r  i_asg/chA/inst_axi_dac/inst_asg_dat_fifo/U0/inst_fifo_gen/gconvfifo.rf/grf.rf/gntv_or_sync_fifo.gcx.clkx/wr_pntr_cdc_inst/src_gray_ff_reg[3]/C
    SLICE_X7Y20          FDRE (Prop_fdre_C_Q)         0.419     0.419 r  i_asg/chA/inst_axi_dac/inst_asg_dat_fifo/U0/inst_fifo_gen/gconvfifo.rf/grf.rf/gntv_or_sync_fifo.gcx.clkx/wr_pntr_cdc_inst/src_gray_ff_reg[3]/Q
                         net (fo=1, routed)           0.627     1.046    i_asg/chA/inst_axi_dac/inst_asg_dat_fifo/U0/inst_fifo_gen/gconvfifo.rf/grf.rf/gntv_or_sync_fifo.gcx.clkx/wr_pntr_cdc_inst/async_path[3]
    SLICE_X7Y21          FDRE                                         r  i_asg/chA/inst_axi_dac/inst_asg_dat_fifo/U0/inst_fifo_gen/gconvfifo.rf/grf.rf/gntv_or_sync_fifo.gcx.clkx/wr_pntr_cdc_inst/dest_graysync_ff_reg[0][3]/D
  -------------------------------------------------------------------    -------------------

                         max delay                    4.069     4.069    
    SLICE_X7Y21          FDRE (Setup_fdre_C_D)       -0.267     3.802    i_asg/chA/inst_axi_dac/inst_asg_dat_fifo/U0/inst_fifo_gen/gconvfifo.rf/grf.rf/gntv_or_sync_fifo.gcx.clkx/wr_pntr_cdc_inst/dest_graysync_ff_reg[0][3]
  -------------------------------------------------------------------
                         required time                          3.802    
                         arrival time                          -1.046    
  -------------------------------------------------------------------
                         slack                                  2.756    

Slack (MET) :             2.760ns  (required time - arrival time)
  Source:                 i_asg/chA/inst_axi_dac/inst_asg_dat_fifo/U0/inst_fifo_gen/gconvfifo.rf/grf.rf/gntv_or_sync_fifo.gcx.clkx/wr_pntr_cdc_inst/src_gray_ff_reg[5]/C
                            (rising edge-triggered cell FDRE clocked by pll_dac_clk_2x  {rise@0.000ns fall@2.034ns period=4.069ns})
  Destination:            i_asg/chA/inst_axi_dac/inst_asg_dat_fifo/U0/inst_fifo_gen/gconvfifo.rf/grf.rf/gntv_or_sync_fifo.gcx.clkx/wr_pntr_cdc_inst/dest_graysync_ff_reg[0][5]/D
                            (rising edge-triggered cell FDRE clocked by pll_adc_clk  {rise@0.000ns fall@4.069ns period=8.138ns})
  Path Group:             pll_adc_clk
  Path Type:              Setup (Max at Slow Process Corner)
  Requirement:            4.069ns  (MaxDelay Path 4.069ns)
  Data Path Delay:        1.043ns  (logic 0.419ns (40.182%)  route 0.624ns (59.818%))
  Logic Levels:           0  
  Timing Exception:       MaxDelay Path 4.069ns -datapath_only

    Location             Delay type                Incr(ns)  Path(ns)    Netlist Resource(s)
  -------------------------------------------------------------------    -------------------
    SLICE_X7Y20                                       0.000     0.000 r  i_asg/chA/inst_axi_dac/inst_asg_dat_fifo/U0/inst_fifo_gen/gconvfifo.rf/grf.rf/gntv_or_sync_fifo.gcx.clkx/wr_pntr_cdc_inst/src_gray_ff_reg[5]/C
    SLICE_X7Y20          FDRE (Prop_fdre_C_Q)         0.419     0.419 r  i_asg/chA/inst_axi_dac/inst_asg_dat_fifo/U0/inst_fifo_gen/gconvfifo.rf/grf.rf/gntv_or_sync_fifo.gcx.clkx/wr_pntr_cdc_inst/src_gray_ff_reg[5]/Q
                         net (fo=1, routed)           0.624     1.043    i_asg/chA/inst_axi_dac/inst_asg_dat_fifo/U0/inst_fifo_gen/gconvfifo.rf/grf.rf/gntv_or_sync_fifo.gcx.clkx/wr_pntr_cdc_inst/async_path[5]
    SLICE_X7Y21          FDRE                                         r  i_asg/chA/inst_axi_dac/inst_asg_dat_fifo/U0/inst_fifo_gen/gconvfifo.rf/grf.rf/gntv_or_sync_fifo.gcx.clkx/wr_pntr_cdc_inst/dest_graysync_ff_reg[0][5]/D
  -------------------------------------------------------------------    -------------------

                         max delay                    4.069     4.069    
    SLICE_X7Y21          FDRE (Setup_fdre_C_D)       -0.266     3.803    i_asg/chA/inst_axi_dac/inst_asg_dat_fifo/U0/inst_fifo_gen/gconvfifo.rf/grf.rf/gntv_or_sync_fifo.gcx.clkx/wr_pntr_cdc_inst/dest_graysync_ff_reg[0][5]
  -------------------------------------------------------------------
                         required time                          3.803    
                         arrival time                          -1.043    
  -------------------------------------------------------------------
                         slack                                  2.760    

Slack (MET) :             2.770ns  (required time - arrival time)
  Source:                 i_asg/chA/inst_axi_dac/inst_asg_dat_fifo/U0/inst_fifo_gen/gconvfifo.rf/grf.rf/gntv_or_sync_fifo.gcx.clkx/wr_pntr_cdc_inst/src_gray_ff_reg[1]/C
                            (rising edge-triggered cell FDRE clocked by pll_dac_clk_2x  {rise@0.000ns fall@2.034ns period=4.069ns})
  Destination:            i_asg/chA/inst_axi_dac/inst_asg_dat_fifo/U0/inst_fifo_gen/gconvfifo.rf/grf.rf/gntv_or_sync_fifo.gcx.clkx/wr_pntr_cdc_inst/dest_graysync_ff_reg[0][1]/D
                            (rising edge-triggered cell FDRE clocked by pll_adc_clk  {rise@0.000ns fall@4.069ns period=8.138ns})
  Path Group:             pll_adc_clk
  Path Type:              Setup (Max at Slow Process Corner)
  Requirement:            4.069ns  (MaxDelay Path 4.069ns)
  Data Path Delay:        1.031ns  (logic 0.419ns (40.623%)  route 0.612ns (59.377%))
  Logic Levels:           0  
  Timing Exception:       MaxDelay Path 4.069ns -datapath_only

    Location             Delay type                Incr(ns)  Path(ns)    Netlist Resource(s)
  -------------------------------------------------------------------    -------------------
    SLICE_X7Y20                                       0.000     0.000 r  i_asg/chA/inst_axi_dac/inst_asg_dat_fifo/U0/inst_fifo_gen/gconvfifo.rf/grf.rf/gntv_or_sync_fifo.gcx.clkx/wr_pntr_cdc_inst/src_gray_ff_reg[1]/C
    SLICE_X7Y20          FDRE (Prop_fdre_C_Q)         0.419     0.419 r  i_asg/chA/inst_axi_dac/inst_asg_dat_fifo/U0/inst_fifo_gen/gconvfifo.rf/grf.rf/gntv_or_sync_fifo.gcx.clkx/wr_pntr_cdc_inst/src_gray_ff_reg[1]/Q
                         net (fo=1, routed)           0.612     1.031    i_asg/chA/inst_axi_dac/inst_asg_dat_fifo/U0/inst_fifo_gen/gconvfifo.rf/grf.rf/gntv_or_sync_fifo.gcx.clkx/wr_pntr_cdc_inst/async_path[1]
    SLICE_X11Y22         FDRE                                         r  i_asg/chA/inst_axi_dac/inst_asg_dat_fifo/U0/inst_fifo_gen/gconvfifo.rf/grf.rf/gntv_or_sync_fifo.gcx.clkx/wr_pntr_cdc_inst/dest_graysync_ff_reg[0][1]/D
  -------------------------------------------------------------------    -------------------

                         max delay                    4.069     4.069    
    SLICE_X11Y22         FDRE (Setup_fdre_C_D)       -0.268     3.801    i_asg/chA/inst_axi_dac/inst_asg_dat_fifo/U0/inst_fifo_gen/gconvfifo.rf/grf.rf/gntv_or_sync_fifo.gcx.clkx/wr_pntr_cdc_inst/dest_graysync_ff_reg[0][1]
  -------------------------------------------------------------------
                         required time                          3.801    
                         arrival time                          -1.031    
  -------------------------------------------------------------------
                         slack                                  2.770    

Slack (MET) :             2.773ns  (required time - arrival time)
  Source:                 i_asg/chB/inst_axi_dac/inst_asg_dat_fifo/U0/inst_fifo_gen/gconvfifo.rf/grf.rf/gntv_or_sync_fifo.gcx.clkx/wr_pntr_cdc_inst/src_gray_ff_reg[3]/C
                            (rising edge-triggered cell FDRE clocked by pll_dac_clk_2x  {rise@0.000ns fall@2.034ns period=4.069ns})
  Destination:            i_asg/chB/inst_axi_dac/inst_asg_dat_fifo/U0/inst_fifo_gen/gconvfifo.rf/grf.rf/gntv_or_sync_fifo.gcx.clkx/wr_pntr_cdc_inst/dest_graysync_ff_reg[0][3]/D
                            (rising edge-triggered cell FDRE clocked by pll_adc_clk  {rise@0.000ns fall@4.069ns period=8.138ns})
  Path Group:             pll_adc_clk
  Path Type:              Setup (Max at Slow Process Corner)
  Requirement:            4.069ns  (MaxDelay Path 4.069ns)
  Data Path Delay:        1.078ns  (logic 0.478ns (44.322%)  route 0.600ns (55.678%))
  Logic Levels:           0  
  Timing Exception:       MaxDelay Path 4.069ns -datapath_only

    Location             Delay type                Incr(ns)  Path(ns)    Netlist Resource(s)
  -------------------------------------------------------------------    -------------------
    SLICE_X8Y31                                       0.000     0.000 r  i_asg/chB/inst_axi_dac/inst_asg_dat_fifo/U0/inst_fifo_gen/gconvfifo.rf/grf.rf/gntv_or_sync_fifo.gcx.clkx/wr_pntr_cdc_inst/src_gray_ff_reg[3]/C
    SLICE_X8Y31          FDRE (Prop_fdre_C_Q)         0.478     0.478 r  i_asg/chB/inst_axi_dac/inst_asg_dat_fifo/U0/inst_fifo_gen/gconvfifo.rf/grf.rf/gntv_or_sync_fifo.gcx.clkx/wr_pntr_cdc_inst/src_gray_ff_reg[3]/Q
                         net (fo=1, routed)           0.600     1.078    i_asg/chB/inst_axi_dac/inst_asg_dat_fifo/U0/inst_fifo_gen/gconvfifo.rf/grf.rf/gntv_or_sync_fifo.gcx.clkx/wr_pntr_cdc_inst/async_path[3]
    SLICE_X10Y32         FDRE                                         r  i_asg/chB/inst_axi_dac/inst_asg_dat_fifo/U0/inst_fifo_gen/gconvfifo.rf/grf.rf/gntv_or_sync_fifo.gcx.clkx/wr_pntr_cdc_inst/dest_graysync_ff_reg[0][3]/D
  -------------------------------------------------------------------    -------------------

                         max delay                    4.069     4.069    
    SLICE_X10Y32         FDRE (Setup_fdre_C_D)       -0.218     3.851    i_asg/chB/inst_axi_dac/inst_asg_dat_fifo/U0/inst_fifo_gen/gconvfifo.rf/grf.rf/gntv_or_sync_fifo.gcx.clkx/wr_pntr_cdc_inst/dest_graysync_ff_reg[0][3]
  -------------------------------------------------------------------
                         required time                          3.851    
                         arrival time                          -1.078    
  -------------------------------------------------------------------
                         slack                                  2.773    

Slack (MET) :             2.776ns  (required time - arrival time)
  Source:                 i_asg/chA/inst_axi_dac/inst_asg_dat_fifo/U0/inst_fifo_gen/gconvfifo.rf/grf.rf/gntv_or_sync_fifo.gcx.clkx/wr_pntr_cdc_inst/src_gray_ff_reg[0]/C
                            (rising edge-triggered cell FDRE clocked by pll_dac_clk_2x  {rise@0.000ns fall@2.034ns period=4.069ns})
  Destination:            i_asg/chA/inst_axi_dac/inst_asg_dat_fifo/U0/inst_fifo_gen/gconvfifo.rf/grf.rf/gntv_or_sync_fifo.gcx.clkx/wr_pntr_cdc_inst/dest_graysync_ff_reg[0][0]/D
                            (rising edge-triggered cell FDRE clocked by pll_adc_clk  {rise@0.000ns fall@4.069ns period=8.138ns})
  Path Group:             pll_adc_clk
  Path Type:              Setup (Max at Slow Process Corner)
  Requirement:            4.069ns  (MaxDelay Path 4.069ns)
  Data Path Delay:        1.198ns  (logic 0.456ns (38.065%)  route 0.742ns (61.935%))
  Logic Levels:           0  
  Timing Exception:       MaxDelay Path 4.069ns -datapath_only

    Location             Delay type                Incr(ns)  Path(ns)    Netlist Resource(s)
  -------------------------------------------------------------------    -------------------
    SLICE_X7Y20                                       0.000     0.000 r  i_asg/chA/inst_axi_dac/inst_asg_dat_fifo/U0/inst_fifo_gen/gconvfifo.rf/grf.rf/gntv_or_sync_fifo.gcx.clkx/wr_pntr_cdc_inst/src_gray_ff_reg[0]/C
    SLICE_X7Y20          FDRE (Prop_fdre_C_Q)         0.456     0.456 r  i_asg/chA/inst_axi_dac/inst_asg_dat_fifo/U0/inst_fifo_gen/gconvfifo.rf/grf.rf/gntv_or_sync_fifo.gcx.clkx/wr_pntr_cdc_inst/src_gray_ff_reg[0]/Q
                         net (fo=1, routed)           0.742     1.198    i_asg/chA/inst_axi_dac/inst_asg_dat_fifo/U0/inst_fifo_gen/gconvfifo.rf/grf.rf/gntv_or_sync_fifo.gcx.clkx/wr_pntr_cdc_inst/async_path[0]
    SLICE_X11Y22         FDRE                                         r  i_asg/chA/inst_axi_dac/inst_asg_dat_fifo/U0/inst_fifo_gen/gconvfifo.rf/grf.rf/gntv_or_sync_fifo.gcx.clkx/wr_pntr_cdc_inst/dest_graysync_ff_reg[0][0]/D
  -------------------------------------------------------------------    -------------------

                         max delay                    4.069     4.069    
    SLICE_X11Y22         FDRE (Setup_fdre_C_D)       -0.095     3.974    i_asg/chA/inst_axi_dac/inst_asg_dat_fifo/U0/inst_fifo_gen/gconvfifo.rf/grf.rf/gntv_or_sync_fifo.gcx.clkx/wr_pntr_cdc_inst/dest_graysync_ff_reg[0][0]
  -------------------------------------------------------------------
                         required time                          3.974    
                         arrival time                          -1.198    
  -------------------------------------------------------------------
                         slack                                  2.776    

Slack (MET) :             2.781ns  (required time - arrival time)
  Source:                 i_asg/chA/inst_axi_dac/inst_sync_fifo/U0/inst_fifo_gen/gconvfifo.rf/grf.rf/gntv_or_sync_fifo.gcx.clkx/rd_pntr_cdc_inst/src_gray_ff_reg[1]/C
                            (rising edge-triggered cell FDRE clocked by pll_dac_clk_2x  {rise@0.000ns fall@2.034ns period=4.069ns})
  Destination:            i_asg/chA/inst_axi_dac/inst_sync_fifo/U0/inst_fifo_gen/gconvfifo.rf/grf.rf/gntv_or_sync_fifo.gcx.clkx/rd_pntr_cdc_inst/dest_graysync_ff_reg[0][1]/D
                            (rising edge-triggered cell FDRE clocked by pll_adc_clk  {rise@0.000ns fall@4.069ns period=8.138ns})
  Path Group:             pll_adc_clk
  Path Type:              Setup (Max at Slow Process Corner)
  Requirement:            4.069ns  (MaxDelay Path 4.069ns)
  Data Path Delay:        1.018ns  (logic 0.419ns (41.141%)  route 0.599ns (58.859%))
  Logic Levels:           0  
  Timing Exception:       MaxDelay Path 4.069ns -datapath_only

    Location             Delay type                Incr(ns)  Path(ns)    Netlist Resource(s)
  -------------------------------------------------------------------    -------------------
    SLICE_X19Y29                                      0.000     0.000 r  i_asg/chA/inst_axi_dac/inst_sync_fifo/U0/inst_fifo_gen/gconvfifo.rf/grf.rf/gntv_or_sync_fifo.gcx.clkx/rd_pntr_cdc_inst/src_gray_ff_reg[1]/C
    SLICE_X19Y29         FDRE (Prop_fdre_C_Q)         0.419     0.419 r  i_asg/chA/inst_axi_dac/inst_sync_fifo/U0/inst_fifo_gen/gconvfifo.rf/grf.rf/gntv_or_sync_fifo.gcx.clkx/rd_pntr_cdc_inst/src_gray_ff_reg[1]/Q
                         net (fo=1, routed)           0.599     1.018    i_asg/chA/inst_axi_dac/inst_sync_fifo/U0/inst_fifo_gen/gconvfifo.rf/grf.rf/gntv_or_sync_fifo.gcx.clkx/rd_pntr_cdc_inst/async_path[1]
    SLICE_X14Y28         FDRE                                         r  i_asg/chA/inst_axi_dac/inst_sync_fifo/U0/inst_fifo_gen/gconvfifo.rf/grf.rf/gntv_or_sync_fifo.gcx.clkx/rd_pntr_cdc_inst/dest_graysync_ff_reg[0][1]/D
  -------------------------------------------------------------------    -------------------

                         max delay                    4.069     4.069    
    SLICE_X14Y28         FDRE (Setup_fdre_C_D)       -0.270     3.799    i_asg/chA/inst_axi_dac/inst_sync_fifo/U0/inst_fifo_gen/gconvfifo.rf/grf.rf/gntv_or_sync_fifo.gcx.clkx/rd_pntr_cdc_inst/dest_graysync_ff_reg[0][1]
  -------------------------------------------------------------------
                         required time                          3.799    
                         arrival time                          -1.018    
  -------------------------------------------------------------------
                         slack                                  2.781    





---------------------------------------------------------------------------------------------------
From Clock:  clk_fpga_0
  To Clock:  pll_adc_clk

Setup :            0  Failing Endpoints,  Worst Slack        2.225ns,  Total Violation        0.000ns
Hold  :           NA  Failing Endpoints,  Worst Slack           NA  ,  Total Violation           NA
---------------------------------------------------------------------------------------------------


Max Delay Paths
--------------------------------------------------------------------------------------
Slack (MET) :             2.225ns  (required time - arrival time)
  Source:                 ps/axi_slave_gp0/rd_do_reg/C
                            (rising edge-triggered cell FDRE clocked by clk_fpga_0  {rise@0.000ns fall@4.000ns period=8.000ns})
  Destination:            sys_bus_interconnect/for_bus[2].inst_sys_bus_cdc/bus_m\\.addr_reg[10]/D
                            (rising edge-triggered cell FDRE clocked by pll_adc_clk  {rise@0.000ns fall@4.069ns period=8.138ns})
  Path Group:             pll_adc_clk
  Path Type:              Setup (Max at Slow Process Corner)
  Requirement:            8.000ns  (MaxDelay Path 8.000ns)
  Data Path Delay:        5.670ns  (logic 0.580ns (10.229%)  route 5.090ns (89.771%))
  Logic Levels:           1  (LUT3=1)
  Timing Exception:       MaxDelay Path 8.000ns -datapath_only

    Location             Delay type                Incr(ns)  Path(ns)    Netlist Resource(s)
  -------------------------------------------------------------------    -------------------
    SLICE_X2Y44                                       0.000     0.000 r  ps/axi_slave_gp0/rd_do_reg/C
    SLICE_X2Y44          FDRE (Prop_fdre_C_Q)         0.456     0.456 r  ps/axi_slave_gp0/rd_do_reg/Q
                         net (fo=72, routed)          1.226     1.682    ps/axi_slave_gp0/rd_do
    SLICE_X2Y42          LUT3 (Prop_lut3_I2_O)        0.124     1.806 r  ps/axi_slave_gp0/bus_m\\.addr[10]_i_1/O
                         net (fo=6, routed)           3.864     5.670    sys_bus_interconnect/for_bus[2].inst_sys_bus_cdc/bus_m\\.addr_reg[19]_0[10]
    SLICE_X36Y45         FDRE                                         r  sys_bus_interconnect/for_bus[2].inst_sys_bus_cdc/bus_m\\.addr_reg[10]/D
  -------------------------------------------------------------------    -------------------

                         max delay                    8.000     8.000    
    SLICE_X36Y45         FDRE (Setup_fdre_C_D)       -0.105     7.895    sys_bus_interconnect/for_bus[2].inst_sys_bus_cdc/bus_m\\.addr_reg[10]
  -------------------------------------------------------------------
                         required time                          7.895    
                         arrival time                          -5.670    
  -------------------------------------------------------------------
                         slack                                  2.225    

Slack (MET) :             2.404ns  (required time - arrival time)
  Source:                 ps/axi_slave_gp0/rd_do_reg/C
                            (rising edge-triggered cell FDRE clocked by clk_fpga_0  {rise@0.000ns fall@4.000ns period=8.000ns})
  Destination:            sys_bus_interconnect/for_bus[3].inst_sys_bus_cdc/bus_m\\.addr_reg[9]/D
                            (rising edge-triggered cell FDRE clocked by pll_adc_clk  {rise@0.000ns fall@4.069ns period=8.138ns})
  Path Group:             pll_adc_clk
  Path Type:              Setup (Max at Slow Process Corner)
  Requirement:            8.000ns  (MaxDelay Path 8.000ns)
  Data Path Delay:        5.326ns  (logic 0.608ns (11.416%)  route 4.718ns (88.584%))
  Logic Levels:           1  (LUT3=1)
  Timing Exception:       MaxDelay Path 8.000ns -datapath_only

    Location             Delay type                Incr(ns)  Path(ns)    Netlist Resource(s)
  -------------------------------------------------------------------    -------------------
    SLICE_X2Y44                                       0.000     0.000 r  ps/axi_slave_gp0/rd_do_reg/C
    SLICE_X2Y44          FDRE (Prop_fdre_C_Q)         0.456     0.456 r  ps/axi_slave_gp0/rd_do_reg/Q
                         net (fo=72, routed)          1.226     1.682    ps/axi_slave_gp0/rd_do
    SLICE_X2Y42          LUT3 (Prop_lut3_I2_O)        0.152     1.834 r  ps/axi_slave_gp0/bus_m\\.addr[9]_i_1/O
                         net (fo=6, routed)           3.492     5.326    sys_bus_interconnect/for_bus[3].inst_sys_bus_cdc/bus_m\\.addr_reg[19]_0[9]
    SLICE_X36Y44         FDRE                                         r  sys_bus_interconnect/for_bus[3].inst_sys_bus_cdc/bus_m\\.addr_reg[9]/D
  -------------------------------------------------------------------    -------------------

                         max delay                    8.000     8.000    
    SLICE_X36Y44         FDRE (Setup_fdre_C_D)       -0.270     7.730    sys_bus_interconnect/for_bus[3].inst_sys_bus_cdc/bus_m\\.addr_reg[9]
  -------------------------------------------------------------------
                         required time                          7.730    
                         arrival time                          -5.326    
  -------------------------------------------------------------------
                         slack                                  2.404    

Slack (MET) :             2.637ns  (required time - arrival time)
  Source:                 ps/axi_slave_gp0/rd_araddr_reg[15]/C
                            (rising edge-triggered cell FDRE clocked by clk_fpga_0  {rise@0.000ns fall@4.000ns period=8.000ns})
  Destination:            sys_bus_interconnect/for_bus[2].inst_sys_bus_cdc/bus_m\\.addr_reg[15]/D
                            (rising edge-triggered cell FDRE clocked by pll_adc_clk  {rise@0.000ns fall@4.069ns period=8.138ns})
  Path Group:             pll_adc_clk
  Path Type:              Setup (Max at Slow Process Corner)
  Requirement:            8.000ns  (MaxDelay Path 8.000ns)
  Data Path Delay:        5.108ns  (logic 0.670ns (13.117%)  route 4.438ns (86.883%))
  Logic Levels:           1  (LUT3=1)
  Timing Exception:       MaxDelay Path 8.000ns -datapath_only

    Location             Delay type                Incr(ns)  Path(ns)    Netlist Resource(s)
  -------------------------------------------------------------------    -------------------
    SLICE_X0Y43                                       0.000     0.000 r  ps/axi_slave_gp0/rd_araddr_reg[15]/C
    SLICE_X0Y43          FDRE (Prop_fdre_C_Q)         0.518     0.518 r  ps/axi_slave_gp0/rd_araddr_reg[15]/Q
                         net (fo=1, routed)           0.958     1.476    ps/axi_slave_gp0/rd_araddr[15]
    SLICE_X1Y44          LUT3 (Prop_lut3_I0_O)        0.152     1.628 r  ps/axi_slave_gp0/bus_m\\.addr[15]_i_1/O
                         net (fo=6, routed)           3.480     5.108    sys_bus_interconnect/for_bus[2].inst_sys_bus_cdc/bus_m\\.addr_reg[19]_0[15]
    SLICE_X36Y45         FDRE                                         r  sys_bus_interconnect/for_bus[2].inst_sys_bus_cdc/bus_m\\.addr_reg[15]/D
  -------------------------------------------------------------------    -------------------

                         max delay                    8.000     8.000    
    SLICE_X36Y45         FDRE (Setup_fdre_C_D)       -0.255     7.745    sys_bus_interconnect/for_bus[2].inst_sys_bus_cdc/bus_m\\.addr_reg[15]
  -------------------------------------------------------------------
                         required time                          7.745    
                         arrival time                          -5.108    
  -------------------------------------------------------------------
                         slack                                  2.637    

Slack (MET) :             2.758ns  (required time - arrival time)
  Source:                 ps/axi_slave_gp0/rd_do_reg/C
                            (rising edge-triggered cell FDRE clocked by clk_fpga_0  {rise@0.000ns fall@4.000ns period=8.000ns})
  Destination:            sys_bus_interconnect/for_bus[3].inst_sys_bus_cdc/bus_m\\.addr_reg[18]/D
                            (rising edge-triggered cell FDRE clocked by pll_adc_clk  {rise@0.000ns fall@4.069ns period=8.138ns})
  Path Group:             pll_adc_clk
  Path Type:              Setup (Max at Slow Process Corner)
  Requirement:            8.000ns  (MaxDelay Path 8.000ns)
  Data Path Delay:        4.976ns  (logic 0.605ns (12.159%)  route 4.371ns (87.841%))
  Logic Levels:           1  (LUT3=1)
  Timing Exception:       MaxDelay Path 8.000ns -datapath_only

    Location             Delay type                Incr(ns)  Path(ns)    Netlist Resource(s)
  -------------------------------------------------------------------    -------------------
    SLICE_X2Y44                                       0.000     0.000 r  ps/axi_slave_gp0/rd_do_reg/C
    SLICE_X2Y44          FDRE (Prop_fdre_C_Q)         0.456     0.456 r  ps/axi_slave_gp0/rd_do_reg/Q
                         net (fo=72, routed)          0.895     1.351    ps/axi_slave_gp0/rd_do
    SLICE_X1Y44          LUT3 (Prop_lut3_I2_O)        0.149     1.500 r  ps/axi_slave_gp0/bus_m\\.addr[18]_i_1/O
                         net (fo=6, routed)           3.476     4.976    sys_bus_interconnect/for_bus[3].inst_sys_bus_cdc/bus_m\\.addr_reg[19]_0[18]
    SLICE_X36Y41         FDRE                                         r  sys_bus_interconnect/for_bus[3].inst_sys_bus_cdc/bus_m\\.addr_reg[18]/D
  -------------------------------------------------------------------    -------------------

                         max delay                    8.000     8.000    
    SLICE_X36Y41         FDRE (Setup_fdre_C_D)       -0.266     7.734    sys_bus_interconnect/for_bus[3].inst_sys_bus_cdc/bus_m\\.addr_reg[18]
  -------------------------------------------------------------------
                         required time                          7.734    
                         arrival time                          -4.976    
  -------------------------------------------------------------------
                         slack                                  2.758    

Slack (MET) :             2.764ns  (required time - arrival time)
  Source:                 ps/axi_slave_gp0/rd_do_reg/C
                            (rising edge-triggered cell FDRE clocked by clk_fpga_0  {rise@0.000ns fall@4.000ns period=8.000ns})
  Destination:            sys_bus_interconnect/for_bus[3].inst_sys_bus_cdc/bus_m\\.addr_reg[4]/D
                            (rising edge-triggered cell FDRE clocked by pll_adc_clk  {rise@0.000ns fall@4.069ns period=8.138ns})
  Path Group:             pll_adc_clk
  Path Type:              Setup (Max at Slow Process Corner)
  Requirement:            8.000ns  (MaxDelay Path 8.000ns)
  Data Path Delay:        5.175ns  (logic 0.580ns (11.207%)  route 4.595ns (88.793%))
  Logic Levels:           1  (LUT3=1)
  Timing Exception:       MaxDelay Path 8.000ns -datapath_only

    Location             Delay type                Incr(ns)  Path(ns)    Netlist Resource(s)
  -------------------------------------------------------------------    -------------------
    SLICE_X2Y44                                       0.000     0.000 r  ps/axi_slave_gp0/rd_do_reg/C
    SLICE_X2Y44          FDRE (Prop_fdre_C_Q)         0.456     0.456 r  ps/axi_slave_gp0/rd_do_reg/Q
                         net (fo=72, routed)          1.209     1.665    ps/axi_slave_gp0/rd_do
    SLICE_X1Y42          LUT3 (Prop_lut3_I2_O)        0.124     1.789 r  ps/axi_slave_gp0/bus_m\\.addr[4]_i_1/O
                         net (fo=8, routed)           3.387     5.175    sys_bus_interconnect/for_bus[3].inst_sys_bus_cdc/bus_m\\.addr_reg[19]_0[4]
    SLICE_X36Y44         FDRE                                         r  sys_bus_interconnect/for_bus[3].inst_sys_bus_cdc/bus_m\\.addr_reg[4]/D
  -------------------------------------------------------------------    -------------------

                         max delay                    8.000     8.000    
    SLICE_X36Y44         FDRE (Setup_fdre_C_D)       -0.061     7.939    sys_bus_interconnect/for_bus[3].inst_sys_bus_cdc/bus_m\\.addr_reg[4]
  -------------------------------------------------------------------
                         required time                          7.939    
                         arrival time                          -5.175    
  -------------------------------------------------------------------
                         slack                                  2.764    

Slack (MET) :             2.785ns  (required time - arrival time)
  Source:                 ps/axi_slave_gp0/wr_awaddr_reg[12]/C
                            (rising edge-triggered cell FDRE clocked by clk_fpga_0  {rise@0.000ns fall@4.000ns period=8.000ns})
  Destination:            sys_bus_interconnect/for_bus[2].inst_sys_bus_cdc/bus_m\\.addr_reg[12]/D
                            (rising edge-triggered cell FDRE clocked by pll_adc_clk  {rise@0.000ns fall@4.069ns period=8.138ns})
  Path Group:             pll_adc_clk
  Path Type:              Setup (Max at Slow Process Corner)
  Requirement:            8.000ns  (MaxDelay Path 8.000ns)
  Data Path Delay:        5.154ns  (logic 0.642ns (12.457%)  route 4.512ns (87.543%))
  Logic Levels:           1  (LUT3=1)
  Timing Exception:       MaxDelay Path 8.000ns -datapath_only

    Location             Delay type                Incr(ns)  Path(ns)    Netlist Resource(s)
  -------------------------------------------------------------------    -------------------
    SLICE_X0Y45                                       0.000     0.000 r  ps/axi_slave_gp0/wr_awaddr_reg[12]/C
    SLICE_X0Y45          FDRE (Prop_fdre_C_Q)         0.518     0.518 r  ps/axi_slave_gp0/wr_awaddr_reg[12]/Q
                         net (fo=1, routed)           0.957     1.475    ps/axi_slave_gp0/wr_awaddr[12]
    SLICE_X1Y44          LUT3 (Prop_lut3_I1_O)        0.124     1.599 r  ps/axi_slave_gp0/bus_m\\.addr[12]_i_1/O
                         net (fo=6, routed)           3.555     5.154    sys_bus_interconnect/for_bus[2].inst_sys_bus_cdc/bus_m\\.addr_reg[19]_0[12]
    SLICE_X36Y45         FDRE                                         r  sys_bus_interconnect/for_bus[2].inst_sys_bus_cdc/bus_m\\.addr_reg[12]/D
  -------------------------------------------------------------------    -------------------

                         max delay                    8.000     8.000    
    SLICE_X36Y45         FDRE (Setup_fdre_C_D)       -0.061     7.939    sys_bus_interconnect/for_bus[2].inst_sys_bus_cdc/bus_m\\.addr_reg[12]
  -------------------------------------------------------------------
                         required time                          7.939    
                         arrival time                          -5.154    
  -------------------------------------------------------------------
                         slack                                  2.785    

Slack (MET) :             2.866ns  (required time - arrival time)
  Source:                 ps/axi_slave_gp0/wr_awaddr_reg[19]/C
                            (rising edge-triggered cell FDRE clocked by clk_fpga_0  {rise@0.000ns fall@4.000ns period=8.000ns})
  Destination:            sys_bus_interconnect/for_bus[2].inst_sys_bus_cdc/bus_m\\.addr_reg[19]/D
                            (rising edge-triggered cell FDRE clocked by pll_adc_clk  {rise@0.000ns fall@4.069ns period=8.138ns})
  Path Group:             pll_adc_clk
  Path Type:              Setup (Max at Slow Process Corner)
  Requirement:            8.000ns  (MaxDelay Path 8.000ns)
  Data Path Delay:        4.884ns  (logic 0.610ns (12.489%)  route 4.274ns (87.511%))
  Logic Levels:           1  (LUT3=1)
  Timing Exception:       MaxDelay Path 8.000ns -datapath_only

    Location             Delay type                Incr(ns)  Path(ns)    Netlist Resource(s)
  -------------------------------------------------------------------    -------------------
    SLICE_X1Y46                                       0.000     0.000 r  ps/axi_slave_gp0/wr_awaddr_reg[19]/C
    SLICE_X1Y46          FDRE (Prop_fdre_C_Q)         0.456     0.456 r  ps/axi_slave_gp0/wr_awaddr_reg[19]/Q
                         net (fo=1, routed)           1.104     1.560    ps/axi_slave_gp0/wr_awaddr[19]
    SLICE_X1Y44          LUT3 (Prop_lut3_I1_O)        0.154     1.714 r  ps/axi_slave_gp0/bus_m\\.addr[19]_i_2/O
                         net (fo=6, routed)           3.171     4.884    sys_bus_interconnect/for_bus[2].inst_sys_bus_cdc/bus_m\\.addr_reg[19]_0[19]
    SLICE_X33Y46         FDRE                                         r  sys_bus_interconnect/for_bus[2].inst_sys_bus_cdc/bus_m\\.addr_reg[19]/D
  -------------------------------------------------------------------    -------------------

                         max delay                    8.000     8.000    
    SLICE_X33Y46         FDRE (Setup_fdre_C_D)       -0.250     7.750    sys_bus_interconnect/for_bus[2].inst_sys_bus_cdc/bus_m\\.addr_reg[19]
  -------------------------------------------------------------------
                         required time                          7.750    
                         arrival time                          -4.884    
  -------------------------------------------------------------------
                         slack                                  2.866    

Slack (MET) :             2.874ns  (required time - arrival time)
  Source:                 ps/axi_slave_gp0/rd_do_reg/C
                            (rising edge-triggered cell FDRE clocked by clk_fpga_0  {rise@0.000ns fall@4.000ns period=8.000ns})
  Destination:            sys_bus_interconnect/for_bus[2].inst_sys_bus_cdc/bus_m\\.addr_reg[9]/D
                            (rising edge-triggered cell FDRE clocked by pll_adc_clk  {rise@0.000ns fall@4.069ns period=8.138ns})
  Path Group:             pll_adc_clk
  Path Type:              Setup (Max at Slow Process Corner)
  Requirement:            8.000ns  (MaxDelay Path 8.000ns)
  Data Path Delay:        4.856ns  (logic 0.608ns (12.520%)  route 4.248ns (87.480%))
  Logic Levels:           1  (LUT3=1)
  Timing Exception:       MaxDelay Path 8.000ns -datapath_only

    Location             Delay type                Incr(ns)  Path(ns)    Netlist Resource(s)
  -------------------------------------------------------------------    -------------------
    SLICE_X2Y44                                       0.000     0.000 r  ps/axi_slave_gp0/rd_do_reg/C
    SLICE_X2Y44          FDRE (Prop_fdre_C_Q)         0.456     0.456 r  ps/axi_slave_gp0/rd_do_reg/Q
                         net (fo=72, routed)          1.226     1.682    ps/axi_slave_gp0/rd_do
    SLICE_X2Y42          LUT3 (Prop_lut3_I2_O)        0.152     1.834 r  ps/axi_slave_gp0/bus_m\\.addr[9]_i_1/O
                         net (fo=6, routed)           3.022     4.856    sys_bus_interconnect/for_bus[2].inst_sys_bus_cdc/bus_m\\.addr_reg[19]_0[9]
    SLICE_X36Y45         FDRE                                         r  sys_bus_interconnect/for_bus[2].inst_sys_bus_cdc/bus_m\\.addr_reg[9]/D
  -------------------------------------------------------------------    -------------------

                         max delay                    8.000     8.000    
    SLICE_X36Y45         FDRE (Setup_fdre_C_D)       -0.270     7.730    sys_bus_interconnect/for_bus[2].inst_sys_bus_cdc/bus_m\\.addr_reg[9]
  -------------------------------------------------------------------
                         required time                          7.730    
                         arrival time                          -4.856    
  -------------------------------------------------------------------
                         slack                                  2.874    

Slack (MET) :             2.906ns  (required time - arrival time)
  Source:                 ps/axi_slave_gp0/rd_araddr_reg[15]/C
                            (rising edge-triggered cell FDRE clocked by clk_fpga_0  {rise@0.000ns fall@4.000ns period=8.000ns})
  Destination:            sys_bus_interconnect/for_bus[3].inst_sys_bus_cdc/bus_m\\.addr_reg[15]/D
                            (rising edge-triggered cell FDRE clocked by pll_adc_clk  {rise@0.000ns fall@4.069ns period=8.138ns})
  Path Group:             pll_adc_clk
  Path Type:              Setup (Max at Slow Process Corner)
  Requirement:            8.000ns  (MaxDelay Path 8.000ns)
  Data Path Delay:        4.805ns  (logic 0.670ns (13.943%)  route 4.135ns (86.057%))
  Logic Levels:           1  (LUT3=1)
  Timing Exception:       MaxDelay Path 8.000ns -datapath_only

    Location             Delay type                Incr(ns)  Path(ns)    Netlist Resource(s)
  -------------------------------------------------------------------    -------------------
    SLICE_X0Y43                                       0.000     0.000 r  ps/axi_slave_gp0/rd_araddr_reg[15]/C
    SLICE_X0Y43          FDRE (Prop_fdre_C_Q)         0.518     0.518 r  ps/axi_slave_gp0/rd_araddr_reg[15]/Q
                         net (fo=1, routed)           0.958     1.476    ps/axi_slave_gp0/rd_araddr[15]
    SLICE_X1Y44          LUT3 (Prop_lut3_I0_O)        0.152     1.628 r  ps/axi_slave_gp0/bus_m\\.addr[15]_i_1/O
                         net (fo=6, routed)           3.177     4.805    sys_bus_interconnect/for_bus[3].inst_sys_bus_cdc/bus_m\\.addr_reg[19]_0[15]
    SLICE_X36Y41         FDRE                                         r  sys_bus_interconnect/for_bus[3].inst_sys_bus_cdc/bus_m\\.addr_reg[15]/D
  -------------------------------------------------------------------    -------------------

                         max delay                    8.000     8.000    
    SLICE_X36Y41         FDRE (Setup_fdre_C_D)       -0.289     7.711    sys_bus_interconnect/for_bus[3].inst_sys_bus_cdc/bus_m\\.addr_reg[15]
  -------------------------------------------------------------------
                         required time                          7.711    
                         arrival time                          -4.805    
  -------------------------------------------------------------------
                         slack                                  2.906    

Slack (MET) :             2.956ns  (required time - arrival time)
  Source:                 ps/axi_slave_gp0/rd_do_reg/C
                            (rising edge-triggered cell FDRE clocked by clk_fpga_0  {rise@0.000ns fall@4.000ns period=8.000ns})
  Destination:            sys_bus_interconnect/for_bus[0].inst_sys_bus_cdc/bus_m\\.addr_reg[5]/D
                            (rising edge-triggered cell FDRE clocked by pll_adc_clk  {rise@0.000ns fall@4.069ns period=8.138ns})
  Path Group:             pll_adc_clk
  Path Type:              Setup (Max at Slow Process Corner)
  Requirement:            8.000ns  (MaxDelay Path 8.000ns)
  Data Path Delay:        4.775ns  (logic 0.608ns (12.733%)  route 4.167ns (87.267%))
  Logic Levels:           1  (LUT3=1)
  Timing Exception:       MaxDelay Path 8.000ns -datapath_only

    Location             Delay type                Incr(ns)  Path(ns)    Netlist Resource(s)
  -------------------------------------------------------------------    -------------------
    SLICE_X2Y44                                       0.000     0.000 r  ps/axi_slave_gp0/rd_do_reg/C
    SLICE_X2Y44          FDRE (Prop_fdre_C_Q)         0.456     0.456 r  ps/axi_slave_gp0/rd_do_reg/Q
                         net (fo=72, routed)          1.209     1.665    ps/axi_slave_gp0/rd_do
    SLICE_X1Y42          LUT3 (Prop_lut3_I2_O)        0.152     1.817 r  ps/axi_slave_gp0/bus_m\\.addr[5]_i_1/O
                         net (fo=9, routed)           2.958     4.775    sys_bus_interconnect/for_bus[0].inst_sys_bus_cdc/bus_m\\.addr_reg[19]_0[5]
    SLICE_X39Y43         FDRE                                         r  sys_bus_interconnect/for_bus[0].inst_sys_bus_cdc/bus_m\\.addr_reg[5]/D
  -------------------------------------------------------------------    -------------------

                         max delay                    8.000     8.000    
    SLICE_X39Y43         FDRE (Setup_fdre_C_D)       -0.269     7.731    sys_bus_interconnect/for_bus[0].inst_sys_bus_cdc/bus_m\\.addr_reg[5]
  -------------------------------------------------------------------
                         required time                          7.731    
                         arrival time                          -4.775    
  -------------------------------------------------------------------
                         slack                                  2.956    





---------------------------------------------------------------------------------------------------
From Clock:  pll_adc_clk
  To Clock:  pll_dac_clk_1x

Setup :            0  Failing Endpoints,  Worst Slack        3.081ns,  Total Violation        0.000ns
Hold  :            0  Failing Endpoints,  Worst Slack        0.185ns,  Total Violation        0.000ns
---------------------------------------------------------------------------------------------------


Max Delay Paths
--------------------------------------------------------------------------------------
Slack (MET) :             3.081ns  (required time - arrival time)
  Source:                 i_asg/chA/dac_o_reg[0]/C
                            (rising edge-triggered cell FDSE clocked by pll_adc_clk  {rise@0.000ns fall@4.069ns period=8.138ns})
  Destination:            dac_dat_a_reg[7]/D
                            (rising edge-triggered cell FDRE clocked by pll_dac_clk_1x  {rise@0.000ns fall@4.069ns period=8.138ns})
  Path Group:             pll_dac_clk_1x
  Path Type:              Setup (Max at Slow Process Corner)
  Requirement:            8.138ns  (pll_dac_clk_1x rise@8.138ns - pll_adc_clk rise@0.000ns)
  Data Path Delay:        4.628ns  (logic 1.943ns (41.986%)  route 2.685ns (58.014%))
  Logic Levels:           6  (CARRY4=4 LUT2=1 LUT5=1)
  Clock Path Skew:        -0.268ns (DCD - SCD + CPR)
    Destination Clock Delay (DCD):    5.444ns = ( 13.582 - 8.138 ) 
    Source Clock Delay      (SCD):    5.885ns
    Clock Pessimism Removal (CPR):    0.173ns
  Clock Uncertainty:      0.190ns  ((TSJ^2 + DJ^2)^1/2) / 2 + PE
    Total System Jitter     (TSJ):    0.071ns
    Discrete Jitter          (DJ):    0.120ns
    Phase Error              (PE):    0.120ns

    Location             Delay type                Incr(ns)  Path(ns)    Netlist Resource(s)
  -------------------------------------------------------------------    -------------------
                         (clock pll_adc_clk rise edge)
                                                      0.000     0.000 r  
    U18                                               0.000     0.000 r  adc_clk_i[1] (IN)
                         net (fo=0)                   0.000     0.000    adc_clk_i[1]
    U18                  IBUFDS (Prop_ibufds_I_O)     0.983     0.983 r  i_clk/O
                         net (fo=1, routed)           1.306     2.289    pll/adc_clk_in
    PLLE2_ADV_X0Y0       PLLE2_ADV (Prop_plle2_adv_CLKIN1_CLKOUT0)
                                                      0.089     2.378 r  pll/pll/CLKOUT0
                         net (fo=1, routed)           1.754     4.132    pll_adc_clk
    BUFGCTRL_X0Y0        BUFG (Prop_bufg_I_O)         0.101     4.233 r  bufg_adc_clk/O
                         net (fo=9660, routed)        1.652     5.885    i_asg/chA/adc_clk
    SLICE_X30Y68         FDSE                                         r  i_asg/chA/dac_o_reg[0]/C
  -------------------------------------------------------------------    -------------------
    SLICE_X30Y68         FDSE (Prop_fdse_C_Q)         0.518     6.403 r  i_asg/chA/dac_o_reg[0]/Q
                         net (fo=2, routed)           0.912     7.315    i_asg/chA/asg_dat[0][0]
    SLICE_X29Y71         LUT2 (Prop_lut2_I0_O)        0.124     7.439 r  i_asg/chA/int_sum_i_87/O
                         net (fo=1, routed)           0.000     7.439    i_asg/chA/int_sum_i_87_n_0
    SLICE_X29Y71         CARRY4 (Prop_carry4_S[0]_CO[3])
                                                      0.532     7.971 r  i_asg/chA/int_sum_i_66/CO[3]
                         net (fo=1, routed)           0.000     7.971    i_asg/chA/int_sum_i_66_n_0
    SLICE_X29Y72         CARRY4 (Prop_carry4_CI_CO[3])
                                                      0.114     8.085 r  i_asg/chA/int_sum_i_61/CO[3]
                         net (fo=1, routed)           0.000     8.085    i_asg/chA/int_sum_i_61_n_0
    SLICE_X29Y73         CARRY4 (Prop_carry4_CI_CO[3])
                                                      0.114     8.199 r  i_asg/chA/int_sum_i_56/CO[3]
                         net (fo=1, routed)           0.000     8.199    i_asg/chA/int_sum_i_56_n_0
    SLICE_X29Y74         CARRY4 (Prop_carry4_CI_CO[2])
                                                      0.228     8.427 f  i_asg/chA/int_sum_i_52/CO[2]
                         net (fo=39, routed)          1.773    10.200    i_hk/CO[0]
    SLICE_X41Y71         LUT5 (Prop_lut5_I2_O)        0.313    10.513 r  i_hk/dac_dat_a[7]_i_1/O
                         net (fo=1, routed)           0.000    10.513    i_hk_n_84
    SLICE_X41Y71         FDRE                                         r  dac_dat_a_reg[7]/D
  -------------------------------------------------------------------    -------------------

                         (clock pll_dac_clk_1x rise edge)
                                                      8.138     8.138 r  
    U18                                               0.000     8.138 r  adc_clk_i[1] (IN)
                         net (fo=0)                   0.000     8.138    adc_clk_i[1]
    U18                  IBUFDS (Prop_ibufds_I_O)     0.940     9.078 r  i_clk/O
                         net (fo=1, routed)           1.181    10.259    pll/adc_clk_in
    PLLE2_ADV_X0Y0       PLLE2_ADV (Prop_plle2_adv_CLKIN1_CLKOUT1)
                                                      0.084    10.343 r  pll/pll/CLKOUT1
                         net (fo=1, routed)           1.594    11.937    pll_dac_clk_1x
    BUFGCTRL_X0Y5        BUFG (Prop_bufg_I_O)         0.091    12.028 r  bufg_dac_clk_1x/O
                         net (fo=45, routed)          1.554    13.582    dac_clk_1x
    SLICE_X41Y71         FDRE                                         r  dac_dat_a_reg[7]/C
                         clock pessimism              0.173    13.755    
                         clock uncertainty           -0.190    13.565    
    SLICE_X41Y71         FDRE (Setup_fdre_C_D)        0.029    13.594    dac_dat_a_reg[7]
  -------------------------------------------------------------------
                         required time                         13.594    
                         arrival time                         -10.513    
  -------------------------------------------------------------------
                         slack                                  3.081    

Slack (MET) :             3.098ns  (required time - arrival time)
  Source:                 i_asg/chA/dac_o_reg[0]/C
                            (rising edge-triggered cell FDSE clocked by pll_adc_clk  {rise@0.000ns fall@4.069ns period=8.138ns})
  Destination:            dac_dat_a_reg[11]/D
                            (rising edge-triggered cell FDRE clocked by pll_dac_clk_1x  {rise@0.000ns fall@4.069ns period=8.138ns})
  Path Group:             pll_dac_clk_1x
  Path Type:              Setup (Max at Slow Process Corner)
  Requirement:            8.138ns  (pll_dac_clk_1x rise@8.138ns - pll_adc_clk rise@0.000ns)
  Data Path Delay:        4.610ns  (logic 2.039ns (44.226%)  route 2.571ns (55.774%))
  Logic Levels:           6  (CARRY4=4 LUT2=1 LUT5=1)
  Clock Path Skew:        -0.269ns (DCD - SCD + CPR)
    Destination Clock Delay (DCD):    5.443ns = ( 13.581 - 8.138 ) 
    Source Clock Delay      (SCD):    5.885ns
    Clock Pessimism Removal (CPR):    0.173ns
  Clock Uncertainty:      0.190ns  ((TSJ^2 + DJ^2)^1/2) / 2 + PE
    Total System Jitter     (TSJ):    0.071ns
    Discrete Jitter          (DJ):    0.120ns
    Phase Error              (PE):    0.120ns

    Location             Delay type                Incr(ns)  Path(ns)    Netlist Resource(s)
  -------------------------------------------------------------------    -------------------
                         (clock pll_adc_clk rise edge)
                                                      0.000     0.000 r  
    U18                                               0.000     0.000 r  adc_clk_i[1] (IN)
                         net (fo=0)                   0.000     0.000    adc_clk_i[1]
    U18                  IBUFDS (Prop_ibufds_I_O)     0.983     0.983 r  i_clk/O
                         net (fo=1, routed)           1.306     2.289    pll/adc_clk_in
    PLLE2_ADV_X0Y0       PLLE2_ADV (Prop_plle2_adv_CLKIN1_CLKOUT0)
                                                      0.089     2.378 r  pll/pll/CLKOUT0
                         net (fo=1, routed)           1.754     4.132    pll_adc_clk
    BUFGCTRL_X0Y0        BUFG (Prop_bufg_I_O)         0.101     4.233 r  bufg_adc_clk/O
                         net (fo=9660, routed)        1.652     5.885    i_asg/chA/adc_clk
    SLICE_X30Y68         FDSE                                         r  i_asg/chA/dac_o_reg[0]/C
  -------------------------------------------------------------------    -------------------
    SLICE_X30Y68         FDSE (Prop_fdse_C_Q)         0.518     6.403 r  i_asg/chA/dac_o_reg[0]/Q
                         net (fo=2, routed)           0.912     7.315    i_asg/chA/asg_dat[0][0]
    SLICE_X29Y71         LUT2 (Prop_lut2_I0_O)        0.124     7.439 r  i_asg/chA/int_sum_i_87/O
                         net (fo=1, routed)           0.000     7.439    i_asg/chA/int_sum_i_87_n_0
    SLICE_X29Y71         CARRY4 (Prop_carry4_S[0]_CO[3])
                                                      0.532     7.971 r  i_asg/chA/int_sum_i_66/CO[3]
                         net (fo=1, routed)           0.000     7.971    i_asg/chA/int_sum_i_66_n_0
    SLICE_X29Y72         CARRY4 (Prop_carry4_CI_CO[3])
                                                      0.114     8.085 r  i_asg/chA/int_sum_i_61/CO[3]
                         net (fo=1, routed)           0.000     8.085    i_asg/chA/int_sum_i_61_n_0
    SLICE_X29Y73         CARRY4 (Prop_carry4_CI_CO[3])
                                                      0.114     8.199 r  i_asg/chA/int_sum_i_56/CO[3]
                         net (fo=1, routed)           0.000     8.199    i_asg/chA/int_sum_i_56_n_0
    SLICE_X29Y74         CARRY4 (Prop_carry4_CI_O[1])
                                                      0.334     8.533 f  i_asg/chA/int_sum_i_52/O[1]
                         net (fo=26, routed)          1.660    10.193    i_hk/dac_dat_a_reg[0][1]
    SLICE_X39Y71         LUT5 (Prop_lut5_I3_O)        0.303    10.496 r  i_hk/dac_dat_a[11]_i_1/O
                         net (fo=1, routed)           0.000    10.496    i_hk_n_80
    SLICE_X39Y71         FDRE                                         r  dac_dat_a_reg[11]/D
  -------------------------------------------------------------------    -------------------

                         (clock pll_dac_clk_1x rise edge)
                                                      8.138     8.138 r  
    U18                                               0.000     8.138 r  adc_clk_i[1] (IN)
                         net (fo=0)                   0.000     8.138    adc_clk_i[1]
    U18                  IBUFDS (Prop_ibufds_I_O)     0.940     9.078 r  i_clk/O
                         net (fo=1, routed)           1.181    10.259    pll/adc_clk_in
    PLLE2_ADV_X0Y0       PLLE2_ADV (Prop_plle2_adv_CLKIN1_CLKOUT1)
                                                      0.084    10.343 r  pll/pll/CLKOUT1
                         net (fo=1, routed)           1.594    11.937    pll_dac_clk_1x
    BUFGCTRL_X0Y5        BUFG (Prop_bufg_I_O)         0.091    12.028 r  bufg_dac_clk_1x/O
                         net (fo=45, routed)          1.553    13.581    dac_clk_1x
    SLICE_X39Y71         FDRE                                         r  dac_dat_a_reg[11]/C
                         clock pessimism              0.173    13.754    
                         clock uncertainty           -0.190    13.564    
    SLICE_X39Y71         FDRE (Setup_fdre_C_D)        0.029    13.593    dac_dat_a_reg[11]
  -------------------------------------------------------------------
                         required time                         13.593    
                         arrival time                         -10.496    
  -------------------------------------------------------------------
                         slack                                  3.098    

Slack (MET) :             3.098ns  (required time - arrival time)
  Source:                 i_asg/chA/dac_o_reg[0]/C
                            (rising edge-triggered cell FDSE clocked by pll_adc_clk  {rise@0.000ns fall@4.069ns period=8.138ns})
  Destination:            dac_dat_a_reg[8]/D
                            (rising edge-triggered cell FDRE clocked by pll_dac_clk_1x  {rise@0.000ns fall@4.069ns period=8.138ns})
  Path Group:             pll_dac_clk_1x
  Path Type:              Setup (Max at Slow Process Corner)
  Requirement:            8.138ns  (pll_dac_clk_1x rise@8.138ns - pll_adc_clk rise@0.000ns)
  Data Path Delay:        4.612ns  (logic 2.039ns (44.207%)  route 2.573ns (55.793%))
  Logic Levels:           6  (CARRY4=4 LUT2=1 LUT5=1)
  Clock Path Skew:        -0.269ns (DCD - SCD + CPR)
    Destination Clock Delay (DCD):    5.443ns = ( 13.581 - 8.138 ) 
    Source Clock Delay      (SCD):    5.885ns
    Clock Pessimism Removal (CPR):    0.173ns
  Clock Uncertainty:      0.190ns  ((TSJ^2 + DJ^2)^1/2) / 2 + PE
    Total System Jitter     (TSJ):    0.071ns
    Discrete Jitter          (DJ):    0.120ns
    Phase Error              (PE):    0.120ns

    Location             Delay type                Incr(ns)  Path(ns)    Netlist Resource(s)
  -------------------------------------------------------------------    -------------------
                         (clock pll_adc_clk rise edge)
                                                      0.000     0.000 r  
    U18                                               0.000     0.000 r  adc_clk_i[1] (IN)
                         net (fo=0)                   0.000     0.000    adc_clk_i[1]
    U18                  IBUFDS (Prop_ibufds_I_O)     0.983     0.983 r  i_clk/O
                         net (fo=1, routed)           1.306     2.289    pll/adc_clk_in
    PLLE2_ADV_X0Y0       PLLE2_ADV (Prop_plle2_adv_CLKIN1_CLKOUT0)
                                                      0.089     2.378 r  pll/pll/CLKOUT0
                         net (fo=1, routed)           1.754     4.132    pll_adc_clk
    BUFGCTRL_X0Y0        BUFG (Prop_bufg_I_O)         0.101     4.233 r  bufg_adc_clk/O
                         net (fo=9660, routed)        1.652     5.885    i_asg/chA/adc_clk
    SLICE_X30Y68         FDSE                                         r  i_asg/chA/dac_o_reg[0]/C
  -------------------------------------------------------------------    -------------------
    SLICE_X30Y68         FDSE (Prop_fdse_C_Q)         0.518     6.403 r  i_asg/chA/dac_o_reg[0]/Q
                         net (fo=2, routed)           0.912     7.315    i_asg/chA/asg_dat[0][0]
    SLICE_X29Y71         LUT2 (Prop_lut2_I0_O)        0.124     7.439 r  i_asg/chA/int_sum_i_87/O
                         net (fo=1, routed)           0.000     7.439    i_asg/chA/int_sum_i_87_n_0
    SLICE_X29Y71         CARRY4 (Prop_carry4_S[0]_CO[3])
                                                      0.532     7.971 r  i_asg/chA/int_sum_i_66/CO[3]
                         net (fo=1, routed)           0.000     7.971    i_asg/chA/int_sum_i_66_n_0
    SLICE_X29Y72         CARRY4 (Prop_carry4_CI_CO[3])
                                                      0.114     8.085 r  i_asg/chA/int_sum_i_61/CO[3]
                         net (fo=1, routed)           0.000     8.085    i_asg/chA/int_sum_i_61_n_0
    SLICE_X29Y73         CARRY4 (Prop_carry4_CI_CO[3])
                                                      0.114     8.199 r  i_asg/chA/int_sum_i_56/CO[3]
                         net (fo=1, routed)           0.000     8.199    i_asg/chA/int_sum_i_56_n_0
    SLICE_X29Y74         CARRY4 (Prop_carry4_CI_O[1])
                                                      0.334     8.533 f  i_asg/chA/int_sum_i_52/O[1]
                         net (fo=26, routed)          1.662    10.195    i_hk/dac_dat_a_reg[0][1]
    SLICE_X39Y71         LUT5 (Prop_lut5_I3_O)        0.303    10.498 r  i_hk/dac_dat_a[8]_i_1/O
                         net (fo=1, routed)           0.000    10.498    i_hk_n_83
    SLICE_X39Y71         FDRE                                         r  dac_dat_a_reg[8]/D
  -------------------------------------------------------------------    -------------------

                         (clock pll_dac_clk_1x rise edge)
                                                      8.138     8.138 r  
    U18                                               0.000     8.138 r  adc_clk_i[1] (IN)
                         net (fo=0)                   0.000     8.138    adc_clk_i[1]
    U18                  IBUFDS (Prop_ibufds_I_O)     0.940     9.078 r  i_clk/O
                         net (fo=1, routed)           1.181    10.259    pll/adc_clk_in
    PLLE2_ADV_X0Y0       PLLE2_ADV (Prop_plle2_adv_CLKIN1_CLKOUT1)
                                                      0.084    10.343 r  pll/pll/CLKOUT1
                         net (fo=1, routed)           1.594    11.937    pll_dac_clk_1x
    BUFGCTRL_X0Y5        BUFG (Prop_bufg_I_O)         0.091    12.028 r  bufg_dac_clk_1x/O
                         net (fo=45, routed)          1.553    13.581    dac_clk_1x
    SLICE_X39Y71         FDRE                                         r  dac_dat_a_reg[8]/C
                         clock pessimism              0.173    13.754    
                         clock uncertainty           -0.190    13.564    
    SLICE_X39Y71         FDRE (Setup_fdre_C_D)        0.031    13.595    dac_dat_a_reg[8]
  -------------------------------------------------------------------
                         required time                         13.595    
                         arrival time                         -10.498    
  -------------------------------------------------------------------
                         slack                                  3.098    

Slack (MET) :             3.105ns  (required time - arrival time)
  Source:                 i_asg/chA/dac_o_reg[0]/C
                            (rising edge-triggered cell FDSE clocked by pll_adc_clk  {rise@0.000ns fall@4.069ns period=8.138ns})
  Destination:            dac_dat_a_reg[3]/D
                            (rising edge-triggered cell FDRE clocked by pll_dac_clk_1x  {rise@0.000ns fall@4.069ns period=8.138ns})
  Path Group:             pll_dac_clk_1x
  Path Type:              Setup (Max at Slow Process Corner)
  Requirement:            8.138ns  (pll_dac_clk_1x rise@8.138ns - pll_adc_clk rise@0.000ns)
  Data Path Delay:        4.604ns  (logic 1.943ns (42.204%)  route 2.661ns (57.796%))
  Logic Levels:           6  (CARRY4=4 LUT2=1 LUT5=1)
  Clock Path Skew:        -0.270ns (DCD - SCD + CPR)
    Destination Clock Delay (DCD):    5.442ns = ( 13.580 - 8.138 ) 
    Source Clock Delay      (SCD):    5.885ns
    Clock Pessimism Removal (CPR):    0.173ns
  Clock Uncertainty:      0.190ns  ((TSJ^2 + DJ^2)^1/2) / 2 + PE
    Total System Jitter     (TSJ):    0.071ns
    Discrete Jitter          (DJ):    0.120ns
    Phase Error              (PE):    0.120ns

    Location             Delay type                Incr(ns)  Path(ns)    Netlist Resource(s)
  -------------------------------------------------------------------    -------------------
                         (clock pll_adc_clk rise edge)
                                                      0.000     0.000 r  
    U18                                               0.000     0.000 r  adc_clk_i[1] (IN)
                         net (fo=0)                   0.000     0.000    adc_clk_i[1]
    U18                  IBUFDS (Prop_ibufds_I_O)     0.983     0.983 r  i_clk/O
                         net (fo=1, routed)           1.306     2.289    pll/adc_clk_in
    PLLE2_ADV_X0Y0       PLLE2_ADV (Prop_plle2_adv_CLKIN1_CLKOUT0)
                                                      0.089     2.378 r  pll/pll/CLKOUT0
                         net (fo=1, routed)           1.754     4.132    pll_adc_clk
    BUFGCTRL_X0Y0        BUFG (Prop_bufg_I_O)         0.101     4.233 r  bufg_adc_clk/O
                         net (fo=9660, routed)        1.652     5.885    i_asg/chA/adc_clk
    SLICE_X30Y68         FDSE                                         r  i_asg/chA/dac_o_reg[0]/C
  -------------------------------------------------------------------    -------------------
    SLICE_X30Y68         FDSE (Prop_fdse_C_Q)         0.518     6.403 r  i_asg/chA/dac_o_reg[0]/Q
                         net (fo=2, routed)           0.912     7.315    i_asg/chA/asg_dat[0][0]
    SLICE_X29Y71         LUT2 (Prop_lut2_I0_O)        0.124     7.439 r  i_asg/chA/int_sum_i_87/O
                         net (fo=1, routed)           0.000     7.439    i_asg/chA/int_sum_i_87_n_0
    SLICE_X29Y71         CARRY4 (Prop_carry4_S[0]_CO[3])
                                                      0.532     7.971 r  i_asg/chA/int_sum_i_66/CO[3]
                         net (fo=1, routed)           0.000     7.971    i_asg/chA/int_sum_i_66_n_0
    SLICE_X29Y72         CARRY4 (Prop_carry4_CI_CO[3])
                                                      0.114     8.085 r  i_asg/chA/int_sum_i_61/CO[3]
                         net (fo=1, routed)           0.000     8.085    i_asg/chA/int_sum_i_61_n_0
    SLICE_X29Y73         CARRY4 (Prop_carry4_CI_CO[3])
                                                      0.114     8.199 r  i_asg/chA/int_sum_i_56/CO[3]
                         net (fo=1, routed)           0.000     8.199    i_asg/chA/int_sum_i_56_n_0
    SLICE_X29Y74         CARRY4 (Prop_carry4_CI_CO[2])
                                                      0.228     8.427 f  i_asg/chA/int_sum_i_52/CO[2]
                         net (fo=39, routed)          1.749    10.176    i_hk/CO[0]
    SLICE_X40Y72         LUT5 (Prop_lut5_I2_O)        0.313    10.489 r  i_hk/dac_dat_a[3]_i_1/O
                         net (fo=1, routed)           0.000    10.489    i_hk_n_88
    SLICE_X40Y72         FDRE                                         r  dac_dat_a_reg[3]/D
  -------------------------------------------------------------------    -------------------

                         (clock pll_dac_clk_1x rise edge)
                                                      8.138     8.138 r  
    U18                                               0.000     8.138 r  adc_clk_i[1] (IN)
                         net (fo=0)                   0.000     8.138    adc_clk_i[1]
    U18                  IBUFDS (Prop_ibufds_I_O)     0.940     9.078 r  i_clk/O
                         net (fo=1, routed)           1.181    10.259    pll/adc_clk_in
    PLLE2_ADV_X0Y0       PLLE2_ADV (Prop_plle2_adv_CLKIN1_CLKOUT1)
                                                      0.084    10.343 r  pll/pll/CLKOUT1
                         net (fo=1, routed)           1.594    11.937    pll_dac_clk_1x
    BUFGCTRL_X0Y5        BUFG (Prop_bufg_I_O)         0.091    12.028 r  bufg_dac_clk_1x/O
                         net (fo=45, routed)          1.552    13.580    dac_clk_1x
    SLICE_X40Y72         FDRE                                         r  dac_dat_a_reg[3]/C
                         clock pessimism              0.173    13.753    
                         clock uncertainty           -0.190    13.563    
    SLICE_X40Y72         FDRE (Setup_fdre_C_D)        0.031    13.594    dac_dat_a_reg[3]
  -------------------------------------------------------------------
                         required time                         13.594    
                         arrival time                         -10.489    
  -------------------------------------------------------------------
                         slack                                  3.105    

Slack (MET) :             3.195ns  (required time - arrival time)
  Source:                 i_asg/chA/dac_o_reg[0]/C
                            (rising edge-triggered cell FDSE clocked by pll_adc_clk  {rise@0.000ns fall@4.069ns period=8.138ns})
  Destination:            dac_dat_a_reg[6]/D
                            (rising edge-triggered cell FDRE clocked by pll_dac_clk_1x  {rise@0.000ns fall@4.069ns period=8.138ns})
  Path Group:             pll_dac_clk_1x
  Path Type:              Setup (Max at Slow Process Corner)
  Requirement:            8.138ns  (pll_dac_clk_1x rise@8.138ns - pll_adc_clk rise@0.000ns)
  Data Path Delay:        4.516ns  (logic 2.039ns (45.155%)  route 2.477ns (54.845%))
  Logic Levels:           6  (CARRY4=4 LUT2=1 LUT5=1)
  Clock Path Skew:        -0.267ns (DCD - SCD + CPR)
    Destination Clock Delay (DCD):    5.445ns = ( 13.583 - 8.138 ) 
    Source Clock Delay      (SCD):    5.885ns
    Clock Pessimism Removal (CPR):    0.173ns
  Clock Uncertainty:      0.190ns  ((TSJ^2 + DJ^2)^1/2) / 2 + PE
    Total System Jitter     (TSJ):    0.071ns
    Discrete Jitter          (DJ):    0.120ns
    Phase Error              (PE):    0.120ns

    Location             Delay type                Incr(ns)  Path(ns)    Netlist Resource(s)
  -------------------------------------------------------------------    -------------------
                         (clock pll_adc_clk rise edge)
                                                      0.000     0.000 r  
    U18                                               0.000     0.000 r  adc_clk_i[1] (IN)
                         net (fo=0)                   0.000     0.000    adc_clk_i[1]
    U18                  IBUFDS (Prop_ibufds_I_O)     0.983     0.983 r  i_clk/O
                         net (fo=1, routed)           1.306     2.289    pll/adc_clk_in
    PLLE2_ADV_X0Y0       PLLE2_ADV (Prop_plle2_adv_CLKIN1_CLKOUT0)
                                                      0.089     2.378 r  pll/pll/CLKOUT0
                         net (fo=1, routed)           1.754     4.132    pll_adc_clk
    BUFGCTRL_X0Y0        BUFG (Prop_bufg_I_O)         0.101     4.233 r  bufg_adc_clk/O
                         net (fo=9660, routed)        1.652     5.885    i_asg/chA/adc_clk
    SLICE_X30Y68         FDSE                                         r  i_asg/chA/dac_o_reg[0]/C
  -------------------------------------------------------------------    -------------------
    SLICE_X30Y68         FDSE (Prop_fdse_C_Q)         0.518     6.403 r  i_asg/chA/dac_o_reg[0]/Q
                         net (fo=2, routed)           0.912     7.315    i_asg/chA/asg_dat[0][0]
    SLICE_X29Y71         LUT2 (Prop_lut2_I0_O)        0.124     7.439 r  i_asg/chA/int_sum_i_87/O
                         net (fo=1, routed)           0.000     7.439    i_asg/chA/int_sum_i_87_n_0
    SLICE_X29Y71         CARRY4 (Prop_carry4_S[0]_CO[3])
                                                      0.532     7.971 r  i_asg/chA/int_sum_i_66/CO[3]
                         net (fo=1, routed)           0.000     7.971    i_asg/chA/int_sum_i_66_n_0
    SLICE_X29Y72         CARRY4 (Prop_carry4_CI_CO[3])
                                                      0.114     8.085 r  i_asg/chA/int_sum_i_61/CO[3]
                         net (fo=1, routed)           0.000     8.085    i_asg/chA/int_sum_i_61_n_0
    SLICE_X29Y73         CARRY4 (Prop_carry4_CI_CO[3])
                                                      0.114     8.199 r  i_asg/chA/int_sum_i_56/CO[3]
                         net (fo=1, routed)           0.000     8.199    i_asg/chA/int_sum_i_56_n_0
    SLICE_X29Y74         CARRY4 (Prop_carry4_CI_O[1])
                                                      0.334     8.533 f  i_asg/chA/int_sum_i_52/O[1]
                         net (fo=26, routed)          1.565    10.098    i_hk/dac_dat_a_reg[0][1]
    SLICE_X40Y70         LUT5 (Prop_lut5_I3_O)        0.303    10.401 r  i_hk/dac_dat_a[6]_i_1/O
                         net (fo=1, routed)           0.000    10.401    i_hk_n_85
    SLICE_X40Y70         FDRE                                         r  dac_dat_a_reg[6]/D
  -------------------------------------------------------------------    -------------------

                         (clock pll_dac_clk_1x rise edge)
                                                      8.138     8.138 r  
    U18                                               0.000     8.138 r  adc_clk_i[1] (IN)
                         net (fo=0)                   0.000     8.138    adc_clk_i[1]
    U18                  IBUFDS (Prop_ibufds_I_O)     0.940     9.078 r  i_clk/O
                         net (fo=1, routed)           1.181    10.259    pll/adc_clk_in
    PLLE2_ADV_X0Y0       PLLE2_ADV (Prop_plle2_adv_CLKIN1_CLKOUT1)
                                                      0.084    10.343 r  pll/pll/CLKOUT1
                         net (fo=1, routed)           1.594    11.937    pll_dac_clk_1x
    BUFGCTRL_X0Y5        BUFG (Prop_bufg_I_O)         0.091    12.028 r  bufg_dac_clk_1x/O
                         net (fo=45, routed)          1.555    13.583    dac_clk_1x
    SLICE_X40Y70         FDRE                                         r  dac_dat_a_reg[6]/C
                         clock pessimism              0.173    13.756    
                         clock uncertainty           -0.190    13.566    
    SLICE_X40Y70         FDRE (Setup_fdre_C_D)        0.029    13.595    dac_dat_a_reg[6]
  -------------------------------------------------------------------
                         required time                         13.595    
                         arrival time                         -10.401    
  -------------------------------------------------------------------
                         slack                                  3.195    

Slack (MET) :             3.233ns  (required time - arrival time)
  Source:                 i_asg/chA/dac_o_reg[0]/C
                            (rising edge-triggered cell FDSE clocked by pll_adc_clk  {rise@0.000ns fall@4.069ns period=8.138ns})
  Destination:            dac_dat_a_reg[5]/D
                            (rising edge-triggered cell FDRE clocked by pll_dac_clk_1x  {rise@0.000ns fall@4.069ns period=8.138ns})
  Path Group:             pll_dac_clk_1x
  Path Type:              Setup (Max at Slow Process Corner)
  Requirement:            8.138ns  (pll_dac_clk_1x rise@8.138ns - pll_adc_clk rise@0.000ns)
  Data Path Delay:        4.474ns  (logic 1.943ns (43.430%)  route 2.531ns (56.570%))
  Logic Levels:           6  (CARRY4=4 LUT2=1 LUT5=1)
  Clock Path Skew:        -0.270ns (DCD - SCD + CPR)
    Destination Clock Delay (DCD):    5.442ns = ( 13.580 - 8.138 ) 
    Source Clock Delay      (SCD):    5.885ns
    Clock Pessimism Removal (CPR):    0.173ns
  Clock Uncertainty:      0.190ns  ((TSJ^2 + DJ^2)^1/2) / 2 + PE
    Total System Jitter     (TSJ):    0.071ns
    Discrete Jitter          (DJ):    0.120ns
    Phase Error              (PE):    0.120ns

    Location             Delay type                Incr(ns)  Path(ns)    Netlist Resource(s)
  -------------------------------------------------------------------    -------------------
                         (clock pll_adc_clk rise edge)
                                                      0.000     0.000 r  
    U18                                               0.000     0.000 r  adc_clk_i[1] (IN)
                         net (fo=0)                   0.000     0.000    adc_clk_i[1]
    U18                  IBUFDS (Prop_ibufds_I_O)     0.983     0.983 r  i_clk/O
                         net (fo=1, routed)           1.306     2.289    pll/adc_clk_in
    PLLE2_ADV_X0Y0       PLLE2_ADV (Prop_plle2_adv_CLKIN1_CLKOUT0)
                                                      0.089     2.378 r  pll/pll/CLKOUT0
                         net (fo=1, routed)           1.754     4.132    pll_adc_clk
    BUFGCTRL_X0Y0        BUFG (Prop_bufg_I_O)         0.101     4.233 r  bufg_adc_clk/O
                         net (fo=9660, routed)        1.652     5.885    i_asg/chA/adc_clk
    SLICE_X30Y68         FDSE                                         r  i_asg/chA/dac_o_reg[0]/C
  -------------------------------------------------------------------    -------------------
    SLICE_X30Y68         FDSE (Prop_fdse_C_Q)         0.518     6.403 r  i_asg/chA/dac_o_reg[0]/Q
                         net (fo=2, routed)           0.912     7.315    i_asg/chA/asg_dat[0][0]
    SLICE_X29Y71         LUT2 (Prop_lut2_I0_O)        0.124     7.439 r  i_asg/chA/int_sum_i_87/O
                         net (fo=1, routed)           0.000     7.439    i_asg/chA/int_sum_i_87_n_0
    SLICE_X29Y71         CARRY4 (Prop_carry4_S[0]_CO[3])
                                                      0.532     7.971 r  i_asg/chA/int_sum_i_66/CO[3]
                         net (fo=1, routed)           0.000     7.971    i_asg/chA/int_sum_i_66_n_0
    SLICE_X29Y72         CARRY4 (Prop_carry4_CI_CO[3])
                                                      0.114     8.085 r  i_asg/chA/int_sum_i_61/CO[3]
                         net (fo=1, routed)           0.000     8.085    i_asg/chA/int_sum_i_61_n_0
    SLICE_X29Y73         CARRY4 (Prop_carry4_CI_CO[3])
                                                      0.114     8.199 r  i_asg/chA/int_sum_i_56/CO[3]
                         net (fo=1, routed)           0.000     8.199    i_asg/chA/int_sum_i_56_n_0
    SLICE_X29Y74         CARRY4 (Prop_carry4_CI_CO[2])
                                                      0.228     8.427 f  i_asg/chA/int_sum_i_52/CO[2]
                         net (fo=39, routed)          1.619    10.046    i_hk/CO[0]
    SLICE_X41Y72         LUT5 (Prop_lut5_I2_O)        0.313    10.359 r  i_hk/dac_dat_a[5]_i_1/O
                         net (fo=1, routed)           0.000    10.359    i_hk_n_86
    SLICE_X41Y72         FDRE                                         r  dac_dat_a_reg[5]/D
  -------------------------------------------------------------------    -------------------

                         (clock pll_dac_clk_1x rise edge)
                                                      8.138     8.138 r  
    U18                                               0.000     8.138 r  adc_clk_i[1] (IN)
                         net (fo=0)                   0.000     8.138    adc_clk_i[1]
    U18                  IBUFDS (Prop_ibufds_I_O)     0.940     9.078 r  i_clk/O
                         net (fo=1, routed)           1.181    10.259    pll/adc_clk_in
    PLLE2_ADV_X0Y0       PLLE2_ADV (Prop_plle2_adv_CLKIN1_CLKOUT1)
                                                      0.084    10.343 r  pll/pll/CLKOUT1
                         net (fo=1, routed)           1.594    11.937    pll_dac_clk_1x
    BUFGCTRL_X0Y5        BUFG (Prop_bufg_I_O)         0.091    12.028 r  bufg_dac_clk_1x/O
                         net (fo=45, routed)          1.552    13.580    dac_clk_1x
    SLICE_X41Y72         FDRE                                         r  dac_dat_a_reg[5]/C
                         clock pessimism              0.173    13.753    
                         clock uncertainty           -0.190    13.563    
    SLICE_X41Y72         FDRE (Setup_fdre_C_D)        0.029    13.592    dac_dat_a_reg[5]
  -------------------------------------------------------------------
                         required time                         13.592    
                         arrival time                         -10.359    
  -------------------------------------------------------------------
                         slack                                  3.233    

Slack (MET) :             3.259ns  (required time - arrival time)
  Source:                 i_asg/chA/dac_o_reg[0]/C
                            (rising edge-triggered cell FDSE clocked by pll_adc_clk  {rise@0.000ns fall@4.069ns period=8.138ns})
  Destination:            dac_dat_a_reg[0]/D
                            (rising edge-triggered cell FDRE clocked by pll_dac_clk_1x  {rise@0.000ns fall@4.069ns period=8.138ns})
  Path Group:             pll_dac_clk_1x
  Path Type:              Setup (Max at Slow Process Corner)
  Requirement:            8.138ns  (pll_dac_clk_1x rise@8.138ns - pll_adc_clk rise@0.000ns)
  Data Path Delay:        4.448ns  (logic 2.039ns (45.842%)  route 2.409ns (54.158%))
  Logic Levels:           6  (CARRY4=4 LUT2=1 LUT5=1)
  Clock Path Skew:        -0.270ns (DCD - SCD + CPR)
    Destination Clock Delay (DCD):    5.442ns = ( 13.580 - 8.138 ) 
    Source Clock Delay      (SCD):    5.885ns
    Clock Pessimism Removal (CPR):    0.173ns
  Clock Uncertainty:      0.190ns  ((TSJ^2 + DJ^2)^1/2) / 2 + PE
    Total System Jitter     (TSJ):    0.071ns
    Discrete Jitter          (DJ):    0.120ns
    Phase Error              (PE):    0.120ns

    Location             Delay type                Incr(ns)  Path(ns)    Netlist Resource(s)
  -------------------------------------------------------------------    -------------------
                         (clock pll_adc_clk rise edge)
                                                      0.000     0.000 r  
    U18                                               0.000     0.000 r  adc_clk_i[1] (IN)
                         net (fo=0)                   0.000     0.000    adc_clk_i[1]
    U18                  IBUFDS (Prop_ibufds_I_O)     0.983     0.983 r  i_clk/O
                         net (fo=1, routed)           1.306     2.289    pll/adc_clk_in
    PLLE2_ADV_X0Y0       PLLE2_ADV (Prop_plle2_adv_CLKIN1_CLKOUT0)
                                                      0.089     2.378 r  pll/pll/CLKOUT0
                         net (fo=1, routed)           1.754     4.132    pll_adc_clk
    BUFGCTRL_X0Y0        BUFG (Prop_bufg_I_O)         0.101     4.233 r  bufg_adc_clk/O
                         net (fo=9660, routed)        1.652     5.885    i_asg/chA/adc_clk
    SLICE_X30Y68         FDSE                                         r  i_asg/chA/dac_o_reg[0]/C
  -------------------------------------------------------------------    -------------------
    SLICE_X30Y68         FDSE (Prop_fdse_C_Q)         0.518     6.403 r  i_asg/chA/dac_o_reg[0]/Q
                         net (fo=2, routed)           0.912     7.315    i_asg/chA/asg_dat[0][0]
    SLICE_X29Y71         LUT2 (Prop_lut2_I0_O)        0.124     7.439 r  i_asg/chA/int_sum_i_87/O
                         net (fo=1, routed)           0.000     7.439    i_asg/chA/int_sum_i_87_n_0
    SLICE_X29Y71         CARRY4 (Prop_carry4_S[0]_CO[3])
                                                      0.532     7.971 r  i_asg/chA/int_sum_i_66/CO[3]
                         net (fo=1, routed)           0.000     7.971    i_asg/chA/int_sum_i_66_n_0
    SLICE_X29Y72         CARRY4 (Prop_carry4_CI_CO[3])
                                                      0.114     8.085 r  i_asg/chA/int_sum_i_61/CO[3]
                         net (fo=1, routed)           0.000     8.085    i_asg/chA/int_sum_i_61_n_0
    SLICE_X29Y73         CARRY4 (Prop_carry4_CI_CO[3])
                                                      0.114     8.199 r  i_asg/chA/int_sum_i_56/CO[3]
                         net (fo=1, routed)           0.000     8.199    i_asg/chA/int_sum_i_56_n_0
    SLICE_X29Y74         CARRY4 (Prop_carry4_CI_O[1])
                                                      0.334     8.533 f  i_asg/chA/int_sum_i_52/O[1]
                         net (fo=26, routed)          1.497    10.030    i_hk/dac_dat_a_reg[0][1]
    SLICE_X40Y72         LUT5 (Prop_lut5_I3_O)        0.303    10.333 r  i_hk/dac_dat_a[0]_i_1/O
                         net (fo=1, routed)           0.000    10.333    i_hk_n_91
    SLICE_X40Y72         FDRE                                         r  dac_dat_a_reg[0]/D
  -------------------------------------------------------------------    -------------------

                         (clock pll_dac_clk_1x rise edge)
                                                      8.138     8.138 r  
    U18                                               0.000     8.138 r  adc_clk_i[1] (IN)
                         net (fo=0)                   0.000     8.138    adc_clk_i[1]
    U18                  IBUFDS (Prop_ibufds_I_O)     0.940     9.078 r  i_clk/O
                         net (fo=1, routed)           1.181    10.259    pll/adc_clk_in
    PLLE2_ADV_X0Y0       PLLE2_ADV (Prop_plle2_adv_CLKIN1_CLKOUT1)
                                                      0.084    10.343 r  pll/pll/CLKOUT1
                         net (fo=1, routed)           1.594    11.937    pll_dac_clk_1x
    BUFGCTRL_X0Y5        BUFG (Prop_bufg_I_O)         0.091    12.028 r  bufg_dac_clk_1x/O
                         net (fo=45, routed)          1.552    13.580    dac_clk_1x
    SLICE_X40Y72         FDRE                                         r  dac_dat_a_reg[0]/C
                         clock pessimism              0.173    13.753    
                         clock uncertainty           -0.190    13.563    
    SLICE_X40Y72         FDRE (Setup_fdre_C_D)        0.029    13.592    dac_dat_a_reg[0]
  -------------------------------------------------------------------
                         required time                         13.592    
                         arrival time                         -10.333    
  -------------------------------------------------------------------
                         slack                                  3.259    

Slack (MET) :             3.269ns  (required time - arrival time)
  Source:                 i_asg/chA/dac_o_reg[0]/C
                            (rising edge-triggered cell FDSE clocked by pll_adc_clk  {rise@0.000ns fall@4.069ns period=8.138ns})
  Destination:            dac_dat_a_reg[2]/D
                            (rising edge-triggered cell FDRE clocked by pll_dac_clk_1x  {rise@0.000ns fall@4.069ns period=8.138ns})
  Path Group:             pll_dac_clk_1x
  Path Type:              Setup (Max at Slow Process Corner)
  Requirement:            8.138ns  (pll_dac_clk_1x rise@8.138ns - pll_adc_clk rise@0.000ns)
  Data Path Delay:        4.441ns  (logic 2.039ns (45.917%)  route 2.402ns (54.083%))
  Logic Levels:           6  (CARRY4=4 LUT2=1 LUT5=1)
  Clock Path Skew:        -0.270ns (DCD - SCD + CPR)
    Destination Clock Delay (DCD):    5.442ns = ( 13.580 - 8.138 ) 
    Source Clock Delay      (SCD):    5.885ns
    Clock Pessimism Removal (CPR):    0.173ns
  Clock Uncertainty:      0.190ns  ((TSJ^2 + DJ^2)^1/2) / 2 + PE
    Total System Jitter     (TSJ):    0.071ns
    Discrete Jitter          (DJ):    0.120ns
    Phase Error              (PE):    0.120ns

    Location             Delay type                Incr(ns)  Path(ns)    Netlist Resource(s)
  -------------------------------------------------------------------    -------------------
                         (clock pll_adc_clk rise edge)
                                                      0.000     0.000 r  
    U18                                               0.000     0.000 r  adc_clk_i[1] (IN)
                         net (fo=0)                   0.000     0.000    adc_clk_i[1]
    U18                  IBUFDS (Prop_ibufds_I_O)     0.983     0.983 r  i_clk/O
                         net (fo=1, routed)           1.306     2.289    pll/adc_clk_in
    PLLE2_ADV_X0Y0       PLLE2_ADV (Prop_plle2_adv_CLKIN1_CLKOUT0)
                                                      0.089     2.378 r  pll/pll/CLKOUT0
                         net (fo=1, routed)           1.754     4.132    pll_adc_clk
    BUFGCTRL_X0Y0        BUFG (Prop_bufg_I_O)         0.101     4.233 r  bufg_adc_clk/O
                         net (fo=9660, routed)        1.652     5.885    i_asg/chA/adc_clk
    SLICE_X30Y68         FDSE                                         r  i_asg/chA/dac_o_reg[0]/C
  -------------------------------------------------------------------    -------------------
    SLICE_X30Y68         FDSE (Prop_fdse_C_Q)         0.518     6.403 r  i_asg/chA/dac_o_reg[0]/Q
                         net (fo=2, routed)           0.912     7.315    i_asg/chA/asg_dat[0][0]
    SLICE_X29Y71         LUT2 (Prop_lut2_I0_O)        0.124     7.439 r  i_asg/chA/int_sum_i_87/O
                         net (fo=1, routed)           0.000     7.439    i_asg/chA/int_sum_i_87_n_0
    SLICE_X29Y71         CARRY4 (Prop_carry4_S[0]_CO[3])
                                                      0.532     7.971 r  i_asg/chA/int_sum_i_66/CO[3]
                         net (fo=1, routed)           0.000     7.971    i_asg/chA/int_sum_i_66_n_0
    SLICE_X29Y72         CARRY4 (Prop_carry4_CI_CO[3])
                                                      0.114     8.085 r  i_asg/chA/int_sum_i_61/CO[3]
                         net (fo=1, routed)           0.000     8.085    i_asg/chA/int_sum_i_61_n_0
    SLICE_X29Y73         CARRY4 (Prop_carry4_CI_CO[3])
                                                      0.114     8.199 r  i_asg/chA/int_sum_i_56/CO[3]
                         net (fo=1, routed)           0.000     8.199    i_asg/chA/int_sum_i_56_n_0
    SLICE_X29Y74         CARRY4 (Prop_carry4_CI_O[1])
                                                      0.334     8.533 f  i_asg/chA/int_sum_i_52/O[1]
                         net (fo=26, routed)          1.490    10.023    i_hk/dac_dat_a_reg[0][1]
    SLICE_X40Y72         LUT5 (Prop_lut5_I3_O)        0.303    10.326 r  i_hk/dac_dat_a[2]_i_1/O
                         net (fo=1, routed)           0.000    10.326    i_hk_n_89
    SLICE_X40Y72         FDRE                                         r  dac_dat_a_reg[2]/D
  -------------------------------------------------------------------    -------------------

                         (clock pll_dac_clk_1x rise edge)
                                                      8.138     8.138 r  
    U18                                               0.000     8.138 r  adc_clk_i[1] (IN)
                         net (fo=0)                   0.000     8.138    adc_clk_i[1]
    U18                  IBUFDS (Prop_ibufds_I_O)     0.940     9.078 r  i_clk/O
                         net (fo=1, routed)           1.181    10.259    pll/adc_clk_in
    PLLE2_ADV_X0Y0       PLLE2_ADV (Prop_plle2_adv_CLKIN1_CLKOUT1)
                                                      0.084    10.343 r  pll/pll/CLKOUT1
                         net (fo=1, routed)           1.594    11.937    pll_dac_clk_1x
    BUFGCTRL_X0Y5        BUFG (Prop_bufg_I_O)         0.091    12.028 r  bufg_dac_clk_1x/O
                         net (fo=45, routed)          1.552    13.580    dac_clk_1x
    SLICE_X40Y72         FDRE                                         r  dac_dat_a_reg[2]/C
                         clock pessimism              0.173    13.753    
                         clock uncertainty           -0.190    13.563    
    SLICE_X40Y72         FDRE (Setup_fdre_C_D)        0.031    13.594    dac_dat_a_reg[2]
  -------------------------------------------------------------------
                         required time                         13.594    
                         arrival time                         -10.326    
  -------------------------------------------------------------------
                         slack                                  3.269    

Slack (MET) :             3.296ns  (required time - arrival time)
  Source:                 i_asg/chA/dac_o_reg[0]/C
                            (rising edge-triggered cell FDSE clocked by pll_adc_clk  {rise@0.000ns fall@4.069ns period=8.138ns})
  Destination:            dac_dat_a_reg[10]/D
                            (rising edge-triggered cell FDRE clocked by pll_dac_clk_1x  {rise@0.000ns fall@4.069ns period=8.138ns})
  Path Group:             pll_dac_clk_1x
  Path Type:              Setup (Max at Slow Process Corner)
  Requirement:            8.138ns  (pll_dac_clk_1x rise@8.138ns - pll_adc_clk rise@0.000ns)
  Data Path Delay:        4.458ns  (logic 2.039ns (45.735%)  route 2.419ns (54.265%))
  Logic Levels:           6  (CARRY4=4 LUT2=1 LUT5=1)
  Clock Path Skew:        -0.271ns (DCD - SCD + CPR)
    Destination Clock Delay (DCD):    5.441ns = ( 13.579 - 8.138 ) 
    Source Clock Delay      (SCD):    5.885ns
    Clock Pessimism Removal (CPR):    0.173ns
  Clock Uncertainty:      0.190ns  ((TSJ^2 + DJ^2)^1/2) / 2 + PE
    Total System Jitter     (TSJ):    0.071ns
    Discrete Jitter          (DJ):    0.120ns
    Phase Error              (PE):    0.120ns

    Location             Delay type                Incr(ns)  Path(ns)    Netlist Resource(s)
  -------------------------------------------------------------------    -------------------
                         (clock pll_adc_clk rise edge)
                                                      0.000     0.000 r  
    U18                                               0.000     0.000 r  adc_clk_i[1] (IN)
                         net (fo=0)                   0.000     0.000    adc_clk_i[1]
    U18                  IBUFDS (Prop_ibufds_I_O)     0.983     0.983 r  i_clk/O
                         net (fo=1, routed)           1.306     2.289    pll/adc_clk_in
    PLLE2_ADV_X0Y0       PLLE2_ADV (Prop_plle2_adv_CLKIN1_CLKOUT0)
                                                      0.089     2.378 r  pll/pll/CLKOUT0
                         net (fo=1, routed)           1.754     4.132    pll_adc_clk
    BUFGCTRL_X0Y0        BUFG (Prop_bufg_I_O)         0.101     4.233 r  bufg_adc_clk/O
                         net (fo=9660, routed)        1.652     5.885    i_asg/chA/adc_clk
    SLICE_X30Y68         FDSE                                         r  i_asg/chA/dac_o_reg[0]/C
  -------------------------------------------------------------------    -------------------
    SLICE_X30Y68         FDSE (Prop_fdse_C_Q)         0.518     6.403 r  i_asg/chA/dac_o_reg[0]/Q
                         net (fo=2, routed)           0.912     7.315    i_asg/chA/asg_dat[0][0]
    SLICE_X29Y71         LUT2 (Prop_lut2_I0_O)        0.124     7.439 r  i_asg/chA/int_sum_i_87/O
                         net (fo=1, routed)           0.000     7.439    i_asg/chA/int_sum_i_87_n_0
    SLICE_X29Y71         CARRY4 (Prop_carry4_S[0]_CO[3])
                                                      0.532     7.971 r  i_asg/chA/int_sum_i_66/CO[3]
                         net (fo=1, routed)           0.000     7.971    i_asg/chA/int_sum_i_66_n_0
    SLICE_X29Y72         CARRY4 (Prop_carry4_CI_CO[3])
                                                      0.114     8.085 r  i_asg/chA/int_sum_i_61/CO[3]
                         net (fo=1, routed)           0.000     8.085    i_asg/chA/int_sum_i_61_n_0
    SLICE_X29Y73         CARRY4 (Prop_carry4_CI_CO[3])
                                                      0.114     8.199 r  i_asg/chA/int_sum_i_56/CO[3]
                         net (fo=1, routed)           0.000     8.199    i_asg/chA/int_sum_i_56_n_0
    SLICE_X29Y74         CARRY4 (Prop_carry4_CI_O[1])
                                                      0.334     8.533 f  i_asg/chA/int_sum_i_52/O[1]
                         net (fo=26, routed)          1.507    10.040    i_hk/dac_dat_a_reg[0][1]
    SLICE_X38Y72         LUT5 (Prop_lut5_I3_O)        0.303    10.343 r  i_hk/dac_dat_a[10]_i_1/O
                         net (fo=1, routed)           0.000    10.343    i_hk_n_81
    SLICE_X38Y72         FDRE                                         r  dac_dat_a_reg[10]/D
  -------------------------------------------------------------------    -------------------

                         (clock pll_dac_clk_1x rise edge)
                                                      8.138     8.138 r  
    U18                                               0.000     8.138 r  adc_clk_i[1] (IN)
                         net (fo=0)                   0.000     8.138    adc_clk_i[1]
    U18                  IBUFDS (Prop_ibufds_I_O)     0.940     9.078 r  i_clk/O
                         net (fo=1, routed)           1.181    10.259    pll/adc_clk_in
    PLLE2_ADV_X0Y0       PLLE2_ADV (Prop_plle2_adv_CLKIN1_CLKOUT1)
                                                      0.084    10.343 r  pll/pll/CLKOUT1
                         net (fo=1, routed)           1.594    11.937    pll_dac_clk_1x
    BUFGCTRL_X0Y5        BUFG (Prop_bufg_I_O)         0.091    12.028 r  bufg_dac_clk_1x/O
                         net (fo=45, routed)          1.551    13.579    dac_clk_1x
    SLICE_X38Y72         FDRE                                         r  dac_dat_a_reg[10]/C
                         clock pessimism              0.173    13.752    
                         clock uncertainty           -0.190    13.562    
    SLICE_X38Y72         FDRE (Setup_fdre_C_D)        0.077    13.639    dac_dat_a_reg[10]
  -------------------------------------------------------------------
                         required time                         13.639    
                         arrival time                         -10.343    
  -------------------------------------------------------------------
                         slack                                  3.296    

Slack (MET) :             3.310ns  (required time - arrival time)
  Source:                 i_asg/chA/dac_o_reg[0]/C
                            (rising edge-triggered cell FDSE clocked by pll_adc_clk  {rise@0.000ns fall@4.069ns period=8.138ns})
  Destination:            dac_dat_a_reg[1]/D
                            (rising edge-triggered cell FDRE clocked by pll_dac_clk_1x  {rise@0.000ns fall@4.069ns period=8.138ns})
  Path Group:             pll_dac_clk_1x
  Path Type:              Setup (Max at Slow Process Corner)
  Requirement:            8.138ns  (pll_dac_clk_1x rise@8.138ns - pll_adc_clk rise@0.000ns)
  Data Path Delay:        4.448ns  (logic 2.039ns (45.838%)  route 2.409ns (54.162%))
  Logic Levels:           6  (CARRY4=4 LUT2=1 LUT5=1)
  Clock Path Skew:        -0.271ns (DCD - SCD + CPR)
    Destination Clock Delay (DCD):    5.441ns = ( 13.579 - 8.138 ) 
    Source Clock Delay      (SCD):    5.885ns
    Clock Pessimism Removal (CPR):    0.173ns
  Clock Uncertainty:      0.190ns  ((TSJ^2 + DJ^2)^1/2) / 2 + PE
    Total System Jitter     (TSJ):    0.071ns
    Discrete Jitter          (DJ):    0.120ns
    Phase Error              (PE):    0.120ns

    Location             Delay type                Incr(ns)  Path(ns)    Netlist Resource(s)
  -------------------------------------------------------------------    -------------------
                         (clock pll_adc_clk rise edge)
                                                      0.000     0.000 r  
    U18                                               0.000     0.000 r  adc_clk_i[1] (IN)
                         net (fo=0)                   0.000     0.000    adc_clk_i[1]
    U18                  IBUFDS (Prop_ibufds_I_O)     0.983     0.983 r  i_clk/O
                         net (fo=1, routed)           1.306     2.289    pll/adc_clk_in
    PLLE2_ADV_X0Y0       PLLE2_ADV (Prop_plle2_adv_CLKIN1_CLKOUT0)
                                                      0.089     2.378 r  pll/pll/CLKOUT0
                         net (fo=1, routed)           1.754     4.132    pll_adc_clk
    BUFGCTRL_X0Y0        BUFG (Prop_bufg_I_O)         0.101     4.233 r  bufg_adc_clk/O
                         net (fo=9660, routed)        1.652     5.885    i_asg/chA/adc_clk
    SLICE_X30Y68         FDSE                                         r  i_asg/chA/dac_o_reg[0]/C
  -------------------------------------------------------------------    -------------------
    SLICE_X30Y68         FDSE (Prop_fdse_C_Q)         0.518     6.403 r  i_asg/chA/dac_o_reg[0]/Q
                         net (fo=2, routed)           0.912     7.315    i_asg/chA/asg_dat[0][0]
    SLICE_X29Y71         LUT2 (Prop_lut2_I0_O)        0.124     7.439 r  i_asg/chA/int_sum_i_87/O
                         net (fo=1, routed)           0.000     7.439    i_asg/chA/int_sum_i_87_n_0
    SLICE_X29Y71         CARRY4 (Prop_carry4_S[0]_CO[3])
                                                      0.532     7.971 r  i_asg/chA/int_sum_i_66/CO[3]
                         net (fo=1, routed)           0.000     7.971    i_asg/chA/int_sum_i_66_n_0
    SLICE_X29Y72         CARRY4 (Prop_carry4_CI_CO[3])
                                                      0.114     8.085 r  i_asg/chA/int_sum_i_61/CO[3]
                         net (fo=1, routed)           0.000     8.085    i_asg/chA/int_sum_i_61_n_0
    SLICE_X29Y73         CARRY4 (Prop_carry4_CI_CO[3])
                                                      0.114     8.199 r  i_asg/chA/int_sum_i_56/CO[3]
                         net (fo=1, routed)           0.000     8.199    i_asg/chA/int_sum_i_56_n_0
    SLICE_X29Y74         CARRY4 (Prop_carry4_CI_O[1])
                                                      0.334     8.533 f  i_asg/chA/int_sum_i_52/O[1]
                         net (fo=26, routed)          1.497    10.030    i_hk/dac_dat_a_reg[0][1]
    SLICE_X38Y72         LUT5 (Prop_lut5_I3_O)        0.303    10.333 r  i_hk/dac_dat_a[1]_i_1/O
                         net (fo=1, routed)           0.000    10.333    i_hk_n_90
    SLICE_X38Y72         FDRE                                         r  dac_dat_a_reg[1]/D
  -------------------------------------------------------------------    -------------------

                         (clock pll_dac_clk_1x rise edge)
                                                      8.138     8.138 r  
    U18                                               0.000     8.138 r  adc_clk_i[1] (IN)
                         net (fo=0)                   0.000     8.138    adc_clk_i[1]
    U18                  IBUFDS (Prop_ibufds_I_O)     0.940     9.078 r  i_clk/O
                         net (fo=1, routed)           1.181    10.259    pll/adc_clk_in
    PLLE2_ADV_X0Y0       PLLE2_ADV (Prop_plle2_adv_CLKIN1_CLKOUT1)
                                                      0.084    10.343 r  pll/pll/CLKOUT1
                         net (fo=1, routed)           1.594    11.937    pll_dac_clk_1x
    BUFGCTRL_X0Y5        BUFG (Prop_bufg_I_O)         0.091    12.028 r  bufg_dac_clk_1x/O
                         net (fo=45, routed)          1.551    13.579    dac_clk_1x
    SLICE_X38Y72         FDRE                                         r  dac_dat_a_reg[1]/C
                         clock pessimism              0.173    13.752    
                         clock uncertainty           -0.190    13.562    
    SLICE_X38Y72         FDRE (Setup_fdre_C_D)        0.081    13.643    dac_dat_a_reg[1]
  -------------------------------------------------------------------
                         required time                         13.643    
                         arrival time                         -10.333    
  -------------------------------------------------------------------
                         slack                                  3.310    





Min Delay Paths
--------------------------------------------------------------------------------------
Slack (MET) :             0.185ns  (arrival time - required time)
  Source:                 rst_cnt_reg[5]/C
                            (rising edge-triggered cell FDRE clocked by pll_adc_clk  {rise@0.000ns fall@4.069ns period=8.138ns})
  Destination:            dac_rst_reg/D
                            (rising edge-triggered cell FDRE clocked by pll_dac_clk_1x  {rise@0.000ns fall@4.069ns period=8.138ns})
  Path Group:             pll_dac_clk_1x
  Path Type:              Hold (Min at Fast Process Corner)
  Requirement:            0.000ns  (pll_dac_clk_1x rise@0.000ns - pll_adc_clk rise@0.000ns)
  Data Path Delay:        0.799ns  (logic 0.185ns (23.151%)  route 0.614ns (76.849%))
  Logic Levels:           1  (LUT5=1)
  Clock Path Skew:        0.319ns (DCD - SCD - CPR)
    Destination Clock Delay (DCD):    2.396ns
    Source Clock Delay      (SCD):    2.001ns
    Clock Pessimism Removal (CPR):    0.075ns
  Clock Uncertainty:      0.190ns  ((TSJ^2 + DJ^2)^1/2) / 2 + PE
    Total System Jitter     (TSJ):    0.071ns
    Discrete Jitter          (DJ):    0.120ns
    Phase Error              (PE):    0.120ns

    Location             Delay type                Incr(ns)  Path(ns)    Netlist Resource(s)
  -------------------------------------------------------------------    -------------------
                         (clock pll_adc_clk rise edge)
                                                      0.000     0.000 r  
    U18                                               0.000     0.000 r  adc_clk_i[1] (IN)
                         net (fo=0)                   0.000     0.000    adc_clk_i[1]
    U18                  IBUFDS (Prop_ibufds_I_O)     0.401     0.401 r  i_clk/O
                         net (fo=1, routed)           0.440     0.842    pll/adc_clk_in
    PLLE2_ADV_X0Y0       PLLE2_ADV (Prop_plle2_adv_CLKIN1_CLKOUT0)
                                                      0.051     0.893 r  pll/pll/CLKOUT0
                         net (fo=1, routed)           0.497     1.390    pll_adc_clk
    BUFGCTRL_X0Y0        BUFG (Prop_bufg_I_O)         0.026     1.416 r  bufg_adc_clk/O
                         net (fo=9660, routed)        0.586     2.001    adc_clk
    SLICE_X43Y65         FDRE                                         r  rst_cnt_reg[5]/C
  -------------------------------------------------------------------    -------------------
    SLICE_X43Y65         FDRE (Prop_fdre_C_Q)         0.141     2.142 r  rst_cnt_reg[5]/Q
                         net (fo=6, routed)           0.614     2.756    ps/dac_rst_reg[1]
    SLICE_X43Y64         LUT5 (Prop_lut5_I0_O)        0.044     2.800 r  ps/dac_rst_i_1/O
                         net (fo=1, routed)           0.000     2.800    dac_rst_reg0
    SLICE_X43Y64         FDRE                                         r  dac_rst_reg/D
  -------------------------------------------------------------------    -------------------

                         (clock pll_dac_clk_1x rise edge)
                                                      0.000     0.000 r  
    U18                                               0.000     0.000 r  adc_clk_i[1] (IN)
                         net (fo=0)                   0.000     0.000    adc_clk_i[1]
    U18                  IBUFDS (Prop_ibufds_I_O)     0.433     0.433 r  i_clk/O
                         net (fo=1, routed)           0.481     0.914    pll/adc_clk_in
    PLLE2_ADV_X0Y0       PLLE2_ADV (Prop_plle2_adv_CLKIN1_CLKOUT1)
                                                      0.054     0.968 r  pll/pll/CLKOUT1
                         net (fo=1, routed)           0.544     1.512    pll_dac_clk_1x
    BUFGCTRL_X0Y5        BUFG (Prop_bufg_I_O)         0.029     1.541 r  bufg_dac_clk_1x/O
                         net (fo=45, routed)          0.855     2.396    dac_clk_1x
    SLICE_X43Y64         FDRE                                         r  dac_rst_reg/C
                         clock pessimism             -0.075     2.321    
                         clock uncertainty            0.190     2.510    
    SLICE_X43Y64         FDRE (Hold_fdre_C_D)         0.105     2.615    dac_rst_reg
  -------------------------------------------------------------------
                         required time                         -2.615    
                         arrival time                           2.800    
  -------------------------------------------------------------------
                         slack                                  0.185    

Slack (MET) :             0.230ns  (arrival time - required time)
  Source:                 i_asg/chB/dac_o_reg[0]/C
                            (rising edge-triggered cell FDSE clocked by pll_adc_clk  {rise@0.000ns fall@4.069ns period=8.138ns})
  Destination:            dac_dat_b_reg[0]/D
                            (rising edge-triggered cell FDRE clocked by pll_dac_clk_1x  {rise@0.000ns fall@4.069ns period=8.138ns})
  Path Group:             pll_dac_clk_1x
  Path Type:              Hold (Min at Fast Process Corner)
  Requirement:            0.000ns  (pll_dac_clk_1x rise@0.000ns - pll_adc_clk rise@0.000ns)
  Data Path Delay:        0.856ns  (logic 0.386ns (45.077%)  route 0.470ns (54.923%))
  Logic Levels:           3  (CARRY4=1 LUT2=1 LUT5=1)
  Clock Path Skew:        0.345ns (DCD - SCD - CPR)
    Destination Clock Delay (DCD):    2.392ns
    Source Clock Delay      (SCD):    1.971ns
    Clock Pessimism Removal (CPR):    0.075ns
  Clock Uncertainty:      0.190ns  ((TSJ^2 + DJ^2)^1/2) / 2 + PE
    Total System Jitter     (TSJ):    0.071ns
    Discrete Jitter          (DJ):    0.120ns
    Phase Error              (PE):    0.120ns

    Location             Delay type                Incr(ns)  Path(ns)    Netlist Resource(s)
  -------------------------------------------------------------------    -------------------
                         (clock pll_adc_clk rise edge)
                                                      0.000     0.000 r  
    U18                                               0.000     0.000 r  adc_clk_i[1] (IN)
                         net (fo=0)                   0.000     0.000    adc_clk_i[1]
    U18                  IBUFDS (Prop_ibufds_I_O)     0.401     0.401 r  i_clk/O
                         net (fo=1, routed)           0.440     0.842    pll/adc_clk_in
    PLLE2_ADV_X0Y0       PLLE2_ADV (Prop_plle2_adv_CLKIN1_CLKOUT0)
                                                      0.051     0.893 r  pll/pll/CLKOUT0
                         net (fo=1, routed)           0.497     1.390    pll_adc_clk
    BUFGCTRL_X0Y0        BUFG (Prop_bufg_I_O)         0.026     1.416 r  bufg_adc_clk/O
                         net (fo=9660, routed)        0.556     1.971    i_asg/chB/adc_clk
    SLICE_X34Y66         FDSE                                         r  i_asg/chB/dac_o_reg[0]/C
  -------------------------------------------------------------------    -------------------
    SLICE_X34Y66         FDSE (Prop_fdse_C_Q)         0.164     2.135 r  i_asg/chB/dac_o_reg[0]/Q
                         net (fo=2, routed)           0.147     2.282    i_asg/chB/asg_dat[1][0]
    SLICE_X35Y67         LUT2 (Prop_lut2_I0_O)        0.045     2.327 r  i_asg/chB/int_sum_i_83__0/O
                         net (fo=1, routed)           0.000     2.327    i_asg/chB/int_sum_i_83__0_n_0
    SLICE_X35Y67         CARRY4 (Prop_carry4_S[0]_O[0])
                                                      0.070     2.397 f  i_asg/chB/int_sum_i_65/O[0]
                         net (fo=2, routed)           0.323     2.721    i_hk/dac_dat_b_reg[3][0]
    SLICE_X41Y68         LUT5 (Prop_lut5_I1_O)        0.107     2.828 r  i_hk/dac_dat_b[0]_i_1/O
                         net (fo=1, routed)           0.000     2.828    i_hk_n_119
    SLICE_X41Y68         FDRE                                         r  dac_dat_b_reg[0]/D
  -------------------------------------------------------------------    -------------------

                         (clock pll_dac_clk_1x rise edge)
                                                      0.000     0.000 r  
    U18                                               0.000     0.000 r  adc_clk_i[1] (IN)
                         net (fo=0)                   0.000     0.000    adc_clk_i[1]
    U18                  IBUFDS (Prop_ibufds_I_O)     0.433     0.433 r  i_clk/O
                         net (fo=1, routed)           0.481     0.914    pll/adc_clk_in
    PLLE2_ADV_X0Y0       PLLE2_ADV (Prop_plle2_adv_CLKIN1_CLKOUT1)
                                                      0.054     0.968 r  pll/pll/CLKOUT1
                         net (fo=1, routed)           0.544     1.512    pll_dac_clk_1x
    BUFGCTRL_X0Y5        BUFG (Prop_bufg_I_O)         0.029     1.541 r  bufg_dac_clk_1x/O
                         net (fo=45, routed)          0.851     2.392    dac_clk_1x
    SLICE_X41Y68         FDRE                                         r  dac_dat_b_reg[0]/C
                         clock pessimism             -0.075     2.317    
                         clock uncertainty            0.190     2.506    
    SLICE_X41Y68         FDRE (Hold_fdre_C_D)         0.091     2.597    dac_dat_b_reg[0]
  -------------------------------------------------------------------
                         required time                         -2.597    
                         arrival time                           2.828    
  -------------------------------------------------------------------
                         slack                                  0.230    

Slack (MET) :             0.258ns  (arrival time - required time)
  Source:                 i_asg/chB/dac_o_reg[2]/C
                            (rising edge-triggered cell FDSE clocked by pll_adc_clk  {rise@0.000ns fall@4.069ns period=8.138ns})
  Destination:            dac_dat_b_reg[3]/D
                            (rising edge-triggered cell FDRE clocked by pll_dac_clk_1x  {rise@0.000ns fall@4.069ns period=8.138ns})
  Path Group:             pll_dac_clk_1x
  Path Type:              Hold (Min at Fast Process Corner)
  Requirement:            0.000ns  (pll_dac_clk_1x rise@0.000ns - pll_adc_clk rise@0.000ns)
  Data Path Delay:        0.885ns  (logic 0.418ns (47.252%)  route 0.467ns (52.748%))
  Logic Levels:           3  (CARRY4=1 LUT2=1 LUT5=1)
  Clock Path Skew:        0.345ns (DCD - SCD - CPR)
    Destination Clock Delay (DCD):    2.392ns
    Source Clock Delay      (SCD):    1.971ns
    Clock Pessimism Removal (CPR):    0.075ns
  Clock Uncertainty:      0.190ns  ((TSJ^2 + DJ^2)^1/2) / 2 + PE
    Total System Jitter     (TSJ):    0.071ns
    Discrete Jitter          (DJ):    0.120ns
    Phase Error              (PE):    0.120ns

    Location             Delay type                Incr(ns)  Path(ns)    Netlist Resource(s)
  -------------------------------------------------------------------    -------------------
                         (clock pll_adc_clk rise edge)
                                                      0.000     0.000 r  
    U18                                               0.000     0.000 r  adc_clk_i[1] (IN)
                         net (fo=0)                   0.000     0.000    adc_clk_i[1]
    U18                  IBUFDS (Prop_ibufds_I_O)     0.401     0.401 r  i_clk/O
                         net (fo=1, routed)           0.440     0.842    pll/adc_clk_in
    PLLE2_ADV_X0Y0       PLLE2_ADV (Prop_plle2_adv_CLKIN1_CLKOUT0)
                                                      0.051     0.893 r  pll/pll/CLKOUT0
                         net (fo=1, routed)           0.497     1.390    pll_adc_clk
    BUFGCTRL_X0Y0        BUFG (Prop_bufg_I_O)         0.026     1.416 r  bufg_adc_clk/O
                         net (fo=9660, routed)        0.556     1.971    i_asg/chB/adc_clk
    SLICE_X34Y66         FDSE                                         r  i_asg/chB/dac_o_reg[2]/C
  -------------------------------------------------------------------    -------------------
    SLICE_X34Y66         FDSE (Prop_fdse_C_Q)         0.164     2.135 r  i_asg/chB/dac_o_reg[2]/Q
                         net (fo=2, routed)           0.114     2.249    i_asg/chB/asg_dat[1][2]
    SLICE_X35Y67         LUT2 (Prop_lut2_I0_O)        0.045     2.294 r  i_asg/chB/int_sum_i_81__0/O
                         net (fo=1, routed)           0.000     2.294    i_asg/chB/int_sum_i_81__0_n_0
    SLICE_X35Y67         CARRY4 (Prop_carry4_S[2]_O[3])
                                                      0.099     2.393 f  i_asg/chB/int_sum_i_65/O[3]
                         net (fo=2, routed)           0.353     2.746    i_hk/dac_dat_b_reg[3][3]
    SLICE_X41Y68         LUT5 (Prop_lut5_I1_O)        0.110     2.856 r  i_hk/dac_dat_b[3]_i_1/O
                         net (fo=1, routed)           0.000     2.856    i_hk_n_116
    SLICE_X41Y68         FDRE                                         r  dac_dat_b_reg[3]/D
  -------------------------------------------------------------------    -------------------

                         (clock pll_dac_clk_1x rise edge)
                                                      0.000     0.000 r  
    U18                                               0.000     0.000 r  adc_clk_i[1] (IN)
                         net (fo=0)                   0.000     0.000    adc_clk_i[1]
    U18                  IBUFDS (Prop_ibufds_I_O)     0.433     0.433 r  i_clk/O
                         net (fo=1, routed)           0.481     0.914    pll/adc_clk_in
    PLLE2_ADV_X0Y0       PLLE2_ADV (Prop_plle2_adv_CLKIN1_CLKOUT1)
                                                      0.054     0.968 r  pll/pll/CLKOUT1
                         net (fo=1, routed)           0.544     1.512    pll_dac_clk_1x
    BUFGCTRL_X0Y5        BUFG (Prop_bufg_I_O)         0.029     1.541 r  bufg_dac_clk_1x/O
                         net (fo=45, routed)          0.851     2.392    dac_clk_1x
    SLICE_X41Y68         FDRE                                         r  dac_dat_b_reg[3]/C
                         clock pessimism             -0.075     2.317    
                         clock uncertainty            0.190     2.506    
    SLICE_X41Y68         FDRE (Hold_fdre_C_D)         0.092     2.598    dac_dat_b_reg[3]
  -------------------------------------------------------------------
                         required time                         -2.598    
                         arrival time                           2.856    
  -------------------------------------------------------------------
                         slack                                  0.258    

Slack (MET) :             0.258ns  (arrival time - required time)
  Source:                 i_hk/digital_loop_reg[1]/C
                            (rising edge-triggered cell FDRE clocked by pll_adc_clk  {rise@0.000ns fall@4.069ns period=8.138ns})
  Destination:            dac_dat_b_reg[9]/D
                            (rising edge-triggered cell FDRE clocked by pll_dac_clk_1x  {rise@0.000ns fall@4.069ns period=8.138ns})
  Path Group:             pll_dac_clk_1x
  Path Type:              Hold (Min at Fast Process Corner)
  Requirement:            0.000ns  (pll_dac_clk_1x rise@0.000ns - pll_adc_clk rise@0.000ns)
  Data Path Delay:        0.851ns  (logic 0.209ns (24.554%)  route 0.642ns (75.446%))
  Logic Levels:           1  (LUT5=1)
  Clock Path Skew:        0.311ns (DCD - SCD - CPR)
    Destination Clock Delay (DCD):    2.392ns
    Source Clock Delay      (SCD):    2.005ns
    Clock Pessimism Removal (CPR):    0.075ns
  Clock Uncertainty:      0.190ns  ((TSJ^2 + DJ^2)^1/2) / 2 + PE
    Total System Jitter     (TSJ):    0.071ns
    Discrete Jitter          (DJ):    0.120ns
    Phase Error              (PE):    0.120ns

    Location             Delay type                Incr(ns)  Path(ns)    Netlist Resource(s)
  -------------------------------------------------------------------    -------------------
                         (clock pll_adc_clk rise edge)
                                                      0.000     0.000 r  
    U18                                               0.000     0.000 r  adc_clk_i[1] (IN)
                         net (fo=0)                   0.000     0.000    adc_clk_i[1]
    U18                  IBUFDS (Prop_ibufds_I_O)     0.401     0.401 r  i_clk/O
                         net (fo=1, routed)           0.440     0.842    pll/adc_clk_in
    PLLE2_ADV_X0Y0       PLLE2_ADV (Prop_plle2_adv_CLKIN1_CLKOUT0)
                                                      0.051     0.893 r  pll/pll/CLKOUT0
                         net (fo=1, routed)           0.497     1.390    pll_adc_clk
    BUFGCTRL_X0Y0        BUFG (Prop_bufg_I_O)         0.026     1.416 r  bufg_adc_clk/O
                         net (fo=9660, routed)        0.590     2.005    i_hk/adc_clk
    SLICE_X38Y43         FDRE                                         r  i_hk/digital_loop_reg[1]/C
  -------------------------------------------------------------------    -------------------
    SLICE_X38Y43         FDRE (Prop_fdre_C_Q)         0.164     2.169 r  i_hk/digital_loop_reg[1]/Q
                         net (fo=30, routed)          0.642     2.811    i_hk/digital_loop_reg[1]_0
    SLICE_X41Y68         LUT5 (Prop_lut5_I4_O)        0.045     2.856 r  i_hk/dac_dat_b[9]_i_1/O
                         net (fo=1, routed)           0.000     2.856    i_hk_n_110
    SLICE_X41Y68         FDRE                                         r  dac_dat_b_reg[9]/D
  -------------------------------------------------------------------    -------------------

                         (clock pll_dac_clk_1x rise edge)
                                                      0.000     0.000 r  
    U18                                               0.000     0.000 r  adc_clk_i[1] (IN)
                         net (fo=0)                   0.000     0.000    adc_clk_i[1]
    U18                  IBUFDS (Prop_ibufds_I_O)     0.433     0.433 r  i_clk/O
                         net (fo=1, routed)           0.481     0.914    pll/adc_clk_in
    PLLE2_ADV_X0Y0       PLLE2_ADV (Prop_plle2_adv_CLKIN1_CLKOUT1)
                                                      0.054     0.968 r  pll/pll/CLKOUT1
                         net (fo=1, routed)           0.544     1.512    pll_dac_clk_1x
    BUFGCTRL_X0Y5        BUFG (Prop_bufg_I_O)         0.029     1.541 r  bufg_dac_clk_1x/O
                         net (fo=45, routed)          0.851     2.392    dac_clk_1x
    SLICE_X41Y68         FDRE                                         r  dac_dat_b_reg[9]/C
                         clock pessimism             -0.075     2.317    
                         clock uncertainty            0.190     2.506    
    SLICE_X41Y68         FDRE (Hold_fdre_C_D)         0.092     2.598    dac_dat_b_reg[9]
  -------------------------------------------------------------------
                         required time                         -2.598    
                         arrival time                           2.856    
  -------------------------------------------------------------------
                         slack                                  0.258    

Slack (MET) :             0.263ns  (arrival time - required time)
  Source:                 i_asg/chB/dac_o_reg[4]/C
                            (rising edge-triggered cell FDSE clocked by pll_adc_clk  {rise@0.000ns fall@4.069ns period=8.138ns})
  Destination:            dac_dat_b_reg[4]/D
                            (rising edge-triggered cell FDRE clocked by pll_dac_clk_1x  {rise@0.000ns fall@4.069ns period=8.138ns})
  Path Group:             pll_dac_clk_1x
  Path Type:              Hold (Min at Fast Process Corner)
  Requirement:            0.000ns  (pll_dac_clk_1x rise@0.000ns - pll_adc_clk rise@0.000ns)
  Data Path Delay:        0.918ns  (logic 0.363ns (39.555%)  route 0.555ns (60.445%))
  Logic Levels:           3  (CARRY4=1 LUT2=1 LUT5=1)
  Clock Path Skew:        0.344ns (DCD - SCD - CPR)
    Destination Clock Delay (DCD):    2.391ns
    Source Clock Delay      (SCD):    1.971ns
    Clock Pessimism Removal (CPR):    0.075ns
  Clock Uncertainty:      0.190ns  ((TSJ^2 + DJ^2)^1/2) / 2 + PE
    Total System Jitter     (TSJ):    0.071ns
    Discrete Jitter          (DJ):    0.120ns
    Phase Error              (PE):    0.120ns

    Location             Delay type                Incr(ns)  Path(ns)    Netlist Resource(s)
  -------------------------------------------------------------------    -------------------
                         (clock pll_adc_clk rise edge)
                                                      0.000     0.000 r  
    U18                                               0.000     0.000 r  adc_clk_i[1] (IN)
                         net (fo=0)                   0.000     0.000    adc_clk_i[1]
    U18                  IBUFDS (Prop_ibufds_I_O)     0.401     0.401 r  i_clk/O
                         net (fo=1, routed)           0.440     0.842    pll/adc_clk_in
    PLLE2_ADV_X0Y0       PLLE2_ADV (Prop_plle2_adv_CLKIN1_CLKOUT0)
                                                      0.051     0.893 r  pll/pll/CLKOUT0
                         net (fo=1, routed)           0.497     1.390    pll_adc_clk
    BUFGCTRL_X0Y0        BUFG (Prop_bufg_I_O)         0.026     1.416 r  bufg_adc_clk/O
                         net (fo=9660, routed)        0.556     1.971    i_asg/chB/adc_clk
    SLICE_X33Y66         FDSE                                         r  i_asg/chB/dac_o_reg[4]/C
  -------------------------------------------------------------------    -------------------
    SLICE_X33Y66         FDSE (Prop_fdse_C_Q)         0.141     2.112 r  i_asg/chB/dac_o_reg[4]/Q
                         net (fo=2, routed)           0.204     2.317    i_asg/chB/asg_dat[1][4]
    SLICE_X35Y68         LUT2 (Prop_lut2_I0_O)        0.045     2.362 r  i_asg/chB/int_sum_i_79__0/O
                         net (fo=1, routed)           0.000     2.362    i_asg/chB/int_sum_i_79__0_n_0
    SLICE_X35Y68         CARRY4 (Prop_carry4_S[0]_O[0])
                                                      0.070     2.432 f  i_asg/chB/int_sum_i_60/O[0]
                         net (fo=2, routed)           0.350     2.782    i_hk/dac_dat_b_reg[7][0]
    SLICE_X42Y69         LUT5 (Prop_lut5_I1_O)        0.107     2.889 r  i_hk/dac_dat_b[4]_i_1/O
                         net (fo=1, routed)           0.000     2.889    i_hk_n_115
    SLICE_X42Y69         FDRE                                         r  dac_dat_b_reg[4]/D
  -------------------------------------------------------------------    -------------------

                         (clock pll_dac_clk_1x rise edge)
                                                      0.000     0.000 r  
    U18                                               0.000     0.000 r  adc_clk_i[1] (IN)
                         net (fo=0)                   0.000     0.000    adc_clk_i[1]
    U18                  IBUFDS (Prop_ibufds_I_O)     0.433     0.433 r  i_clk/O
                         net (fo=1, routed)           0.481     0.914    pll/adc_clk_in
    PLLE2_ADV_X0Y0       PLLE2_ADV (Prop_plle2_adv_CLKIN1_CLKOUT1)
                                                      0.054     0.968 r  pll/pll/CLKOUT1
                         net (fo=1, routed)           0.544     1.512    pll_dac_clk_1x
    BUFGCTRL_X0Y5        BUFG (Prop_bufg_I_O)         0.029     1.541 r  bufg_dac_clk_1x/O
                         net (fo=45, routed)          0.850     2.391    dac_clk_1x
    SLICE_X42Y69         FDRE                                         r  dac_dat_b_reg[4]/C
                         clock pessimism             -0.075     2.316    
                         clock uncertainty            0.190     2.505    
    SLICE_X42Y69         FDRE (Hold_fdre_C_D)         0.121     2.626    dac_dat_b_reg[4]
  -------------------------------------------------------------------
                         required time                         -2.626    
                         arrival time                           2.889    
  -------------------------------------------------------------------
                         slack                                  0.263    

Slack (MET) :             0.275ns  (arrival time - required time)
  Source:                 i_asg/chB/dac_o_reg[13]/C
                            (rising edge-triggered cell FDRE clocked by pll_adc_clk  {rise@0.000ns fall@4.069ns period=8.138ns})
  Destination:            dac_dat_b_reg[12]/D
                            (rising edge-triggered cell FDRE clocked by pll_dac_clk_1x  {rise@0.000ns fall@4.069ns period=8.138ns})
  Path Group:             pll_dac_clk_1x
  Path Type:              Hold (Min at Fast Process Corner)
  Requirement:            0.000ns  (pll_dac_clk_1x rise@0.000ns - pll_adc_clk rise@0.000ns)
  Data Path Delay:        0.931ns  (logic 0.358ns (38.470%)  route 0.573ns (61.530%))
  Logic Levels:           3  (CARRY4=1 LUT2=1 LUT5=1)
  Clock Path Skew:        0.346ns (DCD - SCD - CPR)
    Destination Clock Delay (DCD):    2.390ns
    Source Clock Delay      (SCD):    1.968ns
    Clock Pessimism Removal (CPR):    0.075ns
  Clock Uncertainty:      0.190ns  ((TSJ^2 + DJ^2)^1/2) / 2 + PE
    Total System Jitter     (TSJ):    0.071ns
    Discrete Jitter          (DJ):    0.120ns
    Phase Error              (PE):    0.120ns

    Location             Delay type                Incr(ns)  Path(ns)    Netlist Resource(s)
  -------------------------------------------------------------------    -------------------
                         (clock pll_adc_clk rise edge)
                                                      0.000     0.000 r  
    U18                                               0.000     0.000 r  adc_clk_i[1] (IN)
                         net (fo=0)                   0.000     0.000    adc_clk_i[1]
    U18                  IBUFDS (Prop_ibufds_I_O)     0.401     0.401 r  i_clk/O
                         net (fo=1, routed)           0.440     0.842    pll/adc_clk_in
    PLLE2_ADV_X0Y0       PLLE2_ADV (Prop_plle2_adv_CLKIN1_CLKOUT0)
                                                      0.051     0.893 r  pll/pll/CLKOUT0
                         net (fo=1, routed)           0.497     1.390    pll_adc_clk
    BUFGCTRL_X0Y0        BUFG (Prop_bufg_I_O)         0.026     1.416 r  bufg_adc_clk/O
                         net (fo=9660, routed)        0.553     1.968    i_asg/chB/adc_clk
    SLICE_X35Y69         FDRE                                         r  i_asg/chB/dac_o_reg[13]/C
  -------------------------------------------------------------------    -------------------
    SLICE_X35Y69         FDRE (Prop_fdre_C_Q)         0.141     2.109 r  i_asg/chB/dac_o_reg[13]/Q
                         net (fo=2, routed)           0.214     2.323    i_asg/chB/asg_dat[1][13]
    SLICE_X35Y70         LUT2 (Prop_lut2_I0_O)        0.045     2.368 r  i_asg/chB/int_sum_i_70__0/O
                         net (fo=1, routed)           0.000     2.368    i_asg/chB/int_sum_i_70__0_n_0
    SLICE_X35Y70         CARRY4 (Prop_carry4_S[1]_O[1])
                                                      0.065     2.433 f  i_asg/chB/int_sum_i_51/O[1]
                         net (fo=26, routed)          0.358     2.792    i_hk/dac_dat_b_reg[0][1]
    SLICE_X42Y70         LUT5 (Prop_lut5_I3_O)        0.107     2.899 r  i_hk/dac_dat_b[12]_i_1/O
                         net (fo=1, routed)           0.000     2.899    i_hk_n_107
    SLICE_X42Y70         FDRE                                         r  dac_dat_b_reg[12]/D
  -------------------------------------------------------------------    -------------------

                         (clock pll_dac_clk_1x rise edge)
                                                      0.000     0.000 r  
    U18                                               0.000     0.000 r  adc_clk_i[1] (IN)
                         net (fo=0)                   0.000     0.000    adc_clk_i[1]
    U18                  IBUFDS (Prop_ibufds_I_O)     0.433     0.433 r  i_clk/O
                         net (fo=1, routed)           0.481     0.914    pll/adc_clk_in
    PLLE2_ADV_X0Y0       PLLE2_ADV (Prop_plle2_adv_CLKIN1_CLKOUT1)
                                                      0.054     0.968 r  pll/pll/CLKOUT1
                         net (fo=1, routed)           0.544     1.512    pll_dac_clk_1x
    BUFGCTRL_X0Y5        BUFG (Prop_bufg_I_O)         0.029     1.541 r  bufg_dac_clk_1x/O
                         net (fo=45, routed)          0.849     2.390    dac_clk_1x
    SLICE_X42Y70         FDRE                                         r  dac_dat_b_reg[12]/C
                         clock pessimism             -0.075     2.315    
                         clock uncertainty            0.190     2.504    
    SLICE_X42Y70         FDRE (Hold_fdre_C_D)         0.120     2.624    dac_dat_b_reg[12]
  -------------------------------------------------------------------
                         required time                         -2.624    
                         arrival time                           2.899    
  -------------------------------------------------------------------
                         slack                                  0.275    

Slack (MET) :             0.296ns  (arrival time - required time)
  Source:                 i_asg/chB/dac_o_reg[6]/C
                            (rising edge-triggered cell FDSE clocked by pll_adc_clk  {rise@0.000ns fall@4.069ns period=8.138ns})
  Destination:            dac_dat_b_reg[7]/D
                            (rising edge-triggered cell FDRE clocked by pll_dac_clk_1x  {rise@0.000ns fall@4.069ns period=8.138ns})
  Path Group:             pll_dac_clk_1x
  Path Type:              Hold (Min at Fast Process Corner)
  Requirement:            0.000ns  (pll_dac_clk_1x rise@0.000ns - pll_adc_clk rise@0.000ns)
  Data Path Delay:        0.953ns  (logic 0.401ns (42.097%)  route 0.552ns (57.903%))
  Logic Levels:           2  (CARRY4=1 LUT5=1)
  Clock Path Skew:        0.346ns (DCD - SCD - CPR)
    Destination Clock Delay (DCD):    2.393ns
    Source Clock Delay      (SCD):    1.971ns
    Clock Pessimism Removal (CPR):    0.075ns
  Clock Uncertainty:      0.190ns  ((TSJ^2 + DJ^2)^1/2) / 2 + PE
    Total System Jitter     (TSJ):    0.071ns
    Discrete Jitter          (DJ):    0.120ns
    Phase Error              (PE):    0.120ns

    Location             Delay type                Incr(ns)  Path(ns)    Netlist Resource(s)
  -------------------------------------------------------------------    -------------------
                         (clock pll_adc_clk rise edge)
                                                      0.000     0.000 r  
    U18                                               0.000     0.000 r  adc_clk_i[1] (IN)
                         net (fo=0)                   0.000     0.000    adc_clk_i[1]
    U18                  IBUFDS (Prop_ibufds_I_O)     0.401     0.401 r  i_clk/O
                         net (fo=1, routed)           0.440     0.842    pll/adc_clk_in
    PLLE2_ADV_X0Y0       PLLE2_ADV (Prop_plle2_adv_CLKIN1_CLKOUT0)
                                                      0.051     0.893 r  pll/pll/CLKOUT0
                         net (fo=1, routed)           0.497     1.390    pll_adc_clk
    BUFGCTRL_X0Y0        BUFG (Prop_bufg_I_O)         0.026     1.416 r  bufg_adc_clk/O
                         net (fo=9660, routed)        0.556     1.971    i_asg/chB/adc_clk
    SLICE_X34Y66         FDSE                                         r  i_asg/chB/dac_o_reg[6]/C
  -------------------------------------------------------------------    -------------------
    SLICE_X34Y66         FDSE (Prop_fdse_C_Q)         0.164     2.135 r  i_asg/chB/dac_o_reg[6]/Q
                         net (fo=2, routed)           0.125     2.261    i_asg/chB/asg_dat[1][6]
    SLICE_X35Y68         CARRY4 (Prop_carry4_DI[2]_O[3])
                                                      0.127     2.388 f  i_asg/chB/int_sum_i_60/O[3]
                         net (fo=2, routed)           0.426     2.814    i_hk/dac_dat_b_reg[7][3]
    SLICE_X42Y67         LUT5 (Prop_lut5_I1_O)        0.110     2.924 r  i_hk/dac_dat_b[7]_i_1/O
                         net (fo=1, routed)           0.000     2.924    i_hk_n_112
    SLICE_X42Y67         FDRE                                         r  dac_dat_b_reg[7]/D
  -------------------------------------------------------------------    -------------------

                         (clock pll_dac_clk_1x rise edge)
                                                      0.000     0.000 r  
    U18                                               0.000     0.000 r  adc_clk_i[1] (IN)
                         net (fo=0)                   0.000     0.000    adc_clk_i[1]
    U18                  IBUFDS (Prop_ibufds_I_O)     0.433     0.433 r  i_clk/O
                         net (fo=1, routed)           0.481     0.914    pll/adc_clk_in
    PLLE2_ADV_X0Y0       PLLE2_ADV (Prop_plle2_adv_CLKIN1_CLKOUT1)
                                                      0.054     0.968 r  pll/pll/CLKOUT1
                         net (fo=1, routed)           0.544     1.512    pll_dac_clk_1x
    BUFGCTRL_X0Y5        BUFG (Prop_bufg_I_O)         0.029     1.541 r  bufg_dac_clk_1x/O
                         net (fo=45, routed)          0.852     2.393    dac_clk_1x
    SLICE_X42Y67         FDRE                                         r  dac_dat_b_reg[7]/C
                         clock pessimism             -0.075     2.318    
                         clock uncertainty            0.190     2.507    
    SLICE_X42Y67         FDRE (Hold_fdre_C_D)         0.121     2.628    dac_dat_b_reg[7]
  -------------------------------------------------------------------
                         required time                         -2.628    
                         arrival time                           2.924    
  -------------------------------------------------------------------
                         slack                                  0.296    

Slack (MET) :             0.301ns  (arrival time - required time)
  Source:                 i_asg/chB/dac_o_reg[0]/C
                            (rising edge-triggered cell FDSE clocked by pll_adc_clk  {rise@0.000ns fall@4.069ns period=8.138ns})
  Destination:            dac_dat_b_reg[1]/D
                            (rising edge-triggered cell FDRE clocked by pll_dac_clk_1x  {rise@0.000ns fall@4.069ns period=8.138ns})
  Path Group:             pll_dac_clk_1x
  Path Type:              Hold (Min at Fast Process Corner)
  Requirement:            0.000ns  (pll_dac_clk_1x rise@0.000ns - pll_adc_clk rise@0.000ns)
  Data Path Delay:        0.927ns  (logic 0.395ns (42.618%)  route 0.532ns (57.382%))
  Logic Levels:           2  (CARRY4=1 LUT5=1)
  Clock Path Skew:        0.344ns (DCD - SCD - CPR)
    Destination Clock Delay (DCD):    2.391ns
    Source Clock Delay      (SCD):    1.971ns
    Clock Pessimism Removal (CPR):    0.075ns
  Clock Uncertainty:      0.190ns  ((TSJ^2 + DJ^2)^1/2) / 2 + PE
    Total System Jitter     (TSJ):    0.071ns
    Discrete Jitter          (DJ):    0.120ns
    Phase Error              (PE):    0.120ns

    Location             Delay type                Incr(ns)  Path(ns)    Netlist Resource(s)
  -------------------------------------------------------------------    -------------------
                         (clock pll_adc_clk rise edge)
                                                      0.000     0.000 r  
    U18                                               0.000     0.000 r  adc_clk_i[1] (IN)
                         net (fo=0)                   0.000     0.000    adc_clk_i[1]
    U18                  IBUFDS (Prop_ibufds_I_O)     0.401     0.401 r  i_clk/O
                         net (fo=1, routed)           0.440     0.842    pll/adc_clk_in
    PLLE2_ADV_X0Y0       PLLE2_ADV (Prop_plle2_adv_CLKIN1_CLKOUT0)
                                                      0.051     0.893 r  pll/pll/CLKOUT0
                         net (fo=1, routed)           0.497     1.390    pll_adc_clk
    BUFGCTRL_X0Y0        BUFG (Prop_bufg_I_O)         0.026     1.416 r  bufg_adc_clk/O
                         net (fo=9660, routed)        0.556     1.971    i_asg/chB/adc_clk
    SLICE_X34Y66         FDSE                                         r  i_asg/chB/dac_o_reg[0]/C
  -------------------------------------------------------------------    -------------------
    SLICE_X34Y66         FDSE (Prop_fdse_C_Q)         0.164     2.135 r  i_asg/chB/dac_o_reg[0]/Q
                         net (fo=2, routed)           0.121     2.256    i_asg/chB/asg_dat[1][0]
    SLICE_X35Y67         CARRY4 (Prop_carry4_DI[0]_O[1])
                                                      0.124     2.380 f  i_asg/chB/int_sum_i_65/O[1]
                         net (fo=2, routed)           0.411     2.791    i_hk/dac_dat_b_reg[3][1]
    SLICE_X40Y69         LUT5 (Prop_lut5_I1_O)        0.107     2.898 r  i_hk/dac_dat_b[1]_i_1/O
                         net (fo=1, routed)           0.000     2.898    i_hk_n_118
    SLICE_X40Y69         FDRE                                         r  dac_dat_b_reg[1]/D
  -------------------------------------------------------------------    -------------------

                         (clock pll_dac_clk_1x rise edge)
                                                      0.000     0.000 r  
    U18                                               0.000     0.000 r  adc_clk_i[1] (IN)
                         net (fo=0)                   0.000     0.000    adc_clk_i[1]
    U18                  IBUFDS (Prop_ibufds_I_O)     0.433     0.433 r  i_clk/O
                         net (fo=1, routed)           0.481     0.914    pll/adc_clk_in
    PLLE2_ADV_X0Y0       PLLE2_ADV (Prop_plle2_adv_CLKIN1_CLKOUT1)
                                                      0.054     0.968 r  pll/pll/CLKOUT1
                         net (fo=1, routed)           0.544     1.512    pll_dac_clk_1x
    BUFGCTRL_X0Y5        BUFG (Prop_bufg_I_O)         0.029     1.541 r  bufg_dac_clk_1x/O
                         net (fo=45, routed)          0.850     2.391    dac_clk_1x
    SLICE_X40Y69         FDRE                                         r  dac_dat_b_reg[1]/C
                         clock pessimism             -0.075     2.316    
                         clock uncertainty            0.190     2.505    
    SLICE_X40Y69         FDRE (Hold_fdre_C_D)         0.092     2.597    dac_dat_b_reg[1]
  -------------------------------------------------------------------
                         required time                         -2.597    
                         arrival time                           2.898    
  -------------------------------------------------------------------
                         slack                                  0.301    

Slack (MET) :             0.314ns  (arrival time - required time)
  Source:                 i_hk/digital_loop_reg[1]/C
                            (rising edge-triggered cell FDRE clocked by pll_adc_clk  {rise@0.000ns fall@4.069ns period=8.138ns})
  Destination:            dac_dat_b_reg[8]/D
                            (rising edge-triggered cell FDRE clocked by pll_dac_clk_1x  {rise@0.000ns fall@4.069ns period=8.138ns})
  Path Group:             pll_dac_clk_1x
  Path Type:              Hold (Min at Fast Process Corner)
  Requirement:            0.000ns  (pll_dac_clk_1x rise@0.000ns - pll_adc_clk rise@0.000ns)
  Data Path Delay:        0.907ns  (logic 0.209ns (23.031%)  route 0.698ns (76.969%))
  Logic Levels:           1  (LUT5=1)
  Clock Path Skew:        0.312ns (DCD - SCD - CPR)
    Destination Clock Delay (DCD):    2.393ns
    Source Clock Delay      (SCD):    2.005ns
    Clock Pessimism Removal (CPR):    0.075ns
  Clock Uncertainty:      0.190ns  ((TSJ^2 + DJ^2)^1/2) / 2 + PE
    Total System Jitter     (TSJ):    0.071ns
    Discrete Jitter          (DJ):    0.120ns
    Phase Error              (PE):    0.120ns

    Location             Delay type                Incr(ns)  Path(ns)    Netlist Resource(s)
  -------------------------------------------------------------------    -------------------
                         (clock pll_adc_clk rise edge)
                                                      0.000     0.000 r  
    U18                                               0.000     0.000 r  adc_clk_i[1] (IN)
                         net (fo=0)                   0.000     0.000    adc_clk_i[1]
    U18                  IBUFDS (Prop_ibufds_I_O)     0.401     0.401 r  i_clk/O
                         net (fo=1, routed)           0.440     0.842    pll/adc_clk_in
    PLLE2_ADV_X0Y0       PLLE2_ADV (Prop_plle2_adv_CLKIN1_CLKOUT0)
                                                      0.051     0.893 r  pll/pll/CLKOUT0
                         net (fo=1, routed)           0.497     1.390    pll_adc_clk
    BUFGCTRL_X0Y0        BUFG (Prop_bufg_I_O)         0.026     1.416 r  bufg_adc_clk/O
                         net (fo=9660, routed)        0.590     2.005    i_hk/adc_clk
    SLICE_X38Y43         FDRE                                         r  i_hk/digital_loop_reg[1]/C
  -------------------------------------------------------------------    -------------------
    SLICE_X38Y43         FDRE (Prop_fdre_C_Q)         0.164     2.169 r  i_hk/digital_loop_reg[1]/Q
                         net (fo=30, routed)          0.698     2.868    i_hk/digital_loop_reg[1]_0
    SLICE_X40Y67         LUT5 (Prop_lut5_I4_O)        0.045     2.913 r  i_hk/dac_dat_b[8]_i_1/O
                         net (fo=1, routed)           0.000     2.913    i_hk_n_111
    SLICE_X40Y67         FDRE                                         r  dac_dat_b_reg[8]/D
  -------------------------------------------------------------------    -------------------

                         (clock pll_dac_clk_1x rise edge)
                                                      0.000     0.000 r  
    U18                                               0.000     0.000 r  adc_clk_i[1] (IN)
                         net (fo=0)                   0.000     0.000    adc_clk_i[1]
    U18                  IBUFDS (Prop_ibufds_I_O)     0.433     0.433 r  i_clk/O
                         net (fo=1, routed)           0.481     0.914    pll/adc_clk_in
    PLLE2_ADV_X0Y0       PLLE2_ADV (Prop_plle2_adv_CLKIN1_CLKOUT1)
                                                      0.054     0.968 r  pll/pll/CLKOUT1
                         net (fo=1, routed)           0.544     1.512    pll_dac_clk_1x
    BUFGCTRL_X0Y5        BUFG (Prop_bufg_I_O)         0.029     1.541 r  bufg_dac_clk_1x/O
                         net (fo=45, routed)          0.852     2.393    dac_clk_1x
    SLICE_X40Y67         FDRE                                         r  dac_dat_b_reg[8]/C
                         clock pessimism             -0.075     2.318    
                         clock uncertainty            0.190     2.507    
    SLICE_X40Y67         FDRE (Hold_fdre_C_D)         0.091     2.598    dac_dat_b_reg[8]
  -------------------------------------------------------------------
                         required time                         -2.598    
                         arrival time                           2.913    
  -------------------------------------------------------------------
                         slack                                  0.314    

Slack (MET) :             0.331ns  (arrival time - required time)
  Source:                 i_asg/chB/dac_o_reg[13]/C
                            (rising edge-triggered cell FDRE clocked by pll_adc_clk  {rise@0.000ns fall@4.069ns period=8.138ns})
  Destination:            dac_dat_b_reg[5]/D
                            (rising edge-triggered cell FDRE clocked by pll_dac_clk_1x  {rise@0.000ns fall@4.069ns period=8.138ns})
  Path Group:             pll_dac_clk_1x
  Path Type:              Hold (Min at Fast Process Corner)
  Requirement:            0.000ns  (pll_dac_clk_1x rise@0.000ns - pll_adc_clk rise@0.000ns)
  Data Path Delay:        0.958ns  (logic 0.358ns (37.381%)  route 0.600ns (62.619%))
  Logic Levels:           3  (CARRY4=1 LUT2=1 LUT5=1)
  Clock Path Skew:        0.345ns (DCD - SCD - CPR)
    Destination Clock Delay (DCD):    2.389ns
    Source Clock Delay      (SCD):    1.968ns
    Clock Pessimism Removal (CPR):    0.075ns
  Clock Uncertainty:      0.190ns  ((TSJ^2 + DJ^2)^1/2) / 2 + PE
    Total System Jitter     (TSJ):    0.071ns
    Discrete Jitter          (DJ):    0.120ns
    Phase Error              (PE):    0.120ns

    Location             Delay type                Incr(ns)  Path(ns)    Netlist Resource(s)
  -------------------------------------------------------------------    -------------------
                         (clock pll_adc_clk rise edge)
                                                      0.000     0.000 r  
    U18                                               0.000     0.000 r  adc_clk_i[1] (IN)
                         net (fo=0)                   0.000     0.000    adc_clk_i[1]
    U18                  IBUFDS (Prop_ibufds_I_O)     0.401     0.401 r  i_clk/O
                         net (fo=1, routed)           0.440     0.842    pll/adc_clk_in
    PLLE2_ADV_X0Y0       PLLE2_ADV (Prop_plle2_adv_CLKIN1_CLKOUT0)
                                                      0.051     0.893 r  pll/pll/CLKOUT0
                         net (fo=1, routed)           0.497     1.390    pll_adc_clk
    BUFGCTRL_X0Y0        BUFG (Prop_bufg_I_O)         0.026     1.416 r  bufg_adc_clk/O
                         net (fo=9660, routed)        0.553     1.968    i_asg/chB/adc_clk
    SLICE_X35Y69         FDRE                                         r  i_asg/chB/dac_o_reg[13]/C
  -------------------------------------------------------------------    -------------------
    SLICE_X35Y69         FDRE (Prop_fdre_C_Q)         0.141     2.109 r  i_asg/chB/dac_o_reg[13]/Q
                         net (fo=2, routed)           0.214     2.323    i_asg/chB/asg_dat[1][13]
    SLICE_X35Y70         LUT2 (Prop_lut2_I0_O)        0.045     2.368 r  i_asg/chB/int_sum_i_70__0/O
                         net (fo=1, routed)           0.000     2.368    i_asg/chB/int_sum_i_70__0_n_0
    SLICE_X35Y70         CARRY4 (Prop_carry4_S[1]_O[1])
                                                      0.065     2.433 f  i_asg/chB/int_sum_i_51/O[1]
                         net (fo=26, routed)          0.386     2.819    i_hk/dac_dat_b_reg[0][1]
    SLICE_X41Y71         LUT5 (Prop_lut5_I3_O)        0.107     2.926 r  i_hk/dac_dat_b[5]_i_1/O
                         net (fo=1, routed)           0.000     2.926    i_hk_n_114
    SLICE_X41Y71         FDRE                                         r  dac_dat_b_reg[5]/D
  -------------------------------------------------------------------    -------------------

                         (clock pll_dac_clk_1x rise edge)
                                                      0.000     0.000 r  
    U18                                               0.000     0.000 r  adc_clk_i[1] (IN)
                         net (fo=0)                   0.000     0.000    adc_clk_i[1]
    U18                  IBUFDS (Prop_ibufds_I_O)     0.433     0.433 r  i_clk/O
                         net (fo=1, routed)           0.481     0.914    pll/adc_clk_in
    PLLE2_ADV_X0Y0       PLLE2_ADV (Prop_plle2_adv_CLKIN1_CLKOUT1)
                                                      0.054     0.968 r  pll/pll/CLKOUT1
                         net (fo=1, routed)           0.544     1.512    pll_dac_clk_1x
    BUFGCTRL_X0Y5        BUFG (Prop_bufg_I_O)         0.029     1.541 r  bufg_dac_clk_1x/O
                         net (fo=45, routed)          0.848     2.389    dac_clk_1x
    SLICE_X41Y71         FDRE                                         r  dac_dat_b_reg[5]/C
                         clock pessimism             -0.075     2.314    
                         clock uncertainty            0.190     2.503    
    SLICE_X41Y71         FDRE (Hold_fdre_C_D)         0.092     2.595    dac_dat_b_reg[5]
  -------------------------------------------------------------------
                         required time                         -2.595    
                         arrival time                           2.926    
  -------------------------------------------------------------------
                         slack                                  0.331    





---------------------------------------------------------------------------------------------------
From Clock:  pll_adc_clk
  To Clock:  clk_fpga_0

Setup :           32  Failing Endpoints,  Worst Slack       -5.145ns,  Total Violation     -159.884ns
Hold  :            0  Failing Endpoints,  Worst Slack        0.692ns,  Total Violation        0.000ns
---------------------------------------------------------------------------------------------------


Max Delay Paths
--------------------------------------------------------------------------------------
Slack (VIOLATED) :        -5.145ns  (required time - arrival time)
  Source:                 i_hk/sys_rdata_reg[22]/C
                            (rising edge-triggered cell FDRE clocked by pll_adc_clk  {rise@0.000ns fall@4.069ns period=8.138ns})
  Destination:            ps/axi_slave_gp0/axi\\.RDATA_reg[22]/D
                            (rising edge-triggered cell FDRE clocked by clk_fpga_0  {rise@0.000ns fall@4.000ns period=8.000ns})
  Path Group:             clk_fpga_0
  Path Type:              Setup (Max at Slow Process Corner)
  Requirement:            0.074ns  (clk_fpga_0 rise@7544.000ns - pll_adc_clk rise@7543.926ns)
  Data Path Delay:        1.799ns  (logic 0.704ns (39.138%)  route 1.095ns (60.862%))
  Logic Levels:           2  (LUT4=1 LUT6=1)
  Clock Path Skew:        -3.215ns (DCD - SCD + CPR)
    Destination Clock Delay (DCD):    2.687ns = ( 7546.688 - 7544.000 ) 
    Source Clock Delay      (SCD):    5.902ns = ( 7549.828 - 7543.926 ) 
    Clock Pessimism Removal (CPR):    0.000ns
  Clock Uncertainty:      0.237ns  ((TSJ^2 + TIJ^2 + DJ^2)^1/2) / 2 + PE
    Total System Jitter     (TSJ):    0.071ns
    Total Input Jitter      (TIJ):    0.240ns
    Discrete Jitter          (DJ):    0.120ns
    Phase Error              (PE):    0.098ns
  Clock Domain Crossing:  Inter clock paths are considered valid unless explicitly excluded by timing constraints such as set_clock_groups or set_false_path.

    Location             Delay type                Incr(ns)  Path(ns)    Netlist Resource(s)
  -------------------------------------------------------------------    -------------------
                         (clock pll_adc_clk rise edge)
                                                   7543.926  7543.926 r  
    U18                                               0.000  7543.926 r  adc_clk_i[1] (IN)
                         net (fo=0)                   0.000  7543.926    adc_clk_i[1]
    U18                  IBUFDS (Prop_ibufds_I_O)     0.983  7544.909 r  i_clk/O
                         net (fo=1, routed)           1.306  7546.215    pll/adc_clk_in
    PLLE2_ADV_X0Y0       PLLE2_ADV (Prop_plle2_adv_CLKIN1_CLKOUT0)
                                                      0.089  7546.304 r  pll/pll/CLKOUT0
                         net (fo=1, routed)           1.754  7548.058    pll_adc_clk
    BUFGCTRL_X0Y0        BUFG (Prop_bufg_I_O)         0.101  7548.159 r  bufg_adc_clk/O
                         net (fo=9660, routed)        1.669  7549.828    i_hk/adc_clk
    SLICE_X21Y37         FDRE                                         r  i_hk/sys_rdata_reg[22]/C
  -------------------------------------------------------------------    -------------------
    SLICE_X21Y37         FDRE (Prop_fdre_C_Q)         0.456  7550.284 r  i_hk/sys_rdata_reg[22]/Q
                         net (fo=1, routed)           0.811  7551.094    ps/axi_slave_gp0/axi\\.RDATA_reg[31]_3[22]
    SLICE_X16Y36         LUT6 (Prop_lut6_I1_O)        0.124  7551.218 r  ps/axi_slave_gp0/axi\\.RDATA[22]_i_2_comp/O
                         net (fo=1, routed)           0.284  7551.502    ps/axi_slave_gp0/axi\\.RDATA[22]_i_2_n_0
    SLICE_X19Y36         LUT4 (Prop_lut4_I3_O)        0.124  7551.626 r  ps/axi_slave_gp0/axi\\.RDATA[22]_i_1/O
                         net (fo=1, routed)           0.000  7551.626    ps/axi_slave_gp0/ps_sys\\.rdata[22]
    SLICE_X19Y36         FDRE                                         r  ps/axi_slave_gp0/axi\\.RDATA_reg[22]/D
  -------------------------------------------------------------------    -------------------

                         (clock clk_fpga_0 rise edge)
                                                   7544.000  7544.000 r  
    PS7_X0Y0             PS7                          0.000  7544.000 r  ps/system_i/processing_system7/inst/PS7_i/FCLKCLK[0]
                         net (fo=1, routed)           1.101  7545.101    ps/lopt
    BUFGCTRL_X0Y3        BUFG (Prop_bufg_I_O)         0.091  7545.192 r  ps/fclk_buf[0]/O
                         net (fo=235, routed)         1.495  7546.688    ps/axi_slave_gp0/O[0]
    SLICE_X19Y36         FDRE                                         r  ps/axi_slave_gp0/axi\\.RDATA_reg[22]/C
                         clock pessimism              0.000  7546.688    
                         clock uncertainty           -0.237  7546.451    
    SLICE_X19Y36         FDRE (Setup_fdre_C_D)        0.031  7546.481    ps/axi_slave_gp0/axi\\.RDATA_reg[22]
  -------------------------------------------------------------------
                         required time                       7546.481    
                         arrival time                       -7551.626    
  -------------------------------------------------------------------
                         slack                                 -5.145    

Slack (VIOLATED) :        -5.132ns  (required time - arrival time)
  Source:                 i_daisy/sys_rdata_o_reg[3]/C
                            (rising edge-triggered cell FDRE clocked by pll_adc_clk  {rise@0.000ns fall@4.069ns period=8.138ns})
  Destination:            ps/axi_slave_gp0/axi\\.RDATA_reg[3]/D
                            (rising edge-triggered cell FDRE clocked by clk_fpga_0  {rise@0.000ns fall@4.000ns period=8.000ns})
  Path Group:             clk_fpga_0
  Path Type:              Setup (Max at Slow Process Corner)
  Requirement:            0.074ns  (clk_fpga_0 rise@7544.000ns - pll_adc_clk rise@7543.926ns)
  Data Path Delay:        1.833ns  (logic 0.828ns (45.183%)  route 1.005ns (54.817%))
  Logic Levels:           3  (LUT6=3)
  Clock Path Skew:        -3.214ns (DCD - SCD + CPR)
    Destination Clock Delay (DCD):    2.691ns = ( 7546.691 - 7544.000 ) 
    Source Clock Delay      (SCD):    5.905ns = ( 7549.831 - 7543.926 ) 
    Clock Pessimism Removal (CPR):    0.000ns
  Clock Uncertainty:      0.237ns  ((TSJ^2 + TIJ^2 + DJ^2)^1/2) / 2 + PE
    Total System Jitter     (TSJ):    0.071ns
    Total Input Jitter      (TIJ):    0.240ns
    Discrete Jitter          (DJ):    0.120ns
    Phase Error              (PE):    0.098ns
  Clock Domain Crossing:  Inter clock paths are considered valid unless explicitly excluded by timing constraints such as set_clock_groups or set_false_path.

    Location             Delay type                Incr(ns)  Path(ns)    Netlist Resource(s)
  -------------------------------------------------------------------    -------------------
                         (clock pll_adc_clk rise edge)
                                                   7543.926  7543.926 r  
    U18                                               0.000  7543.926 r  adc_clk_i[1] (IN)
                         net (fo=0)                   0.000  7543.926    adc_clk_i[1]
    U18                  IBUFDS (Prop_ibufds_I_O)     0.983  7544.909 r  i_clk/O
                         net (fo=1, routed)           1.306  7546.215    pll/adc_clk_in
    PLLE2_ADV_X0Y0       PLLE2_ADV (Prop_plle2_adv_CLKIN1_CLKOUT0)
                                                      0.089  7546.304 r  pll/pll/CLKOUT0
                         net (fo=1, routed)           1.754  7548.058    pll_adc_clk
    BUFGCTRL_X0Y0        BUFG (Prop_bufg_I_O)         0.101  7548.159 r  bufg_adc_clk/O
                         net (fo=9660, routed)        1.672  7549.831    i_daisy/adc_clk
    SLICE_X35Y39         FDRE                                         r  i_daisy/sys_rdata_o_reg[3]/C
  -------------------------------------------------------------------    -------------------
    SLICE_X35Y39         FDRE (Prop_fdre_C_Q)         0.456  7550.287 r  i_daisy/sys_rdata_o_reg[3]/Q
                         net (fo=1, routed)           0.404  7550.691    ps/axi_slave_gp0/axi\\.RDATA[3]_i_2_0
    SLICE_X35Y40         LUT6 (Prop_lut6_I5_O)        0.124  7550.815 r  ps/axi_slave_gp0/axi\\.RDATA[3]_i_3/O
                         net (fo=1, routed)           0.294  7551.109    ps/axi_slave_gp0/axi\\.RDATA[3]_i_3_n_0
    SLICE_X35Y41         LUT6 (Prop_lut6_I5_O)        0.124  7551.233 r  ps/axi_slave_gp0/axi\\.RDATA[3]_i_2/O
                         net (fo=1, routed)           0.306  7551.540    ps/axi_slave_gp0/axi\\.RDATA[3]_i_2_n_0
    SLICE_X34Y42         LUT6 (Prop_lut6_I5_O)        0.124  7551.664 r  ps/axi_slave_gp0/axi\\.RDATA[3]_i_1/O
                         net (fo=1, routed)           0.000  7551.664    ps/axi_slave_gp0/ps_sys\\.rdata[3]
    SLICE_X34Y42         FDRE                                         r  ps/axi_slave_gp0/axi\\.RDATA_reg[3]/D
  -------------------------------------------------------------------    -------------------

                         (clock clk_fpga_0 rise edge)
                                                   7544.000  7544.000 r  
    PS7_X0Y0             PS7                          0.000  7544.000 r  ps/system_i/processing_system7/inst/PS7_i/FCLKCLK[0]
                         net (fo=1, routed)           1.101  7545.101    ps/lopt
    BUFGCTRL_X0Y3        BUFG (Prop_bufg_I_O)         0.091  7545.192 r  ps/fclk_buf[0]/O
                         net (fo=235, routed)         1.499  7546.691    ps/axi_slave_gp0/O[0]
    SLICE_X34Y42         FDRE                                         r  ps/axi_slave_gp0/axi\\.RDATA_reg[3]/C
                         clock pessimism              0.000  7546.691    
                         clock uncertainty           -0.237  7546.455    
    SLICE_X34Y42         FDRE (Setup_fdre_C_D)        0.077  7546.532    ps/axi_slave_gp0/axi\\.RDATA_reg[3]
  -------------------------------------------------------------------
                         required time                       7546.531    
                         arrival time                       -7551.663    
  -------------------------------------------------------------------
                         slack                                 -5.132    

Slack (VIOLATED) :        -5.114ns  (required time - arrival time)
  Source:                 i_scope/i_cfg/sys_rdata_reg[15]/C
                            (rising edge-triggered cell FDRE clocked by pll_adc_clk  {rise@0.000ns fall@4.069ns period=8.138ns})
  Destination:            ps/axi_slave_gp0/axi\\.RDATA_reg[15]/D
                            (rising edge-triggered cell FDRE clocked by clk_fpga_0  {rise@0.000ns fall@4.000ns period=8.000ns})
  Path Group:             clk_fpga_0
  Path Type:              Setup (Max at Slow Process Corner)
  Requirement:            0.074ns  (clk_fpga_0 rise@7544.000ns - pll_adc_clk rise@7543.926ns)
  Data Path Delay:        1.766ns  (logic 0.766ns (43.374%)  route 1.000ns (56.626%))
  Logic Levels:           2  (LUT4=1 LUT6=1)
  Clock Path Skew:        -3.215ns (DCD - SCD + CPR)
    Destination Clock Delay (DCD):    2.683ns = ( 7546.684 - 7544.000 ) 
    Source Clock Delay      (SCD):    5.898ns = ( 7549.824 - 7543.926 ) 
    Clock Pessimism Removal (CPR):    0.000ns
  Clock Uncertainty:      0.237ns  ((TSJ^2 + TIJ^2 + DJ^2)^1/2) / 2 + PE
    Total System Jitter     (TSJ):    0.071ns
    Total Input Jitter      (TIJ):    0.240ns
    Discrete Jitter          (DJ):    0.120ns
    Phase Error              (PE):    0.098ns
  Clock Domain Crossing:  Inter clock paths are considered valid unless explicitly excluded by timing constraints such as set_clock_groups or set_false_path.

    Location             Delay type                Incr(ns)  Path(ns)    Netlist Resource(s)
  -------------------------------------------------------------------    -------------------
                         (clock pll_adc_clk rise edge)
                                                   7543.926  7543.926 r  
    U18                                               0.000  7543.926 r  adc_clk_i[1] (IN)
                         net (fo=0)                   0.000  7543.926    adc_clk_i[1]
    U18                  IBUFDS (Prop_ibufds_I_O)     0.983  7544.909 r  i_clk/O
                         net (fo=1, routed)           1.306  7546.215    pll/adc_clk_in
    PLLE2_ADV_X0Y0       PLLE2_ADV (Prop_plle2_adv_CLKIN1_CLKOUT0)
                                                      0.089  7546.304 r  pll/pll/CLKOUT0
                         net (fo=1, routed)           1.754  7548.058    pll_adc_clk
    BUFGCTRL_X0Y0        BUFG (Prop_bufg_I_O)         0.101  7548.159 r  bufg_adc_clk/O
                         net (fo=9660, routed)        1.665  7549.824    i_scope/i_cfg/adc_clk
    SLICE_X24Y37         FDRE                                         r  i_scope/i_cfg/sys_rdata_reg[15]/C
  -------------------------------------------------------------------    -------------------
    SLICE_X24Y37         FDRE (Prop_fdre_C_Q)         0.518  7550.342 r  i_scope/i_cfg/sys_rdata_reg[15]/Q
                         net (fo=1, routed)           0.598  7550.939    ps/axi_slave_gp0/axi\\.RDATA_reg[31]_2[15]
    SLICE_X23Y36         LUT6 (Prop_lut6_I4_O)        0.124  7551.063 r  ps/axi_slave_gp0/axi\\.RDATA[15]_i_2/O
                         net (fo=1, routed)           0.402  7551.466    ps/axi_slave_gp0/axi\\.RDATA[15]_i_2_n_0
    SLICE_X23Y37         LUT4 (Prop_lut4_I0_O)        0.124  7551.590 r  ps/axi_slave_gp0/axi\\.RDATA[15]_i_1/O
                         net (fo=1, routed)           0.000  7551.590    ps/axi_slave_gp0/ps_sys\\.rdata[15]
    SLICE_X23Y37         FDRE                                         r  ps/axi_slave_gp0/axi\\.RDATA_reg[15]/D
  -------------------------------------------------------------------    -------------------

                         (clock clk_fpga_0 rise edge)
                                                   7544.000  7544.000 r  
    PS7_X0Y0             PS7                          0.000  7544.000 r  ps/system_i/processing_system7/inst/PS7_i/FCLKCLK[0]
                         net (fo=1, routed)           1.101  7545.101    ps/lopt
    BUFGCTRL_X0Y3        BUFG (Prop_bufg_I_O)         0.091  7545.192 r  ps/fclk_buf[0]/O
                         net (fo=235, routed)         1.491  7546.683    ps/axi_slave_gp0/O[0]
    SLICE_X23Y37         FDRE                                         r  ps/axi_slave_gp0/axi\\.RDATA_reg[15]/C
                         clock pessimism              0.000  7546.683    
                         clock uncertainty           -0.237  7546.446    
    SLICE_X23Y37         FDRE (Setup_fdre_C_D)        0.029  7546.475    ps/axi_slave_gp0/axi\\.RDATA_reg[15]
  -------------------------------------------------------------------
                         required time                       7546.476    
                         arrival time                       -7551.590    
  -------------------------------------------------------------------
                         slack                                 -5.114    

Slack (VIOLATED) :        -5.089ns  (required time - arrival time)
  Source:                 i_hk/sys_rdata_reg[28]/C
                            (rising edge-triggered cell FDRE clocked by pll_adc_clk  {rise@0.000ns fall@4.069ns period=8.138ns})
  Destination:            ps/axi_slave_gp0/axi\\.RDATA_reg[28]/D
                            (rising edge-triggered cell FDRE clocked by clk_fpga_0  {rise@0.000ns fall@4.000ns period=8.000ns})
  Path Group:             clk_fpga_0
  Path Type:              Setup (Max at Slow Process Corner)
  Requirement:            0.074ns  (clk_fpga_0 rise@7544.000ns - pll_adc_clk rise@7543.926ns)
  Data Path Delay:        1.740ns  (logic 0.704ns (40.466%)  route 1.036ns (59.534%))
  Logic Levels:           2  (LUT4=1 LUT6=1)
  Clock Path Skew:        -3.216ns (DCD - SCD + CPR)
    Destination Clock Delay (DCD):    2.683ns = ( 7546.684 - 7544.000 ) 
    Source Clock Delay      (SCD):    5.899ns = ( 7549.825 - 7543.926 ) 
    Clock Pessimism Removal (CPR):    0.000ns
  Clock Uncertainty:      0.237ns  ((TSJ^2 + TIJ^2 + DJ^2)^1/2) / 2 + PE
    Total System Jitter     (TSJ):    0.071ns
    Total Input Jitter      (TIJ):    0.240ns
    Discrete Jitter          (DJ):    0.120ns
    Phase Error              (PE):    0.098ns
  Clock Domain Crossing:  Inter clock paths are considered valid unless explicitly excluded by timing constraints such as set_clock_groups or set_false_path.

    Location             Delay type                Incr(ns)  Path(ns)    Netlist Resource(s)
  -------------------------------------------------------------------    -------------------
                         (clock pll_adc_clk rise edge)
                                                   7543.926  7543.926 r  
    U18                                               0.000  7543.926 r  adc_clk_i[1] (IN)
                         net (fo=0)                   0.000  7543.926    adc_clk_i[1]
    U18                  IBUFDS (Prop_ibufds_I_O)     0.983  7544.909 r  i_clk/O
                         net (fo=1, routed)           1.306  7546.215    pll/adc_clk_in
    PLLE2_ADV_X0Y0       PLLE2_ADV (Prop_plle2_adv_CLKIN1_CLKOUT0)
                                                      0.089  7546.304 r  pll/pll/CLKOUT0
                         net (fo=1, routed)           1.754  7548.058    pll_adc_clk
    BUFGCTRL_X0Y0        BUFG (Prop_bufg_I_O)         0.101  7548.159 r  bufg_adc_clk/O
                         net (fo=9660, routed)        1.666  7549.825    i_hk/adc_clk
    SLICE_X25Y38         FDRE                                         r  i_hk/sys_rdata_reg[28]/C
  -------------------------------------------------------------------    -------------------
    SLICE_X25Y38         FDRE (Prop_fdre_C_Q)         0.456  7550.281 r  i_hk/sys_rdata_reg[28]/Q
                         net (fo=1, routed)           0.627  7550.908    ps/axi_slave_gp0/axi\\.RDATA_reg[31]_3[28]
    SLICE_X23Y38         LUT6 (Prop_lut6_I1_O)        0.124  7551.032 r  ps/axi_slave_gp0/axi\\.RDATA[28]_i_2/O
                         net (fo=1, routed)           0.409  7551.440    ps/axi_slave_gp0/axi\\.RDATA[28]_i_2_n_0
    SLICE_X25Y37         LUT4 (Prop_lut4_I0_O)        0.124  7551.564 r  ps/axi_slave_gp0/axi\\.RDATA[28]_i_1/O
                         net (fo=1, routed)           0.000  7551.564    ps/axi_slave_gp0/ps_sys\\.rdata[28]
    SLICE_X25Y37         FDRE                                         r  ps/axi_slave_gp0/axi\\.RDATA_reg[28]/D
  -------------------------------------------------------------------    -------------------

                         (clock clk_fpga_0 rise edge)
                                                   7544.000  7544.000 r  
    PS7_X0Y0             PS7                          0.000  7544.000 r  ps/system_i/processing_system7/inst/PS7_i/FCLKCLK[0]
                         net (fo=1, routed)           1.101  7545.101    ps/lopt
    BUFGCTRL_X0Y3        BUFG (Prop_bufg_I_O)         0.091  7545.192 r  ps/fclk_buf[0]/O
                         net (fo=235, routed)         1.491  7546.683    ps/axi_slave_gp0/O[0]
    SLICE_X25Y37         FDRE                                         r  ps/axi_slave_gp0/axi\\.RDATA_reg[28]/C
                         clock pessimism              0.000  7546.683    
                         clock uncertainty           -0.237  7546.446    
    SLICE_X25Y37         FDRE (Setup_fdre_C_D)        0.029  7546.475    ps/axi_slave_gp0/axi\\.RDATA_reg[28]
  -------------------------------------------------------------------
                         required time                       7546.476    
                         arrival time                       -7551.564    
  -------------------------------------------------------------------
                         slack                                 -5.089    

Slack (VIOLATED) :        -5.082ns  (required time - arrival time)
  Source:                 i_asg/sys_rdata_reg[24]/C
                            (rising edge-triggered cell FDRE clocked by pll_adc_clk  {rise@0.000ns fall@4.069ns period=8.138ns})
  Destination:            ps/axi_slave_gp0/axi\\.RDATA_reg[24]/D
                            (rising edge-triggered cell FDRE clocked by clk_fpga_0  {rise@0.000ns fall@4.000ns period=8.000ns})
  Path Group:             clk_fpga_0
  Path Type:              Setup (Max at Slow Process Corner)
  Requirement:            0.074ns  (clk_fpga_0 rise@7544.000ns - pll_adc_clk rise@7543.926ns)
  Data Path Delay:        1.736ns  (logic 0.766ns (44.120%)  route 0.970ns (55.880%))
  Logic Levels:           2  (LUT5=1 LUT6=1)
  Clock Path Skew:        -3.215ns (DCD - SCD + CPR)
    Destination Clock Delay (DCD):    2.685ns = ( 7546.686 - 7544.000 ) 
    Source Clock Delay      (SCD):    5.900ns = ( 7549.826 - 7543.926 ) 
    Clock Pessimism Removal (CPR):    0.000ns
  Clock Uncertainty:      0.237ns  ((TSJ^2 + TIJ^2 + DJ^2)^1/2) / 2 + PE
    Total System Jitter     (TSJ):    0.071ns
    Total Input Jitter      (TIJ):    0.240ns
    Discrete Jitter          (DJ):    0.120ns
    Phase Error              (PE):    0.098ns
  Clock Domain Crossing:  Inter clock paths are considered valid unless explicitly excluded by timing constraints such as set_clock_groups or set_false_path.

    Location             Delay type                Incr(ns)  Path(ns)    Netlist Resource(s)
  -------------------------------------------------------------------    -------------------
                         (clock pll_adc_clk rise edge)
                                                   7543.926  7543.926 r  
    U18                                               0.000  7543.926 r  adc_clk_i[1] (IN)
                         net (fo=0)                   0.000  7543.926    adc_clk_i[1]
    U18                  IBUFDS (Prop_ibufds_I_O)     0.983  7544.909 r  i_clk/O
                         net (fo=1, routed)           1.306  7546.215    pll/adc_clk_in
    PLLE2_ADV_X0Y0       PLLE2_ADV (Prop_plle2_adv_CLKIN1_CLKOUT0)
                                                      0.089  7546.304 r  pll/pll/CLKOUT0
                         net (fo=1, routed)           1.754  7548.058    pll_adc_clk
    BUFGCTRL_X0Y0        BUFG (Prop_bufg_I_O)         0.101  7548.159 r  bufg_adc_clk/O
                         net (fo=9660, routed)        1.667  7549.826    i_asg/adc_clk
    SLICE_X24Y39         FDRE                                         r  i_asg/sys_rdata_reg[24]/C
  -------------------------------------------------------------------    -------------------
    SLICE_X24Y39         FDRE (Prop_fdre_C_Q)         0.518  7550.344 r  i_asg/sys_rdata_reg[24]/Q
                         net (fo=1, routed)           0.567  7550.911    ps/axi_slave_gp0/axi\\.RDATA_reg[31]_1[24]
    SLICE_X23Y39         LUT6 (Prop_lut6_I1_O)        0.124  7551.035 f  ps/axi_slave_gp0/axi\\.RDATA[24]_i_2/O
                         net (fo=1, routed)           0.403  7551.438    ps/axi_slave_gp0/axi\\.RDATA[24]_i_2_n_0
    SLICE_X23Y40         LUT5 (Prop_lut5_I3_O)        0.124  7551.562 r  ps/axi_slave_gp0/axi\\.RDATA[24]_i_1/O
                         net (fo=1, routed)           0.000  7551.562    ps/axi_slave_gp0/ps_sys\\.rdata[24]
    SLICE_X23Y40         FDRE                                         r  ps/axi_slave_gp0/axi\\.RDATA_reg[24]/D
  -------------------------------------------------------------------    -------------------

                         (clock clk_fpga_0 rise edge)
                                                   7544.000  7544.000 r  
    PS7_X0Y0             PS7                          0.000  7544.000 r  ps/system_i/processing_system7/inst/PS7_i/FCLKCLK[0]
                         net (fo=1, routed)           1.101  7545.101    ps/lopt
    BUFGCTRL_X0Y3        BUFG (Prop_bufg_I_O)         0.091  7545.192 r  ps/fclk_buf[0]/O
                         net (fo=235, routed)         1.493  7546.685    ps/axi_slave_gp0/O[0]
    SLICE_X23Y40         FDRE                                         r  ps/axi_slave_gp0/axi\\.RDATA_reg[24]/C
                         clock pessimism              0.000  7546.685    
                         clock uncertainty           -0.237  7546.448    
    SLICE_X23Y40         FDRE (Setup_fdre_C_D)        0.032  7546.480    ps/axi_slave_gp0/axi\\.RDATA_reg[24]
  -------------------------------------------------------------------
                         required time                       7546.480    
                         arrival time                       -7551.562    
  -------------------------------------------------------------------
                         slack                                 -5.082    

Slack (VIOLATED) :        -5.079ns  (required time - arrival time)
  Source:                 i_ams/sys_rdata_reg[23]/C
                            (rising edge-triggered cell FDRE clocked by pll_adc_clk  {rise@0.000ns fall@4.069ns period=8.138ns})
  Destination:            ps/axi_slave_gp0/axi\\.RDATA_reg[23]/D
                            (rising edge-triggered cell FDRE clocked by clk_fpga_0  {rise@0.000ns fall@4.000ns period=8.000ns})
  Path Group:             clk_fpga_0
  Path Type:              Setup (Max at Slow Process Corner)
  Requirement:            0.074ns  (clk_fpga_0 rise@7544.000ns - pll_adc_clk rise@7543.926ns)
  Data Path Delay:        1.731ns  (logic 0.704ns (40.665%)  route 1.027ns (59.335%))
  Logic Levels:           2  (LUT5=1 LUT6=1)
  Clock Path Skew:        -3.216ns (DCD - SCD + CPR)
    Destination Clock Delay (DCD):    2.685ns = ( 7546.686 - 7544.000 ) 
    Source Clock Delay      (SCD):    5.901ns = ( 7549.827 - 7543.926 ) 
    Clock Pessimism Removal (CPR):    0.000ns
  Clock Uncertainty:      0.237ns  ((TSJ^2 + TIJ^2 + DJ^2)^1/2) / 2 + PE
    Total System Jitter     (TSJ):    0.071ns
    Total Input Jitter      (TIJ):    0.240ns
    Discrete Jitter          (DJ):    0.120ns
    Phase Error              (PE):    0.098ns
  Clock Domain Crossing:  Inter clock paths are considered valid unless explicitly excluded by timing constraints such as set_clock_groups or set_false_path.

    Location             Delay type                Incr(ns)  Path(ns)    Netlist Resource(s)
  -------------------------------------------------------------------    -------------------
                         (clock pll_adc_clk rise edge)
                                                   7543.926  7543.926 r  
    U18                                               0.000  7543.926 r  adc_clk_i[1] (IN)
                         net (fo=0)                   0.000  7543.926    adc_clk_i[1]
    U18                  IBUFDS (Prop_ibufds_I_O)     0.983  7544.909 r  i_clk/O
                         net (fo=1, routed)           1.306  7546.215    pll/adc_clk_in
    PLLE2_ADV_X0Y0       PLLE2_ADV (Prop_plle2_adv_CLKIN1_CLKOUT0)
                                                      0.089  7546.304 r  pll/pll/CLKOUT0
                         net (fo=1, routed)           1.754  7548.058    pll_adc_clk
    BUFGCTRL_X0Y0        BUFG (Prop_bufg_I_O)         0.101  7548.159 r  bufg_adc_clk/O
                         net (fo=9660, routed)        1.668  7549.827    i_ams/adc_clk
    SLICE_X21Y36         FDRE                                         r  i_ams/sys_rdata_reg[23]/C
  -------------------------------------------------------------------    -------------------
    SLICE_X21Y36         FDRE (Prop_fdre_C_Q)         0.456  7550.283 f  i_ams/sys_rdata_reg[23]/Q
                         net (fo=1, routed)           0.738  7551.021    ps/axi_slave_gp0/axi\\.RDATA_reg[23]_1
    SLICE_X23Y38         LUT6 (Prop_lut6_I5_O)        0.124  7551.145 r  ps/axi_slave_gp0/axi\\.RDATA[23]_i_2_comp_1/O
                         net (fo=1, routed)           0.289  7551.434    ps/axi_slave_gp0/axi\\.RDATA[23]_i_2_n_0
    SLICE_X23Y39         LUT5 (Prop_lut5_I2_O)        0.124  7551.558 r  ps/axi_slave_gp0/axi\\.RDATA[23]_i_1_comp/O
                         net (fo=1, routed)           0.000  7551.558    ps/axi_slave_gp0/ps_sys\\.rdata[23]
    SLICE_X23Y39         FDRE                                         r  ps/axi_slave_gp0/axi\\.RDATA_reg[23]/D
  -------------------------------------------------------------------    -------------------

                         (clock clk_fpga_0 rise edge)
                                                   7544.000  7544.000 r  
    PS7_X0Y0             PS7                          0.000  7544.000 r  ps/system_i/processing_system7/inst/PS7_i/FCLKCLK[0]
                         net (fo=1, routed)           1.101  7545.101    ps/lopt
    BUFGCTRL_X0Y3        BUFG (Prop_bufg_I_O)         0.091  7545.192 r  ps/fclk_buf[0]/O
                         net (fo=235, routed)         1.493  7546.685    ps/axi_slave_gp0/O[0]
    SLICE_X23Y39         FDRE                                         r  ps/axi_slave_gp0/axi\\.RDATA_reg[23]/C
                         clock pessimism              0.000  7546.685    
                         clock uncertainty           -0.237  7546.448    
    SLICE_X23Y39         FDRE (Setup_fdre_C_D)        0.031  7546.479    ps/axi_slave_gp0/axi\\.RDATA_reg[23]
  -------------------------------------------------------------------
                         required time                       7546.479    
                         arrival time                       -7551.558    
  -------------------------------------------------------------------
                         slack                                 -5.079    

Slack (VIOLATED) :        -5.059ns  (required time - arrival time)
  Source:                 i_daisy/sys_rdata_o_reg[7]/C
                            (rising edge-triggered cell FDRE clocked by pll_adc_clk  {rise@0.000ns fall@4.069ns period=8.138ns})
  Destination:            ps/axi_slave_gp0/axi\\.RDATA_reg[7]/D
                            (rising edge-triggered cell FDRE clocked by clk_fpga_0  {rise@0.000ns fall@4.000ns period=8.000ns})
  Path Group:             clk_fpga_0
  Path Type:              Setup (Max at Slow Process Corner)
  Requirement:            0.074ns  (clk_fpga_0 rise@7544.000ns - pll_adc_clk rise@7543.926ns)
  Data Path Delay:        1.712ns  (logic 0.828ns (48.360%)  route 0.884ns (51.640%))
  Logic Levels:           3  (LUT6=3)
  Clock Path Skew:        -3.215ns (DCD - SCD + CPR)
    Destination Clock Delay (DCD):    2.692ns = ( 7546.692 - 7544.000 ) 
    Source Clock Delay      (SCD):    5.907ns = ( 7549.833 - 7543.926 ) 
    Clock Pessimism Removal (CPR):    0.000ns
  Clock Uncertainty:      0.237ns  ((TSJ^2 + TIJ^2 + DJ^2)^1/2) / 2 + PE
    Total System Jitter     (TSJ):    0.071ns
    Total Input Jitter      (TIJ):    0.240ns
    Discrete Jitter          (DJ):    0.120ns
    Phase Error              (PE):    0.098ns
  Clock Domain Crossing:  Inter clock paths are considered valid unless explicitly excluded by timing constraints such as set_clock_groups or set_false_path.

    Location             Delay type                Incr(ns)  Path(ns)    Netlist Resource(s)
  -------------------------------------------------------------------    -------------------
                         (clock pll_adc_clk rise edge)
                                                   7543.926  7543.926 r  
    U18                                               0.000  7543.926 r  adc_clk_i[1] (IN)
                         net (fo=0)                   0.000  7543.926    adc_clk_i[1]
    U18                  IBUFDS (Prop_ibufds_I_O)     0.983  7544.909 r  i_clk/O
                         net (fo=1, routed)           1.306  7546.215    pll/adc_clk_in
    PLLE2_ADV_X0Y0       PLLE2_ADV (Prop_plle2_adv_CLKIN1_CLKOUT0)
                                                      0.089  7546.304 r  pll/pll/CLKOUT0
                         net (fo=1, routed)           1.754  7548.058    pll_adc_clk
    BUFGCTRL_X0Y0        BUFG (Prop_bufg_I_O)         0.101  7548.159 r  bufg_adc_clk/O
                         net (fo=9660, routed)        1.674  7549.833    i_daisy/adc_clk
    SLICE_X33Y45         FDRE                                         r  i_daisy/sys_rdata_o_reg[7]/C
  -------------------------------------------------------------------    -------------------
    SLICE_X33Y45         FDRE (Prop_fdre_C_Q)         0.456  7550.289 r  i_daisy/sys_rdata_o_reg[7]/Q
                         net (fo=1, routed)           0.424  7550.713    ps/axi_slave_gp0/axi\\.RDATA[7]_i_2_0
    SLICE_X32Y46         LUT6 (Prop_lut6_I5_O)        0.124  7550.837 r  ps/axi_slave_gp0/axi\\.RDATA[7]_i_3/O
                         net (fo=1, routed)           0.162  7550.999    ps/axi_slave_gp0/axi\\.RDATA[7]_i_3_n_0
    SLICE_X32Y46         LUT6 (Prop_lut6_I0_O)        0.124  7551.123 r  ps/axi_slave_gp0/axi\\.RDATA[7]_i_2/O
                         net (fo=1, routed)           0.298  7551.421    ps/axi_slave_gp0/axi\\.RDATA[7]_i_2_n_0
    SLICE_X35Y46         LUT6 (Prop_lut6_I5_O)        0.124  7551.545 r  ps/axi_slave_gp0/axi\\.RDATA[7]_i_1/O
                         net (fo=1, routed)           0.000  7551.545    ps/axi_slave_gp0/ps_sys\\.rdata[7]
    SLICE_X35Y46         FDRE                                         r  ps/axi_slave_gp0/axi\\.RDATA_reg[7]/D
  -------------------------------------------------------------------    -------------------

                         (clock clk_fpga_0 rise edge)
                                                   7544.000  7544.000 r  
    PS7_X0Y0             PS7                          0.000  7544.000 r  ps/system_i/processing_system7/inst/PS7_i/FCLKCLK[0]
                         net (fo=1, routed)           1.101  7545.101    ps/lopt
    BUFGCTRL_X0Y3        BUFG (Prop_bufg_I_O)         0.091  7545.192 r  ps/fclk_buf[0]/O
                         net (fo=235, routed)         1.500  7546.692    ps/axi_slave_gp0/O[0]
    SLICE_X35Y46         FDRE                                         r  ps/axi_slave_gp0/axi\\.RDATA_reg[7]/C
                         clock pessimism              0.000  7546.692    
                         clock uncertainty           -0.237  7546.456    
    SLICE_X35Y46         FDRE (Setup_fdre_C_D)        0.031  7546.486    ps/axi_slave_gp0/axi\\.RDATA_reg[7]
  -------------------------------------------------------------------
                         required time                       7546.486    
                         arrival time                       -7551.545    
  -------------------------------------------------------------------
                         slack                                 -5.059    

Slack (VIOLATED) :        -5.057ns  (required time - arrival time)
  Source:                 i_daisy/sys_rdata_o_reg[11]/C
                            (rising edge-triggered cell FDRE clocked by pll_adc_clk  {rise@0.000ns fall@4.069ns period=8.138ns})
  Destination:            ps/axi_slave_gp0/axi\\.RDATA_reg[11]/D
                            (rising edge-triggered cell FDRE clocked by clk_fpga_0  {rise@0.000ns fall@4.000ns period=8.000ns})
  Path Group:             clk_fpga_0
  Path Type:              Setup (Max at Slow Process Corner)
  Requirement:            0.074ns  (clk_fpga_0 rise@7544.000ns - pll_adc_clk rise@7543.926ns)
  Data Path Delay:        1.711ns  (logic 0.828ns (48.390%)  route 0.883ns (51.610%))
  Logic Levels:           3  (LUT6=3)
  Clock Path Skew:        -3.215ns (DCD - SCD + CPR)
    Destination Clock Delay (DCD):    2.690ns = ( 7546.690 - 7544.000 ) 
    Source Clock Delay      (SCD):    5.905ns = ( 7549.831 - 7543.926 ) 
    Clock Pessimism Removal (CPR):    0.000ns
  Clock Uncertainty:      0.237ns  ((TSJ^2 + TIJ^2 + DJ^2)^1/2) / 2 + PE
    Total System Jitter     (TSJ):    0.071ns
    Total Input Jitter      (TIJ):    0.240ns
    Discrete Jitter          (DJ):    0.120ns
    Phase Error              (PE):    0.098ns
  Clock Domain Crossing:  Inter clock paths are considered valid unless explicitly excluded by timing constraints such as set_clock_groups or set_false_path.

    Location             Delay type                Incr(ns)  Path(ns)    Netlist Resource(s)
  -------------------------------------------------------------------    -------------------
                         (clock pll_adc_clk rise edge)
                                                   7543.926  7543.926 r  
    U18                                               0.000  7543.926 r  adc_clk_i[1] (IN)
                         net (fo=0)                   0.000  7543.926    adc_clk_i[1]
    U18                  IBUFDS (Prop_ibufds_I_O)     0.983  7544.909 r  i_clk/O
                         net (fo=1, routed)           1.306  7546.215    pll/adc_clk_in
    PLLE2_ADV_X0Y0       PLLE2_ADV (Prop_plle2_adv_CLKIN1_CLKOUT0)
                                                      0.089  7546.304 r  pll/pll/CLKOUT0
                         net (fo=1, routed)           1.754  7548.058    pll_adc_clk
    BUFGCTRL_X0Y0        BUFG (Prop_bufg_I_O)         0.101  7548.159 r  bufg_adc_clk/O
                         net (fo=9660, routed)        1.672  7549.831    i_daisy/adc_clk
    SLICE_X35Y39         FDRE                                         r  i_daisy/sys_rdata_o_reg[11]/C
  -------------------------------------------------------------------    -------------------
    SLICE_X35Y39         FDRE (Prop_fdre_C_Q)         0.456  7550.287 r  i_daisy/sys_rdata_o_reg[11]/Q
                         net (fo=1, routed)           0.442  7550.729    ps/axi_slave_gp0/axi\\.RDATA[11]_i_2_0
    SLICE_X33Y41         LUT6 (Prop_lut6_I5_O)        0.124  7550.853 r  ps/axi_slave_gp0/axi\\.RDATA[11]_i_3/O
                         net (fo=1, routed)           0.290  7551.143    ps/axi_slave_gp0/axi\\.RDATA[11]_i_3_n_0
    SLICE_X33Y40         LUT6 (Prop_lut6_I0_O)        0.124  7551.267 r  ps/axi_slave_gp0/axi\\.RDATA[11]_i_2/O
                         net (fo=1, routed)           0.151  7551.418    ps/axi_slave_gp0/axi\\.RDATA[11]_i_2_n_0
    SLICE_X33Y40         LUT6 (Prop_lut6_I5_O)        0.124  7551.542 r  ps/axi_slave_gp0/axi\\.RDATA[11]_i_1/O
                         net (fo=1, routed)           0.000  7551.542    ps/axi_slave_gp0/ps_sys\\.rdata[11]
    SLICE_X33Y40         FDRE                                         r  ps/axi_slave_gp0/axi\\.RDATA_reg[11]/D
  -------------------------------------------------------------------    -------------------

                         (clock clk_fpga_0 rise edge)
                                                   7544.000  7544.000 r  
    PS7_X0Y0             PS7                          0.000  7544.000 r  ps/system_i/processing_system7/inst/PS7_i/FCLKCLK[0]
                         net (fo=1, routed)           1.101  7545.101    ps/lopt
    BUFGCTRL_X0Y3        BUFG (Prop_bufg_I_O)         0.091  7545.192 r  ps/fclk_buf[0]/O
                         net (fo=235, routed)         1.498  7546.690    ps/axi_slave_gp0/O[0]
    SLICE_X33Y40         FDRE                                         r  ps/axi_slave_gp0/axi\\.RDATA_reg[11]/C
                         clock pessimism              0.000  7546.690    
                         clock uncertainty           -0.237  7546.454    
    SLICE_X33Y40         FDRE (Setup_fdre_C_D)        0.031  7546.484    ps/axi_slave_gp0/axi\\.RDATA_reg[11]
  -------------------------------------------------------------------
                         required time                       7546.484    
                         arrival time                       -7551.542    
  -------------------------------------------------------------------
                         slack                                 -5.057    

Slack (VIOLATED) :        -5.055ns  (required time - arrival time)
  Source:                 i_daisy/sys_rdata_o_reg[10]/C
                            (rising edge-triggered cell FDRE clocked by pll_adc_clk  {rise@0.000ns fall@4.069ns period=8.138ns})
  Destination:            ps/axi_slave_gp0/axi\\.RDATA_reg[10]/D
                            (rising edge-triggered cell FDRE clocked by clk_fpga_0  {rise@0.000ns fall@4.000ns period=8.000ns})
  Path Group:             clk_fpga_0
  Path Type:              Setup (Max at Slow Process Corner)
  Requirement:            0.074ns  (clk_fpga_0 rise@7544.000ns - pll_adc_clk rise@7543.926ns)
  Data Path Delay:        1.756ns  (logic 0.828ns (47.141%)  route 0.928ns (52.859%))
  Logic Levels:           3  (LUT6=3)
  Clock Path Skew:        -3.213ns (DCD - SCD + CPR)
    Destination Clock Delay (DCD):    2.692ns = ( 7546.692 - 7544.000 ) 
    Source Clock Delay      (SCD):    5.905ns = ( 7549.831 - 7543.926 ) 
    Clock Pessimism Removal (CPR):    0.000ns
  Clock Uncertainty:      0.237ns  ((TSJ^2 + TIJ^2 + DJ^2)^1/2) / 2 + PE
    Total System Jitter     (TSJ):    0.071ns
    Total Input Jitter      (TIJ):    0.240ns
    Discrete Jitter          (DJ):    0.120ns
    Phase Error              (PE):    0.098ns
  Clock Domain Crossing:  Inter clock paths are considered valid unless explicitly excluded by timing constraints such as set_clock_groups or set_false_path.

    Location             Delay type                Incr(ns)  Path(ns)    Netlist Resource(s)
  -------------------------------------------------------------------    -------------------
                         (clock pll_adc_clk rise edge)
                                                   7543.926  7543.926 r  
    U18                                               0.000  7543.926 r  adc_clk_i[1] (IN)
                         net (fo=0)                   0.000  7543.926    adc_clk_i[1]
    U18                  IBUFDS (Prop_ibufds_I_O)     0.983  7544.909 r  i_clk/O
                         net (fo=1, routed)           1.306  7546.215    pll/adc_clk_in
    PLLE2_ADV_X0Y0       PLLE2_ADV (Prop_plle2_adv_CLKIN1_CLKOUT0)
                                                      0.089  7546.304 r  pll/pll/CLKOUT0
                         net (fo=1, routed)           1.754  7548.058    pll_adc_clk
    BUFGCTRL_X0Y0        BUFG (Prop_bufg_I_O)         0.101  7548.159 r  bufg_adc_clk/O
                         net (fo=9660, routed)        1.672  7549.831    i_daisy/adc_clk
    SLICE_X35Y39         FDRE                                         r  i_daisy/sys_rdata_o_reg[10]/C
  -------------------------------------------------------------------    -------------------
    SLICE_X35Y39         FDRE (Prop_fdre_C_Q)         0.456  7550.287 r  i_daisy/sys_rdata_o_reg[10]/Q
                         net (fo=1, routed)           0.461  7550.747    ps/axi_slave_gp0/axi\\.RDATA[10]_i_2_0
    SLICE_X33Y42         LUT6 (Prop_lut6_I5_O)        0.124  7550.871 r  ps/axi_slave_gp0/axi\\.RDATA[10]_i_3/O
                         net (fo=1, routed)           0.303  7551.174    ps/axi_slave_gp0/axi\\.RDATA[10]_i_3_n_0
    SLICE_X32Y43         LUT6 (Prop_lut6_I5_O)        0.124  7551.298 r  ps/axi_slave_gp0/axi\\.RDATA[10]_i_2/O
                         net (fo=1, routed)           0.165  7551.463    ps/axi_slave_gp0/axi\\.RDATA[10]_i_2_n_0
    SLICE_X32Y43         LUT6 (Prop_lut6_I5_O)        0.124  7551.587 r  ps/axi_slave_gp0/axi\\.RDATA[10]_i_1/O
                         net (fo=1, routed)           0.000  7551.587    ps/axi_slave_gp0/ps_sys\\.rdata[10]
    SLICE_X32Y43         FDRE                                         r  ps/axi_slave_gp0/axi\\.RDATA_reg[10]/D
  -------------------------------------------------------------------    -------------------

                         (clock clk_fpga_0 rise edge)
                                                   7544.000  7544.000 r  
    PS7_X0Y0             PS7                          0.000  7544.000 r  ps/system_i/processing_system7/inst/PS7_i/FCLKCLK[0]
                         net (fo=1, routed)           1.101  7545.101    ps/lopt
    BUFGCTRL_X0Y3        BUFG (Prop_bufg_I_O)         0.091  7545.192 r  ps/fclk_buf[0]/O
                         net (fo=235, routed)         1.500  7546.692    ps/axi_slave_gp0/O[0]
    SLICE_X32Y43         FDRE                                         r  ps/axi_slave_gp0/axi\\.RDATA_reg[10]/C
                         clock pessimism              0.000  7546.692    
                         clock uncertainty           -0.237  7546.456    
    SLICE_X32Y43         FDRE (Setup_fdre_C_D)        0.077  7546.533    ps/axi_slave_gp0/axi\\.RDATA_reg[10]
  -------------------------------------------------------------------
                         required time                       7546.532    
                         arrival time                       -7551.587    
  -------------------------------------------------------------------
                         slack                                 -5.055    

Slack (VIOLATED) :        -5.046ns  (required time - arrival time)
  Source:                 i_scope/i_cfg/sys_rdata_reg[27]/C
                            (rising edge-triggered cell FDRE clocked by pll_adc_clk  {rise@0.000ns fall@4.069ns period=8.138ns})
  Destination:            ps/axi_slave_gp0/axi\\.RDATA_reg[27]/D
                            (rising edge-triggered cell FDRE clocked by clk_fpga_0  {rise@0.000ns fall@4.000ns period=8.000ns})
  Path Group:             clk_fpga_0
  Path Type:              Setup (Max at Slow Process Corner)
  Requirement:            0.074ns  (clk_fpga_0 rise@7544.000ns - pll_adc_clk rise@7543.926ns)
  Data Path Delay:        1.698ns  (logic 0.704ns (41.467%)  route 0.994ns (58.533%))
  Logic Levels:           2  (LUT4=1 LUT6=1)
  Clock Path Skew:        -3.215ns (DCD - SCD + CPR)
    Destination Clock Delay (DCD):    2.686ns = ( 7546.687 - 7544.000 ) 
    Source Clock Delay      (SCD):    5.901ns = ( 7549.827 - 7543.926 ) 
    Clock Pessimism Removal (CPR):    0.000ns
  Clock Uncertainty:      0.237ns  ((TSJ^2 + TIJ^2 + DJ^2)^1/2) / 2 + PE
    Total System Jitter     (TSJ):    0.071ns
    Total Input Jitter      (TIJ):    0.240ns
    Discrete Jitter          (DJ):    0.120ns
    Phase Error              (PE):    0.098ns
  Clock Domain Crossing:  Inter clock paths are considered valid unless explicitly excluded by timing constraints such as set_clock_groups or set_false_path.

    Location             Delay type                Incr(ns)  Path(ns)    Netlist Resource(s)
  -------------------------------------------------------------------    -------------------
                         (clock pll_adc_clk rise edge)
                                                   7543.926  7543.926 r  
    U18                                               0.000  7543.926 r  adc_clk_i[1] (IN)
                         net (fo=0)                   0.000  7543.926    adc_clk_i[1]
    U18                  IBUFDS (Prop_ibufds_I_O)     0.983  7544.909 r  i_clk/O
                         net (fo=1, routed)           1.306  7546.215    pll/adc_clk_in
    PLLE2_ADV_X0Y0       PLLE2_ADV (Prop_plle2_adv_CLKIN1_CLKOUT0)
                                                      0.089  7546.304 r  pll/pll/CLKOUT0
                         net (fo=1, routed)           1.754  7548.058    pll_adc_clk
    BUFGCTRL_X0Y0        BUFG (Prop_bufg_I_O)         0.101  7548.159 r  bufg_adc_clk/O
                         net (fo=9660, routed)        1.668  7549.827    i_scope/i_cfg/adc_clk
    SLICE_X25Y41         FDRE                                         r  i_scope/i_cfg/sys_rdata_reg[27]/C
  -------------------------------------------------------------------    -------------------
    SLICE_X25Y41         FDRE (Prop_fdre_C_Q)         0.456  7550.283 r  i_scope/i_cfg/sys_rdata_reg[27]/Q
                         net (fo=1, routed)           0.599  7550.881    ps/axi_slave_gp0/axi\\.RDATA_reg[31]_2[27]
    SLICE_X23Y41         LUT6 (Prop_lut6_I4_O)        0.124  7551.005 r  ps/axi_slave_gp0/axi\\.RDATA[27]_i_2/O
                         net (fo=1, routed)           0.395  7551.400    ps/axi_slave_gp0/axi\\.RDATA[27]_i_2_n_0
    SLICE_X25Y42         LUT4 (Prop_lut4_I0_O)        0.124  7551.524 r  ps/axi_slave_gp0/axi\\.RDATA[27]_i_1/O
                         net (fo=1, routed)           0.000  7551.524    ps/axi_slave_gp0/ps_sys\\.rdata[27]
    SLICE_X25Y42         FDRE                                         r  ps/axi_slave_gp0/axi\\.RDATA_reg[27]/D
  -------------------------------------------------------------------    -------------------

                         (clock clk_fpga_0 rise edge)
                                                   7544.000  7544.000 r  
    PS7_X0Y0             PS7                          0.000  7544.000 r  ps/system_i/processing_system7/inst/PS7_i/FCLKCLK[0]
                         net (fo=1, routed)           1.101  7545.101    ps/lopt
    BUFGCTRL_X0Y3        BUFG (Prop_bufg_I_O)         0.091  7545.192 r  ps/fclk_buf[0]/O
                         net (fo=235, routed)         1.494  7546.687    ps/axi_slave_gp0/O[0]
    SLICE_X25Y42         FDRE                                         r  ps/axi_slave_gp0/axi\\.RDATA_reg[27]/C
                         clock pessimism              0.000  7546.687    
                         clock uncertainty           -0.237  7546.450    
    SLICE_X25Y42         FDRE (Setup_fdre_C_D)        0.029  7546.479    ps/axi_slave_gp0/axi\\.RDATA_reg[27]
  -------------------------------------------------------------------
                         required time                       7546.479    
                         arrival time                       -7551.524    
  -------------------------------------------------------------------
                         slack                                 -5.046    





Min Delay Paths
--------------------------------------------------------------------------------------
Slack (MET) :             0.692ns  (arrival time - required time)
  Source:                 i_hk/sys_rdata_reg[3]/C
                            (rising edge-triggered cell FDRE clocked by pll_adc_clk  {rise@0.000ns fall@4.069ns period=8.138ns})
  Destination:            ps/axi_slave_gp0/axi\\.RDATA_reg[3]/D
                            (rising edge-triggered cell FDRE clocked by clk_fpga_0  {rise@0.000ns fall@4.000ns period=8.000ns})
  Path Group:             clk_fpga_0
  Path Type:              Hold (Min at Fast Process Corner)
  Requirement:            0.000ns  (clk_fpga_0 rise@0.000ns - pll_adc_clk rise@0.000ns)
  Data Path Delay:        0.273ns  (logic 0.186ns (68.106%)  route 0.087ns (31.894%))
  Logic Levels:           1  (LUT6=1)
  Clock Path Skew:        -0.776ns (DCD - SCD - CPR)
    Destination Clock Delay (DCD):    1.201ns
    Source Clock Delay      (SCD):    1.977ns
    Clock Pessimism Removal (CPR):    -0.000ns
  Clock Uncertainty:      0.237ns  ((TSJ^2 + TIJ^2 + DJ^2)^1/2) / 2 + PE
    Total System Jitter     (TSJ):    0.071ns
    Total Input Jitter      (TIJ):    0.240ns
    Discrete Jitter          (DJ):    0.120ns
    Phase Error              (PE):    0.098ns
  Clock Domain Crossing:  Inter clock paths are considered valid unless explicitly excluded by timing constraints such as set_clock_groups or set_false_path.

    Location             Delay type                Incr(ns)  Path(ns)    Netlist Resource(s)
  -------------------------------------------------------------------    -------------------
                         (clock pll_adc_clk rise edge)
                                                      0.000     0.000 r  
    U18                                               0.000     0.000 r  adc_clk_i[1] (IN)
                         net (fo=0)                   0.000     0.000    adc_clk_i[1]
    U18                  IBUFDS (Prop_ibufds_I_O)     0.401     0.401 r  i_clk/O
                         net (fo=1, routed)           0.440     0.842    pll/adc_clk_in
    PLLE2_ADV_X0Y0       PLLE2_ADV (Prop_plle2_adv_CLKIN1_CLKOUT0)
                                                      0.051     0.893 r  pll/pll/CLKOUT0
                         net (fo=1, routed)           0.497     1.390    pll_adc_clk
    BUFGCTRL_X0Y0        BUFG (Prop_bufg_I_O)         0.026     1.416 r  bufg_adc_clk/O
                         net (fo=9660, routed)        0.562     1.977    i_hk/adc_clk
    SLICE_X35Y42         FDRE                                         r  i_hk/sys_rdata_reg[3]/C
  -------------------------------------------------------------------    -------------------
    SLICE_X35Y42         FDRE (Prop_fdre_C_Q)         0.141     2.118 r  i_hk/sys_rdata_reg[3]/Q
                         net (fo=1, routed)           0.087     2.205    ps/axi_slave_gp0/axi\\.RDATA_reg[31]_3[3]
    SLICE_X34Y42         LUT6 (Prop_lut6_I2_O)        0.045     2.250 r  ps/axi_slave_gp0/axi\\.RDATA[3]_i_1/O
                         net (fo=1, routed)           0.000     2.250    ps/axi_slave_gp0/ps_sys\\.rdata[3]
    SLICE_X34Y42         FDRE                                         r  ps/axi_slave_gp0/axi\\.RDATA_reg[3]/D
  -------------------------------------------------------------------    -------------------

                         (clock clk_fpga_0 rise edge)
                                                      0.000     0.000 r  
    PS7_X0Y0             PS7                          0.000     0.000 r  ps/system_i/processing_system7/inst/PS7_i/FCLKCLK[0]
                         net (fo=1, routed)           0.341     0.341    ps/lopt
    BUFGCTRL_X0Y3        BUFG (Prop_bufg_I_O)         0.029     0.370 r  ps/fclk_buf[0]/O
                         net (fo=235, routed)         0.831     1.201    ps/axi_slave_gp0/O[0]
    SLICE_X34Y42         FDRE                                         r  ps/axi_slave_gp0/axi\\.RDATA_reg[3]/C
                         clock pessimism              0.000     1.201    
                         clock uncertainty            0.237     1.438    
    SLICE_X34Y42         FDRE (Hold_fdre_C_D)         0.120     1.558    ps/axi_slave_gp0/axi\\.RDATA_reg[3]
  -------------------------------------------------------------------
                         required time                         -1.558    
                         arrival time                           2.250    
  -------------------------------------------------------------------
                         slack                                  0.692    

Slack (MET) :             0.739ns  (arrival time - required time)
  Source:                 i_pid/sys_rdata_reg[7]/C
                            (rising edge-triggered cell FDRE clocked by pll_adc_clk  {rise@0.000ns fall@4.069ns period=8.138ns})
  Destination:            ps/axi_slave_gp0/axi\\.RDATA_reg[7]/D
                            (rising edge-triggered cell FDRE clocked by clk_fpga_0  {rise@0.000ns fall@4.000ns period=8.000ns})
  Path Group:             clk_fpga_0
  Path Type:              Hold (Min at Fast Process Corner)
  Requirement:            0.000ns  (clk_fpga_0 rise@0.000ns - pll_adc_clk rise@0.000ns)
  Data Path Delay:        0.292ns  (logic 0.209ns (71.550%)  route 0.083ns (28.450%))
  Logic Levels:           1  (LUT6=1)
  Clock Path Skew:        -0.776ns (DCD - SCD - CPR)
    Destination Clock Delay (DCD):    1.202ns
    Source Clock Delay      (SCD):    1.978ns
    Clock Pessimism Removal (CPR):    -0.000ns
  Clock Uncertainty:      0.237ns  ((TSJ^2 + TIJ^2 + DJ^2)^1/2) / 2 + PE
    Total System Jitter     (TSJ):    0.071ns
    Total Input Jitter      (TIJ):    0.240ns
    Discrete Jitter          (DJ):    0.120ns
    Phase Error              (PE):    0.098ns
  Clock Domain Crossing:  Inter clock paths are considered valid unless explicitly excluded by timing constraints such as set_clock_groups or set_false_path.

    Location             Delay type                Incr(ns)  Path(ns)    Netlist Resource(s)
  -------------------------------------------------------------------    -------------------
                         (clock pll_adc_clk rise edge)
                                                      0.000     0.000 r  
    U18                                               0.000     0.000 r  adc_clk_i[1] (IN)
                         net (fo=0)                   0.000     0.000    adc_clk_i[1]
    U18                  IBUFDS (Prop_ibufds_I_O)     0.401     0.401 r  i_clk/O
                         net (fo=1, routed)           0.440     0.842    pll/adc_clk_in
    PLLE2_ADV_X0Y0       PLLE2_ADV (Prop_plle2_adv_CLKIN1_CLKOUT0)
                                                      0.051     0.893 r  pll/pll/CLKOUT0
                         net (fo=1, routed)           0.497     1.390    pll_adc_clk
    BUFGCTRL_X0Y0        BUFG (Prop_bufg_I_O)         0.026     1.416 r  bufg_adc_clk/O
                         net (fo=9660, routed)        0.563     1.978    i_pid/adc_clk
    SLICE_X34Y46         FDRE                                         r  i_pid/sys_rdata_reg[7]/C
  -------------------------------------------------------------------    -------------------
    SLICE_X34Y46         FDRE (Prop_fdre_C_Q)         0.164     2.142 r  i_pid/sys_rdata_reg[7]/Q
                         net (fo=1, routed)           0.083     2.225    ps/axi_slave_gp0/axi\\.RDATA_reg[13]_0[7]
    SLICE_X35Y46         LUT6 (Prop_lut6_I0_O)        0.045     2.270 r  ps/axi_slave_gp0/axi\\.RDATA[7]_i_1/O
                         net (fo=1, routed)           0.000     2.270    ps/axi_slave_gp0/ps_sys\\.rdata[7]
    SLICE_X35Y46         FDRE                                         r  ps/axi_slave_gp0/axi\\.RDATA_reg[7]/D
  -------------------------------------------------------------------    -------------------

                         (clock clk_fpga_0 rise edge)
                                                      0.000     0.000 r  
    PS7_X0Y0             PS7                          0.000     0.000 r  ps/system_i/processing_system7/inst/PS7_i/FCLKCLK[0]
                         net (fo=1, routed)           0.341     0.341    ps/lopt
    BUFGCTRL_X0Y3        BUFG (Prop_bufg_I_O)         0.029     0.370 r  ps/fclk_buf[0]/O
                         net (fo=235, routed)         0.832     1.202    ps/axi_slave_gp0/O[0]
    SLICE_X35Y46         FDRE                                         r  ps/axi_slave_gp0/axi\\.RDATA_reg[7]/C
                         clock pessimism              0.000     1.202    
                         clock uncertainty            0.237     1.439    
    SLICE_X35Y46         FDRE (Hold_fdre_C_D)         0.092     1.531    ps/axi_slave_gp0/axi\\.RDATA_reg[7]
  -------------------------------------------------------------------
                         required time                         -1.531    
                         arrival time                           2.270    
  -------------------------------------------------------------------
                         slack                                  0.739    

Slack (MET) :             0.746ns  (arrival time - required time)
  Source:                 i_daisy/sys_rdata_o_reg[8]/C
                            (rising edge-triggered cell FDRE clocked by pll_adc_clk  {rise@0.000ns fall@4.069ns period=8.138ns})
  Destination:            ps/axi_slave_gp0/axi\\.RDATA_reg[8]/D
                            (rising edge-triggered cell FDRE clocked by clk_fpga_0  {rise@0.000ns fall@4.000ns period=8.000ns})
  Path Group:             clk_fpga_0
  Path Type:              Hold (Min at Fast Process Corner)
  Requirement:            0.000ns  (clk_fpga_0 rise@0.000ns - pll_adc_clk rise@0.000ns)
  Data Path Delay:        0.326ns  (logic 0.186ns (57.037%)  route 0.140ns (42.963%))
  Logic Levels:           1  (LUT6=1)
  Clock Path Skew:        -0.777ns (DCD - SCD - CPR)
    Destination Clock Delay (DCD):    1.200ns
    Source Clock Delay      (SCD):    1.977ns
    Clock Pessimism Removal (CPR):    -0.000ns
  Clock Uncertainty:      0.237ns  ((TSJ^2 + TIJ^2 + DJ^2)^1/2) / 2 + PE
    Total System Jitter     (TSJ):    0.071ns
    Total Input Jitter      (TIJ):    0.240ns
    Discrete Jitter          (DJ):    0.120ns
    Phase Error              (PE):    0.098ns
  Clock Domain Crossing:  Inter clock paths are considered valid unless explicitly excluded by timing constraints such as set_clock_groups or set_false_path.

    Location             Delay type                Incr(ns)  Path(ns)    Netlist Resource(s)
  -------------------------------------------------------------------    -------------------
                         (clock pll_adc_clk rise edge)
                                                      0.000     0.000 r  
    U18                                               0.000     0.000 r  adc_clk_i[1] (IN)
                         net (fo=0)                   0.000     0.000    adc_clk_i[1]
    U18                  IBUFDS (Prop_ibufds_I_O)     0.401     0.401 r  i_clk/O
                         net (fo=1, routed)           0.440     0.842    pll/adc_clk_in
    PLLE2_ADV_X0Y0       PLLE2_ADV (Prop_plle2_adv_CLKIN1_CLKOUT0)
                                                      0.051     0.893 r  pll/pll/CLKOUT0
                         net (fo=1, routed)           0.497     1.390    pll_adc_clk
    BUFGCTRL_X0Y0        BUFG (Prop_bufg_I_O)         0.026     1.416 r  bufg_adc_clk/O
                         net (fo=9660, routed)        0.562     1.977    i_daisy/adc_clk
    SLICE_X29Y41         FDRE                                         r  i_daisy/sys_rdata_o_reg[8]/C
  -------------------------------------------------------------------    -------------------
    SLICE_X29Y41         FDRE (Prop_fdre_C_Q)         0.141     2.118 r  i_daisy/sys_rdata_o_reg[8]/Q
                         net (fo=1, routed)           0.140     2.258    ps/axi_slave_gp0/axi\\.RDATA_reg[8]_0
    SLICE_X28Y41         LUT6 (Prop_lut6_I2_O)        0.045     2.303 r  ps/axi_slave_gp0/axi\\.RDATA[8]_i_1/O
                         net (fo=1, routed)           0.000     2.303    ps/axi_slave_gp0/ps_sys\\.rdata[8]
    SLICE_X28Y41         FDRE                                         r  ps/axi_slave_gp0/axi\\.RDATA_reg[8]/D
  -------------------------------------------------------------------    -------------------

                         (clock clk_fpga_0 rise edge)
                                                      0.000     0.000 r  
    PS7_X0Y0             PS7                          0.000     0.000 r  ps/system_i/processing_system7/inst/PS7_i/FCLKCLK[0]
                         net (fo=1, routed)           0.341     0.341    ps/lopt
    BUFGCTRL_X0Y3        BUFG (Prop_bufg_I_O)         0.029     0.370 r  ps/fclk_buf[0]/O
                         net (fo=235, routed)         0.830     1.200    ps/axi_slave_gp0/O[0]
    SLICE_X28Y41         FDRE                                         r  ps/axi_slave_gp0/axi\\.RDATA_reg[8]/C
                         clock pessimism              0.000     1.200    
                         clock uncertainty            0.237     1.437    
    SLICE_X28Y41         FDRE (Hold_fdre_C_D)         0.120     1.557    ps/axi_slave_gp0/axi\\.RDATA_reg[8]
  -------------------------------------------------------------------
                         required time                         -1.557    
                         arrival time                           2.303    
  -------------------------------------------------------------------
                         slack                                  0.746    

Slack (MET) :             0.747ns  (arrival time - required time)
  Source:                 i_daisy/sys_rdata_o_reg[27]/C
                            (rising edge-triggered cell FDRE clocked by pll_adc_clk  {rise@0.000ns fall@4.069ns period=8.138ns})
  Destination:            ps/axi_slave_gp0/axi\\.RDATA_reg[27]/D
                            (rising edge-triggered cell FDRE clocked by clk_fpga_0  {rise@0.000ns fall@4.000ns period=8.000ns})
  Path Group:             clk_fpga_0
  Path Type:              Hold (Min at Fast Process Corner)
  Requirement:            0.000ns  (clk_fpga_0 rise@0.000ns - pll_adc_clk rise@0.000ns)
  Data Path Delay:        0.297ns  (logic 0.186ns (62.539%)  route 0.111ns (37.461%))
  Logic Levels:           1  (LUT4=1)
  Clock Path Skew:        -0.777ns (DCD - SCD - CPR)
    Destination Clock Delay (DCD):    1.197ns
    Source Clock Delay      (SCD):    1.974ns
    Clock Pessimism Removal (CPR):    -0.000ns
  Clock Uncertainty:      0.237ns  ((TSJ^2 + TIJ^2 + DJ^2)^1/2) / 2 + PE
    Total System Jitter     (TSJ):    0.071ns
    Total Input Jitter      (TIJ):    0.240ns
    Discrete Jitter          (DJ):    0.120ns
    Phase Error              (PE):    0.098ns
  Clock Domain Crossing:  Inter clock paths are considered valid unless explicitly excluded by timing constraints such as set_clock_groups or set_false_path.

    Location             Delay type                Incr(ns)  Path(ns)    Netlist Resource(s)
  -------------------------------------------------------------------    -------------------
                         (clock pll_adc_clk rise edge)
                                                      0.000     0.000 r  
    U18                                               0.000     0.000 r  adc_clk_i[1] (IN)
                         net (fo=0)                   0.000     0.000    adc_clk_i[1]
    U18                  IBUFDS (Prop_ibufds_I_O)     0.401     0.401 r  i_clk/O
                         net (fo=1, routed)           0.440     0.842    pll/adc_clk_in
    PLLE2_ADV_X0Y0       PLLE2_ADV (Prop_plle2_adv_CLKIN1_CLKOUT0)
                                                      0.051     0.893 r  pll/pll/CLKOUT0
                         net (fo=1, routed)           0.497     1.390    pll_adc_clk
    BUFGCTRL_X0Y0        BUFG (Prop_bufg_I_O)         0.026     1.416 r  bufg_adc_clk/O
                         net (fo=9660, routed)        0.559     1.974    i_daisy/adc_clk
    SLICE_X25Y40         FDRE                                         r  i_daisy/sys_rdata_o_reg[27]/C
  -------------------------------------------------------------------    -------------------
    SLICE_X25Y40         FDRE (Prop_fdre_C_Q)         0.141     2.115 r  i_daisy/sys_rdata_o_reg[27]/Q
                         net (fo=1, routed)           0.111     2.227    ps/axi_slave_gp0/axi\\.RDATA_reg[27]_0
    SLICE_X25Y42         LUT4 (Prop_lut4_I2_O)        0.045     2.272 r  ps/axi_slave_gp0/axi\\.RDATA[27]_i_1/O
                         net (fo=1, routed)           0.000     2.272    ps/axi_slave_gp0/ps_sys\\.rdata[27]
    SLICE_X25Y42         FDRE                                         r  ps/axi_slave_gp0/axi\\.RDATA_reg[27]/D
  -------------------------------------------------------------------    -------------------

                         (clock clk_fpga_0 rise edge)
                                                      0.000     0.000 r  
    PS7_X0Y0             PS7                          0.000     0.000 r  ps/system_i/processing_system7/inst/PS7_i/FCLKCLK[0]
                         net (fo=1, routed)           0.341     0.341    ps/lopt
    BUFGCTRL_X0Y3        BUFG (Prop_bufg_I_O)         0.029     0.370 r  ps/fclk_buf[0]/O
                         net (fo=235, routed)         0.827     1.197    ps/axi_slave_gp0/O[0]
    SLICE_X25Y42         FDRE                                         r  ps/axi_slave_gp0/axi\\.RDATA_reg[27]/C
                         clock pessimism              0.000     1.197    
                         clock uncertainty            0.237     1.434    
    SLICE_X25Y42         FDRE (Hold_fdre_C_D)         0.091     1.525    ps/axi_slave_gp0/axi\\.RDATA_reg[27]
  -------------------------------------------------------------------
                         required time                         -1.525    
                         arrival time                           2.272    
  -------------------------------------------------------------------
                         slack                                  0.747    

Slack (MET) :             0.755ns  (arrival time - required time)
  Source:                 i_daisy/sys_rdata_o_reg[26]/C
                            (rising edge-triggered cell FDRE clocked by pll_adc_clk  {rise@0.000ns fall@4.069ns period=8.138ns})
  Destination:            ps/axi_slave_gp0/axi\\.RDATA_reg[26]/D
                            (rising edge-triggered cell FDRE clocked by clk_fpga_0  {rise@0.000ns fall@4.000ns period=8.000ns})
  Path Group:             clk_fpga_0
  Path Type:              Hold (Min at Fast Process Corner)
  Requirement:            0.000ns  (clk_fpga_0 rise@0.000ns - pll_adc_clk rise@0.000ns)
  Data Path Delay:        0.304ns  (logic 0.209ns (68.657%)  route 0.095ns (31.343%))
  Logic Levels:           1  (LUT5=1)
  Clock Path Skew:        -0.779ns (DCD - SCD - CPR)
    Destination Clock Delay (DCD):    1.194ns
    Source Clock Delay      (SCD):    1.973ns
    Clock Pessimism Removal (CPR):    -0.000ns
  Clock Uncertainty:      0.237ns  ((TSJ^2 + TIJ^2 + DJ^2)^1/2) / 2 + PE
    Total System Jitter     (TSJ):    0.071ns
    Total Input Jitter      (TIJ):    0.240ns
    Discrete Jitter          (DJ):    0.120ns
    Phase Error              (PE):    0.098ns
  Clock Domain Crossing:  Inter clock paths are considered valid unless explicitly excluded by timing constraints such as set_clock_groups or set_false_path.

    Location             Delay type                Incr(ns)  Path(ns)    Netlist Resource(s)
  -------------------------------------------------------------------    -------------------
                         (clock pll_adc_clk rise edge)
                                                      0.000     0.000 r  
    U18                                               0.000     0.000 r  adc_clk_i[1] (IN)
                         net (fo=0)                   0.000     0.000    adc_clk_i[1]
    U18                  IBUFDS (Prop_ibufds_I_O)     0.401     0.401 r  i_clk/O
                         net (fo=1, routed)           0.440     0.842    pll/adc_clk_in
    PLLE2_ADV_X0Y0       PLLE2_ADV (Prop_plle2_adv_CLKIN1_CLKOUT0)
                                                      0.051     0.893 r  pll/pll/CLKOUT0
                         net (fo=1, routed)           0.497     1.390    pll_adc_clk
    BUFGCTRL_X0Y0        BUFG (Prop_bufg_I_O)         0.026     1.416 r  bufg_adc_clk/O
                         net (fo=9660, routed)        0.558     1.973    i_daisy/adc_clk
    SLICE_X24Y38         FDRE                                         r  i_daisy/sys_rdata_o_reg[26]/C
  -------------------------------------------------------------------    -------------------
    SLICE_X24Y38         FDRE (Prop_fdre_C_Q)         0.164     2.137 r  i_daisy/sys_rdata_o_reg[26]/Q
                         net (fo=1, routed)           0.095     2.233    ps/axi_slave_gp0/axi\\.RDATA_reg[26]_0
    SLICE_X23Y37         LUT5 (Prop_lut5_I1_O)        0.045     2.278 r  ps/axi_slave_gp0/axi\\.RDATA[26]_i_1/O
                         net (fo=1, routed)           0.000     2.278    ps/axi_slave_gp0/ps_sys\\.rdata[26]
    SLICE_X23Y37         FDRE                                         r  ps/axi_slave_gp0/axi\\.RDATA_reg[26]/D
  -------------------------------------------------------------------    -------------------

                         (clock clk_fpga_0 rise edge)
                                                      0.000     0.000 r  
    PS7_X0Y0             PS7                          0.000     0.000 r  ps/system_i/processing_system7/inst/PS7_i/FCLKCLK[0]
                         net (fo=1, routed)           0.341     0.341    ps/lopt
    BUFGCTRL_X0Y3        BUFG (Prop_bufg_I_O)         0.029     0.370 r  ps/fclk_buf[0]/O
                         net (fo=235, routed)         0.824     1.194    ps/axi_slave_gp0/O[0]
    SLICE_X23Y37         FDRE                                         r  ps/axi_slave_gp0/axi\\.RDATA_reg[26]/C
                         clock pessimism              0.000     1.194    
                         clock uncertainty            0.237     1.431    
    SLICE_X23Y37         FDRE (Hold_fdre_C_D)         0.092     1.523    ps/axi_slave_gp0/axi\\.RDATA_reg[26]
  -------------------------------------------------------------------
                         required time                         -1.523    
                         arrival time                           2.278    
  -------------------------------------------------------------------
                         slack                                  0.755    

Slack (MET) :             0.756ns  (arrival time - required time)
  Source:                 i_hk/sys_rdata_reg[6]/C
                            (rising edge-triggered cell FDRE clocked by pll_adc_clk  {rise@0.000ns fall@4.069ns period=8.138ns})
  Destination:            ps/axi_slave_gp0/axi\\.RDATA_reg[6]/D
                            (rising edge-triggered cell FDRE clocked by clk_fpga_0  {rise@0.000ns fall@4.000ns period=8.000ns})
  Path Group:             clk_fpga_0
  Path Type:              Hold (Min at Fast Process Corner)
  Requirement:            0.000ns  (clk_fpga_0 rise@0.000ns - pll_adc_clk rise@0.000ns)
  Data Path Delay:        0.337ns  (logic 0.186ns (55.241%)  route 0.151ns (44.759%))
  Logic Levels:           1  (LUT6=1)
  Clock Path Skew:        -0.777ns (DCD - SCD - CPR)
    Destination Clock Delay (DCD):    1.201ns
    Source Clock Delay      (SCD):    1.978ns
    Clock Pessimism Removal (CPR):    -0.000ns
  Clock Uncertainty:      0.237ns  ((TSJ^2 + TIJ^2 + DJ^2)^1/2) / 2 + PE
    Total System Jitter     (TSJ):    0.071ns
    Total Input Jitter      (TIJ):    0.240ns
    Discrete Jitter          (DJ):    0.120ns
    Phase Error              (PE):    0.098ns
  Clock Domain Crossing:  Inter clock paths are considered valid unless explicitly excluded by timing constraints such as set_clock_groups or set_false_path.

    Location             Delay type                Incr(ns)  Path(ns)    Netlist Resource(s)
  -------------------------------------------------------------------    -------------------
                         (clock pll_adc_clk rise edge)
                                                      0.000     0.000 r  
    U18                                               0.000     0.000 r  adc_clk_i[1] (IN)
                         net (fo=0)                   0.000     0.000    adc_clk_i[1]
    U18                  IBUFDS (Prop_ibufds_I_O)     0.401     0.401 r  i_clk/O
                         net (fo=1, routed)           0.440     0.842    pll/adc_clk_in
    PLLE2_ADV_X0Y0       PLLE2_ADV (Prop_plle2_adv_CLKIN1_CLKOUT0)
                                                      0.051     0.893 r  pll/pll/CLKOUT0
                         net (fo=1, routed)           0.497     1.390    pll_adc_clk
    BUFGCTRL_X0Y0        BUFG (Prop_bufg_I_O)         0.026     1.416 r  bufg_adc_clk/O
                         net (fo=9660, routed)        0.563     1.978    i_hk/adc_clk
    SLICE_X35Y43         FDRE                                         r  i_hk/sys_rdata_reg[6]/C
  -------------------------------------------------------------------    -------------------
    SLICE_X35Y43         FDRE (Prop_fdre_C_Q)         0.141     2.119 r  i_hk/sys_rdata_reg[6]/Q
                         net (fo=1, routed)           0.151     2.270    ps/axi_slave_gp0/axi\\.RDATA_reg[31]_3[6]
    SLICE_X32Y43         LUT6 (Prop_lut6_I2_O)        0.045     2.315 r  ps/axi_slave_gp0/axi\\.RDATA[6]_i_1/O
                         net (fo=1, routed)           0.000     2.315    ps/axi_slave_gp0/ps_sys\\.rdata[6]
    SLICE_X32Y43         FDRE                                         r  ps/axi_slave_gp0/axi\\.RDATA_reg[6]/D
  -------------------------------------------------------------------    -------------------

                         (clock clk_fpga_0 rise edge)
                                                      0.000     0.000 r  
    PS7_X0Y0             PS7                          0.000     0.000 r  ps/system_i/processing_system7/inst/PS7_i/FCLKCLK[0]
                         net (fo=1, routed)           0.341     0.341    ps/lopt
    BUFGCTRL_X0Y3        BUFG (Prop_bufg_I_O)         0.029     0.370 r  ps/fclk_buf[0]/O
                         net (fo=235, routed)         0.831     1.201    ps/axi_slave_gp0/O[0]
    SLICE_X32Y43         FDRE                                         r  ps/axi_slave_gp0/axi\\.RDATA_reg[6]/C
                         clock pessimism              0.000     1.201    
                         clock uncertainty            0.237     1.438    
    SLICE_X32Y43         FDRE (Hold_fdre_C_D)         0.121     1.559    ps/axi_slave_gp0/axi\\.RDATA_reg[6]
  -------------------------------------------------------------------
                         required time                         -1.559    
                         arrival time                           2.315    
  -------------------------------------------------------------------
                         slack                                  0.756    

Slack (MET) :             0.761ns  (arrival time - required time)
  Source:                 i_daisy/sys_rdata_o_reg[25]/C
                            (rising edge-triggered cell FDRE clocked by pll_adc_clk  {rise@0.000ns fall@4.069ns period=8.138ns})
  Destination:            ps/axi_slave_gp0/axi\\.RDATA_reg[25]/D
                            (rising edge-triggered cell FDRE clocked by clk_fpga_0  {rise@0.000ns fall@4.000ns period=8.000ns})
  Path Group:             clk_fpga_0
  Path Type:              Hold (Min at Fast Process Corner)
  Requirement:            0.000ns  (clk_fpga_0 rise@0.000ns - pll_adc_clk rise@0.000ns)
  Data Path Delay:        0.313ns  (logic 0.186ns (59.392%)  route 0.127ns (40.608%))
  Logic Levels:           1  (LUT4=1)
  Clock Path Skew:        -0.777ns (DCD - SCD - CPR)
    Destination Clock Delay (DCD):    1.197ns
    Source Clock Delay      (SCD):    1.974ns
    Clock Pessimism Removal (CPR):    -0.000ns
  Clock Uncertainty:      0.237ns  ((TSJ^2 + TIJ^2 + DJ^2)^1/2) / 2 + PE
    Total System Jitter     (TSJ):    0.071ns
    Total Input Jitter      (TIJ):    0.240ns
    Discrete Jitter          (DJ):    0.120ns
    Phase Error              (PE):    0.098ns
  Clock Domain Crossing:  Inter clock paths are considered valid unless explicitly excluded by timing constraints such as set_clock_groups or set_false_path.

    Location             Delay type                Incr(ns)  Path(ns)    Netlist Resource(s)
  -------------------------------------------------------------------    -------------------
                         (clock pll_adc_clk rise edge)
                                                      0.000     0.000 r  
    U18                                               0.000     0.000 r  adc_clk_i[1] (IN)
                         net (fo=0)                   0.000     0.000    adc_clk_i[1]
    U18                  IBUFDS (Prop_ibufds_I_O)     0.401     0.401 r  i_clk/O
                         net (fo=1, routed)           0.440     0.842    pll/adc_clk_in
    PLLE2_ADV_X0Y0       PLLE2_ADV (Prop_plle2_adv_CLKIN1_CLKOUT0)
                                                      0.051     0.893 r  pll/pll/CLKOUT0
                         net (fo=1, routed)           0.497     1.390    pll_adc_clk
    BUFGCTRL_X0Y0        BUFG (Prop_bufg_I_O)         0.026     1.416 r  bufg_adc_clk/O
                         net (fo=9660, routed)        0.559     1.974    i_daisy/adc_clk
    SLICE_X25Y40         FDRE                                         r  i_daisy/sys_rdata_o_reg[25]/C
  -------------------------------------------------------------------    -------------------
    SLICE_X25Y40         FDRE (Prop_fdre_C_Q)         0.141     2.115 r  i_daisy/sys_rdata_o_reg[25]/Q
                         net (fo=1, routed)           0.127     2.242    ps/axi_slave_gp0/axi\\.RDATA_reg[25]_0
    SLICE_X23Y40         LUT4 (Prop_lut4_I1_O)        0.045     2.287 r  ps/axi_slave_gp0/axi\\.RDATA[25]_i_1/O
                         net (fo=1, routed)           0.000     2.287    ps/axi_slave_gp0/ps_sys\\.rdata[25]
    SLICE_X23Y40         FDRE                                         r  ps/axi_slave_gp0/axi\\.RDATA_reg[25]/D
  -------------------------------------------------------------------    -------------------

                         (clock clk_fpga_0 rise edge)
                                                      0.000     0.000 r  
    PS7_X0Y0             PS7                          0.000     0.000 r  ps/system_i/processing_system7/inst/PS7_i/FCLKCLK[0]
                         net (fo=1, routed)           0.341     0.341    ps/lopt
    BUFGCTRL_X0Y3        BUFG (Prop_bufg_I_O)         0.029     0.370 r  ps/fclk_buf[0]/O
                         net (fo=235, routed)         0.827     1.197    ps/axi_slave_gp0/O[0]
    SLICE_X23Y40         FDRE                                         r  ps/axi_slave_gp0/axi\\.RDATA_reg[25]/C
                         clock pessimism              0.000     1.197    
                         clock uncertainty            0.237     1.434    
    SLICE_X23Y40         FDRE (Hold_fdre_C_D)         0.092     1.526    ps/axi_slave_gp0/axi\\.RDATA_reg[25]
  -------------------------------------------------------------------
                         required time                         -1.526    
                         arrival time                           2.287    
  -------------------------------------------------------------------
                         slack                                  0.761    

Slack (MET) :             0.771ns  (arrival time - required time)
  Source:                 i_asg/sys_rdata_reg[31]/C
                            (rising edge-triggered cell FDRE clocked by pll_adc_clk  {rise@0.000ns fall@4.069ns period=8.138ns})
  Destination:            ps/axi_slave_gp0/axi\\.RDATA_reg[31]/D
                            (rising edge-triggered cell FDRE clocked by clk_fpga_0  {rise@0.000ns fall@4.000ns period=8.000ns})
  Path Group:             clk_fpga_0
  Path Type:              Hold (Min at Fast Process Corner)
  Requirement:            0.000ns  (clk_fpga_0 rise@0.000ns - pll_adc_clk rise@0.000ns)
  Data Path Delay:        0.323ns  (logic 0.186ns (57.554%)  route 0.137ns (42.446%))
  Logic Levels:           1  (LUT5=1)
  Clock Path Skew:        -0.777ns (DCD - SCD - CPR)
    Destination Clock Delay (DCD):    1.197ns
    Source Clock Delay      (SCD):    1.974ns
    Clock Pessimism Removal (CPR):    -0.000ns
  Clock Uncertainty:      0.237ns  ((TSJ^2 + TIJ^2 + DJ^2)^1/2) / 2 + PE
    Total System Jitter     (TSJ):    0.071ns
    Total Input Jitter      (TIJ):    0.240ns
    Discrete Jitter          (DJ):    0.120ns
    Phase Error              (PE):    0.098ns
  Clock Domain Crossing:  Inter clock paths are considered valid unless explicitly excluded by timing constraints such as set_clock_groups or set_false_path.

    Location             Delay type                Incr(ns)  Path(ns)    Netlist Resource(s)
  -------------------------------------------------------------------    -------------------
                         (clock pll_adc_clk rise edge)
                                                      0.000     0.000 r  
    U18                                               0.000     0.000 r  adc_clk_i[1] (IN)
                         net (fo=0)                   0.000     0.000    adc_clk_i[1]
    U18                  IBUFDS (Prop_ibufds_I_O)     0.401     0.401 r  i_clk/O
                         net (fo=1, routed)           0.440     0.842    pll/adc_clk_in
    PLLE2_ADV_X0Y0       PLLE2_ADV (Prop_plle2_adv_CLKIN1_CLKOUT0)
                                                      0.051     0.893 r  pll/pll/CLKOUT0
                         net (fo=1, routed)           0.497     1.390    pll_adc_clk
    BUFGCTRL_X0Y0        BUFG (Prop_bufg_I_O)         0.026     1.416 r  bufg_adc_clk/O
                         net (fo=9660, routed)        0.559     1.974    i_asg/adc_clk
    SLICE_X25Y41         FDRE                                         r  i_asg/sys_rdata_reg[31]/C
  -------------------------------------------------------------------    -------------------
    SLICE_X25Y41         FDRE (Prop_fdre_C_Q)         0.141     2.115 r  i_asg/sys_rdata_reg[31]/Q
                         net (fo=1, routed)           0.137     2.252    ps/axi_slave_gp0/axi\\.RDATA_reg[31]_1[31]
    SLICE_X25Y42         LUT5 (Prop_lut5_I1_O)        0.045     2.297 r  ps/axi_slave_gp0/axi\\.RDATA[31]_i_1/O
                         net (fo=1, routed)           0.000     2.297    ps/axi_slave_gp0/ps_sys\\.rdata[31]
    SLICE_X25Y42         FDRE                                         r  ps/axi_slave_gp0/axi\\.RDATA_reg[31]/D
  -------------------------------------------------------------------    -------------------

                         (clock clk_fpga_0 rise edge)
                                                      0.000     0.000 r  
    PS7_X0Y0             PS7                          0.000     0.000 r  ps/system_i/processing_system7/inst/PS7_i/FCLKCLK[0]
                         net (fo=1, routed)           0.341     0.341    ps/lopt
    BUFGCTRL_X0Y3        BUFG (Prop_bufg_I_O)         0.029     0.370 r  ps/fclk_buf[0]/O
                         net (fo=235, routed)         0.827     1.197    ps/axi_slave_gp0/O[0]
    SLICE_X25Y42         FDRE                                         r  ps/axi_slave_gp0/axi\\.RDATA_reg[31]/C
                         clock pessimism              0.000     1.197    
                         clock uncertainty            0.237     1.434    
    SLICE_X25Y42         FDRE (Hold_fdre_C_D)         0.092     1.526    ps/axi_slave_gp0/axi\\.RDATA_reg[31]
  -------------------------------------------------------------------
                         required time                         -1.526    
                         arrival time                           2.297    
  -------------------------------------------------------------------
                         slack                                  0.771    

Slack (MET) :             0.772ns  (arrival time - required time)
  Source:                 i_pid/sys_rdata_reg[11]/C
                            (rising edge-triggered cell FDRE clocked by pll_adc_clk  {rise@0.000ns fall@4.069ns period=8.138ns})
  Destination:            ps/axi_slave_gp0/axi\\.RDATA_reg[11]/D
                            (rising edge-triggered cell FDRE clocked by clk_fpga_0  {rise@0.000ns fall@4.000ns period=8.000ns})
  Path Group:             clk_fpga_0
  Path Type:              Hold (Min at Fast Process Corner)
  Requirement:            0.000ns  (clk_fpga_0 rise@0.000ns - pll_adc_clk rise@0.000ns)
  Data Path Delay:        0.325ns  (logic 0.186ns (57.200%)  route 0.139ns (42.800%))
  Logic Levels:           1  (LUT6=1)
  Clock Path Skew:        -0.776ns (DCD - SCD - CPR)
    Destination Clock Delay (DCD):    1.200ns
    Source Clock Delay      (SCD):    1.976ns
    Clock Pessimism Removal (CPR):    -0.000ns
  Clock Uncertainty:      0.237ns  ((TSJ^2 + TIJ^2 + DJ^2)^1/2) / 2 + PE
    Total System Jitter     (TSJ):    0.071ns
    Total Input Jitter      (TIJ):    0.240ns
    Discrete Jitter          (DJ):    0.120ns
    Phase Error              (PE):    0.098ns
  Clock Domain Crossing:  Inter clock paths are considered valid unless explicitly excluded by timing constraints such as set_clock_groups or set_false_path.

    Location             Delay type                Incr(ns)  Path(ns)    Netlist Resource(s)
  -------------------------------------------------------------------    -------------------
                         (clock pll_adc_clk rise edge)
                                                      0.000     0.000 r  
    U18                                               0.000     0.000 r  adc_clk_i[1] (IN)
                         net (fo=0)                   0.000     0.000    adc_clk_i[1]
    U18                  IBUFDS (Prop_ibufds_I_O)     0.401     0.401 r  i_clk/O
                         net (fo=1, routed)           0.440     0.842    pll/adc_clk_in
    PLLE2_ADV_X0Y0       PLLE2_ADV (Prop_plle2_adv_CLKIN1_CLKOUT0)
                                                      0.051     0.893 r  pll/pll/CLKOUT0
                         net (fo=1, routed)           0.497     1.390    pll_adc_clk
    BUFGCTRL_X0Y0        BUFG (Prop_bufg_I_O)         0.026     1.416 r  bufg_adc_clk/O
                         net (fo=9660, routed)        0.561     1.976    i_pid/adc_clk
    SLICE_X33Y39         FDRE                                         r  i_pid/sys_rdata_reg[11]/C
  -------------------------------------------------------------------    -------------------
    SLICE_X33Y39         FDRE (Prop_fdre_C_Q)         0.141     2.117 r  i_pid/sys_rdata_reg[11]/Q
                         net (fo=1, routed)           0.139     2.256    ps/axi_slave_gp0/axi\\.RDATA_reg[13]_0[11]
    SLICE_X33Y40         LUT6 (Prop_lut6_I3_O)        0.045     2.301 r  ps/axi_slave_gp0/axi\\.RDATA[11]_i_1/O
                         net (fo=1, routed)           0.000     2.301    ps/axi_slave_gp0/ps_sys\\.rdata[11]
    SLICE_X33Y40         FDRE                                         r  ps/axi_slave_gp0/axi\\.RDATA_reg[11]/D
  -------------------------------------------------------------------    -------------------

                         (clock clk_fpga_0 rise edge)
                                                      0.000     0.000 r  
    PS7_X0Y0             PS7                          0.000     0.000 r  ps/system_i/processing_system7/inst/PS7_i/FCLKCLK[0]
                         net (fo=1, routed)           0.341     0.341    ps/lopt
    BUFGCTRL_X0Y3        BUFG (Prop_bufg_I_O)         0.029     0.370 r  ps/fclk_buf[0]/O
                         net (fo=235, routed)         0.830     1.200    ps/axi_slave_gp0/O[0]
    SLICE_X33Y40         FDRE                                         r  ps/axi_slave_gp0/axi\\.RDATA_reg[11]/C
                         clock pessimism              0.000     1.200    
                         clock uncertainty            0.237     1.437    
    SLICE_X33Y40         FDRE (Hold_fdre_C_D)         0.092     1.529    ps/axi_slave_gp0/axi\\.RDATA_reg[11]
  -------------------------------------------------------------------
                         required time                         -1.529    
                         arrival time                           2.301    
  -------------------------------------------------------------------
                         slack                                  0.772    

Slack (MET) :             0.783ns  (arrival time - required time)
  Source:                 i_asg/sys_rdata_reg[10]/C
                            (rising edge-triggered cell FDRE clocked by pll_adc_clk  {rise@0.000ns fall@4.069ns period=8.138ns})
  Destination:            ps/axi_slave_gp0/axi\\.RDATA_reg[10]/D
                            (rising edge-triggered cell FDRE clocked by clk_fpga_0  {rise@0.000ns fall@4.000ns period=8.000ns})
  Path Group:             clk_fpga_0
  Path Type:              Hold (Min at Fast Process Corner)
  Requirement:            0.000ns  (clk_fpga_0 rise@0.000ns - pll_adc_clk rise@0.000ns)
  Data Path Delay:        0.362ns  (logic 0.186ns (51.338%)  route 0.176ns (48.662%))
  Logic Levels:           1  (LUT6=1)
  Clock Path Skew:        -0.777ns (DCD - SCD - CPR)
    Destination Clock Delay (DCD):    1.201ns
    Source Clock Delay      (SCD):    1.978ns
    Clock Pessimism Removal (CPR):    -0.000ns
  Clock Uncertainty:      0.237ns  ((TSJ^2 + TIJ^2 + DJ^2)^1/2) / 2 + PE
    Total System Jitter     (TSJ):    0.071ns
    Total Input Jitter      (TIJ):    0.240ns
    Discrete Jitter          (DJ):    0.120ns
    Phase Error              (PE):    0.098ns
  Clock Domain Crossing:  Inter clock paths are considered valid unless explicitly excluded by timing constraints such as set_clock_groups or set_false_path.

    Location             Delay type                Incr(ns)  Path(ns)    Netlist Resource(s)
  -------------------------------------------------------------------    -------------------
                         (clock pll_adc_clk rise edge)
                                                      0.000     0.000 r  
    U18                                               0.000     0.000 r  adc_clk_i[1] (IN)
                         net (fo=0)                   0.000     0.000    adc_clk_i[1]
    U18                  IBUFDS (Prop_ibufds_I_O)     0.401     0.401 r  i_clk/O
                         net (fo=1, routed)           0.440     0.842    pll/adc_clk_in
    PLLE2_ADV_X0Y0       PLLE2_ADV (Prop_plle2_adv_CLKIN1_CLKOUT0)
                                                      0.051     0.893 r  pll/pll/CLKOUT0
                         net (fo=1, routed)           0.497     1.390    pll_adc_clk
    BUFGCTRL_X0Y0        BUFG (Prop_bufg_I_O)         0.026     1.416 r  bufg_adc_clk/O
                         net (fo=9660, routed)        0.563     1.978    i_asg/adc_clk
    SLICE_X33Y43         FDRE                                         r  i_asg/sys_rdata_reg[10]/C
  -------------------------------------------------------------------    -------------------
    SLICE_X33Y43         FDRE (Prop_fdre_C_Q)         0.141     2.119 r  i_asg/sys_rdata_reg[10]/Q
                         net (fo=1, routed)           0.176     2.295    ps/axi_slave_gp0/axi\\.RDATA_reg[31]_1[10]
    SLICE_X32Y43         LUT6 (Prop_lut6_I0_O)        0.045     2.340 r  ps/axi_slave_gp0/axi\\.RDATA[10]_i_1/O
                         net (fo=1, routed)           0.000     2.340    ps/axi_slave_gp0/ps_sys\\.rdata[10]
    SLICE_X32Y43         FDRE                                         r  ps/axi_slave_gp0/axi\\.RDATA_reg[10]/D
  -------------------------------------------------------------------    -------------------

                         (clock clk_fpga_0 rise edge)
                                                      0.000     0.000 r  
    PS7_X0Y0             PS7                          0.000     0.000 r  ps/system_i/processing_system7/inst/PS7_i/FCLKCLK[0]
                         net (fo=1, routed)           0.341     0.341    ps/lopt
    BUFGCTRL_X0Y3        BUFG (Prop_bufg_I_O)         0.029     0.370 r  ps/fclk_buf[0]/O
                         net (fo=235, routed)         0.831     1.201    ps/axi_slave_gp0/O[0]
    SLICE_X32Y43         FDRE                                         r  ps/axi_slave_gp0/axi\\.RDATA_reg[10]/C
                         clock pessimism              0.000     1.201    
                         clock uncertainty            0.237     1.438    
    SLICE_X32Y43         FDRE (Hold_fdre_C_D)         0.120     1.558    ps/axi_slave_gp0/axi\\.RDATA_reg[10]
  -------------------------------------------------------------------
                         required time                         -1.558    
                         arrival time                           2.340    
  -------------------------------------------------------------------
                         slack                                  0.783    





