Copyright 1986-2021 Xilinx, Inc. All Rights Reserved.
-------------------------------------------------------------------------------------------
| Tool Version : Vivado v.2021.2 (lin64) Build 3367213 Tue Oct 19 02:47:39 MDT 2021
| Date         : Wed May 13 10:35:30 2026
| Host         : LoloVictus running 64-bit Ubuntu 20.04.3 LTS
| Command      : report_control_sets -verbose -file red_pitaya_top_control_sets_placed.rpt
| Design       : red_pitaya_top
| Device       : xc7z010
-------------------------------------------------------------------------------------------

Control Set Information

Table of Contents
-----------------
1. Summary
2. Histogram
3. Flip-Flop Distribution
4. Detailed Control Set Information

1. Summary
----------

+----------------------------------------------------------+-------+
|                          Status                          | Count |
+----------------------------------------------------------+-------+
| Total control sets                                       |   402 |
|    Minimum number of control sets                        |   402 |
|    Addition due to synthesis replication                 |     0 |
|    Addition due to physical synthesis replication        |     0 |
| Unused register locations in slices containing registers |   931 |
+----------------------------------------------------------+-------+
* Control sets can be merged at opt_design using control_set_merge or merge_equivalent_drivers
** Run report_qor_suggestions for automated merging and remapping suggestions


2. Histogram
------------

+--------------------+-------+
|       Fanout       | Count |
+--------------------+-------+
| Total control sets |   402 |
| >= 0 to < 4        |     4 |
| >= 4 to < 6        |    56 |
| >= 6 to < 8        |     6 |
| >= 8 to < 10       |    27 |
| >= 10 to < 12      |     3 |
| >= 12 to < 14      |    23 |
| >= 14 to < 16      |    80 |
| >= 16              |   203 |
+--------------------+-------+
* Control sets can be remapped at either synth_design or opt_design


3. Flip-Flop Distribution
-------------------------

+--------------+-----------------------+------------------------+-----------------+--------------+
| Clock Enable | Synchronous Set/Reset | Asynchronous Set/Reset | Total Registers | Total Slices |
+--------------+-----------------------+------------------------+-----------------+--------------+
| No           | No                    | No                     |            2151 |          510 |
| No           | No                    | Yes                    |              17 |            4 |
| No           | Yes                   | No                     |            2514 |          605 |
| Yes          | No                    | No                     |            2327 |          627 |
| Yes          | No                    | Yes                    |               0 |            0 |
| Yes          | Yes                   | No                     |            4332 |         1269 |
+--------------+-----------------------+------------------------+-----------------+--------------+


4. Detailed Control Set Information
-----------------------------------

+------------------------------------------------+----------------------------------------------------------------------------------------------------------------------------------------------------+-----------------------------------------------------------------------------------------------------------------------------------------------------+------------------+----------------+--------------+
|                  Clock Signal                  |                                                                    Enable Signal                                                                   |                                                                   Set/Reset Signal                                                                  | Slice Load Count | Bel Load Count | Bels / Slice |
+------------------------------------------------+----------------------------------------------------------------------------------------------------------------------------------------------------+-----------------------------------------------------------------------------------------------------------------------------------------------------+------------------+----------------+--------------+
|  ps/system_i/processing_system7/inst/FCLK_CLK3 | ps/system_i/axi_protocol_converter_0/inst/gen_axilite.gen_b2s_conv.axilite_b2s/WR.aw_channel_0/aw_cmd_fsm_0/FSM_sequential_state_reg[0]_1          | ps/system_i/axi_protocol_converter_0/inst/gen_axilite.gen_b2s_conv.axilite_b2s/WR.aw_channel_0/aw_cmd_fsm_0/FSM_sequential_state_reg[0]_0           |                1 |              1 |         1.00 |
|  adc_clk                                       | ps/axi_master_1/axi_awpop                                                                                                                          | ps/axi_master_1/axi_awburst_o[0]_i_1__0_n_0                                                                                                         |                1 |              1 |         1.00 |
|  adc_clk                                       | ps/axi_master_0/axi_awpop                                                                                                                          | ps/axi_master_0/axi_awburst_o[0]_i_1_n_0                                                                                                            |                1 |              1 |         1.00 |
|  ps/system_i/processing_system7/inst/FCLK_CLK3 | ps/system_i/axi_protocol_converter_0/inst/gen_axilite.gen_b2s_conv.axilite_b2s/WR.b_channel_0/bid_fifo_0/sel                                       |                                                                                                                                                     |                1 |              2 |         2.00 |
|  adc_clk                                       | ps/axi_master_0/axi_awpush__0                                                                                                                      | i_scope/i_cfg/adc_rstn_reg                                                                                                                          |                1 |              4 |         4.00 |
|  adc_clk                                       | sys_bus_interconnect/for_bus[1].inst_sys_bus_cdc/bus_m\\.addr_reg[5]_rep_2[0]                                                                      | i_scope/i_cfg/adc_rstn_reg                                                                                                                          |                2 |              4 |         2.00 |
|  adc_clk                                       | ps/axi_master_0/axi_awfill_lvl[3]_i_1_n_0                                                                                                          | i_scope/i_cfg/adc_rstn_reg                                                                                                                          |                1 |              4 |         4.00 |
|  adc_clk                                       | i_scope/i_cfg/genblk1[0].adc_rst_do_reg[0]_2[0]                                                                                                    | i_scope/i_cfg/adc_rstn_reg                                                                                                                          |                1 |              4 |         4.00 |
|  adc_clk                                       | i_scope/i_cfg/genblk1[0].adc_rst_do_reg[0]_1[0]                                                                                                    | i_scope/i_cfg/adc_rstn_reg                                                                                                                          |                2 |              4 |         2.00 |
|  adc_clk                                       | i_scope/genblk1[1].i_dly/E[0]                                                                                                                      |                                                                                                                                                     |                1 |              4 |         4.00 |
|  adc_clk                                       | i_scope/genblk1[0].i_dly/E[0]                                                                                                                      |                                                                                                                                                     |                1 |              4 |         4.00 |
|  i_daisy/i_rx/CLK                              |                                                                                                                                                    | i_daisy/i_rx/genblk1[0].bitslip_cnt[3]_i_1_n_0                                                                                                      |                1 |              4 |         4.00 |
|  adc_clk                                       | i_scope/genblk1[1].i_axi_sm/i_wr0/axi_wvalid_o_reg_2[0]                                                                                            | i_scope/i_cfg/adc_rstn_reg                                                                                                                          |                2 |              4 |         2.00 |
|  adc_clk                                       | i_scope/genblk1[1].i_axi_sm/i_wr0/axi_wvalid_o_reg_1[0]                                                                                            | i_scope/i_cfg/adc_rstn_reg                                                                                                                          |                1 |              4 |         4.00 |
|  adc_clk                                       | ps/axi_master_0/axi_awpop                                                                                                                          | i_scope/i_cfg/adc_rstn_reg                                                                                                                          |                1 |              4 |         4.00 |
|  adc_clk                                       | sys_bus_interconnect/for_bus[3].inst_sys_bus_cdc/bus_m\\.addr_reg[4]_3                                                                             | i_scope/i_cfg/adc_rstn_reg                                                                                                                          |                1 |              4 |         4.00 |
|  adc_clk                                       | ps/axi_master_0/axi_rfill_lvl[3]_i_1_n_0                                                                                                           | i_scope/i_cfg/adc_rstn_reg                                                                                                                          |                1 |              4 |         4.00 |
|  adc_clk                                       | i_scope/genblk1[0].i_axi_sm/i_wr0/axi_wvalid_o_reg_2[0]                                                                                            | i_scope/i_cfg/adc_rstn_reg                                                                                                                          |                2 |              4 |         2.00 |
|  adc_clk                                       | i_scope/genblk1[0].i_axi_sm/i_wr0/axi_wvalid_o_reg_1[0]                                                                                            | i_scope/i_cfg/adc_rstn_reg                                                                                                                          |                1 |              4 |         4.00 |
|  adc_clk                                       | ps/axi_master_0/axi_wfill_lvl[3]_i_1_n_0                                                                                                           | i_scope/i_cfg/adc_rstn_reg                                                                                                                          |                1 |              4 |         4.00 |
|  adc_clk                                       | ps/axi_master_0/axi_wpop                                                                                                                           | i_scope/i_cfg/adc_rstn_reg                                                                                                                          |                1 |              4 |         4.00 |
|  adc_clk                                       | ps/axi_master_1/axi_wpop                                                                                                                           | i_scope/i_cfg/adc_rstn_reg                                                                                                                          |                1 |              4 |         4.00 |
|  adc_clk                                       | ps/axi_master_1/axi_wfill_lvl[3]_i_1__0_n_0                                                                                                        | i_scope/i_cfg/adc_rstn_reg                                                                                                                          |                1 |              4 |         4.00 |
|  adc_clk                                       | ps/axi_master_1/axi_rfill_lvl[3]_i_1__0_n_0                                                                                                        | i_scope/i_cfg/adc_rstn_reg                                                                                                                          |                1 |              4 |         4.00 |
|  adc_clk                                       | ps/axi_master_1/axi_awpush__0                                                                                                                      | i_scope/i_cfg/adc_rstn_reg                                                                                                                          |                1 |              4 |         4.00 |
|  adc_clk                                       | ps/axi_master_1/axi_awpop                                                                                                                          | i_scope/i_cfg/adc_rstn_reg                                                                                                                          |                1 |              4 |         4.00 |
|  adc_clk                                       | ps/axi_master_1/axi_awfill_lvl[3]_i_1__0_n_0                                                                                                       | i_scope/i_cfg/adc_rstn_reg                                                                                                                          |                1 |              4 |         4.00 |
|  adc_clk                                       |                                                                                                                                                    | i_scope/genblk1[1].i_axi_sm/i_wr0/clear                                                                                                             |                2 |              4 |         2.00 |
|  dac_axi_clk                                   | ps/axi_master_3/axi_awpop                                                                                                                          | ps/axi_master_3/dac_axi_rstn_reg                                                                                                                    |                1 |              4 |         4.00 |
|  ps/system_i/processing_system7/inst/FCLK_CLK3 | ps/system_i/xadc/inst/AXI_XADC_CORE_I/D[6]                                                                                                         | ps/system_i/xadc/inst/AXI_LITE_IPIF_I/I_SLAVE_ATTACHMENT/reset2ip_reset                                                                             |                1 |              4 |         4.00 |
|  dac_axi_clk                                   | ps/axi_master_2/E[0]                                                                                                                               | ps/axi_master_3/dac_axi_rstn_reg                                                                                                                    |                1 |              4 |         4.00 |
|  ps/system_i/processing_system7/inst/FCLK_CLK3 | ps/system_i/axi_protocol_converter_0/inst/gen_axilite.gen_b2s_conv.axilite_b2s/RD.ar_channel_0/ar_cmd_fsm_0/m_axi_arready_2                        | ps/system_i/axi_protocol_converter_0/inst/gen_axilite.gen_b2s_conv.axilite_b2s/RD.ar_channel_0/ar_cmd_fsm_0/FSM_sequential_state_reg[1]_0           |                2 |              4 |         2.00 |
|  dac_axi_clk                                   | ps/axi_master_2/rd_cnt[3]_i_1_n_0                                                                                                                  | ps/axi_master_3/dac_axi_rstn_reg                                                                                                                    |                2 |              4 |         2.00 |
|  dac_axi_clk                                   | ps/axi_master_3/axi_rfill_lvl[3]_i_1__2_n_0                                                                                                        | ps/axi_master_3/dac_axi_rstn_reg                                                                                                                    |                2 |              4 |         2.00 |
|  dac_axi_clk                                   | ps/axi_master_3/axi_rpush                                                                                                                          | ps/axi_master_3/dac_axi_rstn_reg                                                                                                                    |                1 |              4 |         4.00 |
|  dac_axi_clk                                   | ps/axi_master_2/axi_wpop                                                                                                                           | ps/axi_master_3/dac_axi_rstn_reg                                                                                                                    |                1 |              4 |         4.00 |
|  dac_axi_clk                                   | ps/axi_master_2/axi_rpush                                                                                                                          | ps/axi_master_3/dac_axi_rstn_reg                                                                                                                    |                1 |              4 |         4.00 |
|  dac_axi_clk                                   | ps/axi_master_2/axi_rfill_lvl[3]_i_1__1_n_0                                                                                                        | ps/axi_master_3/dac_axi_rstn_reg                                                                                                                    |                2 |              4 |         2.00 |
|  dac_axi_clk                                   | ps/axi_master_2/axi_awpop                                                                                                                          | ps/axi_master_3/dac_axi_rstn_reg                                                                                                                    |                1 |              4 |         4.00 |
|  dac_axi_clk                                   | ps/axi_master_3/axi_wpop                                                                                                                           | ps/axi_master_3/dac_axi_rstn_reg                                                                                                                    |                1 |              4 |         4.00 |
|  ps/system_i/processing_system7/inst/FCLK_CLK3 |                                                                                                                                                    | ps/system_i/axi_protocol_converter_0/inst/gen_axilite.gen_b2s_conv.axilite_b2s/SI_REG/aw.aw_pipe/aresetn_d_reg[0]_0                                 |                3 |              4 |         1.33 |
|  dac_axi_clk                                   | i_asg/chB/inst_axi_dac/i_rdburst/burst_cnt[3]_i_1__0_n_0                                                                                           |                                                                                                                                                     |                2 |              4 |         2.00 |
|  adc_clk                                       |                                                                                                                                                    | i_scope/genblk1[0].i_axi_sm/i_wr0/clear                                                                                                             |                3 |              4 |         1.33 |
|  ps/system_i/processing_system7/inst/FCLK_CLK3 |                                                                                                                                                    | ps/system_i/axi_protocol_converter_0/inst/gen_axilite.gen_b2s_conv.axilite_b2s/SI_REG/ar.ar_pipe/aresetn_d_reg[1]_inv_0                             |                4 |              4 |         1.00 |
|  dac_axi_clk                                   | ps/axi_master_3/rd_cnt[3]_i_1__0_n_0                                                                                                               | ps/axi_master_3/dac_axi_rstn_reg                                                                                                                    |                2 |              4 |         2.00 |
|  dac_axi_clk                                   | i_asg/chA/inst_axi_dac/i_rdburst/burst_cnt[3]_i_1_n_0                                                                                              |                                                                                                                                                     |                2 |              4 |         2.00 |
|  dac_axi_clk                                   | ps/axi_master_3/E[0]                                                                                                                               | ps/axi_master_3/dac_axi_rstn_reg                                                                                                                    |                1 |              4 |         4.00 |
|  ps/system_i/processing_system7/inst/FCLK_CLK3 |                                                                                                                                                    | ps/system_i/axi_register_slice_0/inst/aw.aw_pipe/p_1_in                                                                                             |                3 |              5 |         1.67 |
|  ps/system_i/processing_system7/inst/FCLK_CLK3 |                                                                                                                                                    | ps/system_i/axi_register_slice_0/inst/w.w_pipe/p_0_in                                                                                               |                3 |              5 |         1.67 |
|  ps/system_i/processing_system7/inst/FCLK_CLK3 |                                                                                                                                                    | ps/system_i/proc_sys_reset/U0/EXT_LPF/lpf_int                                                                                                       |                2 |              5 |         2.50 |
|  ps/O[0]                                       | ps/axi_slave_gp0/ack_cnt[5]_i_2_n_0                                                                                                                | ps/axi_slave_gp0/ack_cnt[5]                                                                                                                         |                1 |              5 |         5.00 |
|  adc_clk                                       |                                                                                                                                                    | i_daisy/i_tx/RST0                                                                                                                                   |                2 |              5 |         2.50 |
|  adc_clk                                       |                                                                                                                                                    | i_asg/chA/inst_axi_dac/inst_asg_dat_fifo/U0/inst_fifo_gen/gconvfifo.rf/grf.rf/rstblk/SR[0]                                                          |                2 |              5 |         2.50 |
|  adc_clk                                       | i_scope/genblk1[0].i_dec/dec_avg_div/pipe_loop[1].pipe_dv_reg[1]__0                                                                                | i_scope/genblk1[0].i_dec/dec_avg_div/pipe_loop[1].cnt[1][5]_i_1_n_0                                                                                 |                1 |              5 |         5.00 |
|  adc_clk                                       | i_scope/genblk1[1].i_dec/dec_avg_div/pipe_loop[1].pipe_dv_reg[1]__0                                                                                | i_scope/genblk1[1].i_dec/dec_avg_div/pipe_loop[1].cnt[1][5]_i_1__0_n_0                                                                              |                1 |              5 |         5.00 |
|  ps/system_i/processing_system7/inst/FCLK_CLK3 | ps/system_i/axi_protocol_converter_0/inst/gen_axilite.gen_b2s_conv.axilite_b2s/RD.r_channel_0/rd_data_fifo_0/cnt_read[4]_i_1__0_n_0                | ps/system_i/axi_protocol_converter_0/inst/gen_axilite.gen_b2s_conv.axilite_b2s/areset_d1                                                            |                2 |              5 |         2.50 |
|  ps/system_i/processing_system7/inst/FCLK_CLK3 | ps/system_i/axi_protocol_converter_0/inst/gen_axilite.gen_b2s_conv.axilite_b2s/RD.r_channel_0/transaction_fifo_0/cnt_read[4]_i_1_n_0               | ps/system_i/axi_protocol_converter_0/inst/gen_axilite.gen_b2s_conv.axilite_b2s/areset_d1                                                            |                2 |              5 |         2.50 |
|  adc_clk                                       | i_asg/chB/inst_axi_dac/sel                                                                                                                         | i_asg/chB/inst_axi_dac/dac_rd_clr                                                                                                                   |                2 |              5 |         2.50 |
|  adc_clk                                       | i_asg/chA/inst_axi_dac/sel                                                                                                                         | i_asg/chA/inst_axi_dac/dac_rd_clr                                                                                                                   |                2 |              5 |         2.50 |
|  adc_clk                                       |                                                                                                                                                    | i_asg/chB/inst_axi_dac/inst_asg_dat_fifo/U0/inst_fifo_gen/gconvfifo.rf/grf.rf/rstblk/SR[0]                                                          |                2 |              5 |         2.50 |
|  ps/system_i/processing_system7/inst/FCLK_CLK3 | ps/system_i/proc_sys_reset/U0/SEQ/seq_cnt_en                                                                                                       | ps/system_i/proc_sys_reset/U0/SEQ/SEQ_COUNTER/clear                                                                                                 |                1 |              6 |         6.00 |
|  adc_clk                                       | sys_bus_interconnect/for_bus[2].inst_sys_bus_cdc/bus_m\\.addr_reg[2]_2[0]                                                                          | i_scope/i_cfg/adc_rstn_reg                                                                                                                          |                1 |              6 |         6.00 |
|  adc_clk                                       |                                                                                                                                                    | i_asg/chA/i_rand/reset[5]_i_1_n_0                                                                                                                   |                2 |              6 |         3.00 |
|  adc_clk                                       |                                                                                                                                                    | i_asg/chB/i_rand/reset[5]_i_1__0_n_0                                                                                                                |                1 |              6 |         6.00 |
|  adc_clk                                       | pll/E[0]                                                                                                                                           | pll/SR[0]                                                                                                                                           |                2 |              7 |         3.50 |
|  ps/system_i/processing_system7/inst/FCLK_CLK3 |                                                                                                                                                    | ps/system_i/xadc/inst/AXI_LITE_IPIF_I/I_SLAVE_ATTACHMENT/dpto_cnt0                                                                                  |                3 |              7 |         2.33 |
|  adc_clk                                       | sys_bus_interconnect/for_bus[4].inst_sys_bus_cdc/bus_m\\.addr_reg[1]_1[0]                                                                          | i_scope/i_cfg/adc_rstn_reg                                                                                                                          |                2 |              8 |         4.00 |
|  adc_clk                                       |                                                                                                                                                    | i_asg/chA/inst_axi_dac/df_fv_sr_reg[0]_0[0]                                                                                                         |                2 |              8 |         4.00 |
|  adc_clk                                       | i_scope/genblk1[0].i_axi_sm/i_wr0/pop                                                                                                              | i_scope/genblk1[0].i_axi_sm/i_wr0/clear                                                                                                             |                2 |              8 |         4.00 |
|  adc_clk                                       |                                                                                                                                                    | i_asg/chB/inst_axi_dac/adc_rstn_reg[0]                                                                                                              |                3 |              8 |         2.67 |
|  dac_axi_clk                                   | i_asg/chA/inst_axi_dac/inst_sync_fifo/U0/inst_fifo_gen/gconvfifo.rf/grf.rf/gntv_or_sync_fifo.gl0.rd/gras.rsts/E[0]                                 | i_asg/chA/inst_axi_dac/inst_sync_fifo/U0/inst_fifo_gen/gconvfifo.rf/grf.rf/rstblk/SR[0]                                                             |                2 |              8 |         4.00 |
|  adc_clk                                       |                                                                                                                                                    | i_hk/daisy_mode[0]                                                                                                                                  |                1 |              8 |         8.00 |
|  dac_axi_clk                                   | i_asg/chB/inst_axi_dac/inst_sync_fifo/U0/inst_fifo_gen/gconvfifo.rf/grf.rf/gntv_or_sync_fifo.gl0.rd/gras.rsts/E[0]                                 | i_asg/chB/inst_axi_dac/inst_sync_fifo/U0/inst_fifo_gen/gconvfifo.rf/grf.rf/rstblk/SR[0]                                                             |                2 |              8 |         4.00 |
|  adc_clk                                       | adc_rstn_reg_n_0                                                                                                                                   | sys_bus_interconnect/for_bus[4].inst_sys_bus_cdc/adc_rstn_reg                                                                                       |                5 |              8 |         1.60 |
|  adc_clk                                       | sys_bus_interconnect/for_bus[4].inst_sys_bus_cdc/reg_write_reg_0[0]                                                                                | i_scope/i_cfg/adc_rstn_reg                                                                                                                          |                2 |              8 |         4.00 |
|  adc_clk                                       | sys_bus_interconnect/for_bus[4].inst_sys_bus_cdc/bus_m\\.addr_reg[2]_0[0]                                                                          | i_scope/i_cfg/adc_rstn_reg                                                                                                                          |                2 |              8 |         4.00 |
|  adc_clk                                       | i_scope/genblk1[0].i_axi_sm/i_wr0/dat_cnt[3]_i_1_n_0                                                                                               | i_scope/genblk1[0].i_axi_sm/i_wr0/clear                                                                                                             |                4 |              8 |         2.00 |
|  adc_clk                                       | sys_bus_interconnect/for_bus[4].inst_sys_bus_cdc/bus_m\\.addr_reg[1]_0[0]                                                                          | i_scope/i_cfg/adc_rstn_reg                                                                                                                          |                2 |              8 |         4.00 |
|  adc_clk                                       | sys_bus_interconnect/for_bus[0].inst_sys_bus_cdc/reg_write_reg_0[0]                                                                                | i_scope/i_cfg/adc_rstn_reg                                                                                                                          |                2 |              8 |         4.00 |
|  adc_clk                                       | sys_bus_interconnect/for_bus[0].inst_sys_bus_cdc/bus_m\\.addr_reg[3]_0[0]                                                                          | i_scope/i_cfg/adc_rstn_reg                                                                                                                          |                3 |              8 |         2.67 |
|  adc_clk                                       | sys_bus_interconnect/for_bus[0].inst_sys_bus_cdc/bus_m\\.addr_reg[2]_0[0]                                                                          | i_scope/i_cfg/adc_rstn_reg                                                                                                                          |                2 |              8 |         4.00 |
|  adc_clk                                       | sys_bus_interconnect/for_bus[0].inst_sys_bus_cdc/bus_m\\.addr_reg[3]_1[0]                                                                          | i_scope/i_cfg/adc_rstn_reg                                                                                                                          |                3 |              8 |         2.67 |
|  adc_clk                                       | i_scope/genblk1[1].i_axi_sm/i_wr0/push                                                                                                             | i_scope/genblk1[1].i_axi_sm/i_wr0/clear                                                                                                             |                2 |              8 |         4.00 |
|  adc_clk                                       | i_scope/genblk1[1].i_axi_sm/i_wr0/pop                                                                                                              | i_scope/genblk1[1].i_axi_sm/i_wr0/clear                                                                                                             |                2 |              8 |         4.00 |
|  adc_clk                                       | i_scope/genblk1[1].i_axi_sm/i_wr0/dat_cnt[3]_i_1__0_n_0                                                                                            | i_scope/genblk1[1].i_axi_sm/i_wr0/clear                                                                                                             |                3 |              8 |         2.67 |
|  adc_clk                                       | i_scope/genblk1[0].i_axi_sm/i_wr0/push                                                                                                             | i_scope/genblk1[0].i_axi_sm/i_wr0/clear                                                                                                             |                2 |              8 |         4.00 |
|  ps/system_i/processing_system7/inst/FCLK_CLK3 | ps/system_i/axi_protocol_converter_0/inst/gen_axilite.gen_b2s_conv.axilite_b2s/WR.b_channel_0/mhandshake_r                                         | ps/system_i/axi_protocol_converter_0/inst/gen_axilite.gen_b2s_conv.axilite_b2s/WR.b_channel_0/bid_fifo_0/SR[0]                                      |                3 |              8 |         2.67 |
|  adc_clk                                       | i_hk/sel                                                                                                                                           | i_scope/i_cfg/adc_rstn_reg                                                                                                                          |                3 |              9 |         3.00 |
|  adc_clk                                       | ps/axi_master_0/axi_wpop                                                                                                                           | ps/axi_master_0/axi_wstrb_o[7]_i_1_n_0                                                                                                              |                3 |              9 |         3.00 |
|  adc_clk                                       | ps/axi_master_1/axi_wpop                                                                                                                           | ps/axi_master_1/axi_wstrb_o[7]_i_1__0_n_0                                                                                                           |                4 |              9 |         2.25 |
|  adc_clk                                       | i_scope/genblk1[0].i_axi_sm/i_wr0/fill_lvl[8]_i_1_n_0                                                                                              | i_scope/genblk1[0].i_axi_sm/i_wr0/clear                                                                                                             |                3 |              9 |         3.00 |
|  adc_clk                                       | i_scope/genblk1[1].i_axi_sm/i_wr0/fill_lvl[8]_i_1__0_n_0                                                                                           | i_scope/genblk1[1].i_axi_sm/i_wr0/clear                                                                                                             |                3 |              9 |         3.00 |
|  i_daisy/i_rx/CLK                              |                                                                                                                                                    | i_hk/daisy_mode[0]                                                                                                                                  |                2 |              9 |         4.50 |
|  adc_clk                                       | sys_bus_interconnect/for_bus[2].inst_sys_bus_cdc/bus_m\\.addr_reg[8]_7                                                                             | i_scope/i_cfg/adc_rstn_reg                                                                                                                          |                3 |             10 |         3.33 |
|  ps/system_i/processing_system7/inst/FCLK_CLK3 |                                                                                                                                                    | ps/system_i/axi_protocol_converter_0/inst/gen_axilite.gen_b2s_conv.axilite_b2s/areset_d1                                                            |                6 |             10 |         1.67 |
|  ps/O[0]                                       |                                                                                                                                                    |                                                                                                                                                     |                4 |             11 |         2.75 |
|  adc_clk                                       | i_scope/genblk1[1].i_dec/dec_avg_div/reg_Q[0][11]_i_1__0_n_0                                                                                       |                                                                                                                                                     |                3 |             12 |         4.00 |
|  adc_clk                                       | i_scope/genblk1[0].i_dec/dec_avg_div/reg_Q[0][11]_i_1_n_0                                                                                          |                                                                                                                                                     |                3 |             12 |         4.00 |
|  adc_clk                                       | i_asg/chA/inst_axi_dac/inst_sync_fifo/U0/inst_fifo_gen/gconvfifo.rf/grf.rf/gntv_or_sync_fifo.gl0.wr/gwas.wsts/E[0]                                 | i_asg/chA/inst_axi_dac/inst_sync_fifo/U0/inst_fifo_gen/gconvfifo.rf/grf.rf/rstblk/ngwrdrst.grst.g7serrst.gsckt_wrst.gic_rst.sckt_wr_rst_ic_reg_0    |                4 |             12 |         3.00 |
|  adc_clk                                       | i_daisy/i_tx/genblk1[0].par_dat_r[11]_i_1_n_0                                                                                                      | i_daisy/i_tx/RST0                                                                                                                                   |                2 |             12 |         6.00 |
|  ps/system_i/processing_system7/inst/FCLK_CLK3 | ps/system_i/axi_protocol_converter_0/inst/gen_axilite.gen_b2s_conv.axilite_b2s/WR.aw_channel_0/cmd_translator_0/incr_cmd_0/axaddr_incr[11]_i_1_n_0 |                                                                                                                                                     |                6 |             12 |         2.00 |
|  adc_clk                                       | i_asg/chB/inst_axi_dac/inst_sync_fifo/U0/inst_fifo_gen/gconvfifo.rf/grf.rf/gntv_or_sync_fifo.gl0.wr/gwas.wsts/E[0]                                 | i_asg/chB/inst_axi_dac/inst_sync_fifo/U0/inst_fifo_gen/gconvfifo.rf/grf.rf/rstblk/ngwrdrst.grst.g7serrst.gsckt_wrst.gic_rst.sckt_wr_rst_ic_reg_0    |                2 |             12 |         6.00 |
|  ps/system_i/processing_system7/inst/FCLK_CLK3 | ps/system_i/axi_protocol_converter_0/inst/gen_axilite.gen_b2s_conv.axilite_b2s/WR.aw_channel_0/aw_cmd_fsm_0/m_valid_i_reg[0]                       |                                                                                                                                                     |                6 |             12 |         2.00 |
|  ps/system_i/processing_system7/inst/FCLK_CLK3 | ps/system_i/axi_protocol_converter_0/inst/gen_axilite.gen_b2s_conv.axilite_b2s/RD.ar_channel_0/ar_cmd_fsm_0/sel_first_reg[0]                       |                                                                                                                                                     |                2 |             12 |         6.00 |
|  ps/system_i/processing_system7/inst/FCLK_CLK3 | ps/system_i/axi_protocol_converter_0/inst/gen_axilite.gen_b2s_conv.axilite_b2s/RD.ar_channel_0/ar_cmd_fsm_0/E[0]                                   |                                                                                                                                                     |                4 |             12 |         3.00 |
|  adc_clk                                       |                                                                                                                                                    | i_pid/i_pid12/pid_out[12]_i_1__1_n_0                                                                                                                |                3 |             13 |         4.33 |
|  adc_clk                                       |                                                                                                                                                    | i_pid/i_pid22/pid_out[12]_i_1__2_n_0                                                                                                                |                3 |             13 |         4.33 |
|  adc_clk                                       |                                                                                                                                                    | i_pid/i_pid21/int_reg[30]_i_1__0_n_0                                                                                                                |                3 |             13 |         4.33 |
|  adc_clk                                       |                                                                                                                                                    | i_pid/i_pid21/pid_out[12]_i_1__0_n_0                                                                                                                |                2 |             13 |         6.50 |
|  adc_clk                                       |                                                                                                                                                    | i_pid/i_pid22/int_reg[30]_i_1__2_n_0                                                                                                                |                2 |             13 |         6.50 |
|  adc_clk                                       |                                                                                                                                                    | i_pid/out_1_sat[12]_i_1_n_0                                                                                                                         |                2 |             13 |         6.50 |
|  adc_clk                                       |                                                                                                                                                    | i_pid/out_2_sat[12]_i_1_n_0                                                                                                                         |                2 |             13 |         6.50 |
|  ps/system_i/processing_system7/inst/FCLK_CLK3 | ps/system_i/axi_protocol_converter_0/inst/gen_axilite.gen_b2s_conv.axilite_b2s/RD.r_channel_0/r_push_r                                             |                                                                                                                                                     |                4 |             13 |         3.25 |
|  adc_clk                                       |                                                                                                                                                    | i_pid/i_pid11/pid_out[12]_i_1_n_0                                                                                                                   |                2 |             13 |         6.50 |
|  adc_clk                                       |                                                                                                                                                    | i_pid/i_pid11/int_reg[30]_i_1_n_0                                                                                                                   |                2 |             13 |         6.50 |
|  adc_clk                                       |                                                                                                                                                    | i_asg/chA/dac_o[12]_i_1__1_n_0                                                                                                                      |                2 |             13 |         6.50 |
|  adc_clk                                       |                                                                                                                                                    | i_pid/i_pid12/int_reg[30]_i_1__1_n_0                                                                                                                |                3 |             13 |         4.33 |
|  adc_clk                                       |                                                                                                                                                    | i_asg/chB/dac_o[12]_i_1__2_n_0                                                                                                                      |                2 |             13 |         6.50 |
|  adc_clk                                       |                                                                                                                                                    | i_asg/chA/i_rand/lfsrs[1].lfsr_reg[1]_i_1_n_0                                                                                                       |                3 |             13 |         4.33 |
|  adc_clk                                       | i_scope/genblk1[1].i_dec/div_dat_got                                                                                                               | i_scope/i_cfg/adc_rstn_reg                                                                                                                          |                4 |             14 |         3.50 |
|  adc_clk                                       |                                                                                                                                                    | i_asg/chA/i_rand/lfsrs[0].lfsr_reg[26]_i_1_n_0                                                                                                      |                2 |             14 |         7.00 |
|  adc_clk                                       | i_scope/genblk1[1].i_dec/dec_avg_div/q_o[13]_i_1__0_n_0                                                                                            |                                                                                                                                                     |                5 |             14 |         2.80 |
|  adc_clk                                       | i_scope/genblk1[0].i_dec/div_dat_got                                                                                                               | i_scope/i_cfg/adc_rstn_reg                                                                                                                          |                4 |             14 |         3.50 |
|  adc_clk                                       |                                                                                                                                                    | i_asg/chA/i_rand/lfsrs[0].lfsr_reg[23]_i_1_n_0                                                                                                      |                2 |             14 |         7.00 |
|  adc_clk                                       | i_scope/genblk1[0].i_dec/dec_avg_div/q_o[13]_i_1_n_0                                                                                               |                                                                                                                                                     |                4 |             14 |         3.50 |
|  adc_clk                                       | i_scope/genblk1[1].i_axi_sm/axi_dat[63]_i_1__0_n_0                                                                                                 |                                                                                                                                                     |                2 |             14 |         7.00 |
|  adc_clk                                       |                                                                                                                                                    | i_asg/chA/i_rand/lfsrs[0].lfsr_reg[22]_i_1_n_0                                                                                                      |                3 |             14 |         4.67 |
|  adc_clk                                       |                                                                                                                                                    | i_asg/chA/i_rand/lfsrs[0].lfsr_reg[21]_i_1_n_0                                                                                                      |                3 |             14 |         4.67 |
|  adc_clk                                       |                                                                                                                                                    | i_asg/chA/i_rand/lfsrs[0].lfsr_reg[20]_i_1_n_0                                                                                                      |                2 |             14 |         7.00 |
|  adc_clk                                       | i_scope/genblk1[1].i_axi_sm/axi_dat[47]_i_1__0_n_0                                                                                                 |                                                                                                                                                     |                2 |             14 |         7.00 |
|  adc_clk                                       | i_scope/genblk1[1].i_axi_sm/axi_dat[31]_i_1__0_n_0                                                                                                 |                                                                                                                                                     |                2 |             14 |         7.00 |
|  adc_clk                                       | i_scope/genblk1[1].i_axi_sm/axi_dat[15]_i_1__0_n_0                                                                                                 |                                                                                                                                                     |                2 |             14 |         7.00 |
|  adc_clk                                       |                                                                                                                                                    | i_asg/chA/i_rand/lfsrs[0].lfsr_reg[1]_i_1_n_0                                                                                                       |                3 |             14 |         4.67 |
|  adc_clk                                       |                                                                                                                                                    | i_asg/chA/i_rand/lfsrs[0].lfsr_reg[19]_i_1_n_0                                                                                                      |                4 |             14 |         3.50 |
|  adc_clk                                       | i_scope/genblk1[0].i_axi_sm/axi_dat[63]_i_1_n_0                                                                                                    |                                                                                                                                                     |                2 |             14 |         7.00 |
|  adc_clk                                       | i_scope/genblk1[0].i_axi_sm/axi_dat[47]_i_1_n_0                                                                                                    |                                                                                                                                                     |                2 |             14 |         7.00 |
|  adc_clk                                       | i_scope/genblk1[0].i_axi_sm/axi_dat[31]_i_1_n_0                                                                                                    |                                                                                                                                                     |                2 |             14 |         7.00 |
|  adc_clk                                       | i_scope/genblk1[0].i_axi_sm/axi_dat[15]_i_1_n_0                                                                                                    |                                                                                                                                                     |                2 |             14 |         7.00 |
|  adc_clk                                       |                                                                                                                                                    | i_asg/chA/i_rand/lfsrs[0].lfsr_reg[17]_i_1_n_0                                                                                                      |                2 |             14 |         7.00 |
|  adc_clk                                       | sys_bus_interconnect/for_bus[1].inst_sys_bus_cdc/bus_m\\.addr_reg[3]_3[1]                                                                          | i_scope/i_cfg/adc_rstn_reg                                                                                                                          |                3 |             14 |         4.67 |
|  adc_clk                                       | sys_bus_interconnect/for_bus[3].inst_sys_bus_cdc/reg_write_reg_0                                                                                   | i_scope/i_cfg/adc_rstn_reg                                                                                                                          |                5 |             14 |         2.80 |
|  ps/system_i/processing_system7/inst/FCLK_CLK3 | ps/system_i/axi_protocol_converter_0/inst/gen_axilite.gen_b2s_conv.axilite_b2s/SI_REG/b.b_pipe/s_ready_i_reg_0                                     |                                                                                                                                                     |                2 |             14 |         7.00 |
|  adc_clk                                       | sys_bus_interconnect/for_bus[3].inst_sys_bus_cdc/bus_m\\.addr_reg[5]_3[0]                                                                          | i_scope/i_cfg/adc_rstn_reg                                                                                                                          |                4 |             14 |         3.50 |
|  adc_clk                                       | sys_bus_interconnect/for_bus[3].inst_sys_bus_cdc/bus_m\\.addr_reg[5]_2[0]                                                                          | i_scope/i_cfg/adc_rstn_reg                                                                                                                          |               10 |             14 |         1.40 |
|  adc_clk                                       | sys_bus_interconnect/for_bus[3].inst_sys_bus_cdc/bus_m\\.addr_reg[5]_1[0]                                                                          | i_scope/i_cfg/adc_rstn_reg                                                                                                                          |                4 |             14 |         3.50 |
|  adc_clk                                       | sys_bus_interconnect/for_bus[3].inst_sys_bus_cdc/bus_m\\.addr_reg[5]_0[0]                                                                          | i_scope/i_cfg/adc_rstn_reg                                                                                                                          |                6 |             14 |         2.33 |
|  adc_clk                                       | sys_bus_interconnect/for_bus[3].inst_sys_bus_cdc/bus_m\\.addr_reg[4]_2[0]                                                                          | i_scope/i_cfg/adc_rstn_reg                                                                                                                          |                4 |             14 |         3.50 |
|  adc_clk                                       | sys_bus_interconnect/for_bus[3].inst_sys_bus_cdc/bus_m\\.addr_reg[4]_0[0]                                                                          | i_scope/i_cfg/adc_rstn_reg                                                                                                                          |                4 |             14 |         3.50 |
|  adc_clk                                       | sys_bus_interconnect/for_bus[3].inst_sys_bus_cdc/bus_m\\.addr_reg[3]_4[0]                                                                          | i_scope/i_cfg/adc_rstn_reg                                                                                                                          |                4 |             14 |         3.50 |
|  adc_clk                                       | sys_bus_interconnect/for_bus[3].inst_sys_bus_cdc/bus_m\\.addr_reg[3]_3[0]                                                                          | i_scope/i_cfg/adc_rstn_reg                                                                                                                          |                6 |             14 |         2.33 |
|  adc_clk                                       | sys_bus_interconnect/for_bus[3].inst_sys_bus_cdc/bus_m\\.addr_reg[3]_2[0]                                                                          | i_scope/i_cfg/adc_rstn_reg                                                                                                                          |                8 |             14 |         1.75 |
|  adc_clk                                       | sys_bus_interconnect/for_bus[3].inst_sys_bus_cdc/bus_m\\.addr_reg[3]_0[0]                                                                          | i_scope/i_cfg/adc_rstn_reg                                                                                                                          |                6 |             14 |         2.33 |
|  adc_clk                                       | sys_bus_interconnect/for_bus[3].inst_sys_bus_cdc/bus_m\\.addr_reg[2]_1[0]                                                                          | i_scope/i_cfg/adc_rstn_reg                                                                                                                          |                5 |             14 |         2.80 |
|  adc_clk                                       | sys_bus_interconnect/for_bus[3].inst_sys_bus_cdc/bus_m\\.addr_reg[3]_1[0]                                                                          | i_scope/i_cfg/adc_rstn_reg                                                                                                                          |                5 |             14 |         2.80 |
|  adc_clk                                       | sys_bus_interconnect/for_bus[3].inst_sys_bus_cdc/bus_m\\.addr_reg[2]_0[0]                                                                          | i_scope/i_cfg/adc_rstn_reg                                                                                                                          |                6 |             14 |         2.33 |
|  adc_clk                                       | sys_bus_interconnect/for_bus[3].inst_sys_bus_cdc/reg_write_reg_1                                                                                   | i_scope/i_cfg/adc_rstn_reg                                                                                                                          |                4 |             14 |         3.50 |
|  adc_clk                                       | i_scope/genblk1[0].i_trig_src/E[0]                                                                                                                 | i_scope/i_cfg/SR[0]                                                                                                                                 |                3 |             14 |         4.67 |
|  adc_clk                                       | sys_bus_interconnect/for_bus[3].inst_sys_bus_cdc/bus_m\\.addr_reg[3]_5                                                                             | i_scope/i_cfg/adc_rstn_reg                                                                                                                          |                7 |             14 |         2.00 |
|  adc_clk                                       | sys_bus_interconnect/for_bus[2].inst_sys_bus_cdc/bus_m\\.addr_reg[5]_2[0]                                                                          | i_scope/i_cfg/adc_rstn_reg                                                                                                                          |                5 |             14 |         2.80 |
|  adc_clk                                       | sys_bus_interconnect/for_bus[2].inst_sys_bus_cdc/bus_m\\.addr_reg[5]_1[0]                                                                          | i_scope/i_cfg/adc_rstn_reg                                                                                                                          |                5 |             14 |         2.80 |
|  adc_clk                                       | sys_bus_interconnect/for_bus[2].inst_sys_bus_cdc/bus_m\\.addr_reg[3]_0[0]                                                                          | i_scope/i_cfg/adc_rstn_reg                                                                                                                          |                4 |             14 |         3.50 |
|  adc_clk                                       | sys_bus_interconnect/for_bus[2].inst_sys_bus_cdc/bus_m\\.addr_reg[0]_0[0]                                                                          | i_scope/i_cfg/adc_rstn_reg                                                                                                                          |                3 |             14 |         4.67 |
|  adc_clk                                       |                                                                                                                                                    | i_asg/chA/i_rand/lfsrs[0].lfsr_reg[29]_i_1_n_0                                                                                                      |                2 |             14 |         7.00 |
|  adc_clk                                       | sys_bus_interconnect/for_bus[1].inst_sys_bus_cdc/bus_m\\.addr_reg[9]_0[1]                                                                          | i_scope/i_cfg/adc_rstn_reg                                                                                                                          |                2 |             14 |         7.00 |
|  adc_clk                                       | sys_bus_interconnect/for_bus[1].inst_sys_bus_cdc/bus_m\\.addr_reg[9]_0[0]                                                                          | i_scope/i_cfg/adc_rstn_reg                                                                                                                          |                5 |             14 |         2.80 |
|  adc_clk                                       | sys_bus_interconnect/for_bus[1].inst_sys_bus_cdc/bus_m\\.addr_reg[3]_3[0]                                                                          | i_scope/i_cfg/adc_rstn_reg                                                                                                                          |                3 |             14 |         4.67 |
|  adc_clk                                       | sys_bus_interconnect/for_bus[1].inst_sys_bus_cdc/bus_m\\.addr_reg[3]_0[1]                                                                          | i_scope/i_cfg/adc_rstn_reg                                                                                                                          |                4 |             14 |         3.50 |
|  adc_clk                                       | sys_bus_interconnect/for_bus[1].inst_sys_bus_cdc/bus_m\\.addr_reg[3]_0[0]                                                                          | i_scope/i_cfg/adc_rstn_reg                                                                                                                          |                5 |             14 |         2.80 |
|  ps/system_i/processing_system7/inst/FCLK_CLK3 | ps/system_i/axi_protocol_converter_0/inst/gen_axilite.gen_b2s_conv.axilite_b2s/SI_REG/b.b_pipe/p_1_in                                              |                                                                                                                                                     |                2 |             14 |         7.00 |
|  ps/system_i/processing_system7/inst/FCLK_CLK3 | ps/system_i/axi_register_slice_0/inst/b.b_pipe/m_payload_i[13]_i_1_n_0                                                                             |                                                                                                                                                     |                3 |             14 |         4.67 |
|  adc_clk                                       | i_scope/genblk1[1].i_trig_src/E[0]                                                                                                                 | i_scope/i_cfg/genblk1[0].adc_rst_do_reg[0]_5[0]                                                                                                     |                5 |             14 |         2.80 |
|  adc_clk                                       |                                                                                                                                                    | i_asg/chA/i_rand/lfsrs[0].lfsr_reg[27]_i_1_n_0                                                                                                      |                2 |             14 |         7.00 |
|  adc_clk                                       |                                                                                                                                                    | i_asg/chA/i_rand/lfsrs[0].lfsr_reg[6]_i_1_n_0                                                                                                       |                2 |             14 |         7.00 |
|  adc_clk                                       |                                                                                                                                                    | i_asg/chA/i_rand/lfsrs[0].lfsr_reg[5]_i_1_n_0                                                                                                       |                2 |             14 |         7.00 |
|  adc_clk                                       |                                                                                                                                                    | i_asg/chA/i_rand/lfsrs[0].lfsr_reg[31]_i_1_n_0                                                                                                      |                2 |             14 |         7.00 |
|  adc_clk                                       |                                                                                                                                                    | i_asg/chA/i_rand/lfsrs[0].lfsr_reg[24]_i_1_n_0                                                                                                      |                2 |             14 |         7.00 |
|  adc_clk                                       |                                                                                                                                                    | i_asg/chA/i_rand/lfsrs[0].lfsr_reg[13]_i_1_n_0                                                                                                      |                2 |             14 |         7.00 |
|  adc_clk                                       |                                                                                                                                                    | i_asg/chA/i_rand/lfsrs[0].lfsr_reg[16]_i_1_n_0                                                                                                      |                2 |             14 |         7.00 |
|  adc_clk                                       |                                                                                                                                                    | i_asg/chA/i_rand/lfsrs[0].lfsr_reg[15]_i_1_n_0                                                                                                      |                2 |             14 |         7.00 |
|  adc_clk                                       |                                                                                                                                                    | i_asg/chA/i_rand/lfsrs[0].lfsr_reg[25]_i_1_n_0                                                                                                      |                2 |             14 |         7.00 |
|  adc_clk                                       |                                                                                                                                                    | i_asg/chA/i_rand/lfsrs[0].lfsr_reg[8]_i_1_n_0                                                                                                       |                2 |             14 |         7.00 |
|  adc_clk                                       |                                                                                                                                                    | i_asg/chA/i_rand/lfsrs[0].lfsr_reg[10]_i_1_n_0                                                                                                      |                2 |             14 |         7.00 |
|  adc_clk                                       |                                                                                                                                                    | i_asg/chA/i_rand/lfsrs[0].lfsr_reg[11]_i_1_n_0                                                                                                      |                2 |             14 |         7.00 |
|  adc_clk                                       | i_asg/chB/inst_axi_dac/axi_state_o[0]                                                                                                              |                                                                                                                                                     |                5 |             14 |         2.80 |
|  adc_clk                                       |                                                                                                                                                    | i_asg/chA/i_rand/lfsrs[0].lfsr_reg[12]_i_1_n_0                                                                                                      |                3 |             14 |         4.67 |
|  adc_clk                                       |                                                                                                                                                    | i_asg/chA/i_rand/lfsrs[0].lfsr_reg[28]_i_1_n_0                                                                                                      |                2 |             14 |         7.00 |
|  adc_clk                                       |                                                                                                                                                    | i_asg/chA/i_rand/lfsrs[0].lfsr_reg[2]_i_1_n_0                                                                                                       |                2 |             14 |         7.00 |
|  adc_clk                                       |                                                                                                                                                    | i_asg/chA/i_rand/lfsrs[0].lfsr_reg[3]_i_1_n_0                                                                                                       |                2 |             14 |         7.00 |
|  adc_clk                                       |                                                                                                                                                    | i_asg/chA/i_rand/lfsrs[0].lfsr_reg[18]_i_1_n_0                                                                                                      |                3 |             14 |         4.67 |
|  adc_clk                                       | i_asg/chA/set_last                                                                                                                                 | i_scope/i_cfg/adc_rstn_reg                                                                                                                          |                9 |             14 |         1.56 |
|  adc_clk                                       | i_asg/chA/inst_axi_dac/axi_a_state[1]                                                                                                              |                                                                                                                                                     |                4 |             14 |         3.50 |
|  adc_clk                                       |                                                                                                                                                    | i_asg/chA/i_rand/lfsrs[0].lfsr_reg[4]_i_1_n_0                                                                                                       |                2 |             14 |         7.00 |
|  adc_clk                                       | i_asg/chB/set_last[13]_i_1__0_n_0                                                                                                                  | i_scope/i_cfg/adc_rstn_reg                                                                                                                          |                9 |             14 |         1.56 |
|  adc_clk                                       |                                                                                                                                                    | i_asg/chA/i_rand/lfsrs[0].lfsr_reg[30]_i_1_n_0                                                                                                      |                2 |             14 |         7.00 |
|  adc_clk                                       |                                                                                                                                                    | i_asg/chA/i_rand/lfsrs[0].lfsr_reg[9]_i_1_n_0                                                                                                       |                2 |             14 |         7.00 |
|  adc_clk                                       |                                                                                                                                                    | i_asg/chA/i_rand/lfsrs[0].lfsr_reg[7]_i_1_n_0                                                                                                       |                2 |             14 |         7.00 |
|  adc_clk                                       |                                                                                                                                                    | i_asg/chA/i_rand/lfsrs[0].lfsr_reg[14]_i_1_n_0                                                                                                      |                3 |             14 |         4.67 |
|  adc_clk                                       | i_asg/chA/inst_axi_dac/axi_a_state[2]                                                                                                              | i_asg/chA/inst_axi_dac/dec_cnt[2]                                                                                                                   |                4 |             15 |         3.75 |
|  adc_clk                                       | i_asg/chB/inst_axi_dac/dat_fifo_rden_reg_0                                                                                                         | i_asg/chB/inst_axi_dac/dec_cnt[15]_i_1__0_n_0                                                                                                       |                4 |             15 |         3.75 |
|  adc_clk                                       | sys_bus_interconnect/for_bus[1].inst_sys_bus_cdc/bus_m\\.addr_reg[9]_1[1]                                                                          | i_scope/i_cfg/adc_rstn_reg                                                                                                                          |                6 |             16 |         2.67 |
|  adc_clk                                       | i_asg/chA/inst_axi_dac/r_cycles[15]_i_1_n_0                                                                                                        | i_scope/i_cfg/adc_rstn_reg                                                                                                                          |                7 |             16 |         2.29 |
|  adc_clk                                       | i_asg/chA/inst_axi_dac/trig_a_src_reg[0][0]                                                                                                        | i_scope/i_cfg/adc_rstn_reg                                                                                                                          |                5 |             16 |         3.20 |
|  adc_clk                                       | i_asg/chA/inst_axi_dac/E[0]                                                                                                                        | i_scope/i_cfg/adc_rstn_reg                                                                                                                          |                6 |             16 |         2.67 |
|  adc_clk                                       | sys_bus_interconnect/for_bus[1].inst_sys_bus_cdc/bus_m\\.addr_reg[9]_1[0]                                                                          | i_scope/i_cfg/adc_rstn_reg                                                                                                                          |                5 |             16 |         3.20 |
|  i_daisy/i_rx/CLK                              | i_daisy/i_rx/genblk1[0].par_val                                                                                                                    | i_daisy/i_rx/clear_0                                                                                                                                |                2 |             16 |         8.00 |
|  adc_clk                                       |                                                                                                                                                    | i_scope/i_cfg/adc_rstn_reg_2[0]                                                                                                                     |                4 |             16 |         4.00 |
|  adc_clk                                       | sys_bus_interconnect/for_bus[2].inst_sys_bus_cdc/bus_m\\.addr_reg[5]_3[0]                                                                          | i_scope/i_cfg/adc_rstn_reg                                                                                                                          |                4 |             16 |         4.00 |
|  adc_clk                                       | sys_bus_interconnect/for_bus[2].inst_sys_bus_cdc/bus_m\\.addr_reg[8]_15[0]                                                                         | i_scope/i_cfg/adc_rstn_reg                                                                                                                          |                4 |             16 |         4.00 |
|  adc_clk                                       |                                                                                                                                                    | i_scope/genblk1[0].i_dec/adc_dec_cnt[16]                                                                                                            |                4 |             16 |         4.00 |
|  adc_clk                                       | sys_bus_interconnect/for_bus[2].inst_sys_bus_cdc/bus_m\\.addr_reg[8]_2[0]                                                                          | i_scope/i_cfg/adc_rstn_reg                                                                                                                          |                4 |             16 |         4.00 |
|  adc_clk                                       | sys_bus_interconnect/for_bus[0].inst_sys_bus_cdc/reg_write_reg_1[0]                                                                                | i_scope/i_cfg/adc_rstn_reg                                                                                                                          |                4 |             16 |         4.00 |
|  adc_clk                                       | sys_bus_interconnect/for_bus[2].inst_sys_bus_cdc/bus_m\\.addr_reg[8]_5[0]                                                                          | i_scope/i_cfg/adc_rstn_reg                                                                                                                          |                7 |             16 |         2.29 |
|  adc_clk                                       | i_asg/chA/inst_axi_dac/inst_asg_dat_fifo/U0/inst_fifo_gen/gconvfifo.rf/grf.rf/gntv_or_sync_fifo.gl0.rd/gras.rsts/E[0]                              | i_asg/chA/inst_axi_dac/inst_asg_dat_fifo/U0/inst_fifo_gen/gconvfifo.rf/grf.rf/rstblk/SR[0]                                                          |                4 |             16 |         4.00 |
|  adc_clk                                       | i_asg/chB/inst_axi_dac/trig_b_src_reg[0][0]                                                                                                        | i_scope/i_cfg/adc_rstn_reg                                                                                                                          |                6 |             16 |         2.67 |
|  ps/system_i/processing_system7/inst/FCLK_CLK3 |                                                                                                                                                    | ps/system_i/xadc/inst/AXI_XADC_CORE_I/do_reg[15]_i_1_n_0                                                                                            |                2 |             16 |         8.00 |
|  adc_clk                                       | i_asg/chB/inst_axi_dac/r_cycles[15]_i_1__0_n_0                                                                                                     | i_scope/i_cfg/adc_rstn_reg                                                                                                                          |                7 |             16 |         2.29 |
|  adc_clk                                       | i_daisy/genblk3[0].i_test/tst_dv                                                                                                                   | i_scope/i_cfg/adc_rstn_reg                                                                                                                          |                2 |             16 |         8.00 |
|  dac_axi_clk                                   |                                                                                                                                                    | ps/axi_master_3/dac_axi_rstn_reg                                                                                                                    |                8 |             16 |         2.00 |
|  adc_clk                                       | i_asg/chB/inst_axi_dac/inst_asg_dat_fifo/U0/inst_fifo_gen/gconvfifo.rf/grf.rf/gntv_or_sync_fifo.gl0.rd/gras.rsts/E[0]                              | i_asg/chB/inst_axi_dac/inst_asg_dat_fifo/U0/inst_fifo_gen/gconvfifo.rf/grf.rf/rstblk/SR[0]                                                          |                4 |             16 |         4.00 |
|  adc_clk                                       | i_daisy/genblk4[0].tx_rx_dv0                                                                                                                       | i_scope/i_cfg/adc_rstn_reg                                                                                                                          |                4 |             16 |         4.00 |
|  ps/system_i/processing_system7/inst/FCLK_CLK3 | ps/system_i/axi_protocol_converter_0/inst/gen_axilite.gen_b2s_conv.axilite_b2s/WR.aw_channel_0/aw_cmd_fsm_0/m_axi_awready_0                        |                                                                                                                                                     |                3 |             16 |         5.33 |
|  adc_clk                                       | i_asg/chB/inst_axi_dac/E[0]                                                                                                                        | i_scope/i_cfg/adc_rstn_reg                                                                                                                          |                6 |             16 |         2.67 |
|  adc_clk                                       | i_scope/genblk1[1].i_dec/dec_avg_div/reg_Y                                                                                                         |                                                                                                                                                     |                5 |             17 |         3.40 |
|  adc_clk                                       | i_scope/genblk1[1].i_dec/dec_avg_div/pipe_loop[1].reg_Y[1][16]_i_1__0_n_0                                                                          |                                                                                                                                                     |                7 |             17 |         2.43 |
|  adc_clk                                       | sys_bus_interconnect/for_bus[1].inst_sys_bus_cdc/bus_m\\.addr_reg[0]_3[1]                                                                          | i_scope/i_cfg/adc_rstn_reg                                                                                                                          |                6 |             17 |         2.83 |
|  i_daisy/genblk4[0].txp_dv_reg[0]_i_2_n_0      |                                                                                                                                                    |                                                                                                                                                     |                5 |             17 |         3.40 |
|  adc_clk                                       | sys_bus_interconnect/for_bus[1].inst_sys_bus_cdc/bus_m\\.addr_reg[0]_3[0]                                                                          | i_scope/i_cfg/adc_rstn_reg                                                                                                                          |                6 |             17 |         2.83 |
|  adc_clk                                       | i_scope/genblk1[0].i_dec/dec_avg_div/reg_Y                                                                                                         |                                                                                                                                                     |                3 |             17 |         5.67 |
|  i_daisy/i_rx/par_clk                          |                                                                                                                                                    | i_daisy/i_rx/RST0                                                                                                                                   |                4 |             17 |         4.25 |
|  ps/system_i/processing_system7/inst/FCLK_CLK3 | ps/system_i/xadc/inst/AXI_LITE_IPIF_I/I_SLAVE_ATTACHMENT/I_DECODER/E[0]                                                                            | ps/system_i/xadc/inst/AXI_LITE_IPIF_I/I_SLAVE_ATTACHMENT/reset2ip_reset                                                                             |                5 |             17 |         3.40 |
|  adc_clk                                       | i_scope/genblk1[0].i_dec/dec_avg_div/pipe_loop[1].reg_Y[1][16]_i_1_n_0                                                                             |                                                                                                                                                     |                6 |             17 |         2.83 |
|  adc_clk                                       | sys_bus_interconnect/for_bus[1].inst_sys_bus_cdc/bus_m\\.addr_reg[7]_0[1]                                                                          | i_scope/i_cfg/adc_rstn_reg                                                                                                                          |                6 |             18 |         3.00 |
|  adc_clk                                       | sys_bus_interconnect/for_bus[1].inst_sys_bus_cdc/bus_m\\.addr_reg[7]_0[0]                                                                          | i_scope/i_cfg/adc_rstn_reg                                                                                                                          |               10 |             18 |         1.80 |
|  adc_clk                                       | i_daisy/genblk4[0].tx_cfg_sel0                                                                                                                     | i_scope/i_cfg/adc_rstn_reg                                                                                                                          |                5 |             19 |         3.80 |
|  adc_clk                                       | sys_bus_interconnect/for_bus[5].inst_sys_bus_cdc/bus_m\\.addr_reg[0]_0[0]                                                                          | i_scope/i_cfg/adc_rstn_reg                                                                                                                          |                3 |             19 |         6.33 |
|  ps/system_i/processing_system7/inst/FCLK_CLK3 | ps/system_i/axi_protocol_converter_0/inst/gen_axilite.gen_b2s_conv.axilite_b2s/RD.r_channel_0/rd_data_fifo_0/wr_en0                                |                                                                                                                                                     |                5 |             20 |         4.00 |
|  adc_clk                                       | i_scope/i_ext_trig/asg_trig_debn[0]_i_1_n_0                                                                                                        | i_scope/i_cfg/adc_rstn_reg                                                                                                                          |                5 |             20 |         4.00 |
|  adc_clk                                       | i_scope/i_ext_trig/asg_trig_debp[0]_i_1_n_0                                                                                                        | i_scope/i_cfg/adc_rstn_reg                                                                                                                          |                5 |             20 |         4.00 |
|  adc_clk                                       | i_scope/i_ext_trig/ext_trig_debn[0]_i_1_n_0                                                                                                        | i_scope/i_cfg/adc_rstn_reg                                                                                                                          |                5 |             20 |         4.00 |
|  adc_clk                                       | sys_bus_interconnect/for_bus[2].inst_sys_bus_cdc/bus_m\\.addr_reg[10]_0[0]                                                                         | i_scope/i_cfg/adc_rstn_reg                                                                                                                          |                3 |             20 |         6.67 |
|  adc_clk                                       | i_scope/i_ext_trig/ext_trig_debp[0]_i_1_n_0                                                                                                        | i_scope/i_cfg/adc_rstn_reg                                                                                                                          |                5 |             20 |         4.00 |
|  adc_clk                                       | i_asg/chA/ext_trig_debn[0]_i_1__0_n_0                                                                                                              | i_scope/i_cfg/adc_rstn_reg                                                                                                                          |                5 |             20 |         4.00 |
|  adc_clk                                       | sys_bus_interconnect/for_bus[1].inst_sys_bus_cdc/bus_m\\.addr_reg[3]_2[0]                                                                          | i_scope/i_cfg/adc_rstn_reg                                                                                                                          |                7 |             20 |         2.86 |
|  adc_clk                                       | i_asg/chA/ext_trig_debp[0]_i_1__0_n_0                                                                                                              | i_scope/i_cfg/adc_rstn_reg                                                                                                                          |                5 |             20 |         4.00 |
|  ps/system_i/processing_system7/inst/FCLK_CLK3 | ps/system_i/xadc/inst/AXI_LITE_IPIF_I/I_SLAVE_ATTACHMENT/s_axi_rresp_i                                                                             | ps/system_i/xadc/inst/AXI_LITE_IPIF_I/I_SLAVE_ATTACHMENT/SR[0]                                                                                      |                5 |             20 |         4.00 |
|  i_daisy/i_rx/par_clk                          |                                                                                                                                                    |                                                                                                                                                     |                4 |             20 |         5.00 |
|  adc_clk                                       | i_asg/chB/ext_trig_debp[0]_i_1__1_n_0                                                                                                              | i_scope/i_cfg/adc_rstn_reg                                                                                                                          |                5 |             20 |         4.00 |
|  adc_clk                                       | i_asg/chB/ext_trig_debn[0]_i_1__1_n_0                                                                                                              | i_scope/i_cfg/adc_rstn_reg                                                                                                                          |                5 |             20 |         4.00 |
|  ps/system_i/processing_system7/inst/FCLK_CLK3 | ps/system_i/axi_protocol_converter_0/inst/gen_axilite.gen_b2s_conv.axilite_b2s/RD.ar_channel_0/ar_cmd_fsm_0/m_axi_arready_2                        |                                                                                                                                                     |                7 |             21 |         3.00 |
|  ps/system_i/processing_system7/inst/FCLK_CLK3 | ps/system_i/axi_register_slice_0/inst/w.w_pipe/s_ready_i_reg_0                                                                                     |                                                                                                                                                     |                5 |             22 |         4.40 |
|  ps/system_i/processing_system7/inst/FCLK_CLK3 | ps/system_i/axi_register_slice_0/inst/w.w_pipe/p_1_in_0                                                                                            |                                                                                                                                                     |                5 |             22 |         4.40 |
|  adc_clk                                       | i_scope/genblk1[1].i_dec/dec_avg_div/cnt                                                                                                           | i_scope/genblk1[1].i_dec/dec_avg_div/reg_Y                                                                                                          |                7 |             24 |         3.43 |
|  dac_axi_clk                                   | i_asg/chA/inst_axi_dac/inst_asg_dat_fifo/U0/inst_fifo_gen/gconvfifo.rf/grf.rf/gntv_or_sync_fifo.gl0.wr/gwas.wsts/E[0]                              | i_asg/chA/inst_axi_dac/inst_asg_dat_fifo/U0/inst_fifo_gen/gconvfifo.rf/grf.rf/rstblk/ngwrdrst.grst.g7serrst.gsckt_wrst.gic_rst.sckt_wr_rst_ic_reg_0 |                4 |             24 |         6.00 |
|  ps/system_i/processing_system7/inst/FCLK_CLK3 | ps/system_i/axi_protocol_converter_0/inst/gen_axilite.gen_b2s_conv.axilite_b2s/WR.aw_channel_0/aw_cmd_fsm_0/FSM_sequential_state_reg[0]_1          |                                                                                                                                                     |               10 |             24 |         2.40 |
|  dac_axi_clk                                   | i_asg/chB/inst_axi_dac/inst_asg_dat_fifo/U0/inst_fifo_gen/gconvfifo.rf/grf.rf/gntv_or_sync_fifo.gl0.wr/gwas.wsts/E[0]                              | i_asg/chB/inst_axi_dac/inst_asg_dat_fifo/U0/inst_fifo_gen/gconvfifo.rf/grf.rf/rstblk/ngwrdrst.grst.g7serrst.gsckt_wrst.gic_rst.sckt_wr_rst_ic_reg_0 |                5 |             24 |         4.80 |
|  adc_clk                                       | i_scope/genblk1[0].i_dec/dec_avg_div/cnt                                                                                                           | i_scope/genblk1[0].i_dec/dec_avg_div/reg_Y                                                                                                          |                7 |             24 |         3.43 |
|  adc_clk                                       | sys_bus_interconnect/for_bus[1].inst_sys_bus_cdc/E[1]                                                                                              | i_scope/i_cfg/adc_rstn_reg                                                                                                                          |               14 |             25 |         1.79 |
|  adc_clk                                       | sys_bus_interconnect/for_bus[1].inst_sys_bus_cdc/bus_m\\.addr_reg[0]_1[1]                                                                          | i_scope/i_cfg/adc_rstn_reg                                                                                                                          |               12 |             25 |         2.08 |
|  adc_clk                                       | sys_bus_interconnect/for_bus[1].inst_sys_bus_cdc/E[0]                                                                                              | i_scope/i_cfg/adc_rstn_reg                                                                                                                          |               10 |             25 |         2.50 |
|  adc_clk                                       | sys_bus_interconnect/for_bus[1].inst_sys_bus_cdc/bus_m\\.addr_reg[0]_1[0]                                                                          | i_scope/i_cfg/adc_rstn_reg                                                                                                                          |               13 |             25 |         1.92 |
|  adc_clk                                       | sys_bus_interconnect/for_bus[1].inst_sys_bus_cdc/bus_m\\.addr_reg[3]_4[0]                                                                          | i_scope/i_cfg/adc_rstn_reg                                                                                                                          |                5 |             25 |         5.00 |
|  adc_clk                                       | sys_bus_interconnect/for_bus[1].inst_sys_bus_cdc/bus_m\\.addr_reg[3]_4[1]                                                                          | i_scope/i_cfg/adc_rstn_reg                                                                                                                          |                8 |             25 |         3.12 |
|  ps/system_i/processing_system7/inst/FCLK_CLK3 | ps/system_i/xadc/inst/AXI_LITE_IPIF_I/I_SLAVE_ATTACHMENT/I_DECODER/start                                                                           | ps/system_i/xadc/inst/AXI_LITE_IPIF_I/I_SLAVE_ATTACHMENT/I_DECODER/cs_ce_clr                                                                        |                8 |             25 |         3.12 |
|  ps/system_i/processing_system7/inst/FCLK_CLK3 |                                                                                                                                                    | ps/system_i/xadc/inst/AXI_LITE_IPIF_I/I_SLAVE_ATTACHMENT/SR[0]                                                                                      |                8 |             26 |         3.25 |
|  adc_clk                                       | i_scope/genblk1[1].i_dly/adc_wp_o0                                                                                                                 | i_scope/i_cfg/genblk1[0].adc_rst_do_reg[0]_5[0]                                                                                                     |                9 |             28 |         3.11 |
|  adc_clk                                       | i_scope/genblk1[0].i_dly/adc_wp_o0                                                                                                                 | i_scope/i_cfg/SR[0]                                                                                                                                 |                8 |             28 |         3.50 |
|  adc_clk                                       | sys_bus_interconnect/for_bus[4].inst_sys_bus_cdc/bus_m\\.addr0                                                                                     |                                                                                                                                                     |                6 |             28 |         4.67 |
|  adc_clk                                       | sys_bus_interconnect/for_bus[2].inst_sys_bus_cdc/bus_m\\.addr_reg[8]_0[0]                                                                          | i_scope/i_cfg/adc_rstn_reg                                                                                                                          |                5 |             28 |         5.60 |
|  adc_clk                                       | sys_bus_interconnect/for_bus[2].inst_sys_bus_cdc/bus_m\\.addr_reg[4]_1[0]                                                                          | i_scope/i_cfg/adc_rstn_reg                                                                                                                          |                7 |             28 |         4.00 |
|  adc_clk                                       | sys_bus_interconnect/for_bus[0].inst_sys_bus_cdc/bus_m\\.addr0                                                                                     |                                                                                                                                                     |                7 |             28 |         4.00 |
|  adc_clk                                       | sys_bus_interconnect/for_bus[2].inst_sys_bus_cdc/adc_rstn_reg[0]                                                                                   |                                                                                                                                                     |               10 |             28 |         2.80 |
|  adc_clk                                       | i_hk/i_freq_meter/mes_freq_ltch0                                                                                                                   | i_scope/i_cfg/adc_rstn_reg                                                                                                                          |                5 |             29 |         5.80 |
|  dac_clk_1x                                    |                                                                                                                                                    |                                                                                                                                                     |               15 |             29 |         1.93 |
|  adc_clk                                       |                                                                                                                                                    | i_hk/i_freq_meter/mes_freq_cnt[0]_i_1_n_0                                                                                                           |                8 |             29 |         3.62 |
|  i_daisy/i_rx/CLK                              |                                                                                                                                                    | i_daisy/i_rx/clear_0                                                                                                                                |                4 |             29 |         7.25 |
|  adc_clk                                       | sys_bus_interconnect/for_bus[2].inst_sys_bus_cdc/bus_m\\.addr_reg[8]_3[0]                                                                          | i_scope/i_cfg/adc_rstn_reg                                                                                                                          |                7 |             30 |         4.29 |
|  adc_clk                                       | i_asg/chA/inst_axi_dac/set_a_rst_reg_2[0]                                                                                                          | i_scope/i_cfg/adc_rstn_reg                                                                                                                          |                9 |             30 |         3.33 |
|  adc_clk                                       | i_asg/chB/inst_axi_dac/dac_do_reg_1[0]                                                                                                             | i_scope/i_cfg/adc_rstn_reg                                                                                                                          |                9 |             30 |         3.33 |
|  adc_clk                                       | sys_bus_interconnect/for_bus[2].inst_sys_bus_cdc/bus_m\\.addr_reg[7]_0[0]                                                                          | i_scope/i_cfg/adc_rstn_reg                                                                                                                          |               10 |             30 |         3.00 |
|  adc_clk                                       | i_scope/genblk1[1].i_axi_sm/p_0_in1_in                                                                                                             | sys_bus_interconnect/for_bus[1].inst_sys_bus_cdc/adc_rstn_reg_0[0]                                                                                  |                9 |             31 |         3.44 |
|  adc_clk                                       | i_scope/genblk1[0].i_axi_sm/p_0_in1_in                                                                                                             | sys_bus_interconnect/for_bus[1].inst_sys_bus_cdc/adc_rstn_reg[0]                                                                                    |               10 |             31 |         3.10 |
|  adc_clk                                       | sys_bus_interconnect/for_bus[2].inst_sys_bus_cdc/bus_m\\.addr_reg[5]_6[0]                                                                          | i_scope/i_cfg/adc_rstn_reg                                                                                                                          |               10 |             32 |         3.20 |
|  adc_clk                                       | i_asg/chB/inst_axi_dac/dac_pnt[31]_i_1__2_n_0                                                                                                      |                                                                                                                                                     |               10 |             32 |         3.20 |
|  adc_clk                                       | sys_bus_interconnect/for_bus[2].inst_sys_bus_cdc/bus_m\\.addr_reg[8]_4[0]                                                                          | i_scope/i_cfg/adc_rstn_reg                                                                                                                          |               12 |             32 |         2.67 |
|  adc_clk                                       | i_scope/genblk1[1].i_axi_sm/axi_dly_cnt[0]_i_1__0_n_0                                                                                              | i_scope/i_cfg/adc_rstn_reg                                                                                                                          |                8 |             32 |         4.00 |
|  adc_clk                                       | sys_bus_interconnect/for_bus[2].inst_sys_bus_cdc/bus_m\\.addr_reg[8]_14[0]                                                                         | i_scope/i_cfg/adc_rstn_reg                                                                                                                          |                8 |             32 |         4.00 |
|  adc_clk                                       | sys_bus_interconnect/for_bus[2].inst_sys_bus_cdc/bus_m\\.addr_reg[8]_13[0]                                                                         | i_scope/i_cfg/adc_rstn_reg                                                                                                                          |                8 |             32 |         4.00 |
|  adc_clk                                       | sys_bus_interconnect/for_bus[2].inst_sys_bus_cdc/bus_m\\.addr_reg[8]_1[0]                                                                          | i_scope/i_cfg/adc_rstn_reg                                                                                                                          |               10 |             32 |         3.20 |
|  adc_clk                                       | sys_bus_interconnect/for_bus[2].inst_sys_bus_cdc/bus_m\\.addr_reg[6]_1[0]                                                                          | i_scope/i_cfg/adc_rstn_reg                                                                                                                          |                9 |             32 |         3.56 |
|  adc_clk                                       | sys_bus_interconnect/for_bus[2].inst_sys_bus_cdc/reg_write_reg_0[0]                                                                                | i_scope/i_cfg/adc_rstn_reg                                                                                                                          |                8 |             32 |         4.00 |
|  adc_clk                                       | sys_bus_interconnect/for_bus[2].inst_sys_bus_cdc/bus_m\\.addr_reg[5]_5[0]                                                                          | i_scope/i_cfg/adc_rstn_reg                                                                                                                          |               10 |             32 |         3.20 |
|  adc_clk                                       | sys_bus_interconnect/for_bus[2].inst_sys_bus_cdc/bus_m\\.addr_reg[5]_4[0]                                                                          | i_scope/i_cfg/adc_rstn_reg                                                                                                                          |                9 |             32 |         3.56 |
|  ps/O[0]                                       | ps/axi_slave_gp0/wr_wdata                                                                                                                          |                                                                                                                                                     |               11 |             32 |         2.91 |
|  adc_clk                                       | sys_bus_interconnect/for_bus[2].inst_sys_bus_cdc/bus_m\\.addr_reg[5]_0[0]                                                                          | i_scope/i_cfg/adc_rstn_reg                                                                                                                          |                9 |             32 |         3.56 |
|  adc_clk                                       | i_scope/genblk1[0].i_bram_sm/adc_dly_cnt[0]_i_1_n_0                                                                                                | i_scope/i_cfg/adc_rstn_reg                                                                                                                          |                8 |             32 |         4.00 |
|  adc_clk                                       | sys_bus_interconnect/for_bus[2].inst_sys_bus_cdc/bus_m\\.addr_reg[3]_3[0]                                                                          | i_scope/i_cfg/adc_rstn_reg                                                                                                                          |               18 |             32 |         1.78 |
|  adc_clk                                       | sys_bus_interconnect/for_bus[2].inst_sys_bus_cdc/bus_m\\.addr_reg[3]_1[0]                                                                          | i_scope/i_cfg/adc_rstn_reg                                                                                                                          |               11 |             32 |         2.91 |
|  adc_clk                                       | i_asg/chB/inst_axi_dac/err_cnt[0]_i_2__0_n_0                                                                                                       | i_asg/chB/inst_axi_dac/err_cnt[0]_i_1__0_n_0                                                                                                        |                8 |             32 |         4.00 |
|  adc_clk                                       | i_asg/chB/inst_axi_dac/dly_cnt_reg[0][0]                                                                                                           | i_scope/i_cfg/adc_rstn_reg                                                                                                                          |               13 |             32 |         2.46 |
|  ps/O[0]                                       | ps/system_i/processing_system7/inst/FCLK_RESET0_N                                                                                                  |                                                                                                                                                     |               18 |             32 |         1.78 |
|  dac_axi_clk                                   | i_asg/chA/inst_axi_dac/i_rdburst/rd_addr_o[0]_i_1_n_0                                                                                              |                                                                                                                                                     |                9 |             32 |         3.56 |
|  ps/O[0]                                       |                                                                                                                                                    | i_hk/i_freq_meter/ref_cnt[0]_i_1_n_0                                                                                                                |                8 |             32 |         4.00 |
|  adc_clk                                       | i_asg/chB/inst_axi_dac/dac_do_reg_1[0]                                                                                                             | i_asg/chB/inst_axi_dac/dac_do_reg_2[0]                                                                                                              |                9 |             32 |         3.56 |
|  adc_clk                                       | i_scope/genblk1[0].i_axi_sm/i_wr0/E[0]                                                                                                             | i_scope/i_cfg/adc_rstn_reg                                                                                                                          |               14 |             32 |         2.29 |
|  adc_clk                                       | i_scope/genblk1[0].i_axi_sm/axi_dly_cnt[0]_i_1_n_0                                                                                                 | i_scope/i_cfg/adc_rstn_reg                                                                                                                          |                8 |             32 |         4.00 |
|  ps/system_i/processing_system7/inst/FCLK_CLK3 | ps/system_i/axi_protocol_converter_0/inst/gen_axilite.gen_b2s_conv.axilite_b2s/SI_REG/aw.aw_pipe/s_ready_i_reg_0                                   |                                                                                                                                                     |               10 |             32 |         3.20 |
|  ps/system_i/processing_system7/inst/FCLK_CLK3 | ps/system_i/axi_protocol_converter_0/inst/gen_axilite.gen_b2s_conv.axilite_b2s/SI_REG/ar.ar_pipe/s_ready_i_reg_0                                   |                                                                                                                                                     |                7 |             32 |         4.57 |
|  adc_clk                                       | sys_bus_interconnect/for_bus[2].inst_sys_bus_cdc/bus_m\\.addr_reg[8]_6[0]                                                                          | i_scope/i_cfg/adc_rstn_reg                                                                                                                          |                8 |             32 |         4.00 |
|  adc_clk                                       |                                                                                                                                                    | i_asg/chB/inst_axi_dac/sec_cnt[0]_i_1__0_n_0                                                                                                        |                8 |             32 |         4.00 |
|  dac_axi_clk                                   | i_asg/chB/inst_axi_dac/i_rdburst/rd_addr_o[0]_i_1__0_n_0                                                                                           |                                                                                                                                                     |                9 |             32 |         3.56 |
|  i_daisy/i_rx/CLK                              | i_daisy/genblk3[0].i_test/rx_err_inc                                                                                                               | i_daisy/genblk3[0].i_test/rx_err_cnt[0]_i_1_n_0                                                                                                     |                8 |             32 |         4.00 |
|  i_daisy/i_rx/CLK                              | i_daisy/genblk3[0].i_test/rx_dat_inc                                                                                                               | i_daisy/genblk3[0].i_test/rx_dat_cnt[0]_i_1_n_0                                                                                                     |                8 |             32 |         4.00 |
|  adc_clk                                       | i_scope/genblk1[1].i_axi_sm/i_wr0/E[0]                                                                                                             | i_scope/i_cfg/adc_rstn_reg                                                                                                                          |               11 |             32 |         2.91 |
|  ps/system_i/processing_system7/inst/FCLK_CLK3 | ps/system_i/axi_protocol_converter_0/inst/gen_axilite.gen_b2s_conv.axilite_b2s/WR.aw_channel_0/aw_cmd_fsm_0/E[0]                                   |                                                                                                                                                     |                7 |             32 |         4.57 |
|  adc_clk                                       | i_asg/chB/inst_axi_dac/dat_fifo_rd                                                                                                                 | i_asg/chB/inst_axi_dac/err_cnt[0]_i_1__0_n_0                                                                                                        |                8 |             32 |         4.00 |
|  adc_clk                                       | i_asg/chA/inst_axi_dac/err_cnt[0]_i_2_n_0                                                                                                          | i_asg/chA/inst_axi_dac/transf_cnt                                                                                                                   |                8 |             32 |         4.00 |
|  adc_clk                                       | sys_bus_interconnect/for_bus[1].inst_sys_bus_cdc/bus_m\\.addr_reg[3]_1[0]                                                                          | i_scope/i_cfg/adc_rstn_reg                                                                                                                          |               10 |             32 |         3.20 |
|  adc_clk                                       | i_scope/genblk1[0].i_dec/dat_got                                                                                                                   | i_scope/i_cfg/adc_rstn_reg                                                                                                                          |                8 |             32 |         4.00 |
|  adc_clk                                       | i_asg/chA/inst_axi_dac/dac_pnt[31]_i_1__0_n_0                                                                                                      |                                                                                                                                                     |                9 |             32 |         3.56 |
|  adc_clk                                       | i_scope/genblk1[1].i_dec/dec_avg_div/reg_X[0][31]_i_1__0_n_0                                                                                       |                                                                                                                                                     |                5 |             32 |         6.40 |
|  adc_clk                                       | sys_bus_interconnect/for_bus[1].inst_sys_bus_cdc/bus_m\\.addr_reg[0]_0[1]                                                                          | i_scope/i_cfg/adc_rstn_reg                                                                                                                          |               11 |             32 |         2.91 |
|  adc_clk                                       | i_scope/genblk1[1].i_dec/dat_got                                                                                                                   | i_scope/i_cfg/adc_rstn_reg                                                                                                                          |                8 |             32 |         4.00 |
|  adc_clk                                       | i_scope/i_cfg/E[0]                                                                                                                                 | i_scope/i_cfg/adc_rstn_reg                                                                                                                          |                6 |             32 |         5.33 |
|  ps/system_i/processing_system7/inst/FCLK_CLK3 | ps/system_i/axi_protocol_converter_0/inst/gen_axilite.gen_b2s_conv.axilite_b2s/RD.ar_channel_0/ar_cmd_fsm_0/m_valid_i_reg[0]                       |                                                                                                                                                     |                6 |             32 |         5.33 |
|  adc_clk                                       | sys_bus_interconnect/for_bus[1].inst_sys_bus_cdc/bus_m\\.addr_reg[3]_1[1]                                                                          | i_scope/i_cfg/adc_rstn_reg                                                                                                                          |               10 |             32 |         3.20 |
|  adc_clk                                       | sys_bus_interconnect/for_bus[2].inst_sys_bus_cdc/bus_m\\.addr_reg[2]_3[0]                                                                          | i_scope/i_cfg/adc_rstn_reg                                                                                                                          |               10 |             32 |         3.20 |
|  adc_clk                                       | i_scope/i_cfg/dat_got_i_3__0_0[0]                                                                                                                  | i_scope/i_cfg/adc_rstn_reg                                                                                                                          |                7 |             32 |         4.57 |
|  adc_clk                                       | i_asg/chA/inst_axi_dac/dly_cnt_reg[0][0]                                                                                                           | i_scope/i_cfg/adc_rstn_reg                                                                                                                          |               12 |             32 |         2.67 |
|  adc_clk                                       | sys_bus_interconnect/for_bus[1].inst_sys_bus_cdc/bus_m\\.addr_reg[2]_0[1]                                                                          | i_scope/i_cfg/adc_rstn_reg                                                                                                                          |                7 |             32 |         4.57 |
|  adc_clk                                       | sys_bus_interconnect/for_bus[1].inst_sys_bus_cdc/bus_m\\.addr_reg[2]_0[0]                                                                          | i_scope/i_cfg/adc_rstn_reg                                                                                                                          |               10 |             32 |         3.20 |
|  adc_clk                                       | sys_bus_interconnect/for_bus[1].inst_sys_bus_cdc/bus_m\\.addr_reg[0]_2[1]                                                                          | i_scope/i_cfg/adc_rstn_reg                                                                                                                          |               12 |             32 |         2.67 |
|  adc_clk                                       | sys_bus_interconnect/for_bus[1].inst_sys_bus_cdc/bus_m\\.addr_reg[0]_2[0]                                                                          | i_scope/i_cfg/adc_rstn_reg                                                                                                                          |               12 |             32 |         2.67 |
|  adc_clk                                       | i_asg/chA/inst_axi_dac/set_a_rst_reg_2[0]                                                                                                          | i_asg/chA/inst_axi_dac/set_a_rst_reg_1[0]                                                                                                           |               10 |             32 |         3.20 |
|  adc_clk                                       | i_scope/genblk1[0].i_dec/dec_avg_div/reg_X[0][31]_i_1_n_0                                                                                          |                                                                                                                                                     |                5 |             32 |         6.40 |
|  adc_clk                                       | i_scope/genblk1[0].i_bram_sm/adc_we_cnt_o0                                                                                                         | i_scope/i_cfg/adc_rstn_reg_1                                                                                                                        |                8 |             32 |         4.00 |
|  adc_clk                                       | sys_bus_interconnect/for_bus[2].inst_sys_bus_cdc/bus_m\\.addr_reg[2]_1[0]                                                                          | i_scope/i_cfg/adc_rstn_reg                                                                                                                          |               10 |             32 |         3.20 |
|  adc_clk                                       | sys_bus_interconnect/for_bus[2].inst_sys_bus_cdc/bus_m\\.addr_reg[2]_0[0]                                                                          | i_scope/i_cfg/adc_rstn_reg                                                                                                                          |                7 |             32 |         4.57 |
|  adc_clk                                       | i_scope/genblk1[1].i_bram_sm/adc_dly_cnt[0]_i_1__0_n_0                                                                                             | i_scope/i_cfg/adc_rstn_reg                                                                                                                          |                8 |             32 |         4.00 |
|  adc_clk                                       | sys_bus_interconnect/for_bus[2].inst_sys_bus_cdc/bus_m\\.addr_reg[0]_2[0]                                                                          | i_scope/i_cfg/adc_rstn_reg                                                                                                                          |               18 |             32 |         1.78 |
|  adc_clk                                       |                                                                                                                                                    | sys_bus_interconnect/for_bus[5].inst_sys_bus_cdc/bus_m\\.addr_reg[17]_0                                                                             |               13 |             32 |         2.46 |
|  adc_clk                                       | sys_bus_interconnect/for_bus[2].inst_sys_bus_cdc/bus_m\\.addr_reg[0]_1[0]                                                                          | i_scope/i_cfg/adc_rstn_reg                                                                                                                          |                7 |             32 |         4.57 |
|  adc_clk                                       | i_scope/genblk1[1].i_bram_sm/adc_we_cnt_o0                                                                                                         | i_scope/i_cfg/adc_rstn_reg_3                                                                                                                        |                8 |             32 |         4.00 |
|  ps/system_i/processing_system7/inst/FCLK_CLK3 | ps/system_i/axi_register_slice_0/inst/ar.ar_pipe/m_payload_i[61]_i_1__0_n_0                                                                        |                                                                                                                                                     |                8 |             32 |         4.00 |
|  adc_clk                                       |                                                                                                                                                    | i_asg/chA/inst_axi_dac/sec_cnt[0]_i_1_n_0                                                                                                           |                8 |             32 |         4.00 |
|  ps/system_i/processing_system7/inst/FCLK_CLK3 | ps/system_i/axi_register_slice_0/inst/aw.aw_pipe/m_payload_i[61]_i_1_n_0                                                                           |                                                                                                                                                     |                8 |             32 |         4.00 |
|  adc_clk                                       | i_asg/chA/inst_axi_dac/dat_fifo_rd                                                                                                                 | i_asg/chA/inst_axi_dac/transf_cnt                                                                                                                   |                8 |             32 |         4.00 |
|  adc_clk                                       | sys_bus_interconnect/for_bus[1].inst_sys_bus_cdc/bus_m\\.addr_reg[0]_0[0]                                                                          | i_scope/i_cfg/adc_rstn_reg                                                                                                                          |               11 |             32 |         2.91 |
|  ps/system_i/processing_system7/inst/FCLK_CLK3 | ps/system_i/axi_protocol_converter_0/inst/gen_axilite.gen_b2s_conv.axilite_b2s/SI_REG/r.r_pipe/s_ready_i_reg_0                                     |                                                                                                                                                     |                9 |             33 |         3.67 |
|  ps/system_i/processing_system7/inst/FCLK_CLK3 | ps/system_i/axi_protocol_converter_0/inst/gen_axilite.gen_b2s_conv.axilite_b2s/SI_REG/r.r_pipe/p_1_in                                              |                                                                                                                                                     |                7 |             33 |         4.71 |
|  ps/system_i/processing_system7/inst/FCLK_CLK3 | ps/system_i/axi_register_slice_0/inst/r.r_pipe/s_ready_i_reg_0                                                                                     |                                                                                                                                                     |               11 |             33 |         3.00 |
|  ps/system_i/processing_system7/inst/FCLK_CLK3 | ps/system_i/axi_register_slice_0/inst/r.r_pipe/p_1_in_0                                                                                            |                                                                                                                                                     |               10 |             33 |         3.30 |
|  ps/O[0]                                       | ps/axi_slave_gp0/rd_arid                                                                                                                           |                                                                                                                                                     |                7 |             35 |         5.00 |
|  ps/O[0]                                       | ps/axi_slave_gp0/wr_awid                                                                                                                           |                                                                                                                                                     |               11 |             35 |         3.18 |
|  dac_axi_clk                                   | i_asg/chA/inst_axi_dac/i_rdburst/dac_axi_rstn_reg[0]                                                                                               |                                                                                                                                                     |                7 |             36 |         5.14 |
|  dac_axi_clk                                   | i_asg/chA/inst_axi_dac/rf_rd_sr[1]                                                                                                                 |                                                                                                                                                     |                7 |             36 |         5.14 |
|  dac_axi_clk                                   | i_asg/chB/inst_axi_dac/rf_rd_sr[1]                                                                                                                 |                                                                                                                                                     |                9 |             36 |         4.00 |
|  adc_clk                                       | ps/axi_master_0/axi_awaddr_o0_in                                                                                                                   | ps/axi_master_0/axi_awaddr_o[31]_i_1_n_0                                                                                                            |                6 |             36 |         6.00 |
|  dac_axi_clk                                   | i_asg/chA/inst_axi_dac/rf_rd_sr__0[0]                                                                                                              |                                                                                                                                                     |               12 |             36 |         3.00 |
|  dac_axi_clk                                   | i_asg/chB/inst_axi_dac/i_rdburst/dac_axi_rstn_reg[0]                                                                                               |                                                                                                                                                     |                7 |             36 |         5.14 |
|  adc_clk                                       | ps/axi_master_1/axi_awaddr_o0_in                                                                                                                   | ps/axi_master_1/axi_awaddr_o[31]_i_1__0_n_0                                                                                                         |                6 |             36 |         6.00 |
|  dac_axi_clk                                   | i_asg/chB/inst_axi_dac/rf_rd_sr__0[0]                                                                                                              |                                                                                                                                                     |                6 |             36 |         6.00 |
|  adc_clk                                       | sys_bus_interconnect/for_bus[5].inst_sys_bus_cdc/bus_m\\.addr0                                                                                     |                                                                                                                                                     |               11 |             39 |         3.55 |
|  adc_clk                                       | sys_bus_interconnect/for_bus[3].inst_sys_bus_cdc/bus_m\\.addr0                                                                                     |                                                                                                                                                     |               19 |             50 |         2.63 |
|  adc_clk                                       | ps/axi_master_0/axi_awfifo_reg_0_15_0_5_i_1_n_0                                                                                                    |                                                                                                                                                     |                7 |             50 |         7.14 |
|  adc_clk                                       | ps/axi_master_1/axi_awfifo_reg_0_15_0_5_i_1__0_n_0                                                                                                 |                                                                                                                                                     |                7 |             50 |         7.14 |
|  ps/O[0]                                       |                                                                                                                                                    | ps/bbstub_FCLK_RESET0_N                                                                                                                             |               15 |             52 |         3.47 |
|  adc_clk                                       | sys_bus_interconnect/for_bus[2].inst_sys_bus_cdc/bus_m\\.addr0                                                                                     |                                                                                                                                                     |               15 |             56 |         3.73 |
|  adc_clk                                       | i_hk/dna_value0                                                                                                                                    | i_scope/i_cfg/adc_rstn_reg                                                                                                                          |               12 |             57 |         4.75 |
|  adc_clk                                       | sys_bus_interconnect/for_bus[1].inst_sys_bus_cdc/bus_m\\.addr0                                                                                     |                                                                                                                                                     |               15 |             57 |         3.80 |
|  adc_clk                                       | i_scope/genblk1[1].i_axi_sm/i_wr0/next_address                                                                                                     |                                                                                                                                                     |               19 |             62 |         3.26 |
|  adc_clk                                       | i_scope/genblk1[0].i_axi_sm/i_wr0/next_address                                                                                                     |                                                                                                                                                     |               19 |             62 |         3.26 |
|  adc_clk                                       | i_scope/genblk1[1].i_dec/dec_avg_div/pipe_loop[1].reg_X[1][31]_i_1__0_n_0                                                                          |                                                                                                                                                     |               11 |             63 |         5.73 |
|  adc_clk                                       | i_scope/genblk1[0].i_dec/dec_avg_div/pipe_loop[1].reg_X[1][31]_i_1_n_0                                                                             |                                                                                                                                                     |               12 |             63 |         5.25 |
|  dac_axi_clk                                   | ps/axi_master_2/sys_rdata_o[63]_i_1_n_0                                                                                                            |                                                                                                                                                     |               11 |             64 |         5.82 |
|  adc_clk                                       | ps/axi_master_1/axi_wdata_o0_in                                                                                                                    | ps/axi_master_1/axi_wdata_o[63]_i_1__0_n_0                                                                                                          |               11 |             64 |         5.82 |
|  adc_clk                                       | i_scope/genblk1[0].i_axi_sm/i_wr0/clear                                                                                                            |                                                                                                                                                     |               24 |             64 |         2.67 |
|  adc_clk                                       | i_asg/chA/E[0]                                                                                                                                     | i_scope/i_cfg/adc_rstn_reg                                                                                                                          |               22 |             64 |         2.91 |
|  adc_clk                                       | ps/axi_master_0/axi_wdata_o0_in                                                                                                                    | ps/axi_master_0/axi_wdata_o[63]_i_1_n_0                                                                                                             |               11 |             64 |         5.82 |
|  dac_axi_clk                                   | ps/axi_master_3/sys_rdata_o[63]_i_1__0_n_0                                                                                                         |                                                                                                                                                     |               11 |             64 |         5.82 |
|  adc_clk                                       | i_asg/chB/inst_axi_dac/err_cnt                                                                                                                     | i_scope/i_cfg/adc_rstn_reg                                                                                                                          |               18 |             64 |         3.56 |
|  adc_clk                                       | i_scope/genblk1[1].i_axi_sm/i_wr0/clear                                                                                                            |                                                                                                                                                     |               16 |             64 |         4.00 |
|  adc_clk                                       | i_asg/chB/trig_in                                                                                                                                  | i_scope/i_cfg/adc_rstn_reg                                                                                                                          |               21 |             64 |         3.05 |
|  adc_clk                                       | i_asg/chA/inst_axi_dac/err_cnt                                                                                                                     | i_scope/i_cfg/adc_rstn_reg                                                                                                                          |               17 |             64 |         3.76 |
|  adc_clk                                       | i_scope/genblk1[1].i_axi_sm/axi_dat_fifo                                                                                                           |                                                                                                                                                     |               10 |             75 |         7.50 |
|  adc_clk                                       | i_scope/genblk1[1].i_axi_sm/axi_fifo_rd                                                                                                            | i_scope/i_cfg/adc_rstn_reg                                                                                                                          |               10 |             75 |         7.50 |
|  adc_clk                                       | i_scope/genblk1[0].i_axi_sm/axi_fifo_rd                                                                                                            | i_scope/i_cfg/adc_rstn_reg                                                                                                                          |               10 |             75 |         7.50 |
|  adc_clk                                       | i_scope/genblk1[0].i_axi_sm/axi_dat_fifo                                                                                                           |                                                                                                                                                     |               10 |             75 |         7.50 |
|  adc_clk                                       |                                                                                                                                                    | i_scope/i_cfg/adc_rstn_reg_0                                                                                                                        |               24 |             85 |         3.54 |
|  adc_clk                                       |                                                                                                                                                    | i_scope/i_cfg/genblk1[0].filt_coef_wr_reg_0                                                                                                         |               16 |             85 |         5.31 |
|  dac_axi_clk                                   | ps/axi_master_3/axi_rfifo_reg_0_15_0_5_i_1__0_n_0                                                                                                  |                                                                                                                                                     |               11 |             88 |         8.00 |
|  dac_axi_clk                                   | ps/axi_master_2/axi_rfifo_reg_0_15_0_5_i_1_n_0                                                                                                     |                                                                                                                                                     |               11 |             88 |         8.00 |
|  adc_clk                                       | ps/axi_master_0/axi_wfifo_reg_0_15_0_5_i_1_n_0                                                                                                     |                                                                                                                                                     |               13 |             98 |         7.54 |
|  adc_clk                                       | ps/axi_master_1/axi_wfifo_reg_0_15_0_5_i_1__0_n_0                                                                                                  |                                                                                                                                                     |               13 |             98 |         7.54 |
|  i_daisy/i_rx/CLK                              |                                                                                                                                                    |                                                                                                                                                     |               27 |            109 |         4.04 |
|  adc_clk                                       |                                                                                                                                                    | i_asg/chA/i_rand/lfsrs[0].lfsr_reg1__0                                                                                                              |               20 |            112 |         5.60 |
|  adc_clk                                       |                                                                                                                                                    | i_asg/chB/i_rand/lfsrs[0].lfsr_reg[63]_i_1__0_n_0                                                                                                   |               20 |            113 |         5.65 |
|  ps/system_i/processing_system7/inst/FCLK_CLK3 |                                                                                                                                                    | ps/system_i/xadc/inst/AXI_LITE_IPIF_I/I_SLAVE_ATTACHMENT/reset2ip_reset                                                                             |               30 |            115 |         3.83 |
|  ps/system_i/processing_system7/inst/FCLK_CLK3 |                                                                                                                                                    |                                                                                                                                                     |               36 |            119 |         3.31 |
|  adc_clk                                       | adc_rstn_reg_n_0                                                                                                                                   |                                                                                                                                                     |               77 |            214 |         2.78 |
|  dac_axi_clk                                   |                                                                                                                                                    |                                                                                                                                                     |               74 |            345 |         4.66 |
|  adc_clk                                       |                                                                                                                                                    | i_scope/i_cfg/adc_rstn_reg                                                                                                                          |              257 |            961 |         3.74 |
|  adc_clk                                       |                                                                                                                                                    |                                                                                                                                                     |              346 |           1623 |         4.69 |
+------------------------------------------------+----------------------------------------------------------------------------------------------------------------------------------------------------+-----------------------------------------------------------------------------------------------------------------------------------------------------+------------------+----------------+--------------+


