Copyright 1986-2020 Xilinx, Inc. All Rights Reserved.
-----------------------------------------------------------------------------------------------------------------------------------------------------------------------------------------------------------------
| Tool Version : Vivado v.2020.1 (lin64) Build 2902540 Wed May 27 19:54:35 MDT 2020
| Date         : Wed May 20 10:20:49 2026
| Host         : LoloVictus running 64-bit Ubuntu 20.04.3 LTS
| Command      : report_timing_summary -max_paths 10 -file red_pitaya_top_timing_summary_routed.rpt -pb red_pitaya_top_timing_summary_routed.pb -rpx red_pitaya_top_timing_summary_routed.rpx -warn_on_violation
| Design       : red_pitaya_top
| Device       : 7z010-clg400
| Speed File   : -1  PRODUCTION 1.12 2019-11-22
-----------------------------------------------------------------------------------------------------------------------------------------------------------------------------------------------------------------

Timing Summary Report

------------------------------------------------------------------------------------------------
| Timer Settings
| --------------
------------------------------------------------------------------------------------------------

  Enable Multi Corner Analysis               :  Yes
  Enable Pessimism Removal                   :  Yes
  Pessimism Removal Resolution               :  Nearest Common Node
  Enable Input Delay Default Clock           :  No
  Enable Preset / Clear Arcs                 :  No
  Disable Flight Delays                      :  No
  Ignore I/O Paths                           :  No
  Timing Early Launch at Borrowing Latches   :  No
  Borrow Time for Max Delay Exceptions       :  Yes
  Merge Timing Exceptions                    :  Yes

  Corner  Analyze    Analyze    
  Name    Max Paths  Min Paths  
  ------  ---------  ---------  
  Slow    Yes        Yes        
  Fast    Yes        Yes        



check_timing report

Table of Contents
-----------------
1. checking no_clock (52)
2. checking constant_clock (0)
3. checking pulse_width_clock (0)
4. checking unconstrained_internal_endpoints (19)
5. checking no_input_delay (17)
6. checking no_output_delay (50)
7. checking multiple_clock (0)
8. checking generated_clocks (0)
9. checking loops (0)
10. checking partial_input_delay (0)
11. checking partial_output_delay (0)
12. checking latch_loops (0)

1. checking no_clock (52)
-------------------------
 There are 17 register/latch pins with no clock driven by root clock pin: i_daisy/genblk4[0].tx_cfg_sel_reg[1]/Q (HIGH)

 There are 17 register/latch pins with no clock driven by root clock pin: i_daisy/genblk4[0].tx_cfg_sel_reg[2]/Q (HIGH)

 There are 17 register/latch pins with no clock driven by root clock pin: i_hk/daisy_mode_o_reg[0]/Q (HIGH)

 There is 1 register/latch pin with no clock driven by root clock pin: i_hk/dna_clk_reg/Q (HIGH)


2. checking constant_clock (0)
------------------------------
 There are 0 register/latch pins with constant_clock.


3. checking pulse_width_clock (0)
---------------------------------
 There are 0 register/latch pins which need pulse_width check


4. checking unconstrained_internal_endpoints (19)
-------------------------------------------------
 There are 19 pins that are not constrained for maximum delay. (HIGH)

 There are 0 pins that are not constrained for maximum delay due to constant clock.


5. checking no_input_delay (17)
-------------------------------
 There are 17 input ports with no input delay specified. (HIGH)

 There are 0 input ports with no input delay but user has a false path constraint.


6. checking no_output_delay (50)
--------------------------------
 There are 49 ports with no output delay specified. (HIGH)

 There are 0 ports with no output delay but user has a false path constraint

 There is 1 port with no output delay but with a timing clock defined on it or propagating through it (LOW)


7. checking multiple_clock (0)
------------------------------
 There are 0 register/latch pins with multiple clocks.


8. checking generated_clocks (0)
--------------------------------
 There are 0 generated clocks that are not connected to a clock source.


9. checking loops (0)
---------------------
 There are 0 combinational loops in the design.


10. checking partial_input_delay (0)
------------------------------------
 There are 0 input ports with partial input delay specified.


11. checking partial_output_delay (0)
-------------------------------------
 There are 0 ports with partial output delay specified.


12. checking latch_loops (0)
----------------------------
 There are 0 combinational latch loops in the design through latch input



------------------------------------------------------------------------------------------------
| Design Timing Summary
| ---------------------
------------------------------------------------------------------------------------------------

    WNS(ns)      TNS(ns)  TNS Failing Endpoints  TNS Total Endpoints      WHS(ns)      THS(ns)  THS Failing Endpoints  THS Total Endpoints     WPWS(ns)     TPWS(ns)  TPWS Failing Endpoints  TPWS Total Endpoints  
    -------      -------  ---------------------  -------------------      -------      -------  ---------------------  -------------------     --------     --------  ----------------------  --------------------  
     -0.331      -11.012                     86                32338        0.049        0.000                      0                32141        0.750        0.000                       0                 12379  


Timing constraints are not met.


------------------------------------------------------------------------------------------------
| Clock Summary
| -------------
------------------------------------------------------------------------------------------------

Clock             Waveform(ns)         Period(ns)      Frequency(MHz)
-----             ------------         ----------      --------------
adc_clk           {0.000 4.000}        8.000           125.000         
  clk_fb          {0.000 4.000}        8.000           125.000         
  pll_adc_clk     {0.000 4.000}        8.000           125.000         
  pll_dac_clk_1x  {0.000 4.000}        8.000           125.000         
  pll_dac_clk_2p  {-0.500 1.500}       4.000           250.000         
  pll_dac_clk_2x  {0.000 2.000}        4.000           250.000         
  pll_ser_clk     {0.000 2.000}        4.000           250.000         
clk_fpga_0        {0.000 4.000}        8.000           125.000         
clk_fpga_1        {0.000 2.000}        4.000           250.000         
clk_fpga_2        {0.000 10.000}       20.000          50.000          
clk_fpga_3        {0.000 2.500}        5.000           200.000         
dac_clk_o         {0.000 4.000}        8.000           125.000         
rx_clk            {0.000 2.000}        4.000           250.000         
  par_clk         {0.000 4.000}        8.000           125.000         


------------------------------------------------------------------------------------------------
| Intra Clock Table
| -----------------
------------------------------------------------------------------------------------------------

Clock                 WNS(ns)      TNS(ns)  TNS Failing Endpoints  TNS Total Endpoints      WHS(ns)      THS(ns)  THS Failing Endpoints  THS Total Endpoints     WPWS(ns)     TPWS(ns)  TPWS Failing Endpoints  TPWS Total Endpoints  
-----                 -------      -------  ---------------------  -------------------      -------      -------  ---------------------  -------------------     --------     --------  ----------------------  --------------------  
adc_clk                                                                                                                                                             2.000        0.000                       0                     1  
  clk_fb                                                                                                                                                            6.751        0.000                       0                     2  
  pll_adc_clk          -0.331      -11.012                     86                26345        0.049        0.000                      0                26345        2.750        0.000                       0                  9771  
  pll_dac_clk_1x        0.598        0.000                      0                   45        0.187        0.000                      0                   45        3.500        0.000                       0                    47  
  pll_dac_clk_2p                                                                                                                                                    1.845        0.000                       0                     3  
  pll_dac_clk_2x        0.085        0.000                      0                 2860        0.052        0.000                      0                 2860        0.750        0.000                       0                  1075  
  pll_ser_clk                                                                                                                                                       1.845        0.000                       0                     4  
clk_fpga_0              0.604        0.000                      0                  433        0.122        0.000                      0                  433        3.500        0.000                       0                   235  
clk_fpga_3              0.174        0.000                      0                 1969        0.085        0.000                      0                 1969        1.000        0.000                       0                   965  
rx_clk                                                                                                                                                              2.333        0.000                       0                     4  
  par_clk               4.051        0.000                      0                  460        0.118        0.000                      0                  460        3.020        0.000                       0                   272  


------------------------------------------------------------------------------------------------
| Inter Clock Table
| -----------------
------------------------------------------------------------------------------------------------

From Clock      To Clock            WNS(ns)      TNS(ns)  TNS Failing Endpoints  TNS Total Endpoints      WHS(ns)      THS(ns)  THS Failing Endpoints  THS Total Endpoints  
----------      --------            -------      -------  ---------------------  -------------------      -------      -------  ---------------------  -------------------  
pll_dac_clk_2x  pll_adc_clk           2.062        0.000                      0                   24                                                                        
clk_fpga_0      pll_adc_clk           1.923        0.000                      0                  165                                                                        
pll_adc_clk     pll_dac_clk_1x        2.940        0.000                      0                   29        0.135        0.000                      0                   29  
pll_adc_clk     clk_fpga_0            1.078        0.000                      0                   40        0.852        0.000                      0                   32  


------------------------------------------------------------------------------------------------
| Other Path Groups Table
| -----------------------
------------------------------------------------------------------------------------------------

Path Group    From Clock    To Clock          WNS(ns)      TNS(ns)  TNS Failing Endpoints  TNS Total Endpoints      WHS(ns)      THS(ns)  THS Failing Endpoints  THS Total Endpoints  
----------    ----------    --------          -------      -------  ---------------------  -------------------      -------      -------  ---------------------  -------------------  


------------------------------------------------------------------------------------------------
| Timing Details
| --------------
------------------------------------------------------------------------------------------------


---------------------------------------------------------------------------------------------------
From Clock:  adc_clk
  To Clock:  adc_clk

Setup :           NA  Failing Endpoints,  Worst Slack           NA  ,  Total Violation           NA
Hold  :           NA  Failing Endpoints,  Worst Slack           NA  ,  Total Violation           NA
PW    :            0  Failing Endpoints,  Worst Slack        2.000ns,  Total Violation        0.000ns
---------------------------------------------------------------------------------------------------


Pulse Width Checks
--------------------------------------------------------------------------------------
Clock Name:         adc_clk
Waveform(ns):       { 0.000 4.000 }
Period(ns):         8.000
Sources:            { adc_clk_i[1] }

Check Type        Corner  Lib Pin           Reference Pin  Required(ns)  Actual(ns)  Slack(ns)  Location        Pin
Min Period        n/a     PLLE2_ADV/CLKIN1  n/a            1.249         8.000       6.751      PLLE2_ADV_X0Y0  pll/pll/CLKIN1
Max Period        n/a     PLLE2_ADV/CLKIN1  n/a            52.633        8.000       44.633     PLLE2_ADV_X0Y0  pll/pll/CLKIN1
Low Pulse Width   Fast    PLLE2_ADV/CLKIN1  n/a            2.000         4.000       2.000      PLLE2_ADV_X0Y0  pll/pll/CLKIN1
Low Pulse Width   Slow    PLLE2_ADV/CLKIN1  n/a            2.000         4.000       2.000      PLLE2_ADV_X0Y0  pll/pll/CLKIN1
High Pulse Width  Slow    PLLE2_ADV/CLKIN1  n/a            2.000         4.000       2.000      PLLE2_ADV_X0Y0  pll/pll/CLKIN1
High Pulse Width  Fast    PLLE2_ADV/CLKIN1  n/a            2.000         4.000       2.000      PLLE2_ADV_X0Y0  pll/pll/CLKIN1



---------------------------------------------------------------------------------------------------
From Clock:  clk_fb
  To Clock:  clk_fb

Setup :           NA  Failing Endpoints,  Worst Slack           NA  ,  Total Violation           NA
Hold  :           NA  Failing Endpoints,  Worst Slack           NA  ,  Total Violation           NA
PW    :            0  Failing Endpoints,  Worst Slack        6.751ns,  Total Violation        0.000ns
---------------------------------------------------------------------------------------------------


Pulse Width Checks
--------------------------------------------------------------------------------------
Clock Name:         clk_fb
Waveform(ns):       { 0.000 4.000 }
Period(ns):         8.000
Sources:            { pll/pll/CLKFBOUT }

Check Type  Corner  Lib Pin             Reference Pin  Required(ns)  Actual(ns)  Slack(ns)  Location        Pin
Min Period  n/a     PLLE2_ADV/CLKFBOUT  n/a            1.249         8.000       6.751      PLLE2_ADV_X0Y0  pll/pll/CLKFBOUT
Min Period  n/a     PLLE2_ADV/CLKFBIN   n/a            1.249         8.000       6.751      PLLE2_ADV_X0Y0  pll/pll/CLKFBIN
Max Period  n/a     PLLE2_ADV/CLKFBIN   n/a            52.633        8.000       44.633     PLLE2_ADV_X0Y0  pll/pll/CLKFBIN
Max Period  n/a     PLLE2_ADV/CLKFBOUT  n/a            160.000       8.000       152.000    PLLE2_ADV_X0Y0  pll/pll/CLKFBOUT



---------------------------------------------------------------------------------------------------
From Clock:  pll_adc_clk
  To Clock:  pll_adc_clk

Setup :           86  Failing Endpoints,  Worst Slack       -0.331ns,  Total Violation      -11.012ns
Hold  :            0  Failing Endpoints,  Worst Slack        0.049ns,  Total Violation        0.000ns
PW    :            0  Failing Endpoints,  Worst Slack        2.750ns,  Total Violation        0.000ns
---------------------------------------------------------------------------------------------------


Max Delay Paths
--------------------------------------------------------------------------------------
Slack (VIOLATED) :        -0.331ns  (required time - arrival time)
  Source:                 i_asg/chB/dac_do_reg/C
                            (rising edge-triggered cell FDRE clocked by pll_adc_clk  {rise@0.000ns fall@4.000ns period=8.000ns})
  Destination:            i_asg/chB/dac_pnt_reg[49]/D
                            (rising edge-triggered cell FDRE clocked by pll_adc_clk  {rise@0.000ns fall@4.000ns period=8.000ns})
  Path Group:             pll_adc_clk
  Path Type:              Setup (Max at Slow Process Corner)
  Requirement:            8.000ns  (pll_adc_clk rise@8.000ns - pll_adc_clk rise@0.000ns)
  Data Path Delay:        8.110ns  (logic 4.484ns (55.293%)  route 3.626ns (44.707%))
  Logic Levels:           20  (CARRY4=16 LUT2=1 LUT3=1 LUT6=2)
  Clock Path Skew:        -0.184ns (DCD - SCD + CPR)
    Destination Clock Delay (DCD):    5.379ns = ( 13.379 - 8.000 ) 
    Source Clock Delay      (SCD):    5.906ns
    Clock Pessimism Removal (CPR):    0.343ns
  Clock Uncertainty:      0.069ns  ((TSJ^2 + DJ^2)^1/2) / 2 + PE
    Total System Jitter     (TSJ):    0.071ns
    Discrete Jitter          (DJ):    0.118ns
    Phase Error              (PE):    0.000ns

    Location             Delay type                Incr(ns)  Path(ns)    Netlist Resource(s)
  -------------------------------------------------------------------    -------------------
                         (clock pll_adc_clk rise edge)
                                                      0.000     0.000 r  
    U18                                               0.000     0.000 r  adc_clk_i[1] (IN)
                         net (fo=0)                   0.000     0.000    adc_clk_i[1]
    U18                  IBUFDS (Prop_ibufds_I_O)     0.983     0.983 r  i_clk/O
                         net (fo=1, routed)           1.306     2.289    pll/adc_clk_in
    PLLE2_ADV_X0Y0       PLLE2_ADV (Prop_plle2_adv_CLKIN1_CLKOUT0)
                                                      0.089     2.378 r  pll/pll/CLKOUT0
                         net (fo=1, routed)           1.754     4.132    pll_adc_clk
    BUFGCTRL_X0Y0        BUFG (Prop_bufg_I_O)         0.101     4.233 r  bufg_adc_clk/O
                         net (fo=9778, routed)        1.673     5.906    i_asg/chB/adc_clk
    SLICE_X20Y46         FDRE                                         r  i_asg/chB/dac_do_reg/C
  -------------------------------------------------------------------    -------------------
    SLICE_X20Y46         FDRE (Prop_fdre_C_Q)         0.518     6.424 r  i_asg/chB/dac_do_reg/Q
                         net (fo=107, routed)         0.801     7.225    i_asg/chB/dac_do
    SLICE_X19Y44         LUT3 (Prop_lut3_I2_O)        0.124     7.349 r  i_asg/chB/dac_pnt[7]_i_5__0/O
                         net (fo=1, routed)           0.000     7.349    i_asg/chB/dac_pnt[7]_i_5__0_n_0
    SLICE_X19Y44         CARRY4 (Prop_carry4_S[1]_CO[3])
                                                      0.550     7.899 r  i_asg/chB/dac_pnt_reg[7]_i_2__0/CO[3]
                         net (fo=1, routed)           0.000     7.899    i_asg/chB/dac_pnt_reg[7]_i_2__0_n_0
    SLICE_X19Y45         CARRY4 (Prop_carry4_CI_CO[3])
                                                      0.114     8.013 r  i_asg/chB/dac_pnt_reg[11]_i_2__0/CO[3]
                         net (fo=1, routed)           0.000     8.013    i_asg/chB/dac_pnt_reg[11]_i_2__0_n_0
    SLICE_X19Y46         CARRY4 (Prop_carry4_CI_CO[3])
                                                      0.114     8.127 r  i_asg/chB/dac_pnt_reg[15]_i_2__0/CO[3]
                         net (fo=1, routed)           0.000     8.127    i_asg/chB/dac_pnt_reg[15]_i_2__0_n_0
    SLICE_X19Y47         CARRY4 (Prop_carry4_CI_CO[3])
                                                      0.114     8.241 r  i_asg/chB/dac_pnt_reg[19]_i_2__0/CO[3]
                         net (fo=1, routed)           0.000     8.241    i_asg/chB/dac_pnt_reg[19]_i_2__0_n_0
    SLICE_X19Y48         CARRY4 (Prop_carry4_CI_CO[3])
                                                      0.114     8.355 r  i_asg/chB/dac_pnt_reg[23]_i_2__0/CO[3]
                         net (fo=1, routed)           0.000     8.355    i_asg/chB/dac_pnt_reg[23]_i_2__0_n_0
    SLICE_X19Y49         CARRY4 (Prop_carry4_CI_CO[3])
                                                      0.114     8.469 r  i_asg/chB/dac_pnt_reg[27]_i_2__0/CO[3]
                         net (fo=1, routed)           0.001     8.470    i_asg/chB/dac_pnt_reg[27]_i_2__0_n_0
    SLICE_X19Y50         CARRY4 (Prop_carry4_CI_CO[3])
                                                      0.114     8.584 r  i_asg/chB/dac_pnt_reg[31]_i_3__0/CO[3]
                         net (fo=1, routed)           0.000     8.584    i_asg/chB/dac_pnt_reg[31]_i_3__0_n_0
    SLICE_X19Y51         CARRY4 (Prop_carry4_CI_CO[3])
                                                      0.114     8.698 r  i_asg/chB/dac_pnt_reg[35]_i_2__0/CO[3]
                         net (fo=1, routed)           0.000     8.698    i_asg/chB/dac_pnt_reg[35]_i_2__0_n_0
    SLICE_X19Y52         CARRY4 (Prop_carry4_CI_O[1])
                                                      0.334     9.032 r  i_asg/chB/dac_pnt_reg[39]_i_2__0/O[1]
                         net (fo=3, routed)           0.795     9.826    i_asg/chB/dac_pnt_reg[39]_i_2__0_n_6
    SLICE_X18Y51         CARRY4 (Prop_carry4_DI[0]_CO[3])
                                                      0.705    10.531 r  i_asg/chB/dac_pnt_reg[40]_i_2__0/CO[3]
                         net (fo=1, routed)           0.000    10.531    i_asg/chB/dac_pnt_reg[40]_i_2__0_n_0
    SLICE_X18Y52         CARRY4 (Prop_carry4_CI_CO[3])
                                                      0.114    10.645 r  i_asg/chB/dac_pnt_reg[44]_i_2__0/CO[3]
                         net (fo=1, routed)           0.000    10.645    i_asg/chB/dac_pnt_reg[44]_i_2__0_n_0
    SLICE_X18Y53         CARRY4 (Prop_carry4_CI_CO[3])
                                                      0.114    10.759 r  i_asg/chB/dac_pnt_reg[48]_i_2__0/CO[3]
                         net (fo=1, routed)           0.000    10.759    i_asg/chB/dac_pnt_reg[48]_i_2__0_n_0
    SLICE_X18Y54         CARRY4 (Prop_carry4_CI_CO[3])
                                                      0.114    10.873 r  i_asg/chB/dac_pnt_reg[52]_i_2__0/CO[3]
                         net (fo=1, routed)           0.000    10.873    i_asg/chB/dac_pnt_reg[52]_i_2__0_n_0
    SLICE_X18Y55         CARRY4 (Prop_carry4_CI_CO[3])
                                                      0.114    10.987 r  i_asg/chB/dac_pnt_reg[56]_i_2__0/CO[3]
                         net (fo=1, routed)           0.000    10.987    i_asg/chB/dac_pnt_reg[56]_i_2__0_n_0
    SLICE_X18Y56         CARRY4 (Prop_carry4_CI_CO[3])
                                                      0.114    11.101 r  i_asg/chB/dac_pnt_reg[60]_i_2__0/CO[3]
                         net (fo=1, routed)           0.000    11.101    i_asg/chB/dac_pnt_reg[60]_i_2__0_n_0
    SLICE_X18Y57         CARRY4 (Prop_carry4_CI_O[1])
                                                      0.334    11.435 f  i_asg/chB/dac_pnt_reg[61]_i_5__0/O[1]
                         net (fo=5, routed)           0.741    12.176    i_asg/chB/dac_npnt_sub[62]
    SLICE_X20Y51         LUT2 (Prop_lut2_I1_O)        0.303    12.479 r  i_asg/chB/dac_pnt[61]_i_11/O
                         net (fo=1, routed)           0.495    12.974    i_asg/chB/inst_axi_dac/dac_pnt_reg[61]_0
    SLICE_X21Y51         LUT6 (Prop_lut6_I0_O)        0.124    13.098 r  i_asg/chB/inst_axi_dac/dac_pnt[61]_i_4__0/O
                         net (fo=61, routed)          0.793    13.892    i_asg/chB/inst_axi_dac/dac_pnt[61]_i_4__0_n_0
    SLICE_X21Y55         LUT6 (Prop_lut6_I2_O)        0.124    14.016 r  i_asg/chB/inst_axi_dac/dac_pnt[49]_i_1__0/O
                         net (fo=1, routed)           0.000    14.016    i_asg/chB/inst_axi_dac_n_63
    SLICE_X21Y55         FDRE                                         r  i_asg/chB/dac_pnt_reg[49]/D
  -------------------------------------------------------------------    -------------------

                         (clock pll_adc_clk rise edge)
                                                      8.000     8.000 r  
    U18                                               0.000     8.000 r  adc_clk_i[1] (IN)
                         net (fo=0)                   0.000     8.000    adc_clk_i[1]
    U18                  IBUFDS (Prop_ibufds_I_O)     0.940     8.940 r  i_clk/O
                         net (fo=1, routed)           1.181    10.121    pll/adc_clk_in
    PLLE2_ADV_X0Y0       PLLE2_ADV (Prop_plle2_adv_CLKIN1_CLKOUT0)
                                                      0.084    10.205 r  pll/pll/CLKOUT0
                         net (fo=1, routed)           1.594    11.799    pll_adc_clk
    BUFGCTRL_X0Y0        BUFG (Prop_bufg_I_O)         0.091    11.890 r  bufg_adc_clk/O
                         net (fo=9778, routed)        1.489    13.379    i_asg/chB/adc_clk
    SLICE_X21Y55         FDRE                                         r  i_asg/chB/dac_pnt_reg[49]/C
                         clock pessimism              0.343    13.722    
                         clock uncertainty           -0.069    13.653    
    SLICE_X21Y55         FDRE (Setup_fdre_C_D)        0.032    13.685    i_asg/chB/dac_pnt_reg[49]
  -------------------------------------------------------------------
                         required time                         13.685    
                         arrival time                         -14.016    
  -------------------------------------------------------------------
                         slack                                 -0.331    

Slack (VIOLATED) :        -0.327ns  (required time - arrival time)
  Source:                 i_asg/chB/dac_do_reg/C
                            (rising edge-triggered cell FDRE clocked by pll_adc_clk  {rise@0.000ns fall@4.000ns period=8.000ns})
  Destination:            i_asg/chB/dac_pnt_reg[58]/D
                            (rising edge-triggered cell FDRE clocked by pll_adc_clk  {rise@0.000ns fall@4.000ns period=8.000ns})
  Path Group:             pll_adc_clk
  Path Type:              Setup (Max at Slow Process Corner)
  Requirement:            8.000ns  (pll_adc_clk rise@8.000ns - pll_adc_clk rise@0.000ns)
  Data Path Delay:        8.105ns  (logic 4.484ns (55.327%)  route 3.621ns (44.673%))
  Logic Levels:           20  (CARRY4=16 LUT2=1 LUT3=1 LUT6=2)
  Clock Path Skew:        -0.184ns (DCD - SCD + CPR)
    Destination Clock Delay (DCD):    5.379ns = ( 13.379 - 8.000 ) 
    Source Clock Delay      (SCD):    5.906ns
    Clock Pessimism Removal (CPR):    0.343ns
  Clock Uncertainty:      0.069ns  ((TSJ^2 + DJ^2)^1/2) / 2 + PE
    Total System Jitter     (TSJ):    0.071ns
    Discrete Jitter          (DJ):    0.118ns
    Phase Error              (PE):    0.000ns

    Location             Delay type                Incr(ns)  Path(ns)    Netlist Resource(s)
  -------------------------------------------------------------------    -------------------
                         (clock pll_adc_clk rise edge)
                                                      0.000     0.000 r  
    U18                                               0.000     0.000 r  adc_clk_i[1] (IN)
                         net (fo=0)                   0.000     0.000    adc_clk_i[1]
    U18                  IBUFDS (Prop_ibufds_I_O)     0.983     0.983 r  i_clk/O
                         net (fo=1, routed)           1.306     2.289    pll/adc_clk_in
    PLLE2_ADV_X0Y0       PLLE2_ADV (Prop_plle2_adv_CLKIN1_CLKOUT0)
                                                      0.089     2.378 r  pll/pll/CLKOUT0
                         net (fo=1, routed)           1.754     4.132    pll_adc_clk
    BUFGCTRL_X0Y0        BUFG (Prop_bufg_I_O)         0.101     4.233 r  bufg_adc_clk/O
                         net (fo=9778, routed)        1.673     5.906    i_asg/chB/adc_clk
    SLICE_X20Y46         FDRE                                         r  i_asg/chB/dac_do_reg/C
  -------------------------------------------------------------------    -------------------
    SLICE_X20Y46         FDRE (Prop_fdre_C_Q)         0.518     6.424 r  i_asg/chB/dac_do_reg/Q
                         net (fo=107, routed)         0.801     7.225    i_asg/chB/dac_do
    SLICE_X19Y44         LUT3 (Prop_lut3_I2_O)        0.124     7.349 r  i_asg/chB/dac_pnt[7]_i_5__0/O
                         net (fo=1, routed)           0.000     7.349    i_asg/chB/dac_pnt[7]_i_5__0_n_0
    SLICE_X19Y44         CARRY4 (Prop_carry4_S[1]_CO[3])
                                                      0.550     7.899 r  i_asg/chB/dac_pnt_reg[7]_i_2__0/CO[3]
                         net (fo=1, routed)           0.000     7.899    i_asg/chB/dac_pnt_reg[7]_i_2__0_n_0
    SLICE_X19Y45         CARRY4 (Prop_carry4_CI_CO[3])
                                                      0.114     8.013 r  i_asg/chB/dac_pnt_reg[11]_i_2__0/CO[3]
                         net (fo=1, routed)           0.000     8.013    i_asg/chB/dac_pnt_reg[11]_i_2__0_n_0
    SLICE_X19Y46         CARRY4 (Prop_carry4_CI_CO[3])
                                                      0.114     8.127 r  i_asg/chB/dac_pnt_reg[15]_i_2__0/CO[3]
                         net (fo=1, routed)           0.000     8.127    i_asg/chB/dac_pnt_reg[15]_i_2__0_n_0
    SLICE_X19Y47         CARRY4 (Prop_carry4_CI_CO[3])
                                                      0.114     8.241 r  i_asg/chB/dac_pnt_reg[19]_i_2__0/CO[3]
                         net (fo=1, routed)           0.000     8.241    i_asg/chB/dac_pnt_reg[19]_i_2__0_n_0
    SLICE_X19Y48         CARRY4 (Prop_carry4_CI_CO[3])
                                                      0.114     8.355 r  i_asg/chB/dac_pnt_reg[23]_i_2__0/CO[3]
                         net (fo=1, routed)           0.000     8.355    i_asg/chB/dac_pnt_reg[23]_i_2__0_n_0
    SLICE_X19Y49         CARRY4 (Prop_carry4_CI_CO[3])
                                                      0.114     8.469 r  i_asg/chB/dac_pnt_reg[27]_i_2__0/CO[3]
                         net (fo=1, routed)           0.001     8.470    i_asg/chB/dac_pnt_reg[27]_i_2__0_n_0
    SLICE_X19Y50         CARRY4 (Prop_carry4_CI_CO[3])
                                                      0.114     8.584 r  i_asg/chB/dac_pnt_reg[31]_i_3__0/CO[3]
                         net (fo=1, routed)           0.000     8.584    i_asg/chB/dac_pnt_reg[31]_i_3__0_n_0
    SLICE_X19Y51         CARRY4 (Prop_carry4_CI_CO[3])
                                                      0.114     8.698 r  i_asg/chB/dac_pnt_reg[35]_i_2__0/CO[3]
                         net (fo=1, routed)           0.000     8.698    i_asg/chB/dac_pnt_reg[35]_i_2__0_n_0
    SLICE_X19Y52         CARRY4 (Prop_carry4_CI_O[1])
                                                      0.334     9.032 r  i_asg/chB/dac_pnt_reg[39]_i_2__0/O[1]
                         net (fo=3, routed)           0.795     9.826    i_asg/chB/dac_pnt_reg[39]_i_2__0_n_6
    SLICE_X18Y51         CARRY4 (Prop_carry4_DI[0]_CO[3])
                                                      0.705    10.531 r  i_asg/chB/dac_pnt_reg[40]_i_2__0/CO[3]
                         net (fo=1, routed)           0.000    10.531    i_asg/chB/dac_pnt_reg[40]_i_2__0_n_0
    SLICE_X18Y52         CARRY4 (Prop_carry4_CI_CO[3])
                                                      0.114    10.645 r  i_asg/chB/dac_pnt_reg[44]_i_2__0/CO[3]
                         net (fo=1, routed)           0.000    10.645    i_asg/chB/dac_pnt_reg[44]_i_2__0_n_0
    SLICE_X18Y53         CARRY4 (Prop_carry4_CI_CO[3])
                                                      0.114    10.759 r  i_asg/chB/dac_pnt_reg[48]_i_2__0/CO[3]
                         net (fo=1, routed)           0.000    10.759    i_asg/chB/dac_pnt_reg[48]_i_2__0_n_0
    SLICE_X18Y54         CARRY4 (Prop_carry4_CI_CO[3])
                                                      0.114    10.873 r  i_asg/chB/dac_pnt_reg[52]_i_2__0/CO[3]
                         net (fo=1, routed)           0.000    10.873    i_asg/chB/dac_pnt_reg[52]_i_2__0_n_0
    SLICE_X18Y55         CARRY4 (Prop_carry4_CI_CO[3])
                                                      0.114    10.987 r  i_asg/chB/dac_pnt_reg[56]_i_2__0/CO[3]
                         net (fo=1, routed)           0.000    10.987    i_asg/chB/dac_pnt_reg[56]_i_2__0_n_0
    SLICE_X18Y56         CARRY4 (Prop_carry4_CI_CO[3])
                                                      0.114    11.101 r  i_asg/chB/dac_pnt_reg[60]_i_2__0/CO[3]
                         net (fo=1, routed)           0.000    11.101    i_asg/chB/dac_pnt_reg[60]_i_2__0_n_0
    SLICE_X18Y57         CARRY4 (Prop_carry4_CI_O[1])
                                                      0.334    11.435 f  i_asg/chB/dac_pnt_reg[61]_i_5__0/O[1]
                         net (fo=5, routed)           0.741    12.176    i_asg/chB/dac_npnt_sub[62]
    SLICE_X20Y51         LUT2 (Prop_lut2_I1_O)        0.303    12.479 r  i_asg/chB/dac_pnt[61]_i_11/O
                         net (fo=1, routed)           0.495    12.974    i_asg/chB/inst_axi_dac/dac_pnt_reg[61]_0
    SLICE_X21Y51         LUT6 (Prop_lut6_I0_O)        0.124    13.098 r  i_asg/chB/inst_axi_dac/dac_pnt[61]_i_4__0/O
                         net (fo=61, routed)          0.788    13.887    i_asg/chB/inst_axi_dac/dac_pnt[61]_i_4__0_n_0
    SLICE_X21Y55         LUT6 (Prop_lut6_I2_O)        0.124    14.011 r  i_asg/chB/inst_axi_dac/dac_pnt[58]_i_1__0/O
                         net (fo=1, routed)           0.000    14.011    i_asg/chB/inst_axi_dac_n_54
    SLICE_X21Y55         FDRE                                         r  i_asg/chB/dac_pnt_reg[58]/D
  -------------------------------------------------------------------    -------------------

                         (clock pll_adc_clk rise edge)
                                                      8.000     8.000 r  
    U18                                               0.000     8.000 r  adc_clk_i[1] (IN)
                         net (fo=0)                   0.000     8.000    adc_clk_i[1]
    U18                  IBUFDS (Prop_ibufds_I_O)     0.940     8.940 r  i_clk/O
                         net (fo=1, routed)           1.181    10.121    pll/adc_clk_in
    PLLE2_ADV_X0Y0       PLLE2_ADV (Prop_plle2_adv_CLKIN1_CLKOUT0)
                                                      0.084    10.205 r  pll/pll/CLKOUT0
                         net (fo=1, routed)           1.594    11.799    pll_adc_clk
    BUFGCTRL_X0Y0        BUFG (Prop_bufg_I_O)         0.091    11.890 r  bufg_adc_clk/O
                         net (fo=9778, routed)        1.489    13.379    i_asg/chB/adc_clk
    SLICE_X21Y55         FDRE                                         r  i_asg/chB/dac_pnt_reg[58]/C
                         clock pessimism              0.343    13.722    
                         clock uncertainty           -0.069    13.653    
    SLICE_X21Y55         FDRE (Setup_fdre_C_D)        0.031    13.684    i_asg/chB/dac_pnt_reg[58]
  -------------------------------------------------------------------
                         required time                         13.684    
                         arrival time                         -14.011    
  -------------------------------------------------------------------
                         slack                                 -0.327    

Slack (VIOLATED) :        -0.321ns  (required time - arrival time)
  Source:                 i_asg/chB/dac_do_reg/C
                            (rising edge-triggered cell FDRE clocked by pll_adc_clk  {rise@0.000ns fall@4.000ns period=8.000ns})
  Destination:            i_asg/chB/dac_pnt_reg[53]/D
                            (rising edge-triggered cell FDRE clocked by pll_adc_clk  {rise@0.000ns fall@4.000ns period=8.000ns})
  Path Group:             pll_adc_clk
  Path Type:              Setup (Max at Slow Process Corner)
  Requirement:            8.000ns  (pll_adc_clk rise@8.000ns - pll_adc_clk rise@0.000ns)
  Data Path Delay:        8.098ns  (logic 4.484ns (55.368%)  route 3.614ns (44.632%))
  Logic Levels:           20  (CARRY4=16 LUT2=1 LUT3=1 LUT6=2)
  Clock Path Skew:        -0.184ns (DCD - SCD + CPR)
    Destination Clock Delay (DCD):    5.379ns = ( 13.379 - 8.000 ) 
    Source Clock Delay      (SCD):    5.906ns
    Clock Pessimism Removal (CPR):    0.343ns
  Clock Uncertainty:      0.069ns  ((TSJ^2 + DJ^2)^1/2) / 2 + PE
    Total System Jitter     (TSJ):    0.071ns
    Discrete Jitter          (DJ):    0.118ns
    Phase Error              (PE):    0.000ns

    Location             Delay type                Incr(ns)  Path(ns)    Netlist Resource(s)
  -------------------------------------------------------------------    -------------------
                         (clock pll_adc_clk rise edge)
                                                      0.000     0.000 r  
    U18                                               0.000     0.000 r  adc_clk_i[1] (IN)
                         net (fo=0)                   0.000     0.000    adc_clk_i[1]
    U18                  IBUFDS (Prop_ibufds_I_O)     0.983     0.983 r  i_clk/O
                         net (fo=1, routed)           1.306     2.289    pll/adc_clk_in
    PLLE2_ADV_X0Y0       PLLE2_ADV (Prop_plle2_adv_CLKIN1_CLKOUT0)
                                                      0.089     2.378 r  pll/pll/CLKOUT0
                         net (fo=1, routed)           1.754     4.132    pll_adc_clk
    BUFGCTRL_X0Y0        BUFG (Prop_bufg_I_O)         0.101     4.233 r  bufg_adc_clk/O
                         net (fo=9778, routed)        1.673     5.906    i_asg/chB/adc_clk
    SLICE_X20Y46         FDRE                                         r  i_asg/chB/dac_do_reg/C
  -------------------------------------------------------------------    -------------------
    SLICE_X20Y46         FDRE (Prop_fdre_C_Q)         0.518     6.424 r  i_asg/chB/dac_do_reg/Q
                         net (fo=107, routed)         0.801     7.225    i_asg/chB/dac_do
    SLICE_X19Y44         LUT3 (Prop_lut3_I2_O)        0.124     7.349 r  i_asg/chB/dac_pnt[7]_i_5__0/O
                         net (fo=1, routed)           0.000     7.349    i_asg/chB/dac_pnt[7]_i_5__0_n_0
    SLICE_X19Y44         CARRY4 (Prop_carry4_S[1]_CO[3])
                                                      0.550     7.899 r  i_asg/chB/dac_pnt_reg[7]_i_2__0/CO[3]
                         net (fo=1, routed)           0.000     7.899    i_asg/chB/dac_pnt_reg[7]_i_2__0_n_0
    SLICE_X19Y45         CARRY4 (Prop_carry4_CI_CO[3])
                                                      0.114     8.013 r  i_asg/chB/dac_pnt_reg[11]_i_2__0/CO[3]
                         net (fo=1, routed)           0.000     8.013    i_asg/chB/dac_pnt_reg[11]_i_2__0_n_0
    SLICE_X19Y46         CARRY4 (Prop_carry4_CI_CO[3])
                                                      0.114     8.127 r  i_asg/chB/dac_pnt_reg[15]_i_2__0/CO[3]
                         net (fo=1, routed)           0.000     8.127    i_asg/chB/dac_pnt_reg[15]_i_2__0_n_0
    SLICE_X19Y47         CARRY4 (Prop_carry4_CI_CO[3])
                                                      0.114     8.241 r  i_asg/chB/dac_pnt_reg[19]_i_2__0/CO[3]
                         net (fo=1, routed)           0.000     8.241    i_asg/chB/dac_pnt_reg[19]_i_2__0_n_0
    SLICE_X19Y48         CARRY4 (Prop_carry4_CI_CO[3])
                                                      0.114     8.355 r  i_asg/chB/dac_pnt_reg[23]_i_2__0/CO[3]
                         net (fo=1, routed)           0.000     8.355    i_asg/chB/dac_pnt_reg[23]_i_2__0_n_0
    SLICE_X19Y49         CARRY4 (Prop_carry4_CI_CO[3])
                                                      0.114     8.469 r  i_asg/chB/dac_pnt_reg[27]_i_2__0/CO[3]
                         net (fo=1, routed)           0.001     8.470    i_asg/chB/dac_pnt_reg[27]_i_2__0_n_0
    SLICE_X19Y50         CARRY4 (Prop_carry4_CI_CO[3])
                                                      0.114     8.584 r  i_asg/chB/dac_pnt_reg[31]_i_3__0/CO[3]
                         net (fo=1, routed)           0.000     8.584    i_asg/chB/dac_pnt_reg[31]_i_3__0_n_0
    SLICE_X19Y51         CARRY4 (Prop_carry4_CI_CO[3])
                                                      0.114     8.698 r  i_asg/chB/dac_pnt_reg[35]_i_2__0/CO[3]
                         net (fo=1, routed)           0.000     8.698    i_asg/chB/dac_pnt_reg[35]_i_2__0_n_0
    SLICE_X19Y52         CARRY4 (Prop_carry4_CI_O[1])
                                                      0.334     9.032 r  i_asg/chB/dac_pnt_reg[39]_i_2__0/O[1]
                         net (fo=3, routed)           0.795     9.826    i_asg/chB/dac_pnt_reg[39]_i_2__0_n_6
    SLICE_X18Y51         CARRY4 (Prop_carry4_DI[0]_CO[3])
                                                      0.705    10.531 r  i_asg/chB/dac_pnt_reg[40]_i_2__0/CO[3]
                         net (fo=1, routed)           0.000    10.531    i_asg/chB/dac_pnt_reg[40]_i_2__0_n_0
    SLICE_X18Y52         CARRY4 (Prop_carry4_CI_CO[3])
                                                      0.114    10.645 r  i_asg/chB/dac_pnt_reg[44]_i_2__0/CO[3]
                         net (fo=1, routed)           0.000    10.645    i_asg/chB/dac_pnt_reg[44]_i_2__0_n_0
    SLICE_X18Y53         CARRY4 (Prop_carry4_CI_CO[3])
                                                      0.114    10.759 r  i_asg/chB/dac_pnt_reg[48]_i_2__0/CO[3]
                         net (fo=1, routed)           0.000    10.759    i_asg/chB/dac_pnt_reg[48]_i_2__0_n_0
    SLICE_X18Y54         CARRY4 (Prop_carry4_CI_CO[3])
                                                      0.114    10.873 r  i_asg/chB/dac_pnt_reg[52]_i_2__0/CO[3]
                         net (fo=1, routed)           0.000    10.873    i_asg/chB/dac_pnt_reg[52]_i_2__0_n_0
    SLICE_X18Y55         CARRY4 (Prop_carry4_CI_CO[3])
                                                      0.114    10.987 r  i_asg/chB/dac_pnt_reg[56]_i_2__0/CO[3]
                         net (fo=1, routed)           0.000    10.987    i_asg/chB/dac_pnt_reg[56]_i_2__0_n_0
    SLICE_X18Y56         CARRY4 (Prop_carry4_CI_CO[3])
                                                      0.114    11.101 r  i_asg/chB/dac_pnt_reg[60]_i_2__0/CO[3]
                         net (fo=1, routed)           0.000    11.101    i_asg/chB/dac_pnt_reg[60]_i_2__0_n_0
    SLICE_X18Y57         CARRY4 (Prop_carry4_CI_O[1])
                                                      0.334    11.435 f  i_asg/chB/dac_pnt_reg[61]_i_5__0/O[1]
                         net (fo=5, routed)           0.741    12.176    i_asg/chB/dac_npnt_sub[62]
    SLICE_X20Y51         LUT2 (Prop_lut2_I1_O)        0.303    12.479 r  i_asg/chB/dac_pnt[61]_i_11/O
                         net (fo=1, routed)           0.495    12.974    i_asg/chB/inst_axi_dac/dac_pnt_reg[61]_0
    SLICE_X21Y51         LUT6 (Prop_lut6_I0_O)        0.124    13.098 r  i_asg/chB/inst_axi_dac/dac_pnt[61]_i_4__0/O
                         net (fo=61, routed)          0.782    13.881    i_asg/chB/inst_axi_dac/dac_pnt[61]_i_4__0_n_0
    SLICE_X21Y55         LUT6 (Prop_lut6_I2_O)        0.124    14.005 r  i_asg/chB/inst_axi_dac/dac_pnt[53]_i_1__0/O
                         net (fo=1, routed)           0.000    14.005    i_asg/chB/inst_axi_dac_n_59
    SLICE_X21Y55         FDRE                                         r  i_asg/chB/dac_pnt_reg[53]/D
  -------------------------------------------------------------------    -------------------

                         (clock pll_adc_clk rise edge)
                                                      8.000     8.000 r  
    U18                                               0.000     8.000 r  adc_clk_i[1] (IN)
                         net (fo=0)                   0.000     8.000    adc_clk_i[1]
    U18                  IBUFDS (Prop_ibufds_I_O)     0.940     8.940 r  i_clk/O
                         net (fo=1, routed)           1.181    10.121    pll/adc_clk_in
    PLLE2_ADV_X0Y0       PLLE2_ADV (Prop_plle2_adv_CLKIN1_CLKOUT0)
                                                      0.084    10.205 r  pll/pll/CLKOUT0
                         net (fo=1, routed)           1.594    11.799    pll_adc_clk
    BUFGCTRL_X0Y0        BUFG (Prop_bufg_I_O)         0.091    11.890 r  bufg_adc_clk/O
                         net (fo=9778, routed)        1.489    13.379    i_asg/chB/adc_clk
    SLICE_X21Y55         FDRE                                         r  i_asg/chB/dac_pnt_reg[53]/C
                         clock pessimism              0.343    13.722    
                         clock uncertainty           -0.069    13.653    
    SLICE_X21Y55         FDRE (Setup_fdre_C_D)        0.031    13.684    i_asg/chB/dac_pnt_reg[53]
  -------------------------------------------------------------------
                         required time                         13.684    
                         arrival time                         -14.005    
  -------------------------------------------------------------------
                         slack                                 -0.321    

Slack (VIOLATED) :        -0.286ns  (required time - arrival time)
  Source:                 i_asg/chA/set_step_lo_reg[2]/C
                            (rising edge-triggered cell FDRE clocked by pll_adc_clk  {rise@0.000ns fall@4.000ns period=8.000ns})
  Destination:            i_asg/chA/dac_pnt_reg[37]/D
                            (rising edge-triggered cell FDRE clocked by pll_adc_clk  {rise@0.000ns fall@4.000ns period=8.000ns})
  Path Group:             pll_adc_clk
  Path Type:              Setup (Max at Slow Process Corner)
  Requirement:            8.000ns  (pll_adc_clk rise@8.000ns - pll_adc_clk rise@0.000ns)
  Data Path Delay:        8.060ns  (logic 4.570ns (56.703%)  route 3.490ns (43.297%))
  Logic Levels:           22  (CARRY4=17 LUT1=1 LUT2=1 LUT3=1 LUT6=2)
  Clock Path Skew:        -0.188ns (DCD - SCD + CPR)
    Destination Clock Delay (DCD):    5.382ns = ( 13.382 - 8.000 ) 
    Source Clock Delay      (SCD):    5.913ns
    Clock Pessimism Removal (CPR):    0.343ns
  Clock Uncertainty:      0.069ns  ((TSJ^2 + DJ^2)^1/2) / 2 + PE
    Total System Jitter     (TSJ):    0.071ns
    Discrete Jitter          (DJ):    0.118ns
    Phase Error              (PE):    0.000ns

    Location             Delay type                Incr(ns)  Path(ns)    Netlist Resource(s)
  -------------------------------------------------------------------    -------------------
                         (clock pll_adc_clk rise edge)
                                                      0.000     0.000 r  
    U18                                               0.000     0.000 r  adc_clk_i[1] (IN)
                         net (fo=0)                   0.000     0.000    adc_clk_i[1]
    U18                  IBUFDS (Prop_ibufds_I_O)     0.983     0.983 r  i_clk/O
                         net (fo=1, routed)           1.306     2.289    pll/adc_clk_in
    PLLE2_ADV_X0Y0       PLLE2_ADV (Prop_plle2_adv_CLKIN1_CLKOUT0)
                                                      0.089     2.378 r  pll/pll/CLKOUT0
                         net (fo=1, routed)           1.754     4.132    pll_adc_clk
    BUFGCTRL_X0Y0        BUFG (Prop_bufg_I_O)         0.101     4.233 r  bufg_adc_clk/O
                         net (fo=9778, routed)        1.680     5.913    i_asg/chA/adc_clk
    SLICE_X12Y42         FDRE                                         r  i_asg/chA/set_step_lo_reg[2]/C
  -------------------------------------------------------------------    -------------------
    SLICE_X12Y42         FDRE (Prop_fdre_C_Q)         0.518     6.431 r  i_asg/chA/set_step_lo_reg[2]/Q
                         net (fo=2, routed)           0.801     7.233    i_asg/chA/set_step_lo_reg[31]_0[2]
    SLICE_X11Y42         LUT3 (Prop_lut3_I1_O)        0.124     7.357 r  i_asg/chA/dac_pnt[3]_i_4/O
                         net (fo=1, routed)           0.000     7.357    i_asg/chA/dac_pnt[3]_i_4_n_0
    SLICE_X11Y42         CARRY4 (Prop_carry4_S[2]_CO[3])
                                                      0.398     7.755 r  i_asg/chA/dac_pnt_reg[3]_i_2/CO[3]
                         net (fo=1, routed)           0.000     7.755    i_asg/chA/dac_pnt_reg[3]_i_2_n_0
    SLICE_X11Y43         CARRY4 (Prop_carry4_CI_CO[3])
                                                      0.114     7.869 r  i_asg/chA/dac_pnt_reg[7]_i_2/CO[3]
                         net (fo=1, routed)           0.000     7.869    i_asg/chA/dac_pnt_reg[7]_i_2_n_0
    SLICE_X11Y44         CARRY4 (Prop_carry4_CI_CO[3])
                                                      0.114     7.983 r  i_asg/chA/dac_pnt_reg[11]_i_2/CO[3]
                         net (fo=1, routed)           0.000     7.983    i_asg/chA/dac_pnt_reg[11]_i_2_n_0
    SLICE_X11Y45         CARRY4 (Prop_carry4_CI_CO[3])
                                                      0.114     8.097 r  i_asg/chA/dac_pnt_reg[15]_i_2/CO[3]
                         net (fo=1, routed)           0.000     8.097    i_asg/chA/dac_pnt_reg[15]_i_2_n_0
    SLICE_X11Y46         CARRY4 (Prop_carry4_CI_CO[3])
                                                      0.114     8.211 r  i_asg/chA/dac_pnt_reg[19]_i_2/CO[3]
                         net (fo=1, routed)           0.000     8.211    i_asg/chA/dac_pnt_reg[19]_i_2_n_0
    SLICE_X11Y47         CARRY4 (Prop_carry4_CI_CO[3])
                                                      0.114     8.325 r  i_asg/chA/dac_pnt_reg[23]_i_2/CO[3]
                         net (fo=1, routed)           0.000     8.325    i_asg/chA/dac_pnt_reg[23]_i_2_n_0
    SLICE_X11Y48         CARRY4 (Prop_carry4_CI_CO[3])
                                                      0.114     8.439 r  i_asg/chA/dac_pnt_reg[27]_i_2/CO[3]
                         net (fo=1, routed)           0.000     8.439    i_asg/chA/dac_pnt_reg[27]_i_2_n_0
    SLICE_X11Y49         CARRY4 (Prop_carry4_CI_O[1])
                                                      0.334     8.773 f  i_asg/chA/dac_pnt_reg[31]_i_3/O[1]
                         net (fo=3, routed)           0.717     9.490    i_asg/chA/dac_pnt_reg[31]_i_3_n_6
    SLICE_X12Y49         LUT1 (Prop_lut1_I0_O)        0.303     9.793 r  i_asg/chA/dac_pnt[32]_i_6/O
                         net (fo=1, routed)           0.000     9.793    i_asg/chA/dac_pnt[32]_i_6_n_0
    SLICE_X12Y49         CARRY4 (Prop_carry4_S[0]_CO[3])
                                                      0.513    10.306 r  i_asg/chA/dac_pnt_reg[32]_i_2/CO[3]
                         net (fo=1, routed)           0.001    10.306    i_asg/chA/dac_pnt_reg[32]_i_2_n_0
    SLICE_X12Y50         CARRY4 (Prop_carry4_CI_CO[3])
                                                      0.117    10.423 r  i_asg/chA/dac_pnt_reg[36]_i_2/CO[3]
                         net (fo=1, routed)           0.000    10.423    i_asg/chA/dac_pnt_reg[36]_i_2_n_0
    SLICE_X12Y51         CARRY4 (Prop_carry4_CI_CO[3])
                                                      0.117    10.540 r  i_asg/chA/dac_pnt_reg[40]_i_2/CO[3]
                         net (fo=1, routed)           0.000    10.540    i_asg/chA/dac_pnt_reg[40]_i_2_n_0
    SLICE_X12Y52         CARRY4 (Prop_carry4_CI_CO[3])
                                                      0.117    10.657 r  i_asg/chA/dac_pnt_reg[44]_i_2/CO[3]
                         net (fo=1, routed)           0.000    10.657    i_asg/chA/dac_pnt_reg[44]_i_2_n_0
    SLICE_X12Y53         CARRY4 (Prop_carry4_CI_CO[3])
                                                      0.117    10.774 r  i_asg/chA/dac_pnt_reg[48]_i_2/CO[3]
                         net (fo=1, routed)           0.000    10.774    i_asg/chA/dac_pnt_reg[48]_i_2_n_0
    SLICE_X12Y54         CARRY4 (Prop_carry4_CI_CO[3])
                                                      0.117    10.891 r  i_asg/chA/dac_pnt_reg[52]_i_2/CO[3]
                         net (fo=1, routed)           0.000    10.891    i_asg/chA/dac_pnt_reg[52]_i_2_n_0
    SLICE_X12Y55         CARRY4 (Prop_carry4_CI_CO[3])
                                                      0.117    11.008 r  i_asg/chA/dac_pnt_reg[56]_i_2/CO[3]
                         net (fo=1, routed)           0.000    11.008    i_asg/chA/dac_pnt_reg[56]_i_2_n_0
    SLICE_X12Y56         CARRY4 (Prop_carry4_CI_CO[3])
                                                      0.117    11.125 r  i_asg/chA/dac_pnt_reg[60]_i_2/CO[3]
                         net (fo=1, routed)           0.000    11.125    i_asg/chA/dac_pnt_reg[60]_i_2_n_0
    SLICE_X12Y57         CARRY4 (Prop_carry4_CI_O[1])
                                                      0.323    11.448 f  i_asg/chA/dac_pnt_reg[61]_i_5/O[1]
                         net (fo=5, routed)           0.444    11.892    i_asg/chA/dac_npnt_sub[62]
    SLICE_X13Y57         LUT2 (Prop_lut2_I1_O)        0.306    12.198 r  i_asg/chA/dac_pnt[61]_i_10/O
                         net (fo=1, routed)           0.642    12.840    i_asg/chA/inst_axi_dac/dac_pnt_reg[61]_1
    SLICE_X10Y50         LUT6 (Prop_lut6_I0_O)        0.124    12.964 r  i_asg/chA/inst_axi_dac/dac_pnt[61]_i_4/O
                         net (fo=61, routed)          0.885    13.849    i_asg/chA/inst_axi_dac/dac_pnt[61]_i_4_n_0
    SLICE_X14Y50         LUT6 (Prop_lut6_I2_O)        0.124    13.973 r  i_asg/chA/inst_axi_dac/dac_pnt[37]_i_1/O
                         net (fo=1, routed)           0.000    13.973    i_asg/chA/inst_axi_dac_n_85
    SLICE_X14Y50         FDRE                                         r  i_asg/chA/dac_pnt_reg[37]/D
  -------------------------------------------------------------------    -------------------

                         (clock pll_adc_clk rise edge)
                                                      8.000     8.000 r  
    U18                                               0.000     8.000 r  adc_clk_i[1] (IN)
                         net (fo=0)                   0.000     8.000    adc_clk_i[1]
    U18                  IBUFDS (Prop_ibufds_I_O)     0.940     8.940 r  i_clk/O
                         net (fo=1, routed)           1.181    10.121    pll/adc_clk_in
    PLLE2_ADV_X0Y0       PLLE2_ADV (Prop_plle2_adv_CLKIN1_CLKOUT0)
                                                      0.084    10.205 r  pll/pll/CLKOUT0
                         net (fo=1, routed)           1.594    11.799    pll_adc_clk
    BUFGCTRL_X0Y0        BUFG (Prop_bufg_I_O)         0.091    11.890 r  bufg_adc_clk/O
                         net (fo=9778, routed)        1.492    13.382    i_asg/chA/adc_clk
    SLICE_X14Y50         FDRE                                         r  i_asg/chA/dac_pnt_reg[37]/C
                         clock pessimism              0.343    13.725    
                         clock uncertainty           -0.069    13.656    
    SLICE_X14Y50         FDRE (Setup_fdre_C_D)        0.031    13.687    i_asg/chA/dac_pnt_reg[37]
  -------------------------------------------------------------------
                         required time                         13.687    
                         arrival time                         -13.973    
  -------------------------------------------------------------------
                         slack                                 -0.286    

Slack (VIOLATED) :        -0.272ns  (required time - arrival time)
  Source:                 i_asg/chB/dac_do_reg/C
                            (rising edge-triggered cell FDRE clocked by pll_adc_clk  {rise@0.000ns fall@4.000ns period=8.000ns})
  Destination:            i_asg/chB/dac_pnt_reg[5]/D
                            (rising edge-triggered cell FDRE clocked by pll_adc_clk  {rise@0.000ns fall@4.000ns period=8.000ns})
  Path Group:             pll_adc_clk
  Path Type:              Setup (Max at Slow Process Corner)
  Requirement:            8.000ns  (pll_adc_clk rise@8.000ns - pll_adc_clk rise@0.000ns)
  Data Path Delay:        8.209ns  (logic 4.484ns (54.624%)  route 3.725ns (45.376%))
  Logic Levels:           20  (CARRY4=16 LUT2=1 LUT3=1 LUT4=1 LUT6=1)
  Clock Path Skew:        -0.025ns (DCD - SCD + CPR)
    Destination Clock Delay (DCD):    5.389ns = ( 13.389 - 8.000 ) 
    Source Clock Delay      (SCD):    5.906ns
    Clock Pessimism Removal (CPR):    0.492ns
  Clock Uncertainty:      0.069ns  ((TSJ^2 + DJ^2)^1/2) / 2 + PE
    Total System Jitter     (TSJ):    0.071ns
    Discrete Jitter          (DJ):    0.118ns
    Phase Error              (PE):    0.000ns

    Location             Delay type                Incr(ns)  Path(ns)    Netlist Resource(s)
  -------------------------------------------------------------------    -------------------
                         (clock pll_adc_clk rise edge)
                                                      0.000     0.000 r  
    U18                                               0.000     0.000 r  adc_clk_i[1] (IN)
                         net (fo=0)                   0.000     0.000    adc_clk_i[1]
    U18                  IBUFDS (Prop_ibufds_I_O)     0.983     0.983 r  i_clk/O
                         net (fo=1, routed)           1.306     2.289    pll/adc_clk_in
    PLLE2_ADV_X0Y0       PLLE2_ADV (Prop_plle2_adv_CLKIN1_CLKOUT0)
                                                      0.089     2.378 r  pll/pll/CLKOUT0
                         net (fo=1, routed)           1.754     4.132    pll_adc_clk
    BUFGCTRL_X0Y0        BUFG (Prop_bufg_I_O)         0.101     4.233 r  bufg_adc_clk/O
                         net (fo=9778, routed)        1.673     5.906    i_asg/chB/adc_clk
    SLICE_X20Y46         FDRE                                         r  i_asg/chB/dac_do_reg/C
  -------------------------------------------------------------------    -------------------
    SLICE_X20Y46         FDRE (Prop_fdre_C_Q)         0.518     6.424 r  i_asg/chB/dac_do_reg/Q
                         net (fo=107, routed)         0.801     7.225    i_asg/chB/dac_do
    SLICE_X19Y44         LUT3 (Prop_lut3_I2_O)        0.124     7.349 r  i_asg/chB/dac_pnt[7]_i_5__0/O
                         net (fo=1, routed)           0.000     7.349    i_asg/chB/dac_pnt[7]_i_5__0_n_0
    SLICE_X19Y44         CARRY4 (Prop_carry4_S[1]_CO[3])
                                                      0.550     7.899 r  i_asg/chB/dac_pnt_reg[7]_i_2__0/CO[3]
                         net (fo=1, routed)           0.000     7.899    i_asg/chB/dac_pnt_reg[7]_i_2__0_n_0
    SLICE_X19Y45         CARRY4 (Prop_carry4_CI_CO[3])
                                                      0.114     8.013 r  i_asg/chB/dac_pnt_reg[11]_i_2__0/CO[3]
                         net (fo=1, routed)           0.000     8.013    i_asg/chB/dac_pnt_reg[11]_i_2__0_n_0
    SLICE_X19Y46         CARRY4 (Prop_carry4_CI_CO[3])
                                                      0.114     8.127 r  i_asg/chB/dac_pnt_reg[15]_i_2__0/CO[3]
                         net (fo=1, routed)           0.000     8.127    i_asg/chB/dac_pnt_reg[15]_i_2__0_n_0
    SLICE_X19Y47         CARRY4 (Prop_carry4_CI_CO[3])
                                                      0.114     8.241 r  i_asg/chB/dac_pnt_reg[19]_i_2__0/CO[3]
                         net (fo=1, routed)           0.000     8.241    i_asg/chB/dac_pnt_reg[19]_i_2__0_n_0
    SLICE_X19Y48         CARRY4 (Prop_carry4_CI_CO[3])
                                                      0.114     8.355 r  i_asg/chB/dac_pnt_reg[23]_i_2__0/CO[3]
                         net (fo=1, routed)           0.000     8.355    i_asg/chB/dac_pnt_reg[23]_i_2__0_n_0
    SLICE_X19Y49         CARRY4 (Prop_carry4_CI_CO[3])
                                                      0.114     8.469 r  i_asg/chB/dac_pnt_reg[27]_i_2__0/CO[3]
                         net (fo=1, routed)           0.001     8.470    i_asg/chB/dac_pnt_reg[27]_i_2__0_n_0
    SLICE_X19Y50         CARRY4 (Prop_carry4_CI_CO[3])
                                                      0.114     8.584 r  i_asg/chB/dac_pnt_reg[31]_i_3__0/CO[3]
                         net (fo=1, routed)           0.000     8.584    i_asg/chB/dac_pnt_reg[31]_i_3__0_n_0
    SLICE_X19Y51         CARRY4 (Prop_carry4_CI_CO[3])
                                                      0.114     8.698 r  i_asg/chB/dac_pnt_reg[35]_i_2__0/CO[3]
                         net (fo=1, routed)           0.000     8.698    i_asg/chB/dac_pnt_reg[35]_i_2__0_n_0
    SLICE_X19Y52         CARRY4 (Prop_carry4_CI_O[1])
                                                      0.334     9.032 r  i_asg/chB/dac_pnt_reg[39]_i_2__0/O[1]
                         net (fo=3, routed)           0.795     9.826    i_asg/chB/dac_pnt_reg[39]_i_2__0_n_6
    SLICE_X18Y51         CARRY4 (Prop_carry4_DI[0]_CO[3])
                                                      0.705    10.531 r  i_asg/chB/dac_pnt_reg[40]_i_2__0/CO[3]
                         net (fo=1, routed)           0.000    10.531    i_asg/chB/dac_pnt_reg[40]_i_2__0_n_0
    SLICE_X18Y52         CARRY4 (Prop_carry4_CI_CO[3])
                                                      0.114    10.645 r  i_asg/chB/dac_pnt_reg[44]_i_2__0/CO[3]
                         net (fo=1, routed)           0.000    10.645    i_asg/chB/dac_pnt_reg[44]_i_2__0_n_0
    SLICE_X18Y53         CARRY4 (Prop_carry4_CI_CO[3])
                                                      0.114    10.759 r  i_asg/chB/dac_pnt_reg[48]_i_2__0/CO[3]
                         net (fo=1, routed)           0.000    10.759    i_asg/chB/dac_pnt_reg[48]_i_2__0_n_0
    SLICE_X18Y54         CARRY4 (Prop_carry4_CI_CO[3])
                                                      0.114    10.873 r  i_asg/chB/dac_pnt_reg[52]_i_2__0/CO[3]
                         net (fo=1, routed)           0.000    10.873    i_asg/chB/dac_pnt_reg[52]_i_2__0_n_0
    SLICE_X18Y55         CARRY4 (Prop_carry4_CI_CO[3])
                                                      0.114    10.987 r  i_asg/chB/dac_pnt_reg[56]_i_2__0/CO[3]
                         net (fo=1, routed)           0.000    10.987    i_asg/chB/dac_pnt_reg[56]_i_2__0_n_0
    SLICE_X18Y56         CARRY4 (Prop_carry4_CI_CO[3])
                                                      0.114    11.101 r  i_asg/chB/dac_pnt_reg[60]_i_2__0/CO[3]
                         net (fo=1, routed)           0.000    11.101    i_asg/chB/dac_pnt_reg[60]_i_2__0_n_0
    SLICE_X18Y57         CARRY4 (Prop_carry4_CI_O[1])
                                                      0.334    11.435 f  i_asg/chB/dac_pnt_reg[61]_i_5__0/O[1]
                         net (fo=5, routed)           0.741    12.176    i_asg/chB/dac_npnt_sub[62]
    SLICE_X20Y51         LUT2 (Prop_lut2_I1_O)        0.303    12.479 r  i_asg/chB/dac_pnt[61]_i_11/O
                         net (fo=1, routed)           0.495    12.974    i_asg/chB/inst_axi_dac/dac_pnt_reg[61]_0
    SLICE_X21Y51         LUT6 (Prop_lut6_I0_O)        0.124    13.098 r  i_asg/chB/inst_axi_dac/dac_pnt[61]_i_4__0/O
                         net (fo=61, routed)          0.892    13.991    i_asg/chB/inst_axi_dac/dac_pnt[61]_i_4__0_n_0
    SLICE_X21Y43         LUT4 (Prop_lut4_I3_O)        0.124    14.115 r  i_asg/chB/inst_axi_dac/dac_pnt[5]_i_1__1/O
                         net (fo=1, routed)           0.000    14.115    i_asg/chB/inst_axi_dac_n_107
    SLICE_X21Y43         FDRE                                         r  i_asg/chB/dac_pnt_reg[5]/D
  -------------------------------------------------------------------    -------------------

                         (clock pll_adc_clk rise edge)
                                                      8.000     8.000 r  
    U18                                               0.000     8.000 r  adc_clk_i[1] (IN)
                         net (fo=0)                   0.000     8.000    adc_clk_i[1]
    U18                  IBUFDS (Prop_ibufds_I_O)     0.940     8.940 r  i_clk/O
                         net (fo=1, routed)           1.181    10.121    pll/adc_clk_in
    PLLE2_ADV_X0Y0       PLLE2_ADV (Prop_plle2_adv_CLKIN1_CLKOUT0)
                                                      0.084    10.205 r  pll/pll/CLKOUT0
                         net (fo=1, routed)           1.594    11.799    pll_adc_clk
    BUFGCTRL_X0Y0        BUFG (Prop_bufg_I_O)         0.091    11.890 r  bufg_adc_clk/O
                         net (fo=9778, routed)        1.499    13.389    i_asg/chB/adc_clk
    SLICE_X21Y43         FDRE                                         r  i_asg/chB/dac_pnt_reg[5]/C
                         clock pessimism              0.492    13.881    
                         clock uncertainty           -0.069    13.812    
    SLICE_X21Y43         FDRE (Setup_fdre_C_D)        0.031    13.843    i_asg/chB/dac_pnt_reg[5]
  -------------------------------------------------------------------
                         required time                         13.843    
                         arrival time                         -14.115    
  -------------------------------------------------------------------
                         slack                                 -0.272    

Slack (VIOLATED) :        -0.271ns  (required time - arrival time)
  Source:                 i_asg/chB/dac_do_reg/C
                            (rising edge-triggered cell FDRE clocked by pll_adc_clk  {rise@0.000ns fall@4.000ns period=8.000ns})
  Destination:            i_asg/chB/dac_pnt_reg[6]/D
                            (rising edge-triggered cell FDRE clocked by pll_adc_clk  {rise@0.000ns fall@4.000ns period=8.000ns})
  Path Group:             pll_adc_clk
  Path Type:              Setup (Max at Slow Process Corner)
  Requirement:            8.000ns  (pll_adc_clk rise@8.000ns - pll_adc_clk rise@0.000ns)
  Data Path Delay:        8.259ns  (logic 4.484ns (54.295%)  route 3.775ns (45.705%))
  Logic Levels:           20  (CARRY4=16 LUT2=1 LUT3=1 LUT4=1 LUT6=1)
  Clock Path Skew:        -0.025ns (DCD - SCD + CPR)
    Destination Clock Delay (DCD):    5.389ns = ( 13.389 - 8.000 ) 
    Source Clock Delay      (SCD):    5.906ns
    Clock Pessimism Removal (CPR):    0.492ns
  Clock Uncertainty:      0.069ns  ((TSJ^2 + DJ^2)^1/2) / 2 + PE
    Total System Jitter     (TSJ):    0.071ns
    Discrete Jitter          (DJ):    0.118ns
    Phase Error              (PE):    0.000ns

    Location             Delay type                Incr(ns)  Path(ns)    Netlist Resource(s)
  -------------------------------------------------------------------    -------------------
                         (clock pll_adc_clk rise edge)
                                                      0.000     0.000 r  
    U18                                               0.000     0.000 r  adc_clk_i[1] (IN)
                         net (fo=0)                   0.000     0.000    adc_clk_i[1]
    U18                  IBUFDS (Prop_ibufds_I_O)     0.983     0.983 r  i_clk/O
                         net (fo=1, routed)           1.306     2.289    pll/adc_clk_in
    PLLE2_ADV_X0Y0       PLLE2_ADV (Prop_plle2_adv_CLKIN1_CLKOUT0)
                                                      0.089     2.378 r  pll/pll/CLKOUT0
                         net (fo=1, routed)           1.754     4.132    pll_adc_clk
    BUFGCTRL_X0Y0        BUFG (Prop_bufg_I_O)         0.101     4.233 r  bufg_adc_clk/O
                         net (fo=9778, routed)        1.673     5.906    i_asg/chB/adc_clk
    SLICE_X20Y46         FDRE                                         r  i_asg/chB/dac_do_reg/C
  -------------------------------------------------------------------    -------------------
    SLICE_X20Y46         FDRE (Prop_fdre_C_Q)         0.518     6.424 r  i_asg/chB/dac_do_reg/Q
                         net (fo=107, routed)         0.801     7.225    i_asg/chB/dac_do
    SLICE_X19Y44         LUT3 (Prop_lut3_I2_O)        0.124     7.349 r  i_asg/chB/dac_pnt[7]_i_5__0/O
                         net (fo=1, routed)           0.000     7.349    i_asg/chB/dac_pnt[7]_i_5__0_n_0
    SLICE_X19Y44         CARRY4 (Prop_carry4_S[1]_CO[3])
                                                      0.550     7.899 r  i_asg/chB/dac_pnt_reg[7]_i_2__0/CO[3]
                         net (fo=1, routed)           0.000     7.899    i_asg/chB/dac_pnt_reg[7]_i_2__0_n_0
    SLICE_X19Y45         CARRY4 (Prop_carry4_CI_CO[3])
                                                      0.114     8.013 r  i_asg/chB/dac_pnt_reg[11]_i_2__0/CO[3]
                         net (fo=1, routed)           0.000     8.013    i_asg/chB/dac_pnt_reg[11]_i_2__0_n_0
    SLICE_X19Y46         CARRY4 (Prop_carry4_CI_CO[3])
                                                      0.114     8.127 r  i_asg/chB/dac_pnt_reg[15]_i_2__0/CO[3]
                         net (fo=1, routed)           0.000     8.127    i_asg/chB/dac_pnt_reg[15]_i_2__0_n_0
    SLICE_X19Y47         CARRY4 (Prop_carry4_CI_CO[3])
                                                      0.114     8.241 r  i_asg/chB/dac_pnt_reg[19]_i_2__0/CO[3]
                         net (fo=1, routed)           0.000     8.241    i_asg/chB/dac_pnt_reg[19]_i_2__0_n_0
    SLICE_X19Y48         CARRY4 (Prop_carry4_CI_CO[3])
                                                      0.114     8.355 r  i_asg/chB/dac_pnt_reg[23]_i_2__0/CO[3]
                         net (fo=1, routed)           0.000     8.355    i_asg/chB/dac_pnt_reg[23]_i_2__0_n_0
    SLICE_X19Y49         CARRY4 (Prop_carry4_CI_CO[3])
                                                      0.114     8.469 r  i_asg/chB/dac_pnt_reg[27]_i_2__0/CO[3]
                         net (fo=1, routed)           0.001     8.470    i_asg/chB/dac_pnt_reg[27]_i_2__0_n_0
    SLICE_X19Y50         CARRY4 (Prop_carry4_CI_CO[3])
                                                      0.114     8.584 r  i_asg/chB/dac_pnt_reg[31]_i_3__0/CO[3]
                         net (fo=1, routed)           0.000     8.584    i_asg/chB/dac_pnt_reg[31]_i_3__0_n_0
    SLICE_X19Y51         CARRY4 (Prop_carry4_CI_CO[3])
                                                      0.114     8.698 r  i_asg/chB/dac_pnt_reg[35]_i_2__0/CO[3]
                         net (fo=1, routed)           0.000     8.698    i_asg/chB/dac_pnt_reg[35]_i_2__0_n_0
    SLICE_X19Y52         CARRY4 (Prop_carry4_CI_O[1])
                                                      0.334     9.032 r  i_asg/chB/dac_pnt_reg[39]_i_2__0/O[1]
                         net (fo=3, routed)           0.795     9.826    i_asg/chB/dac_pnt_reg[39]_i_2__0_n_6
    SLICE_X18Y51         CARRY4 (Prop_carry4_DI[0]_CO[3])
                                                      0.705    10.531 r  i_asg/chB/dac_pnt_reg[40]_i_2__0/CO[3]
                         net (fo=1, routed)           0.000    10.531    i_asg/chB/dac_pnt_reg[40]_i_2__0_n_0
    SLICE_X18Y52         CARRY4 (Prop_carry4_CI_CO[3])
                                                      0.114    10.645 r  i_asg/chB/dac_pnt_reg[44]_i_2__0/CO[3]
                         net (fo=1, routed)           0.000    10.645    i_asg/chB/dac_pnt_reg[44]_i_2__0_n_0
    SLICE_X18Y53         CARRY4 (Prop_carry4_CI_CO[3])
                                                      0.114    10.759 r  i_asg/chB/dac_pnt_reg[48]_i_2__0/CO[3]
                         net (fo=1, routed)           0.000    10.759    i_asg/chB/dac_pnt_reg[48]_i_2__0_n_0
    SLICE_X18Y54         CARRY4 (Prop_carry4_CI_CO[3])
                                                      0.114    10.873 r  i_asg/chB/dac_pnt_reg[52]_i_2__0/CO[3]
                         net (fo=1, routed)           0.000    10.873    i_asg/chB/dac_pnt_reg[52]_i_2__0_n_0
    SLICE_X18Y55         CARRY4 (Prop_carry4_CI_CO[3])
                                                      0.114    10.987 r  i_asg/chB/dac_pnt_reg[56]_i_2__0/CO[3]
                         net (fo=1, routed)           0.000    10.987    i_asg/chB/dac_pnt_reg[56]_i_2__0_n_0
    SLICE_X18Y56         CARRY4 (Prop_carry4_CI_CO[3])
                                                      0.114    11.101 r  i_asg/chB/dac_pnt_reg[60]_i_2__0/CO[3]
                         net (fo=1, routed)           0.000    11.101    i_asg/chB/dac_pnt_reg[60]_i_2__0_n_0
    SLICE_X18Y57         CARRY4 (Prop_carry4_CI_O[1])
                                                      0.334    11.435 f  i_asg/chB/dac_pnt_reg[61]_i_5__0/O[1]
                         net (fo=5, routed)           0.741    12.176    i_asg/chB/dac_npnt_sub[62]
    SLICE_X20Y51         LUT2 (Prop_lut2_I1_O)        0.303    12.479 r  i_asg/chB/dac_pnt[61]_i_11/O
                         net (fo=1, routed)           0.495    12.974    i_asg/chB/inst_axi_dac/dac_pnt_reg[61]_0
    SLICE_X21Y51         LUT6 (Prop_lut6_I0_O)        0.124    13.098 r  i_asg/chB/inst_axi_dac/dac_pnt[61]_i_4__0/O
                         net (fo=61, routed)          0.942    14.041    i_asg/chB/inst_axi_dac/dac_pnt[61]_i_4__0_n_0
    SLICE_X20Y45         LUT4 (Prop_lut4_I3_O)        0.124    14.165 r  i_asg/chB/inst_axi_dac/dac_pnt[6]_i_1__1/O
                         net (fo=1, routed)           0.000    14.165    i_asg/chB/inst_axi_dac_n_106
    SLICE_X20Y45         FDRE                                         r  i_asg/chB/dac_pnt_reg[6]/D
  -------------------------------------------------------------------    -------------------

                         (clock pll_adc_clk rise edge)
                                                      8.000     8.000 r  
    U18                                               0.000     8.000 r  adc_clk_i[1] (IN)
                         net (fo=0)                   0.000     8.000    adc_clk_i[1]
    U18                  IBUFDS (Prop_ibufds_I_O)     0.940     8.940 r  i_clk/O
                         net (fo=1, routed)           1.181    10.121    pll/adc_clk_in
    PLLE2_ADV_X0Y0       PLLE2_ADV (Prop_plle2_adv_CLKIN1_CLKOUT0)
                                                      0.084    10.205 r  pll/pll/CLKOUT0
                         net (fo=1, routed)           1.594    11.799    pll_adc_clk
    BUFGCTRL_X0Y0        BUFG (Prop_bufg_I_O)         0.091    11.890 r  bufg_adc_clk/O
                         net (fo=9778, routed)        1.499    13.389    i_asg/chB/adc_clk
    SLICE_X20Y45         FDRE                                         r  i_asg/chB/dac_pnt_reg[6]/C
                         clock pessimism              0.492    13.881    
                         clock uncertainty           -0.069    13.812    
    SLICE_X20Y45         FDRE (Setup_fdre_C_D)        0.081    13.893    i_asg/chB/dac_pnt_reg[6]
  -------------------------------------------------------------------
                         required time                         13.893    
                         arrival time                         -14.165    
  -------------------------------------------------------------------
                         slack                                 -0.271    

Slack (VIOLATED) :        -0.270ns  (required time - arrival time)
  Source:                 i_asg/chA/set_step_lo_reg[2]/C
                            (rising edge-triggered cell FDRE clocked by pll_adc_clk  {rise@0.000ns fall@4.000ns period=8.000ns})
  Destination:            i_asg/chA/dac_pnt_reg[32]/D
                            (rising edge-triggered cell FDRE clocked by pll_adc_clk  {rise@0.000ns fall@4.000ns period=8.000ns})
  Path Group:             pll_adc_clk
  Path Type:              Setup (Max at Slow Process Corner)
  Requirement:            8.000ns  (pll_adc_clk rise@8.000ns - pll_adc_clk rise@0.000ns)
  Data Path Delay:        8.167ns  (logic 4.570ns (55.956%)  route 3.597ns (44.044%))
  Logic Levels:           22  (CARRY4=17 LUT1=1 LUT2=1 LUT3=1 LUT6=2)
  Clock Path Skew:        -0.063ns (DCD - SCD + CPR)
    Destination Clock Delay (DCD):    5.392ns = ( 13.392 - 8.000 ) 
    Source Clock Delay      (SCD):    5.913ns
    Clock Pessimism Removal (CPR):    0.458ns
  Clock Uncertainty:      0.069ns  ((TSJ^2 + DJ^2)^1/2) / 2 + PE
    Total System Jitter     (TSJ):    0.071ns
    Discrete Jitter          (DJ):    0.118ns
    Phase Error              (PE):    0.000ns

    Location             Delay type                Incr(ns)  Path(ns)    Netlist Resource(s)
  -------------------------------------------------------------------    -------------------
                         (clock pll_adc_clk rise edge)
                                                      0.000     0.000 r  
    U18                                               0.000     0.000 r  adc_clk_i[1] (IN)
                         net (fo=0)                   0.000     0.000    adc_clk_i[1]
    U18                  IBUFDS (Prop_ibufds_I_O)     0.983     0.983 r  i_clk/O
                         net (fo=1, routed)           1.306     2.289    pll/adc_clk_in
    PLLE2_ADV_X0Y0       PLLE2_ADV (Prop_plle2_adv_CLKIN1_CLKOUT0)
                                                      0.089     2.378 r  pll/pll/CLKOUT0
                         net (fo=1, routed)           1.754     4.132    pll_adc_clk
    BUFGCTRL_X0Y0        BUFG (Prop_bufg_I_O)         0.101     4.233 r  bufg_adc_clk/O
                         net (fo=9778, routed)        1.680     5.913    i_asg/chA/adc_clk
    SLICE_X12Y42         FDRE                                         r  i_asg/chA/set_step_lo_reg[2]/C
  -------------------------------------------------------------------    -------------------
    SLICE_X12Y42         FDRE (Prop_fdre_C_Q)         0.518     6.431 r  i_asg/chA/set_step_lo_reg[2]/Q
                         net (fo=2, routed)           0.801     7.233    i_asg/chA/set_step_lo_reg[31]_0[2]
    SLICE_X11Y42         LUT3 (Prop_lut3_I1_O)        0.124     7.357 r  i_asg/chA/dac_pnt[3]_i_4/O
                         net (fo=1, routed)           0.000     7.357    i_asg/chA/dac_pnt[3]_i_4_n_0
    SLICE_X11Y42         CARRY4 (Prop_carry4_S[2]_CO[3])
                                                      0.398     7.755 r  i_asg/chA/dac_pnt_reg[3]_i_2/CO[3]
                         net (fo=1, routed)           0.000     7.755    i_asg/chA/dac_pnt_reg[3]_i_2_n_0
    SLICE_X11Y43         CARRY4 (Prop_carry4_CI_CO[3])
                                                      0.114     7.869 r  i_asg/chA/dac_pnt_reg[7]_i_2/CO[3]
                         net (fo=1, routed)           0.000     7.869    i_asg/chA/dac_pnt_reg[7]_i_2_n_0
    SLICE_X11Y44         CARRY4 (Prop_carry4_CI_CO[3])
                                                      0.114     7.983 r  i_asg/chA/dac_pnt_reg[11]_i_2/CO[3]
                         net (fo=1, routed)           0.000     7.983    i_asg/chA/dac_pnt_reg[11]_i_2_n_0
    SLICE_X11Y45         CARRY4 (Prop_carry4_CI_CO[3])
                                                      0.114     8.097 r  i_asg/chA/dac_pnt_reg[15]_i_2/CO[3]
                         net (fo=1, routed)           0.000     8.097    i_asg/chA/dac_pnt_reg[15]_i_2_n_0
    SLICE_X11Y46         CARRY4 (Prop_carry4_CI_CO[3])
                                                      0.114     8.211 r  i_asg/chA/dac_pnt_reg[19]_i_2/CO[3]
                         net (fo=1, routed)           0.000     8.211    i_asg/chA/dac_pnt_reg[19]_i_2_n_0
    SLICE_X11Y47         CARRY4 (Prop_carry4_CI_CO[3])
                                                      0.114     8.325 r  i_asg/chA/dac_pnt_reg[23]_i_2/CO[3]
                         net (fo=1, routed)           0.000     8.325    i_asg/chA/dac_pnt_reg[23]_i_2_n_0
    SLICE_X11Y48         CARRY4 (Prop_carry4_CI_CO[3])
                                                      0.114     8.439 r  i_asg/chA/dac_pnt_reg[27]_i_2/CO[3]
                         net (fo=1, routed)           0.000     8.439    i_asg/chA/dac_pnt_reg[27]_i_2_n_0
    SLICE_X11Y49         CARRY4 (Prop_carry4_CI_O[1])
                                                      0.334     8.773 f  i_asg/chA/dac_pnt_reg[31]_i_3/O[1]
                         net (fo=3, routed)           0.717     9.490    i_asg/chA/dac_pnt_reg[31]_i_3_n_6
    SLICE_X12Y49         LUT1 (Prop_lut1_I0_O)        0.303     9.793 r  i_asg/chA/dac_pnt[32]_i_6/O
                         net (fo=1, routed)           0.000     9.793    i_asg/chA/dac_pnt[32]_i_6_n_0
    SLICE_X12Y49         CARRY4 (Prop_carry4_S[0]_CO[3])
                                                      0.513    10.306 r  i_asg/chA/dac_pnt_reg[32]_i_2/CO[3]
                         net (fo=1, routed)           0.001    10.306    i_asg/chA/dac_pnt_reg[32]_i_2_n_0
    SLICE_X12Y50         CARRY4 (Prop_carry4_CI_CO[3])
                                                      0.117    10.423 r  i_asg/chA/dac_pnt_reg[36]_i_2/CO[3]
                         net (fo=1, routed)           0.000    10.423    i_asg/chA/dac_pnt_reg[36]_i_2_n_0
    SLICE_X12Y51         CARRY4 (Prop_carry4_CI_CO[3])
                                                      0.117    10.540 r  i_asg/chA/dac_pnt_reg[40]_i_2/CO[3]
                         net (fo=1, routed)           0.000    10.540    i_asg/chA/dac_pnt_reg[40]_i_2_n_0
    SLICE_X12Y52         CARRY4 (Prop_carry4_CI_CO[3])
                                                      0.117    10.657 r  i_asg/chA/dac_pnt_reg[44]_i_2/CO[3]
                         net (fo=1, routed)           0.000    10.657    i_asg/chA/dac_pnt_reg[44]_i_2_n_0
    SLICE_X12Y53         CARRY4 (Prop_carry4_CI_CO[3])
                                                      0.117    10.774 r  i_asg/chA/dac_pnt_reg[48]_i_2/CO[3]
                         net (fo=1, routed)           0.000    10.774    i_asg/chA/dac_pnt_reg[48]_i_2_n_0
    SLICE_X12Y54         CARRY4 (Prop_carry4_CI_CO[3])
                                                      0.117    10.891 r  i_asg/chA/dac_pnt_reg[52]_i_2/CO[3]
                         net (fo=1, routed)           0.000    10.891    i_asg/chA/dac_pnt_reg[52]_i_2_n_0
    SLICE_X12Y55         CARRY4 (Prop_carry4_CI_CO[3])
                                                      0.117    11.008 r  i_asg/chA/dac_pnt_reg[56]_i_2/CO[3]
                         net (fo=1, routed)           0.000    11.008    i_asg/chA/dac_pnt_reg[56]_i_2_n_0
    SLICE_X12Y56         CARRY4 (Prop_carry4_CI_CO[3])
                                                      0.117    11.125 r  i_asg/chA/dac_pnt_reg[60]_i_2/CO[3]
                         net (fo=1, routed)           0.000    11.125    i_asg/chA/dac_pnt_reg[60]_i_2_n_0
    SLICE_X12Y57         CARRY4 (Prop_carry4_CI_O[1])
                                                      0.323    11.448 f  i_asg/chA/dac_pnt_reg[61]_i_5/O[1]
                         net (fo=5, routed)           0.444    11.892    i_asg/chA/dac_npnt_sub[62]
    SLICE_X13Y57         LUT2 (Prop_lut2_I1_O)        0.306    12.198 r  i_asg/chA/dac_pnt[61]_i_10/O
                         net (fo=1, routed)           0.642    12.840    i_asg/chA/inst_axi_dac/dac_pnt_reg[61]_1
    SLICE_X10Y50         LUT6 (Prop_lut6_I0_O)        0.124    12.964 r  i_asg/chA/inst_axi_dac/dac_pnt[61]_i_4/O
                         net (fo=61, routed)          0.993    13.956    i_asg/chA/inst_axi_dac/dac_pnt[61]_i_4_n_0
    SLICE_X14Y48         LUT6 (Prop_lut6_I2_O)        0.124    14.080 r  i_asg/chA/inst_axi_dac/dac_pnt[32]_i_1/O
                         net (fo=1, routed)           0.000    14.080    i_asg/chA/inst_axi_dac_n_90
    SLICE_X14Y48         FDRE                                         r  i_asg/chA/dac_pnt_reg[32]/D
  -------------------------------------------------------------------    -------------------

                         (clock pll_adc_clk rise edge)
                                                      8.000     8.000 r  
    U18                                               0.000     8.000 r  adc_clk_i[1] (IN)
                         net (fo=0)                   0.000     8.000    adc_clk_i[1]
    U18                  IBUFDS (Prop_ibufds_I_O)     0.940     8.940 r  i_clk/O
                         net (fo=1, routed)           1.181    10.121    pll/adc_clk_in
    PLLE2_ADV_X0Y0       PLLE2_ADV (Prop_plle2_adv_CLKIN1_CLKOUT0)
                                                      0.084    10.205 r  pll/pll/CLKOUT0
                         net (fo=1, routed)           1.594    11.799    pll_adc_clk
    BUFGCTRL_X0Y0        BUFG (Prop_bufg_I_O)         0.091    11.890 r  bufg_adc_clk/O
                         net (fo=9778, routed)        1.502    13.392    i_asg/chA/adc_clk
    SLICE_X14Y48         FDRE                                         r  i_asg/chA/dac_pnt_reg[32]/C
                         clock pessimism              0.458    13.850    
                         clock uncertainty           -0.069    13.781    
    SLICE_X14Y48         FDRE (Setup_fdre_C_D)        0.029    13.810    i_asg/chA/dac_pnt_reg[32]
  -------------------------------------------------------------------
                         required time                         13.810    
                         arrival time                         -14.080    
  -------------------------------------------------------------------
                         slack                                 -0.270    

Slack (VIOLATED) :        -0.270ns  (required time - arrival time)
  Source:                 i_asg/chB/dac_do_reg/C
                            (rising edge-triggered cell FDRE clocked by pll_adc_clk  {rise@0.000ns fall@4.000ns period=8.000ns})
  Destination:            i_asg/chB/dac_pnt_reg[1]/D
                            (rising edge-triggered cell FDRE clocked by pll_adc_clk  {rise@0.000ns fall@4.000ns period=8.000ns})
  Path Group:             pll_adc_clk
  Path Type:              Setup (Max at Slow Process Corner)
  Requirement:            8.000ns  (pll_adc_clk rise@8.000ns - pll_adc_clk rise@0.000ns)
  Data Path Delay:        8.205ns  (logic 4.484ns (54.651%)  route 3.721ns (45.349%))
  Logic Levels:           20  (CARRY4=16 LUT2=1 LUT3=1 LUT4=1 LUT6=1)
  Clock Path Skew:        -0.025ns (DCD - SCD + CPR)
    Destination Clock Delay (DCD):    5.389ns = ( 13.389 - 8.000 ) 
    Source Clock Delay      (SCD):    5.906ns
    Clock Pessimism Removal (CPR):    0.492ns
  Clock Uncertainty:      0.069ns  ((TSJ^2 + DJ^2)^1/2) / 2 + PE
    Total System Jitter     (TSJ):    0.071ns
    Discrete Jitter          (DJ):    0.118ns
    Phase Error              (PE):    0.000ns

    Location             Delay type                Incr(ns)  Path(ns)    Netlist Resource(s)
  -------------------------------------------------------------------    -------------------
                         (clock pll_adc_clk rise edge)
                                                      0.000     0.000 r  
    U18                                               0.000     0.000 r  adc_clk_i[1] (IN)
                         net (fo=0)                   0.000     0.000    adc_clk_i[1]
    U18                  IBUFDS (Prop_ibufds_I_O)     0.983     0.983 r  i_clk/O
                         net (fo=1, routed)           1.306     2.289    pll/adc_clk_in
    PLLE2_ADV_X0Y0       PLLE2_ADV (Prop_plle2_adv_CLKIN1_CLKOUT0)
                                                      0.089     2.378 r  pll/pll/CLKOUT0
                         net (fo=1, routed)           1.754     4.132    pll_adc_clk
    BUFGCTRL_X0Y0        BUFG (Prop_bufg_I_O)         0.101     4.233 r  bufg_adc_clk/O
                         net (fo=9778, routed)        1.673     5.906    i_asg/chB/adc_clk
    SLICE_X20Y46         FDRE                                         r  i_asg/chB/dac_do_reg/C
  -------------------------------------------------------------------    -------------------
    SLICE_X20Y46         FDRE (Prop_fdre_C_Q)         0.518     6.424 r  i_asg/chB/dac_do_reg/Q
                         net (fo=107, routed)         0.801     7.225    i_asg/chB/dac_do
    SLICE_X19Y44         LUT3 (Prop_lut3_I2_O)        0.124     7.349 r  i_asg/chB/dac_pnt[7]_i_5__0/O
                         net (fo=1, routed)           0.000     7.349    i_asg/chB/dac_pnt[7]_i_5__0_n_0
    SLICE_X19Y44         CARRY4 (Prop_carry4_S[1]_CO[3])
                                                      0.550     7.899 r  i_asg/chB/dac_pnt_reg[7]_i_2__0/CO[3]
                         net (fo=1, routed)           0.000     7.899    i_asg/chB/dac_pnt_reg[7]_i_2__0_n_0
    SLICE_X19Y45         CARRY4 (Prop_carry4_CI_CO[3])
                                                      0.114     8.013 r  i_asg/chB/dac_pnt_reg[11]_i_2__0/CO[3]
                         net (fo=1, routed)           0.000     8.013    i_asg/chB/dac_pnt_reg[11]_i_2__0_n_0
    SLICE_X19Y46         CARRY4 (Prop_carry4_CI_CO[3])
                                                      0.114     8.127 r  i_asg/chB/dac_pnt_reg[15]_i_2__0/CO[3]
                         net (fo=1, routed)           0.000     8.127    i_asg/chB/dac_pnt_reg[15]_i_2__0_n_0
    SLICE_X19Y47         CARRY4 (Prop_carry4_CI_CO[3])
                                                      0.114     8.241 r  i_asg/chB/dac_pnt_reg[19]_i_2__0/CO[3]
                         net (fo=1, routed)           0.000     8.241    i_asg/chB/dac_pnt_reg[19]_i_2__0_n_0
    SLICE_X19Y48         CARRY4 (Prop_carry4_CI_CO[3])
                                                      0.114     8.355 r  i_asg/chB/dac_pnt_reg[23]_i_2__0/CO[3]
                         net (fo=1, routed)           0.000     8.355    i_asg/chB/dac_pnt_reg[23]_i_2__0_n_0
    SLICE_X19Y49         CARRY4 (Prop_carry4_CI_CO[3])
                                                      0.114     8.469 r  i_asg/chB/dac_pnt_reg[27]_i_2__0/CO[3]
                         net (fo=1, routed)           0.001     8.470    i_asg/chB/dac_pnt_reg[27]_i_2__0_n_0
    SLICE_X19Y50         CARRY4 (Prop_carry4_CI_CO[3])
                                                      0.114     8.584 r  i_asg/chB/dac_pnt_reg[31]_i_3__0/CO[3]
                         net (fo=1, routed)           0.000     8.584    i_asg/chB/dac_pnt_reg[31]_i_3__0_n_0
    SLICE_X19Y51         CARRY4 (Prop_carry4_CI_CO[3])
                                                      0.114     8.698 r  i_asg/chB/dac_pnt_reg[35]_i_2__0/CO[3]
                         net (fo=1, routed)           0.000     8.698    i_asg/chB/dac_pnt_reg[35]_i_2__0_n_0
    SLICE_X19Y52         CARRY4 (Prop_carry4_CI_O[1])
                                                      0.334     9.032 r  i_asg/chB/dac_pnt_reg[39]_i_2__0/O[1]
                         net (fo=3, routed)           0.795     9.826    i_asg/chB/dac_pnt_reg[39]_i_2__0_n_6
    SLICE_X18Y51         CARRY4 (Prop_carry4_DI[0]_CO[3])
                                                      0.705    10.531 r  i_asg/chB/dac_pnt_reg[40]_i_2__0/CO[3]
                         net (fo=1, routed)           0.000    10.531    i_asg/chB/dac_pnt_reg[40]_i_2__0_n_0
    SLICE_X18Y52         CARRY4 (Prop_carry4_CI_CO[3])
                                                      0.114    10.645 r  i_asg/chB/dac_pnt_reg[44]_i_2__0/CO[3]
                         net (fo=1, routed)           0.000    10.645    i_asg/chB/dac_pnt_reg[44]_i_2__0_n_0
    SLICE_X18Y53         CARRY4 (Prop_carry4_CI_CO[3])
                                                      0.114    10.759 r  i_asg/chB/dac_pnt_reg[48]_i_2__0/CO[3]
                         net (fo=1, routed)           0.000    10.759    i_asg/chB/dac_pnt_reg[48]_i_2__0_n_0
    SLICE_X18Y54         CARRY4 (Prop_carry4_CI_CO[3])
                                                      0.114    10.873 r  i_asg/chB/dac_pnt_reg[52]_i_2__0/CO[3]
                         net (fo=1, routed)           0.000    10.873    i_asg/chB/dac_pnt_reg[52]_i_2__0_n_0
    SLICE_X18Y55         CARRY4 (Prop_carry4_CI_CO[3])
                                                      0.114    10.987 r  i_asg/chB/dac_pnt_reg[56]_i_2__0/CO[3]
                         net (fo=1, routed)           0.000    10.987    i_asg/chB/dac_pnt_reg[56]_i_2__0_n_0
    SLICE_X18Y56         CARRY4 (Prop_carry4_CI_CO[3])
                                                      0.114    11.101 r  i_asg/chB/dac_pnt_reg[60]_i_2__0/CO[3]
                         net (fo=1, routed)           0.000    11.101    i_asg/chB/dac_pnt_reg[60]_i_2__0_n_0
    SLICE_X18Y57         CARRY4 (Prop_carry4_CI_O[1])
                                                      0.334    11.435 f  i_asg/chB/dac_pnt_reg[61]_i_5__0/O[1]
                         net (fo=5, routed)           0.741    12.176    i_asg/chB/dac_npnt_sub[62]
    SLICE_X20Y51         LUT2 (Prop_lut2_I1_O)        0.303    12.479 r  i_asg/chB/dac_pnt[61]_i_11/O
                         net (fo=1, routed)           0.495    12.974    i_asg/chB/inst_axi_dac/dac_pnt_reg[61]_0
    SLICE_X21Y51         LUT6 (Prop_lut6_I0_O)        0.124    13.098 r  i_asg/chB/inst_axi_dac/dac_pnt[61]_i_4__0/O
                         net (fo=61, routed)          0.888    13.987    i_asg/chB/inst_axi_dac/dac_pnt[61]_i_4__0_n_0
    SLICE_X21Y43         LUT4 (Prop_lut4_I3_O)        0.124    14.111 r  i_asg/chB/inst_axi_dac/dac_pnt[1]_i_1__1/O
                         net (fo=1, routed)           0.000    14.111    i_asg/chB/inst_axi_dac_n_111
    SLICE_X21Y43         FDRE                                         r  i_asg/chB/dac_pnt_reg[1]/D
  -------------------------------------------------------------------    -------------------

                         (clock pll_adc_clk rise edge)
                                                      8.000     8.000 r  
    U18                                               0.000     8.000 r  adc_clk_i[1] (IN)
                         net (fo=0)                   0.000     8.000    adc_clk_i[1]
    U18                  IBUFDS (Prop_ibufds_I_O)     0.940     8.940 r  i_clk/O
                         net (fo=1, routed)           1.181    10.121    pll/adc_clk_in
    PLLE2_ADV_X0Y0       PLLE2_ADV (Prop_plle2_adv_CLKIN1_CLKOUT0)
                                                      0.084    10.205 r  pll/pll/CLKOUT0
                         net (fo=1, routed)           1.594    11.799    pll_adc_clk
    BUFGCTRL_X0Y0        BUFG (Prop_bufg_I_O)         0.091    11.890 r  bufg_adc_clk/O
                         net (fo=9778, routed)        1.499    13.389    i_asg/chB/adc_clk
    SLICE_X21Y43         FDRE                                         r  i_asg/chB/dac_pnt_reg[1]/C
                         clock pessimism              0.492    13.881    
                         clock uncertainty           -0.069    13.812    
    SLICE_X21Y43         FDRE (Setup_fdre_C_D)        0.029    13.841    i_asg/chB/dac_pnt_reg[1]
  -------------------------------------------------------------------
                         required time                         13.841    
                         arrival time                         -14.111    
  -------------------------------------------------------------------
                         slack                                 -0.270    

Slack (VIOLATED) :        -0.261ns  (required time - arrival time)
  Source:                 i_asg/chB/dac_do_reg/C
                            (rising edge-triggered cell FDRE clocked by pll_adc_clk  {rise@0.000ns fall@4.000ns period=8.000ns})
  Destination:            i_asg/chB/dac_pnt_reg[2]/D
                            (rising edge-triggered cell FDRE clocked by pll_adc_clk  {rise@0.000ns fall@4.000ns period=8.000ns})
  Path Group:             pll_adc_clk
  Path Type:              Setup (Max at Slow Process Corner)
  Requirement:            8.000ns  (pll_adc_clk rise@8.000ns - pll_adc_clk rise@0.000ns)
  Data Path Delay:        8.197ns  (logic 4.484ns (54.703%)  route 3.713ns (45.297%))
  Logic Levels:           20  (CARRY4=16 LUT2=1 LUT3=1 LUT4=1 LUT6=1)
  Clock Path Skew:        -0.026ns (DCD - SCD + CPR)
    Destination Clock Delay (DCD):    5.388ns = ( 13.388 - 8.000 ) 
    Source Clock Delay      (SCD):    5.906ns
    Clock Pessimism Removal (CPR):    0.492ns
  Clock Uncertainty:      0.069ns  ((TSJ^2 + DJ^2)^1/2) / 2 + PE
    Total System Jitter     (TSJ):    0.071ns
    Discrete Jitter          (DJ):    0.118ns
    Phase Error              (PE):    0.000ns

    Location             Delay type                Incr(ns)  Path(ns)    Netlist Resource(s)
  -------------------------------------------------------------------    -------------------
                         (clock pll_adc_clk rise edge)
                                                      0.000     0.000 r  
    U18                                               0.000     0.000 r  adc_clk_i[1] (IN)
                         net (fo=0)                   0.000     0.000    adc_clk_i[1]
    U18                  IBUFDS (Prop_ibufds_I_O)     0.983     0.983 r  i_clk/O
                         net (fo=1, routed)           1.306     2.289    pll/adc_clk_in
    PLLE2_ADV_X0Y0       PLLE2_ADV (Prop_plle2_adv_CLKIN1_CLKOUT0)
                                                      0.089     2.378 r  pll/pll/CLKOUT0
                         net (fo=1, routed)           1.754     4.132    pll_adc_clk
    BUFGCTRL_X0Y0        BUFG (Prop_bufg_I_O)         0.101     4.233 r  bufg_adc_clk/O
                         net (fo=9778, routed)        1.673     5.906    i_asg/chB/adc_clk
    SLICE_X20Y46         FDRE                                         r  i_asg/chB/dac_do_reg/C
  -------------------------------------------------------------------    -------------------
    SLICE_X20Y46         FDRE (Prop_fdre_C_Q)         0.518     6.424 r  i_asg/chB/dac_do_reg/Q
                         net (fo=107, routed)         0.801     7.225    i_asg/chB/dac_do
    SLICE_X19Y44         LUT3 (Prop_lut3_I2_O)        0.124     7.349 r  i_asg/chB/dac_pnt[7]_i_5__0/O
                         net (fo=1, routed)           0.000     7.349    i_asg/chB/dac_pnt[7]_i_5__0_n_0
    SLICE_X19Y44         CARRY4 (Prop_carry4_S[1]_CO[3])
                                                      0.550     7.899 r  i_asg/chB/dac_pnt_reg[7]_i_2__0/CO[3]
                         net (fo=1, routed)           0.000     7.899    i_asg/chB/dac_pnt_reg[7]_i_2__0_n_0
    SLICE_X19Y45         CARRY4 (Prop_carry4_CI_CO[3])
                                                      0.114     8.013 r  i_asg/chB/dac_pnt_reg[11]_i_2__0/CO[3]
                         net (fo=1, routed)           0.000     8.013    i_asg/chB/dac_pnt_reg[11]_i_2__0_n_0
    SLICE_X19Y46         CARRY4 (Prop_carry4_CI_CO[3])
                                                      0.114     8.127 r  i_asg/chB/dac_pnt_reg[15]_i_2__0/CO[3]
                         net (fo=1, routed)           0.000     8.127    i_asg/chB/dac_pnt_reg[15]_i_2__0_n_0
    SLICE_X19Y47         CARRY4 (Prop_carry4_CI_CO[3])
                                                      0.114     8.241 r  i_asg/chB/dac_pnt_reg[19]_i_2__0/CO[3]
                         net (fo=1, routed)           0.000     8.241    i_asg/chB/dac_pnt_reg[19]_i_2__0_n_0
    SLICE_X19Y48         CARRY4 (Prop_carry4_CI_CO[3])
                                                      0.114     8.355 r  i_asg/chB/dac_pnt_reg[23]_i_2__0/CO[3]
                         net (fo=1, routed)           0.000     8.355    i_asg/chB/dac_pnt_reg[23]_i_2__0_n_0
    SLICE_X19Y49         CARRY4 (Prop_carry4_CI_CO[3])
                                                      0.114     8.469 r  i_asg/chB/dac_pnt_reg[27]_i_2__0/CO[3]
                         net (fo=1, routed)           0.001     8.470    i_asg/chB/dac_pnt_reg[27]_i_2__0_n_0
    SLICE_X19Y50         CARRY4 (Prop_carry4_CI_CO[3])
                                                      0.114     8.584 r  i_asg/chB/dac_pnt_reg[31]_i_3__0/CO[3]
                         net (fo=1, routed)           0.000     8.584    i_asg/chB/dac_pnt_reg[31]_i_3__0_n_0
    SLICE_X19Y51         CARRY4 (Prop_carry4_CI_CO[3])
                                                      0.114     8.698 r  i_asg/chB/dac_pnt_reg[35]_i_2__0/CO[3]
                         net (fo=1, routed)           0.000     8.698    i_asg/chB/dac_pnt_reg[35]_i_2__0_n_0
    SLICE_X19Y52         CARRY4 (Prop_carry4_CI_O[1])
                                                      0.334     9.032 r  i_asg/chB/dac_pnt_reg[39]_i_2__0/O[1]
                         net (fo=3, routed)           0.795     9.826    i_asg/chB/dac_pnt_reg[39]_i_2__0_n_6
    SLICE_X18Y51         CARRY4 (Prop_carry4_DI[0]_CO[3])
                                                      0.705    10.531 r  i_asg/chB/dac_pnt_reg[40]_i_2__0/CO[3]
                         net (fo=1, routed)           0.000    10.531    i_asg/chB/dac_pnt_reg[40]_i_2__0_n_0
    SLICE_X18Y52         CARRY4 (Prop_carry4_CI_CO[3])
                                                      0.114    10.645 r  i_asg/chB/dac_pnt_reg[44]_i_2__0/CO[3]
                         net (fo=1, routed)           0.000    10.645    i_asg/chB/dac_pnt_reg[44]_i_2__0_n_0
    SLICE_X18Y53         CARRY4 (Prop_carry4_CI_CO[3])
                                                      0.114    10.759 r  i_asg/chB/dac_pnt_reg[48]_i_2__0/CO[3]
                         net (fo=1, routed)           0.000    10.759    i_asg/chB/dac_pnt_reg[48]_i_2__0_n_0
    SLICE_X18Y54         CARRY4 (Prop_carry4_CI_CO[3])
                                                      0.114    10.873 r  i_asg/chB/dac_pnt_reg[52]_i_2__0/CO[3]
                         net (fo=1, routed)           0.000    10.873    i_asg/chB/dac_pnt_reg[52]_i_2__0_n_0
    SLICE_X18Y55         CARRY4 (Prop_carry4_CI_CO[3])
                                                      0.114    10.987 r  i_asg/chB/dac_pnt_reg[56]_i_2__0/CO[3]
                         net (fo=1, routed)           0.000    10.987    i_asg/chB/dac_pnt_reg[56]_i_2__0_n_0
    SLICE_X18Y56         CARRY4 (Prop_carry4_CI_CO[3])
                                                      0.114    11.101 r  i_asg/chB/dac_pnt_reg[60]_i_2__0/CO[3]
                         net (fo=1, routed)           0.000    11.101    i_asg/chB/dac_pnt_reg[60]_i_2__0_n_0
    SLICE_X18Y57         CARRY4 (Prop_carry4_CI_O[1])
                                                      0.334    11.435 f  i_asg/chB/dac_pnt_reg[61]_i_5__0/O[1]
                         net (fo=5, routed)           0.741    12.176    i_asg/chB/dac_npnt_sub[62]
    SLICE_X20Y51         LUT2 (Prop_lut2_I1_O)        0.303    12.479 r  i_asg/chB/dac_pnt[61]_i_11/O
                         net (fo=1, routed)           0.495    12.974    i_asg/chB/inst_axi_dac/dac_pnt_reg[61]_0
    SLICE_X21Y51         LUT6 (Prop_lut6_I0_O)        0.124    13.098 r  i_asg/chB/inst_axi_dac/dac_pnt[61]_i_4__0/O
                         net (fo=61, routed)          0.881    13.979    i_asg/chB/inst_axi_dac/dac_pnt[61]_i_4__0_n_0
    SLICE_X21Y41         LUT4 (Prop_lut4_I3_O)        0.124    14.103 r  i_asg/chB/inst_axi_dac/dac_pnt[2]_i_1__1/O
                         net (fo=1, routed)           0.000    14.103    i_asg/chB/inst_axi_dac_n_110
    SLICE_X21Y41         FDRE                                         r  i_asg/chB/dac_pnt_reg[2]/D
  -------------------------------------------------------------------    -------------------

                         (clock pll_adc_clk rise edge)
                                                      8.000     8.000 r  
    U18                                               0.000     8.000 r  adc_clk_i[1] (IN)
                         net (fo=0)                   0.000     8.000    adc_clk_i[1]
    U18                  IBUFDS (Prop_ibufds_I_O)     0.940     8.940 r  i_clk/O
                         net (fo=1, routed)           1.181    10.121    pll/adc_clk_in
    PLLE2_ADV_X0Y0       PLLE2_ADV (Prop_plle2_adv_CLKIN1_CLKOUT0)
                                                      0.084    10.205 r  pll/pll/CLKOUT0
                         net (fo=1, routed)           1.594    11.799    pll_adc_clk
    BUFGCTRL_X0Y0        BUFG (Prop_bufg_I_O)         0.091    11.890 r  bufg_adc_clk/O
                         net (fo=9778, routed)        1.498    13.388    i_asg/chB/adc_clk
    SLICE_X21Y41         FDRE                                         r  i_asg/chB/dac_pnt_reg[2]/C
                         clock pessimism              0.492    13.880    
                         clock uncertainty           -0.069    13.811    
    SLICE_X21Y41         FDRE (Setup_fdre_C_D)        0.031    13.842    i_asg/chB/dac_pnt_reg[2]
  -------------------------------------------------------------------
                         required time                         13.842    
                         arrival time                         -14.103    
  -------------------------------------------------------------------
                         slack                                 -0.261    

Slack (VIOLATED) :        -0.230ns  (required time - arrival time)
  Source:                 i_asg/chB/dac_do_reg/C
                            (rising edge-triggered cell FDRE clocked by pll_adc_clk  {rise@0.000ns fall@4.000ns period=8.000ns})
  Destination:            i_asg/chB/dac_pnt_reg[7]/D
                            (rising edge-triggered cell FDRE clocked by pll_adc_clk  {rise@0.000ns fall@4.000ns period=8.000ns})
  Path Group:             pll_adc_clk
  Path Type:              Setup (Max at Slow Process Corner)
  Requirement:            8.000ns  (pll_adc_clk rise@8.000ns - pll_adc_clk rise@0.000ns)
  Data Path Delay:        8.215ns  (logic 4.484ns (54.581%)  route 3.731ns (45.418%))
  Logic Levels:           20  (CARRY4=16 LUT2=1 LUT3=1 LUT4=1 LUT6=1)
  Clock Path Skew:        -0.025ns (DCD - SCD + CPR)
    Destination Clock Delay (DCD):    5.389ns = ( 13.389 - 8.000 ) 
    Source Clock Delay      (SCD):    5.906ns
    Clock Pessimism Removal (CPR):    0.492ns
  Clock Uncertainty:      0.069ns  ((TSJ^2 + DJ^2)^1/2) / 2 + PE
    Total System Jitter     (TSJ):    0.071ns
    Discrete Jitter          (DJ):    0.118ns
    Phase Error              (PE):    0.000ns

    Location             Delay type                Incr(ns)  Path(ns)    Netlist Resource(s)
  -------------------------------------------------------------------    -------------------
                         (clock pll_adc_clk rise edge)
                                                      0.000     0.000 r  
    U18                                               0.000     0.000 r  adc_clk_i[1] (IN)
                         net (fo=0)                   0.000     0.000    adc_clk_i[1]
    U18                  IBUFDS (Prop_ibufds_I_O)     0.983     0.983 r  i_clk/O
                         net (fo=1, routed)           1.306     2.289    pll/adc_clk_in
    PLLE2_ADV_X0Y0       PLLE2_ADV (Prop_plle2_adv_CLKIN1_CLKOUT0)
                                                      0.089     2.378 r  pll/pll/CLKOUT0
                         net (fo=1, routed)           1.754     4.132    pll_adc_clk
    BUFGCTRL_X0Y0        BUFG (Prop_bufg_I_O)         0.101     4.233 r  bufg_adc_clk/O
                         net (fo=9778, routed)        1.673     5.906    i_asg/chB/adc_clk
    SLICE_X20Y46         FDRE                                         r  i_asg/chB/dac_do_reg/C
  -------------------------------------------------------------------    -------------------
    SLICE_X20Y46         FDRE (Prop_fdre_C_Q)         0.518     6.424 r  i_asg/chB/dac_do_reg/Q
                         net (fo=107, routed)         0.801     7.225    i_asg/chB/dac_do
    SLICE_X19Y44         LUT3 (Prop_lut3_I2_O)        0.124     7.349 r  i_asg/chB/dac_pnt[7]_i_5__0/O
                         net (fo=1, routed)           0.000     7.349    i_asg/chB/dac_pnt[7]_i_5__0_n_0
    SLICE_X19Y44         CARRY4 (Prop_carry4_S[1]_CO[3])
                                                      0.550     7.899 r  i_asg/chB/dac_pnt_reg[7]_i_2__0/CO[3]
                         net (fo=1, routed)           0.000     7.899    i_asg/chB/dac_pnt_reg[7]_i_2__0_n_0
    SLICE_X19Y45         CARRY4 (Prop_carry4_CI_CO[3])
                                                      0.114     8.013 r  i_asg/chB/dac_pnt_reg[11]_i_2__0/CO[3]
                         net (fo=1, routed)           0.000     8.013    i_asg/chB/dac_pnt_reg[11]_i_2__0_n_0
    SLICE_X19Y46         CARRY4 (Prop_carry4_CI_CO[3])
                                                      0.114     8.127 r  i_asg/chB/dac_pnt_reg[15]_i_2__0/CO[3]
                         net (fo=1, routed)           0.000     8.127    i_asg/chB/dac_pnt_reg[15]_i_2__0_n_0
    SLICE_X19Y47         CARRY4 (Prop_carry4_CI_CO[3])
                                                      0.114     8.241 r  i_asg/chB/dac_pnt_reg[19]_i_2__0/CO[3]
                         net (fo=1, routed)           0.000     8.241    i_asg/chB/dac_pnt_reg[19]_i_2__0_n_0
    SLICE_X19Y48         CARRY4 (Prop_carry4_CI_CO[3])
                                                      0.114     8.355 r  i_asg/chB/dac_pnt_reg[23]_i_2__0/CO[3]
                         net (fo=1, routed)           0.000     8.355    i_asg/chB/dac_pnt_reg[23]_i_2__0_n_0
    SLICE_X19Y49         CARRY4 (Prop_carry4_CI_CO[3])
                                                      0.114     8.469 r  i_asg/chB/dac_pnt_reg[27]_i_2__0/CO[3]
                         net (fo=1, routed)           0.001     8.470    i_asg/chB/dac_pnt_reg[27]_i_2__0_n_0
    SLICE_X19Y50         CARRY4 (Prop_carry4_CI_CO[3])
                                                      0.114     8.584 r  i_asg/chB/dac_pnt_reg[31]_i_3__0/CO[3]
                         net (fo=1, routed)           0.000     8.584    i_asg/chB/dac_pnt_reg[31]_i_3__0_n_0
    SLICE_X19Y51         CARRY4 (Prop_carry4_CI_CO[3])
                                                      0.114     8.698 r  i_asg/chB/dac_pnt_reg[35]_i_2__0/CO[3]
                         net (fo=1, routed)           0.000     8.698    i_asg/chB/dac_pnt_reg[35]_i_2__0_n_0
    SLICE_X19Y52         CARRY4 (Prop_carry4_CI_O[1])
                                                      0.334     9.032 r  i_asg/chB/dac_pnt_reg[39]_i_2__0/O[1]
                         net (fo=3, routed)           0.795     9.826    i_asg/chB/dac_pnt_reg[39]_i_2__0_n_6
    SLICE_X18Y51         CARRY4 (Prop_carry4_DI[0]_CO[3])
                                                      0.705    10.531 r  i_asg/chB/dac_pnt_reg[40]_i_2__0/CO[3]
                         net (fo=1, routed)           0.000    10.531    i_asg/chB/dac_pnt_reg[40]_i_2__0_n_0
    SLICE_X18Y52         CARRY4 (Prop_carry4_CI_CO[3])
                                                      0.114    10.645 r  i_asg/chB/dac_pnt_reg[44]_i_2__0/CO[3]
                         net (fo=1, routed)           0.000    10.645    i_asg/chB/dac_pnt_reg[44]_i_2__0_n_0
    SLICE_X18Y53         CARRY4 (Prop_carry4_CI_CO[3])
                                                      0.114    10.759 r  i_asg/chB/dac_pnt_reg[48]_i_2__0/CO[3]
                         net (fo=1, routed)           0.000    10.759    i_asg/chB/dac_pnt_reg[48]_i_2__0_n_0
    SLICE_X18Y54         CARRY4 (Prop_carry4_CI_CO[3])
                                                      0.114    10.873 r  i_asg/chB/dac_pnt_reg[52]_i_2__0/CO[3]
                         net (fo=1, routed)           0.000    10.873    i_asg/chB/dac_pnt_reg[52]_i_2__0_n_0
    SLICE_X18Y55         CARRY4 (Prop_carry4_CI_CO[3])
                                                      0.114    10.987 r  i_asg/chB/dac_pnt_reg[56]_i_2__0/CO[3]
                         net (fo=1, routed)           0.000    10.987    i_asg/chB/dac_pnt_reg[56]_i_2__0_n_0
    SLICE_X18Y56         CARRY4 (Prop_carry4_CI_CO[3])
                                                      0.114    11.101 r  i_asg/chB/dac_pnt_reg[60]_i_2__0/CO[3]
                         net (fo=1, routed)           0.000    11.101    i_asg/chB/dac_pnt_reg[60]_i_2__0_n_0
    SLICE_X18Y57         CARRY4 (Prop_carry4_CI_O[1])
                                                      0.334    11.435 f  i_asg/chB/dac_pnt_reg[61]_i_5__0/O[1]
                         net (fo=5, routed)           0.741    12.176    i_asg/chB/dac_npnt_sub[62]
    SLICE_X20Y51         LUT2 (Prop_lut2_I1_O)        0.303    12.479 r  i_asg/chB/dac_pnt[61]_i_11/O
                         net (fo=1, routed)           0.495    12.974    i_asg/chB/inst_axi_dac/dac_pnt_reg[61]_0
    SLICE_X21Y51         LUT6 (Prop_lut6_I0_O)        0.124    13.098 r  i_asg/chB/inst_axi_dac/dac_pnt[61]_i_4__0/O
                         net (fo=61, routed)          0.899    13.997    i_asg/chB/inst_axi_dac/dac_pnt[61]_i_4__0_n_0
    SLICE_X20Y45         LUT4 (Prop_lut4_I3_O)        0.124    14.121 r  i_asg/chB/inst_axi_dac/dac_pnt[7]_i_1__1/O
                         net (fo=1, routed)           0.000    14.121    i_asg/chB/inst_axi_dac_n_105
    SLICE_X20Y45         FDRE                                         r  i_asg/chB/dac_pnt_reg[7]/D
  -------------------------------------------------------------------    -------------------

                         (clock pll_adc_clk rise edge)
                                                      8.000     8.000 r  
    U18                                               0.000     8.000 r  adc_clk_i[1] (IN)
                         net (fo=0)                   0.000     8.000    adc_clk_i[1]
    U18                  IBUFDS (Prop_ibufds_I_O)     0.940     8.940 r  i_clk/O
                         net (fo=1, routed)           1.181    10.121    pll/adc_clk_in
    PLLE2_ADV_X0Y0       PLLE2_ADV (Prop_plle2_adv_CLKIN1_CLKOUT0)
                                                      0.084    10.205 r  pll/pll/CLKOUT0
                         net (fo=1, routed)           1.594    11.799    pll_adc_clk
    BUFGCTRL_X0Y0        BUFG (Prop_bufg_I_O)         0.091    11.890 r  bufg_adc_clk/O
                         net (fo=9778, routed)        1.499    13.389    i_asg/chB/adc_clk
    SLICE_X20Y45         FDRE                                         r  i_asg/chB/dac_pnt_reg[7]/C
                         clock pessimism              0.492    13.881    
                         clock uncertainty           -0.069    13.812    
    SLICE_X20Y45         FDRE (Setup_fdre_C_D)        0.079    13.891    i_asg/chB/dac_pnt_reg[7]
  -------------------------------------------------------------------
                         required time                         13.891    
                         arrival time                         -14.121    
  -------------------------------------------------------------------
                         slack                                 -0.230    





Min Delay Paths
--------------------------------------------------------------------------------------
Slack (MET) :             0.049ns  (arrival time - required time)
  Source:                 i_asg/chB/i_rand/lfsrs[4].lfsr_reg_reg[32]/C
                            (rising edge-triggered cell FDSE clocked by pll_adc_clk  {rise@0.000ns fall@4.000ns period=8.000ns})
  Destination:            i_asg/chB/i_rand/lfsrs[4].lfsr_reg_reg[33]/D
                            (rising edge-triggered cell FDSE clocked by pll_adc_clk  {rise@0.000ns fall@4.000ns period=8.000ns})
  Path Group:             pll_adc_clk
  Path Type:              Hold (Min at Fast Process Corner)
  Requirement:            0.000ns  (pll_adc_clk rise@0.000ns - pll_adc_clk rise@0.000ns)
  Data Path Delay:        0.438ns  (logic 0.209ns (47.743%)  route 0.229ns (52.257%))
  Logic Levels:           1  (LUT2=1)
  Clock Path Skew:        0.267ns (DCD - SCD - CPR)
    Destination Clock Delay (DCD):    2.372ns
    Source Clock Delay      (SCD):    1.979ns
    Clock Pessimism Removal (CPR):    0.125ns

    Location             Delay type                Incr(ns)  Path(ns)    Netlist Resource(s)
  -------------------------------------------------------------------    -------------------
                         (clock pll_adc_clk rise edge)
                                                      0.000     0.000 r  
    U18                                               0.000     0.000 r  adc_clk_i[1] (IN)
                         net (fo=0)                   0.000     0.000    adc_clk_i[1]
    U18                  IBUFDS (Prop_ibufds_I_O)     0.401     0.401 r  i_clk/O
                         net (fo=1, routed)           0.440     0.842    pll/adc_clk_in
    PLLE2_ADV_X0Y0       PLLE2_ADV (Prop_plle2_adv_CLKIN1_CLKOUT0)
                                                      0.051     0.893 r  pll/pll/CLKOUT0
                         net (fo=1, routed)           0.497     1.390    pll_adc_clk
    BUFGCTRL_X0Y0        BUFG (Prop_bufg_I_O)         0.026     1.416 r  bufg_adc_clk/O
                         net (fo=9778, routed)        0.564     1.979    i_asg/chB/i_rand/adc_clk
    SLICE_X32Y48         FDSE                                         r  i_asg/chB/i_rand/lfsrs[4].lfsr_reg_reg[32]/C
  -------------------------------------------------------------------    -------------------
    SLICE_X32Y48         FDSE (Prop_fdse_C_Q)         0.164     2.143 r  i_asg/chB/i_rand/lfsrs[4].lfsr_reg_reg[32]/Q
                         net (fo=1, routed)           0.229     2.372    i_asg/chB/i_rand/lfsrs[4].lfsr_reg[32]
    SLICE_X32Y50         LUT2 (Prop_lut2_I0_O)        0.045     2.417 r  i_asg/chB/i_rand/lfsrs[4].lfsr_reg[33]_i_1__0/O
                         net (fo=1, routed)           0.000     2.417    i_asg/chB/i_rand/lfsrs[4].lfsr_reg[33]_i_1__0_n_0
    SLICE_X32Y50         FDSE                                         r  i_asg/chB/i_rand/lfsrs[4].lfsr_reg_reg[33]/D
  -------------------------------------------------------------------    -------------------

                         (clock pll_adc_clk rise edge)
                                                      0.000     0.000 r  
    U18                                               0.000     0.000 r  adc_clk_i[1] (IN)
                         net (fo=0)                   0.000     0.000    adc_clk_i[1]
    U18                  IBUFDS (Prop_ibufds_I_O)     0.433     0.433 r  i_clk/O
                         net (fo=1, routed)           0.481     0.914    pll/adc_clk_in
    PLLE2_ADV_X0Y0       PLLE2_ADV (Prop_plle2_adv_CLKIN1_CLKOUT0)
                                                      0.054     0.968 r  pll/pll/CLKOUT0
                         net (fo=1, routed)           0.544     1.512    pll_adc_clk
    BUFGCTRL_X0Y0        BUFG (Prop_bufg_I_O)         0.029     1.541 r  bufg_adc_clk/O
                         net (fo=9778, routed)        0.831     2.372    i_asg/chB/i_rand/adc_clk
    SLICE_X32Y50         FDSE                                         r  i_asg/chB/i_rand/lfsrs[4].lfsr_reg_reg[33]/C
                         clock pessimism             -0.125     2.247    
    SLICE_X32Y50         FDSE (Hold_fdse_C_D)         0.121     2.368    i_asg/chB/i_rand/lfsrs[4].lfsr_reg_reg[33]
  -------------------------------------------------------------------
                         required time                         -2.368    
                         arrival time                           2.417    
  -------------------------------------------------------------------
                         slack                                  0.049    

Slack (MET) :             0.050ns  (arrival time - required time)
  Source:                 i_asg/chB/inst_axi_dac/err_cnt_reg[8]/C
                            (rising edge-triggered cell FDRE clocked by pll_adc_clk  {rise@0.000ns fall@4.000ns period=8.000ns})
  Destination:            i_asg/chB/inst_axi_dac/err_cnt_o_reg[8]/D
                            (rising edge-triggered cell FDRE clocked by pll_adc_clk  {rise@0.000ns fall@4.000ns period=8.000ns})
  Path Group:             pll_adc_clk
  Path Type:              Hold (Min at Fast Process Corner)
  Requirement:            0.000ns  (pll_adc_clk rise@0.000ns - pll_adc_clk rise@0.000ns)
  Data Path Delay:        0.381ns  (logic 0.141ns (36.969%)  route 0.240ns (63.031%))
  Logic Levels:           0  
  Clock Path Skew:        0.261ns (DCD - SCD - CPR)
    Destination Clock Delay (DCD):    2.367ns
    Source Clock Delay      (SCD):    1.975ns
    Clock Pessimism Removal (CPR):    0.130ns

    Location             Delay type                Incr(ns)  Path(ns)    Netlist Resource(s)
  -------------------------------------------------------------------    -------------------
                         (clock pll_adc_clk rise edge)
                                                      0.000     0.000 r  
    U18                                               0.000     0.000 r  adc_clk_i[1] (IN)
                         net (fo=0)                   0.000     0.000    adc_clk_i[1]
    U18                  IBUFDS (Prop_ibufds_I_O)     0.401     0.401 r  i_clk/O
                         net (fo=1, routed)           0.440     0.842    pll/adc_clk_in
    PLLE2_ADV_X0Y0       PLLE2_ADV (Prop_plle2_adv_CLKIN1_CLKOUT0)
                                                      0.051     0.893 r  pll/pll/CLKOUT0
                         net (fo=1, routed)           0.497     1.390    pll_adc_clk
    BUFGCTRL_X0Y0        BUFG (Prop_bufg_I_O)         0.026     1.416 r  bufg_adc_clk/O
                         net (fo=9778, routed)        0.560     1.975    i_asg/chB/inst_axi_dac/adc_clk
    SLICE_X17Y58         FDRE                                         r  i_asg/chB/inst_axi_dac/err_cnt_reg[8]/C
  -------------------------------------------------------------------    -------------------
    SLICE_X17Y58         FDRE (Prop_fdre_C_Q)         0.141     2.116 r  i_asg/chB/inst_axi_dac/err_cnt_reg[8]/Q
                         net (fo=2, routed)           0.240     2.357    i_asg/chB/inst_axi_dac/err_cnt_reg[8]
    SLICE_X25Y58         FDRE                                         r  i_asg/chB/inst_axi_dac/err_cnt_o_reg[8]/D
  -------------------------------------------------------------------    -------------------

                         (clock pll_adc_clk rise edge)
                                                      0.000     0.000 r  
    U18                                               0.000     0.000 r  adc_clk_i[1] (IN)
                         net (fo=0)                   0.000     0.000    adc_clk_i[1]
    U18                  IBUFDS (Prop_ibufds_I_O)     0.433     0.433 r  i_clk/O
                         net (fo=1, routed)           0.481     0.914    pll/adc_clk_in
    PLLE2_ADV_X0Y0       PLLE2_ADV (Prop_plle2_adv_CLKIN1_CLKOUT0)
                                                      0.054     0.968 r  pll/pll/CLKOUT0
                         net (fo=1, routed)           0.544     1.512    pll_adc_clk
    BUFGCTRL_X0Y0        BUFG (Prop_bufg_I_O)         0.029     1.541 r  bufg_adc_clk/O
                         net (fo=9778, routed)        0.826     2.367    i_asg/chB/inst_axi_dac/adc_clk
    SLICE_X25Y58         FDRE                                         r  i_asg/chB/inst_axi_dac/err_cnt_o_reg[8]/C
                         clock pessimism             -0.130     2.237    
    SLICE_X25Y58         FDRE (Hold_fdre_C_D)         0.070     2.307    i_asg/chB/inst_axi_dac/err_cnt_o_reg[8]
  -------------------------------------------------------------------
                         required time                         -2.307    
                         arrival time                           2.357    
  -------------------------------------------------------------------
                         slack                                  0.050    

Slack (MET) :             0.050ns  (arrival time - required time)
  Source:                 i_scope/genblk2[1].i_axi_sm/axi_dat_reg[15]/C
                            (rising edge-triggered cell FDRE clocked by pll_adc_clk  {rise@0.000ns fall@4.000ns period=8.000ns})
  Destination:            i_scope/genblk2[1].i_axi_sm/axi_dat_fifo_reg[2][15]_srl4/D
                            (rising edge-triggered cell SRL16E clocked by pll_adc_clk  {rise@0.000ns fall@4.000ns period=8.000ns})
  Path Group:             pll_adc_clk
  Path Type:              Hold (Min at Fast Process Corner)
  Requirement:            0.000ns  (pll_adc_clk rise@0.000ns - pll_adc_clk rise@0.000ns)
  Data Path Delay:        0.267ns  (logic 0.141ns (52.751%)  route 0.126ns (47.249%))
  Logic Levels:           0  
  Clock Path Skew:        0.034ns (DCD - SCD - CPR)
    Destination Clock Delay (DCD):    2.370ns
    Source Clock Delay      (SCD):    1.977ns
    Clock Pessimism Removal (CPR):    0.359ns

    Location             Delay type                Incr(ns)  Path(ns)    Netlist Resource(s)
  -------------------------------------------------------------------    -------------------
                         (clock pll_adc_clk rise edge)
                                                      0.000     0.000 r  
    U18                                               0.000     0.000 r  adc_clk_i[1] (IN)
                         net (fo=0)                   0.000     0.000    adc_clk_i[1]
    U18                  IBUFDS (Prop_ibufds_I_O)     0.401     0.401 r  i_clk/O
                         net (fo=1, routed)           0.440     0.842    pll/adc_clk_in
    PLLE2_ADV_X0Y0       PLLE2_ADV (Prop_plle2_adv_CLKIN1_CLKOUT0)
                                                      0.051     0.893 r  pll/pll/CLKOUT0
                         net (fo=1, routed)           0.497     1.390    pll_adc_clk
    BUFGCTRL_X0Y0        BUFG (Prop_bufg_I_O)         0.026     1.416 r  bufg_adc_clk/O
                         net (fo=9778, routed)        0.562     1.977    i_scope/genblk2[1].i_axi_sm/adc_clk
    SLICE_X9Y15          FDRE                                         r  i_scope/genblk2[1].i_axi_sm/axi_dat_reg[15]/C
  -------------------------------------------------------------------    -------------------
    SLICE_X9Y15          FDRE (Prop_fdre_C_Q)         0.141     2.118 r  i_scope/genblk2[1].i_axi_sm/axi_dat_reg[15]/Q
                         net (fo=3, routed)           0.126     2.244    i_scope/genblk2[1].i_axi_sm/p_3_in[15]
    SLICE_X6Y14          SRL16E                                       r  i_scope/genblk2[1].i_axi_sm/axi_dat_fifo_reg[2][15]_srl4/D
  -------------------------------------------------------------------    -------------------

                         (clock pll_adc_clk rise edge)
                                                      0.000     0.000 r  
    U18                                               0.000     0.000 r  adc_clk_i[1] (IN)
                         net (fo=0)                   0.000     0.000    adc_clk_i[1]
    U18                  IBUFDS (Prop_ibufds_I_O)     0.433     0.433 r  i_clk/O
                         net (fo=1, routed)           0.481     0.914    pll/adc_clk_in
    PLLE2_ADV_X0Y0       PLLE2_ADV (Prop_plle2_adv_CLKIN1_CLKOUT0)
                                                      0.054     0.968 r  pll/pll/CLKOUT0
                         net (fo=1, routed)           0.544     1.512    pll_adc_clk
    BUFGCTRL_X0Y0        BUFG (Prop_bufg_I_O)         0.029     1.541 r  bufg_adc_clk/O
                         net (fo=9778, routed)        0.829     2.370    i_scope/genblk2[1].i_axi_sm/adc_clk
    SLICE_X6Y14          SRL16E                                       r  i_scope/genblk2[1].i_axi_sm/axi_dat_fifo_reg[2][15]_srl4/CLK
                         clock pessimism             -0.359     2.011    
    SLICE_X6Y14          SRL16E (Hold_srl16e_CLK_D)
                                                      0.183     2.194    i_scope/genblk2[1].i_axi_sm/axi_dat_fifo_reg[2][15]_srl4
  -------------------------------------------------------------------
                         required time                         -2.194    
                         arrival time                           2.244    
  -------------------------------------------------------------------
                         slack                                  0.050    

Slack (MET) :             0.052ns  (arrival time - required time)
  Source:                 i_asg/chB/i_rand/lfsrs[2].lfsr_reg_reg[15]/C
                            (rising edge-triggered cell FDSE clocked by pll_adc_clk  {rise@0.000ns fall@4.000ns period=8.000ns})
  Destination:            i_asg/chB/i_rand/lfsrs[2].lfsr_reg_reg[16]/D
                            (rising edge-triggered cell FDSE clocked by pll_adc_clk  {rise@0.000ns fall@4.000ns period=8.000ns})
  Path Group:             pll_adc_clk
  Path Type:              Hold (Min at Fast Process Corner)
  Requirement:            0.000ns  (pll_adc_clk rise@0.000ns - pll_adc_clk rise@0.000ns)
  Data Path Delay:        0.412ns  (logic 0.186ns (45.175%)  route 0.226ns (54.825%))
  Logic Levels:           1  (LUT2=1)
  Clock Path Skew:        0.268ns (DCD - SCD - CPR)
    Destination Clock Delay (DCD):    2.402ns
    Source Clock Delay      (SCD):    2.008ns
    Clock Pessimism Removal (CPR):    0.125ns

    Location             Delay type                Incr(ns)  Path(ns)    Netlist Resource(s)
  -------------------------------------------------------------------    -------------------
                         (clock pll_adc_clk rise edge)
                                                      0.000     0.000 r  
    U18                                               0.000     0.000 r  adc_clk_i[1] (IN)
                         net (fo=0)                   0.000     0.000    adc_clk_i[1]
    U18                  IBUFDS (Prop_ibufds_I_O)     0.401     0.401 r  i_clk/O
                         net (fo=1, routed)           0.440     0.842    pll/adc_clk_in
    PLLE2_ADV_X0Y0       PLLE2_ADV (Prop_plle2_adv_CLKIN1_CLKOUT0)
                                                      0.051     0.893 r  pll/pll/CLKOUT0
                         net (fo=1, routed)           0.497     1.390    pll_adc_clk
    BUFGCTRL_X0Y0        BUFG (Prop_bufg_I_O)         0.026     1.416 r  bufg_adc_clk/O
                         net (fo=9778, routed)        0.593     2.008    i_asg/chB/i_rand/adc_clk
    SLICE_X41Y49         FDSE                                         r  i_asg/chB/i_rand/lfsrs[2].lfsr_reg_reg[15]/C
  -------------------------------------------------------------------    -------------------
    SLICE_X41Y49         FDSE (Prop_fdse_C_Q)         0.141     2.149 r  i_asg/chB/i_rand/lfsrs[2].lfsr_reg_reg[15]/Q
                         net (fo=1, routed)           0.226     2.375    i_asg/chB/i_rand/lfsrs[2].lfsr_reg[15]
    SLICE_X41Y50         LUT2 (Prop_lut2_I0_O)        0.045     2.420 r  i_asg/chB/i_rand/lfsrs[2].lfsr_reg[16]_i_1__0/O
                         net (fo=1, routed)           0.000     2.420    i_asg/chB/i_rand/lfsrs[2].lfsr_reg[16]_i_1__0_n_0
    SLICE_X41Y50         FDSE                                         r  i_asg/chB/i_rand/lfsrs[2].lfsr_reg_reg[16]/D
  -------------------------------------------------------------------    -------------------

                         (clock pll_adc_clk rise edge)
                                                      0.000     0.000 r  
    U18                                               0.000     0.000 r  adc_clk_i[1] (IN)
                         net (fo=0)                   0.000     0.000    adc_clk_i[1]
    U18                  IBUFDS (Prop_ibufds_I_O)     0.433     0.433 r  i_clk/O
                         net (fo=1, routed)           0.481     0.914    pll/adc_clk_in
    PLLE2_ADV_X0Y0       PLLE2_ADV (Prop_plle2_adv_CLKIN1_CLKOUT0)
                                                      0.054     0.968 r  pll/pll/CLKOUT0
                         net (fo=1, routed)           0.544     1.512    pll_adc_clk
    BUFGCTRL_X0Y0        BUFG (Prop_bufg_I_O)         0.029     1.541 r  bufg_adc_clk/O
                         net (fo=9778, routed)        0.861     2.402    i_asg/chB/i_rand/adc_clk
    SLICE_X41Y50         FDSE                                         r  i_asg/chB/i_rand/lfsrs[2].lfsr_reg_reg[16]/C
                         clock pessimism             -0.125     2.277    
    SLICE_X41Y50         FDSE (Hold_fdse_C_D)         0.091     2.368    i_asg/chB/i_rand/lfsrs[2].lfsr_reg_reg[16]
  -------------------------------------------------------------------
                         required time                         -2.368    
                         arrival time                           2.420    
  -------------------------------------------------------------------
                         slack                                  0.052    

Slack (MET) :             0.052ns  (arrival time - required time)
  Source:                 i_asg/chB/i_rand/lfsrs[8].lfsr_reg_reg[24]/C
                            (rising edge-triggered cell FDSE clocked by pll_adc_clk  {rise@0.000ns fall@4.000ns period=8.000ns})
  Destination:            i_asg/chB/i_rand/lfsrs[8].lfsr_reg_reg[25]/D
                            (rising edge-triggered cell FDSE clocked by pll_adc_clk  {rise@0.000ns fall@4.000ns period=8.000ns})
  Path Group:             pll_adc_clk
  Path Type:              Hold (Min at Fast Process Corner)
  Requirement:            0.000ns  (pll_adc_clk rise@0.000ns - pll_adc_clk rise@0.000ns)
  Data Path Delay:        0.442ns  (logic 0.186ns (42.094%)  route 0.256ns (57.906%))
  Logic Levels:           1  (LUT2=1)
  Clock Path Skew:        0.268ns (DCD - SCD - CPR)
    Destination Clock Delay (DCD):    2.400ns
    Source Clock Delay      (SCD):    2.006ns
    Clock Pessimism Removal (CPR):    0.125ns

    Location             Delay type                Incr(ns)  Path(ns)    Netlist Resource(s)
  -------------------------------------------------------------------    -------------------
                         (clock pll_adc_clk rise edge)
                                                      0.000     0.000 r  
    U18                                               0.000     0.000 r  adc_clk_i[1] (IN)
                         net (fo=0)                   0.000     0.000    adc_clk_i[1]
    U18                  IBUFDS (Prop_ibufds_I_O)     0.401     0.401 r  i_clk/O
                         net (fo=1, routed)           0.440     0.842    pll/adc_clk_in
    PLLE2_ADV_X0Y0       PLLE2_ADV (Prop_plle2_adv_CLKIN1_CLKOUT0)
                                                      0.051     0.893 r  pll/pll/CLKOUT0
                         net (fo=1, routed)           0.497     1.390    pll_adc_clk
    BUFGCTRL_X0Y0        BUFG (Prop_bufg_I_O)         0.026     1.416 r  bufg_adc_clk/O
                         net (fo=9778, routed)        0.591     2.006    i_asg/chB/i_rand/adc_clk
    SLICE_X39Y49         FDSE                                         r  i_asg/chB/i_rand/lfsrs[8].lfsr_reg_reg[24]/C
  -------------------------------------------------------------------    -------------------
    SLICE_X39Y49         FDSE (Prop_fdse_C_Q)         0.141     2.147 r  i_asg/chB/i_rand/lfsrs[8].lfsr_reg_reg[24]/Q
                         net (fo=1, routed)           0.256     2.403    i_asg/chB/i_rand/lfsrs[8].lfsr_reg[24]
    SLICE_X38Y50         LUT2 (Prop_lut2_I0_O)        0.045     2.448 r  i_asg/chB/i_rand/lfsrs[8].lfsr_reg[25]_i_1__0/O
                         net (fo=1, routed)           0.000     2.448    i_asg/chB/i_rand/lfsrs[8].lfsr_reg[25]_i_1__0_n_0
    SLICE_X38Y50         FDSE                                         r  i_asg/chB/i_rand/lfsrs[8].lfsr_reg_reg[25]/D
  -------------------------------------------------------------------    -------------------

                         (clock pll_adc_clk rise edge)
                                                      0.000     0.000 r  
    U18                                               0.000     0.000 r  adc_clk_i[1] (IN)
                         net (fo=0)                   0.000     0.000    adc_clk_i[1]
    U18                  IBUFDS (Prop_ibufds_I_O)     0.433     0.433 r  i_clk/O
                         net (fo=1, routed)           0.481     0.914    pll/adc_clk_in
    PLLE2_ADV_X0Y0       PLLE2_ADV (Prop_plle2_adv_CLKIN1_CLKOUT0)
                                                      0.054     0.968 r  pll/pll/CLKOUT0
                         net (fo=1, routed)           0.544     1.512    pll_adc_clk
    BUFGCTRL_X0Y0        BUFG (Prop_bufg_I_O)         0.029     1.541 r  bufg_adc_clk/O
                         net (fo=9778, routed)        0.859     2.400    i_asg/chB/i_rand/adc_clk
    SLICE_X38Y50         FDSE                                         r  i_asg/chB/i_rand/lfsrs[8].lfsr_reg_reg[25]/C
                         clock pessimism             -0.125     2.275    
    SLICE_X38Y50         FDSE (Hold_fdse_C_D)         0.121     2.396    i_asg/chB/i_rand/lfsrs[8].lfsr_reg_reg[25]
  -------------------------------------------------------------------
                         required time                         -2.396    
                         arrival time                           2.448    
  -------------------------------------------------------------------
                         slack                                  0.052    

Slack (MET) :             0.054ns  (arrival time - required time)
  Source:                 i_scope/i_event_logic/i_shield/clr_q_reg[1]/C
                            (rising edge-triggered cell FDRE clocked by pll_adc_clk  {rise@0.000ns fall@4.000ns period=8.000ns})
  Destination:            i_scope/i_event_logic/g_trig_src[1].i_trig_src/adc_trg_dis_reg/D
                            (rising edge-triggered cell FDRE clocked by pll_adc_clk  {rise@0.000ns fall@4.000ns period=8.000ns})
  Path Group:             pll_adc_clk
  Path Type:              Hold (Min at Fast Process Corner)
  Requirement:            0.000ns  (pll_adc_clk rise@0.000ns - pll_adc_clk rise@0.000ns)
  Data Path Delay:        0.407ns  (logic 0.246ns (60.441%)  route 0.161ns (39.559%))
  Logic Levels:           1  (LUT6=1)
  Clock Path Skew:        0.262ns (DCD - SCD - CPR)
    Destination Clock Delay (DCD):    2.361ns
    Source Clock Delay      (SCD):    1.968ns
    Clock Pessimism Removal (CPR):    0.130ns

    Location             Delay type                Incr(ns)  Path(ns)    Netlist Resource(s)
  -------------------------------------------------------------------    -------------------
                         (clock pll_adc_clk rise edge)
                                                      0.000     0.000 r  
    U18                                               0.000     0.000 r  adc_clk_i[1] (IN)
                         net (fo=0)                   0.000     0.000    adc_clk_i[1]
    U18                  IBUFDS (Prop_ibufds_I_O)     0.401     0.401 r  i_clk/O
                         net (fo=1, routed)           0.440     0.842    pll/adc_clk_in
    PLLE2_ADV_X0Y0       PLLE2_ADV (Prop_plle2_adv_CLKIN1_CLKOUT0)
                                                      0.051     0.893 r  pll/pll/CLKOUT0
                         net (fo=1, routed)           0.497     1.390    pll_adc_clk
    BUFGCTRL_X0Y0        BUFG (Prop_bufg_I_O)         0.026     1.416 r  bufg_adc_clk/O
                         net (fo=9778, routed)        0.553     1.968    i_scope/i_event_logic/i_shield/adc_clk
    SLICE_X20Y18         FDRE                                         r  i_scope/i_event_logic/i_shield/clr_q_reg[1]/C
  -------------------------------------------------------------------    -------------------
    SLICE_X20Y18         FDRE (Prop_fdre_C_Q)         0.148     2.116 f  i_scope/i_event_logic/i_shield/clr_q_reg[1]/Q
                         net (fo=1, routed)           0.161     2.277    i_scope/i_event_logic/g_trig_src[1].i_trig_src/Q[0]
    SLICE_X25Y17         LUT6 (Prop_lut6_I5_O)        0.098     2.375 r  i_scope/i_event_logic/g_trig_src[1].i_trig_src/adc_trg_dis_i_1__0/O
                         net (fo=1, routed)           0.000     2.375    i_scope/i_event_logic/g_trig_src[1].i_trig_src/adc_trg_dis_i_1__0_n_0
    SLICE_X25Y17         FDRE                                         r  i_scope/i_event_logic/g_trig_src[1].i_trig_src/adc_trg_dis_reg/D
  -------------------------------------------------------------------    -------------------

                         (clock pll_adc_clk rise edge)
                                                      0.000     0.000 r  
    U18                                               0.000     0.000 r  adc_clk_i[1] (IN)
                         net (fo=0)                   0.000     0.000    adc_clk_i[1]
    U18                  IBUFDS (Prop_ibufds_I_O)     0.433     0.433 r  i_clk/O
                         net (fo=1, routed)           0.481     0.914    pll/adc_clk_in
    PLLE2_ADV_X0Y0       PLLE2_ADV (Prop_plle2_adv_CLKIN1_CLKOUT0)
                                                      0.054     0.968 r  pll/pll/CLKOUT0
                         net (fo=1, routed)           0.544     1.512    pll_adc_clk
    BUFGCTRL_X0Y0        BUFG (Prop_bufg_I_O)         0.029     1.541 r  bufg_adc_clk/O
                         net (fo=9778, routed)        0.820     2.361    i_scope/i_event_logic/g_trig_src[1].i_trig_src/adc_clk
    SLICE_X25Y17         FDRE                                         r  i_scope/i_event_logic/g_trig_src[1].i_trig_src/adc_trg_dis_reg/C
                         clock pessimism             -0.130     2.231    
    SLICE_X25Y17         FDRE (Hold_fdre_C_D)         0.091     2.322    i_scope/i_event_logic/g_trig_src[1].i_trig_src/adc_trg_dis_reg
  -------------------------------------------------------------------
                         required time                         -2.322    
                         arrival time                           2.375    
  -------------------------------------------------------------------
                         slack                                  0.054    

Slack (MET) :             0.054ns  (arrival time - required time)
  Source:                 i_asg/chA/i_rand/lfsrs[4].lfsr_reg_reg[30]/C
                            (rising edge-triggered cell FDSE clocked by pll_adc_clk  {rise@0.000ns fall@4.000ns period=8.000ns})
  Destination:            i_asg/chA/i_rand/lfsrs[4].lfsr_reg_reg[31]/D
                            (rising edge-triggered cell FDSE clocked by pll_adc_clk  {rise@0.000ns fall@4.000ns period=8.000ns})
  Path Group:             pll_adc_clk
  Path Type:              Hold (Min at Fast Process Corner)
  Requirement:            0.000ns  (pll_adc_clk rise@0.000ns - pll_adc_clk rise@0.000ns)
  Data Path Delay:        0.408ns  (logic 0.209ns (51.173%)  route 0.199ns (48.828%))
  Logic Levels:           1  (LUT2=1)
  Clock Path Skew:        0.262ns (DCD - SCD - CPR)
    Destination Clock Delay (DCD):    2.360ns
    Source Clock Delay      (SCD):    1.967ns
    Clock Pessimism Removal (CPR):    0.130ns

    Location             Delay type                Incr(ns)  Path(ns)    Netlist Resource(s)
  -------------------------------------------------------------------    -------------------
                         (clock pll_adc_clk rise edge)
                                                      0.000     0.000 r  
    U18                                               0.000     0.000 r  adc_clk_i[1] (IN)
                         net (fo=0)                   0.000     0.000    adc_clk_i[1]
    U18                  IBUFDS (Prop_ibufds_I_O)     0.401     0.401 r  i_clk/O
                         net (fo=1, routed)           0.440     0.842    pll/adc_clk_in
    PLLE2_ADV_X0Y0       PLLE2_ADV (Prop_plle2_adv_CLKIN1_CLKOUT0)
                                                      0.051     0.893 r  pll/pll/CLKOUT0
                         net (fo=1, routed)           0.497     1.390    pll_adc_clk
    BUFGCTRL_X0Y0        BUFG (Prop_bufg_I_O)         0.026     1.416 r  bufg_adc_clk/O
                         net (fo=9778, routed)        0.552     1.967    i_asg/chA/i_rand/adc_clk
    SLICE_X20Y67         FDSE                                         r  i_asg/chA/i_rand/lfsrs[4].lfsr_reg_reg[30]/C
  -------------------------------------------------------------------    -------------------
    SLICE_X20Y67         FDSE (Prop_fdse_C_Q)         0.164     2.131 r  i_asg/chA/i_rand/lfsrs[4].lfsr_reg_reg[30]/Q
                         net (fo=1, routed)           0.199     2.331    i_asg/chA/i_rand/lfsrs[4].lfsr_reg[30]
    SLICE_X22Y67         LUT2 (Prop_lut2_I0_O)        0.045     2.376 r  i_asg/chA/i_rand/lfsrs[4].lfsr_reg[31]_i_1/O
                         net (fo=1, routed)           0.000     2.376    i_asg/chA/i_rand/lfsrs[4].lfsr_reg[31]_i_1_n_0
    SLICE_X22Y67         FDSE                                         r  i_asg/chA/i_rand/lfsrs[4].lfsr_reg_reg[31]/D
  -------------------------------------------------------------------    -------------------

                         (clock pll_adc_clk rise edge)
                                                      0.000     0.000 r  
    U18                                               0.000     0.000 r  adc_clk_i[1] (IN)
                         net (fo=0)                   0.000     0.000    adc_clk_i[1]
    U18                  IBUFDS (Prop_ibufds_I_O)     0.433     0.433 r  i_clk/O
                         net (fo=1, routed)           0.481     0.914    pll/adc_clk_in
    PLLE2_ADV_X0Y0       PLLE2_ADV (Prop_plle2_adv_CLKIN1_CLKOUT0)
                                                      0.054     0.968 r  pll/pll/CLKOUT0
                         net (fo=1, routed)           0.544     1.512    pll_adc_clk
    BUFGCTRL_X0Y0        BUFG (Prop_bufg_I_O)         0.029     1.541 r  bufg_adc_clk/O
                         net (fo=9778, routed)        0.819     2.360    i_asg/chA/i_rand/adc_clk
    SLICE_X22Y67         FDSE                                         r  i_asg/chA/i_rand/lfsrs[4].lfsr_reg_reg[31]/C
                         clock pessimism             -0.130     2.230    
    SLICE_X22Y67         FDSE (Hold_fdse_C_D)         0.092     2.322    i_asg/chA/i_rand/lfsrs[4].lfsr_reg_reg[31]
  -------------------------------------------------------------------
                         required time                         -2.322    
                         arrival time                           2.376    
  -------------------------------------------------------------------
                         slack                                  0.054    

Slack (MET) :             0.054ns  (arrival time - required time)
  Source:                 i_asg/chA/i_rand/lfsrs[8].lfsr_reg_reg[23]/C
                            (rising edge-triggered cell FDSE clocked by pll_adc_clk  {rise@0.000ns fall@4.000ns period=8.000ns})
  Destination:            i_asg/chA/i_rand/lfsrs[8].lfsr_reg_reg[24]/D
                            (rising edge-triggered cell FDSE clocked by pll_adc_clk  {rise@0.000ns fall@4.000ns period=8.000ns})
  Path Group:             pll_adc_clk
  Path Type:              Hold (Min at Fast Process Corner)
  Requirement:            0.000ns  (pll_adc_clk rise@0.000ns - pll_adc_clk rise@0.000ns)
  Data Path Delay:        0.409ns  (logic 0.186ns (45.430%)  route 0.223ns (54.570%))
  Logic Levels:           1  (LUT2=1)
  Clock Path Skew:        0.263ns (DCD - SCD - CPR)
    Destination Clock Delay (DCD):    2.355ns
    Source Clock Delay      (SCD):    1.961ns
    Clock Pessimism Removal (CPR):    0.130ns

    Location             Delay type                Incr(ns)  Path(ns)    Netlist Resource(s)
  -------------------------------------------------------------------    -------------------
                         (clock pll_adc_clk rise edge)
                                                      0.000     0.000 r  
    U18                                               0.000     0.000 r  adc_clk_i[1] (IN)
                         net (fo=0)                   0.000     0.000    adc_clk_i[1]
    U18                  IBUFDS (Prop_ibufds_I_O)     0.401     0.401 r  i_clk/O
                         net (fo=1, routed)           0.440     0.842    pll/adc_clk_in
    PLLE2_ADV_X0Y0       PLLE2_ADV (Prop_plle2_adv_CLKIN1_CLKOUT0)
                                                      0.051     0.893 r  pll/pll/CLKOUT0
                         net (fo=1, routed)           0.497     1.390    pll_adc_clk
    BUFGCTRL_X0Y0        BUFG (Prop_bufg_I_O)         0.026     1.416 r  bufg_adc_clk/O
                         net (fo=9778, routed)        0.546     1.961    i_asg/chA/i_rand/adc_clk
    SLICE_X23Y73         FDSE                                         r  i_asg/chA/i_rand/lfsrs[8].lfsr_reg_reg[23]/C
  -------------------------------------------------------------------    -------------------
    SLICE_X23Y73         FDSE (Prop_fdse_C_Q)         0.141     2.102 r  i_asg/chA/i_rand/lfsrs[8].lfsr_reg_reg[23]/Q
                         net (fo=1, routed)           0.223     2.326    i_asg/chA/i_rand/lfsrs[8].lfsr_reg[23]
    SLICE_X21Y73         LUT2 (Prop_lut2_I0_O)        0.045     2.371 r  i_asg/chA/i_rand/lfsrs[8].lfsr_reg[24]_i_1/O
                         net (fo=1, routed)           0.000     2.371    i_asg/chA/i_rand/lfsrs[8].lfsr_reg[24]_i_1_n_0
    SLICE_X21Y73         FDSE                                         r  i_asg/chA/i_rand/lfsrs[8].lfsr_reg_reg[24]/D
  -------------------------------------------------------------------    -------------------

                         (clock pll_adc_clk rise edge)
                                                      0.000     0.000 r  
    U18                                               0.000     0.000 r  adc_clk_i[1] (IN)
                         net (fo=0)                   0.000     0.000    adc_clk_i[1]
    U18                  IBUFDS (Prop_ibufds_I_O)     0.433     0.433 r  i_clk/O
                         net (fo=1, routed)           0.481     0.914    pll/adc_clk_in
    PLLE2_ADV_X0Y0       PLLE2_ADV (Prop_plle2_adv_CLKIN1_CLKOUT0)
                                                      0.054     0.968 r  pll/pll/CLKOUT0
                         net (fo=1, routed)           0.544     1.512    pll_adc_clk
    BUFGCTRL_X0Y0        BUFG (Prop_bufg_I_O)         0.029     1.541 r  bufg_adc_clk/O
                         net (fo=9778, routed)        0.814     2.355    i_asg/chA/i_rand/adc_clk
    SLICE_X21Y73         FDSE                                         r  i_asg/chA/i_rand/lfsrs[8].lfsr_reg_reg[24]/C
                         clock pessimism             -0.130     2.225    
    SLICE_X21Y73         FDSE (Hold_fdse_C_D)         0.092     2.317    i_asg/chA/i_rand/lfsrs[8].lfsr_reg_reg[24]
  -------------------------------------------------------------------
                         required time                         -2.317    
                         arrival time                           2.371    
  -------------------------------------------------------------------
                         slack                                  0.054    

Slack (MET) :             0.055ns  (arrival time - required time)
  Source:                 i_asg/chA/i_rand/lfsrs[2].lfsr_reg_reg[28]/C
                            (rising edge-triggered cell FDSE clocked by pll_adc_clk  {rise@0.000ns fall@4.000ns period=8.000ns})
  Destination:            i_asg/chA/i_rand/lfsrs[2].lfsr_reg_reg[29]/D
                            (rising edge-triggered cell FDSE clocked by pll_adc_clk  {rise@0.000ns fall@4.000ns period=8.000ns})
  Path Group:             pll_adc_clk
  Path Type:              Hold (Min at Fast Process Corner)
  Requirement:            0.000ns  (pll_adc_clk rise@0.000ns - pll_adc_clk rise@0.000ns)
  Data Path Delay:        0.409ns  (logic 0.209ns (51.123%)  route 0.200ns (48.877%))
  Logic Levels:           1  (LUT2=1)
  Clock Path Skew:        0.262ns (DCD - SCD - CPR)
    Destination Clock Delay (DCD):    2.360ns
    Source Clock Delay      (SCD):    1.967ns
    Clock Pessimism Removal (CPR):    0.130ns

    Location             Delay type                Incr(ns)  Path(ns)    Netlist Resource(s)
  -------------------------------------------------------------------    -------------------
                         (clock pll_adc_clk rise edge)
                                                      0.000     0.000 r  
    U18                                               0.000     0.000 r  adc_clk_i[1] (IN)
                         net (fo=0)                   0.000     0.000    adc_clk_i[1]
    U18                  IBUFDS (Prop_ibufds_I_O)     0.401     0.401 r  i_clk/O
                         net (fo=1, routed)           0.440     0.842    pll/adc_clk_in
    PLLE2_ADV_X0Y0       PLLE2_ADV (Prop_plle2_adv_CLKIN1_CLKOUT0)
                                                      0.051     0.893 r  pll/pll/CLKOUT0
                         net (fo=1, routed)           0.497     1.390    pll_adc_clk
    BUFGCTRL_X0Y0        BUFG (Prop_bufg_I_O)         0.026     1.416 r  bufg_adc_clk/O
                         net (fo=9778, routed)        0.552     1.967    i_asg/chA/i_rand/adc_clk
    SLICE_X20Y67         FDSE                                         r  i_asg/chA/i_rand/lfsrs[2].lfsr_reg_reg[28]/C
  -------------------------------------------------------------------    -------------------
    SLICE_X20Y67         FDSE (Prop_fdse_C_Q)         0.164     2.131 r  i_asg/chA/i_rand/lfsrs[2].lfsr_reg_reg[28]/Q
                         net (fo=1, routed)           0.200     2.331    i_asg/chA/i_rand/lfsrs[2].lfsr_reg[28]
    SLICE_X22Y67         LUT2 (Prop_lut2_I0_O)        0.045     2.376 r  i_asg/chA/i_rand/lfsrs[2].lfsr_reg[29]_i_1/O
                         net (fo=1, routed)           0.000     2.376    i_asg/chA/i_rand/lfsrs[2].lfsr_reg[29]_i_1_n_0
    SLICE_X22Y67         FDSE                                         r  i_asg/chA/i_rand/lfsrs[2].lfsr_reg_reg[29]/D
  -------------------------------------------------------------------    -------------------

                         (clock pll_adc_clk rise edge)
                                                      0.000     0.000 r  
    U18                                               0.000     0.000 r  adc_clk_i[1] (IN)
                         net (fo=0)                   0.000     0.000    adc_clk_i[1]
    U18                  IBUFDS (Prop_ibufds_I_O)     0.433     0.433 r  i_clk/O
                         net (fo=1, routed)           0.481     0.914    pll/adc_clk_in
    PLLE2_ADV_X0Y0       PLLE2_ADV (Prop_plle2_adv_CLKIN1_CLKOUT0)
                                                      0.054     0.968 r  pll/pll/CLKOUT0
                         net (fo=1, routed)           0.544     1.512    pll_adc_clk
    BUFGCTRL_X0Y0        BUFG (Prop_bufg_I_O)         0.029     1.541 r  bufg_adc_clk/O
                         net (fo=9778, routed)        0.819     2.360    i_asg/chA/i_rand/adc_clk
    SLICE_X22Y67         FDSE                                         r  i_asg/chA/i_rand/lfsrs[2].lfsr_reg_reg[29]/C
                         clock pessimism             -0.130     2.230    
    SLICE_X22Y67         FDSE (Hold_fdse_C_D)         0.092     2.322    i_asg/chA/i_rand/lfsrs[2].lfsr_reg_reg[29]
  -------------------------------------------------------------------
                         required time                         -2.322    
                         arrival time                           2.376    
  -------------------------------------------------------------------
                         slack                                  0.055    

Slack (MET) :             0.055ns  (arrival time - required time)
  Source:                 i_asg/chB/inst_axi_dac/transf_cnt_reg[20]/C
                            (rising edge-triggered cell FDRE clocked by pll_adc_clk  {rise@0.000ns fall@4.000ns period=8.000ns})
  Destination:            i_asg/chB/inst_axi_dac/transf_cnt_o_reg[20]/D
                            (rising edge-triggered cell FDRE clocked by pll_adc_clk  {rise@0.000ns fall@4.000ns period=8.000ns})
  Path Group:             pll_adc_clk
  Path Type:              Hold (Min at Fast Process Corner)
  Requirement:            0.000ns  (pll_adc_clk rise@0.000ns - pll_adc_clk rise@0.000ns)
  Data Path Delay:        0.390ns  (logic 0.141ns (36.185%)  route 0.249ns (63.815%))
  Logic Levels:           0  
  Clock Path Skew:        0.271ns (DCD - SCD - CPR)
    Destination Clock Delay (DCD):    2.370ns
    Source Clock Delay      (SCD):    1.973ns
    Clock Pessimism Removal (CPR):    0.125ns

    Location             Delay type                Incr(ns)  Path(ns)    Netlist Resource(s)
  -------------------------------------------------------------------    -------------------
                         (clock pll_adc_clk rise edge)
                                                      0.000     0.000 r  
    U18                                               0.000     0.000 r  adc_clk_i[1] (IN)
                         net (fo=0)                   0.000     0.000    adc_clk_i[1]
    U18                  IBUFDS (Prop_ibufds_I_O)     0.401     0.401 r  i_clk/O
                         net (fo=1, routed)           0.440     0.842    pll/adc_clk_in
    PLLE2_ADV_X0Y0       PLLE2_ADV (Prop_plle2_adv_CLKIN1_CLKOUT0)
                                                      0.051     0.893 r  pll/pll/CLKOUT0
                         net (fo=1, routed)           0.497     1.390    pll_adc_clk
    BUFGCTRL_X0Y0        BUFG (Prop_bufg_I_O)         0.026     1.416 r  bufg_adc_clk/O
                         net (fo=9778, routed)        0.558     1.973    i_asg/chB/inst_axi_dac/adc_clk
    SLICE_X25Y54         FDRE                                         r  i_asg/chB/inst_axi_dac/transf_cnt_reg[20]/C
  -------------------------------------------------------------------    -------------------
    SLICE_X25Y54         FDRE (Prop_fdre_C_Q)         0.141     2.114 r  i_asg/chB/inst_axi_dac/transf_cnt_reg[20]/Q
                         net (fo=2, routed)           0.249     2.363    i_asg/chB/inst_axi_dac/transf_cnt_reg[20]
    SLICE_X24Y48         FDRE                                         r  i_asg/chB/inst_axi_dac/transf_cnt_o_reg[20]/D
  -------------------------------------------------------------------    -------------------

                         (clock pll_adc_clk rise edge)
                                                      0.000     0.000 r  
    U18                                               0.000     0.000 r  adc_clk_i[1] (IN)
                         net (fo=0)                   0.000     0.000    adc_clk_i[1]
    U18                  IBUFDS (Prop_ibufds_I_O)     0.433     0.433 r  i_clk/O
                         net (fo=1, routed)           0.481     0.914    pll/adc_clk_in
    PLLE2_ADV_X0Y0       PLLE2_ADV (Prop_plle2_adv_CLKIN1_CLKOUT0)
                                                      0.054     0.968 r  pll/pll/CLKOUT0
                         net (fo=1, routed)           0.544     1.512    pll_adc_clk
    BUFGCTRL_X0Y0        BUFG (Prop_bufg_I_O)         0.029     1.541 r  bufg_adc_clk/O
                         net (fo=9778, routed)        0.829     2.370    i_asg/chB/inst_axi_dac/adc_clk
    SLICE_X24Y48         FDRE                                         r  i_asg/chB/inst_axi_dac/transf_cnt_o_reg[20]/C
                         clock pessimism             -0.125     2.245    
    SLICE_X24Y48         FDRE (Hold_fdre_C_D)         0.063     2.308    i_asg/chB/inst_axi_dac/transf_cnt_o_reg[20]
  -------------------------------------------------------------------
                         required time                         -2.308    
                         arrival time                           2.363    
  -------------------------------------------------------------------
                         slack                                  0.055    





Pulse Width Checks
--------------------------------------------------------------------------------------
Clock Name:         pll_adc_clk
Waveform(ns):       { 0.000 4.000 }
Period(ns):         8.000
Sources:            { pll/pll/CLKOUT0 }

Check Type        Corner  Lib Pin            Reference Pin  Required(ns)  Actual(ns)  Slack(ns)  Location        Pin
Min Period        n/a     DSP48E1/CLK        n/a            3.884         8.000       4.116      DSP48_X1Y13     i_scope/genblk2[1].i_calib_ch/gain_calc_r1__0/CLK
Min Period        n/a     DSP48E1/CLK        n/a            3.884         8.000       4.116      DSP48_X1Y0      i_scope/genblk2[0].i_dfilt1_ch/bb_mult/CLK
Min Period        n/a     DSP48E1/CLK        n/a            3.884         8.000       4.116      DSP48_X1Y8      i_scope/genblk2[1].i_dfilt1_ch/bb_mult/CLK
Min Period        n/a     DSP48E1/CLK        n/a            3.884         8.000       4.116      DSP48_X1Y5      i_scope/genblk2[0].i_calib_ch/gain_calc_r1__0/CLK
Min Period        n/a     DSP48E1/CLK        n/a            3.687         8.000       4.313      DSP48_X0Y20     i_asg/chA/dac_mult_reg/CLK
Min Period        n/a     DSP48E1/CLK        n/a            3.687         8.000       4.313      DSP48_X1Y7      i_scope/genblk2[0].i_dfilt1_ch/kk_mult_reg/CLK
Min Period        n/a     DSP48E1/CLK        n/a            3.687         8.000       4.313      DSP48_X1Y18     i_asg/chB/dac_mult_reg/CLK
Min Period        n/a     DSP48E1/CLK        n/a            3.558         8.000       4.442      DSP48_X1Y26     i_pid/i_pid12/kd_mult/CLK
Min Period        n/a     DSP48E1/CLK        n/a            3.558         8.000       4.442      DSP48_X1Y31     i_pid/i_pid22/kd_mult/CLK
Min Period        n/a     DSP48E1/CLK        n/a            3.558         8.000       4.442      DSP48_X1Y29     i_pid/i_pid11/kp_mult/CLK
Max Period        n/a     PLLE2_ADV/CLKOUT0  n/a            160.000       8.000       152.000    PLLE2_ADV_X0Y0  pll/pll/CLKOUT0
Low Pulse Width   Slow    RAMD32/CLK         n/a            1.250         4.000       2.750      SLICE_X0Y8      ps/axi_master_0/axi_awfifo_reg_0_15_30_35/RAMA/CLK
Low Pulse Width   Slow    RAMD32/CLK         n/a            1.250         4.000       2.750      SLICE_X0Y8      ps/axi_master_0/axi_awfifo_reg_0_15_30_35/RAMA_D1/CLK
Low Pulse Width   Slow    RAMD32/CLK         n/a            1.250         4.000       2.750      SLICE_X0Y8      ps/axi_master_0/axi_awfifo_reg_0_15_30_35/RAMB/CLK
Low Pulse Width   Slow    RAMD32/CLK         n/a            1.250         4.000       2.750      SLICE_X0Y8      ps/axi_master_0/axi_awfifo_reg_0_15_30_35/RAMB_D1/CLK
Low Pulse Width   Slow    RAMD32/CLK         n/a            1.250         4.000       2.750      SLICE_X0Y8      ps/axi_master_0/axi_awfifo_reg_0_15_30_35/RAMC/CLK
Low Pulse Width   Slow    RAMD32/CLK         n/a            1.250         4.000       2.750      SLICE_X0Y8      ps/axi_master_0/axi_awfifo_reg_0_15_30_35/RAMC_D1/CLK
Low Pulse Width   Slow    RAMS32/CLK         n/a            1.250         4.000       2.750      SLICE_X0Y8      ps/axi_master_0/axi_awfifo_reg_0_15_30_35/RAMD/CLK
Low Pulse Width   Slow    RAMS32/CLK         n/a            1.250         4.000       2.750      SLICE_X0Y8      ps/axi_master_0/axi_awfifo_reg_0_15_30_35/RAMD_D1/CLK
Low Pulse Width   Slow    RAMD32/CLK         n/a            1.250         4.000       2.750      SLICE_X0Y3      ps/axi_master_0/axi_wfifo_reg_0_15_12_17/RAMA/CLK
Low Pulse Width   Slow    RAMD32/CLK         n/a            1.250         4.000       2.750      SLICE_X0Y3      ps/axi_master_0/axi_wfifo_reg_0_15_12_17/RAMA_D1/CLK
High Pulse Width  Slow    RAMD32/CLK         n/a            1.250         4.000       2.750      SLICE_X0Y0      ps/axi_master_0/axi_wfifo_reg_0_15_30_35/RAMA/CLK
High Pulse Width  Slow    RAMD32/CLK         n/a            1.250         4.000       2.750      SLICE_X0Y0      ps/axi_master_0/axi_wfifo_reg_0_15_30_35/RAMA_D1/CLK
High Pulse Width  Slow    RAMD32/CLK         n/a            1.250         4.000       2.750      SLICE_X0Y0      ps/axi_master_0/axi_wfifo_reg_0_15_30_35/RAMB/CLK
High Pulse Width  Slow    RAMD32/CLK         n/a            1.250         4.000       2.750      SLICE_X0Y0      ps/axi_master_0/axi_wfifo_reg_0_15_30_35/RAMB_D1/CLK
High Pulse Width  Slow    RAMD32/CLK         n/a            1.250         4.000       2.750      SLICE_X0Y0      ps/axi_master_0/axi_wfifo_reg_0_15_30_35/RAMC/CLK
High Pulse Width  Slow    RAMD32/CLK         n/a            1.250         4.000       2.750      SLICE_X0Y0      ps/axi_master_0/axi_wfifo_reg_0_15_30_35/RAMC_D1/CLK
High Pulse Width  Slow    RAMS32/CLK         n/a            1.250         4.000       2.750      SLICE_X0Y0      ps/axi_master_0/axi_wfifo_reg_0_15_30_35/RAMD/CLK
High Pulse Width  Slow    RAMS32/CLK         n/a            1.250         4.000       2.750      SLICE_X0Y0      ps/axi_master_0/axi_wfifo_reg_0_15_30_35/RAMD_D1/CLK
High Pulse Width  Slow    RAMD32/CLK         n/a            1.250         4.000       2.750      SLICE_X0Y2      ps/axi_master_0/axi_wfifo_reg_0_15_66_71/RAMA/CLK
High Pulse Width  Slow    RAMD32/CLK         n/a            1.250         4.000       2.750      SLICE_X0Y2      ps/axi_master_0/axi_wfifo_reg_0_15_66_71/RAMA_D1/CLK



---------------------------------------------------------------------------------------------------
From Clock:  pll_dac_clk_1x
  To Clock:  pll_dac_clk_1x

Setup :            0  Failing Endpoints,  Worst Slack        0.598ns,  Total Violation        0.000ns
Hold  :            0  Failing Endpoints,  Worst Slack        0.187ns,  Total Violation        0.000ns
PW    :            0  Failing Endpoints,  Worst Slack        3.500ns,  Total Violation        0.000ns
---------------------------------------------------------------------------------------------------


Max Delay Paths
--------------------------------------------------------------------------------------
Slack (MET) :             0.598ns  (required time - arrival time)
  Source:                 dac_rst_reg/C
                            (rising edge-triggered cell FDRE clocked by pll_dac_clk_1x  {rise@0.000ns fall@4.000ns period=8.000ns})
  Destination:            oddr_dac_sel/R
                            (falling edge-triggered cell ODDR clocked by pll_dac_clk_1x  {rise@0.000ns fall@4.000ns period=8.000ns})
  Path Group:             pll_dac_clk_1x
  Path Type:              Setup (Max at Slow Process Corner)
  Requirement:            4.000ns  (pll_dac_clk_1x fall@4.000ns - pll_dac_clk_1x rise@0.000ns)
  Data Path Delay:        2.467ns  (logic 0.456ns (18.481%)  route 2.011ns (81.519%))
  Logic Levels:           0  
  Clock Path Skew:        -0.068ns (DCD - SCD + CPR)
    Destination Clock Delay (DCD):    5.434ns = ( 9.434 - 4.000 ) 
    Source Clock Delay      (SCD):    5.959ns
    Clock Pessimism Removal (CPR):    0.457ns
  Clock Uncertainty:      0.069ns  ((TSJ^2 + DJ^2)^1/2) / 2 + PE
    Total System Jitter     (TSJ):    0.071ns
    Discrete Jitter          (DJ):    0.118ns
    Phase Error              (PE):    0.000ns

    Location             Delay type                Incr(ns)  Path(ns)    Netlist Resource(s)
  -------------------------------------------------------------------    -------------------
                         (clock pll_dac_clk_1x rise edge)
                                                      0.000     0.000 r  
    U18                                               0.000     0.000 r  adc_clk_i[1] (IN)
                         net (fo=0)                   0.000     0.000    adc_clk_i[1]
    U18                  IBUFDS (Prop_ibufds_I_O)     0.983     0.983 r  i_clk/O
                         net (fo=1, routed)           1.306     2.289    pll/adc_clk_in
    PLLE2_ADV_X0Y0       PLLE2_ADV (Prop_plle2_adv_CLKIN1_CLKOUT1)
                                                      0.089     2.378 r  pll/pll/CLKOUT1
                         net (fo=1, routed)           1.754     4.132    pll_dac_clk_1x
    BUFGCTRL_X0Y5        BUFG (Prop_bufg_I_O)         0.101     4.233 r  bufg_dac_clk_1x/O
                         net (fo=45, routed)          1.726     5.959    dac_clk_1x
    SLICE_X40Y72         FDRE                                         r  dac_rst_reg/C
  -------------------------------------------------------------------    -------------------
    SLICE_X40Y72         FDRE (Prop_fdre_C_Q)         0.456     6.415 r  dac_rst_reg/Q
                         net (fo=17, routed)          2.011     8.427    dac_rst
    OLOGIC_X0Y57         ODDR                                         r  oddr_dac_sel/R
  -------------------------------------------------------------------    -------------------

                         (clock pll_dac_clk_1x fall edge)
                                                      4.000     4.000 f  
    U18                                               0.000     4.000 f  adc_clk_i[1] (IN)
                         net (fo=0)                   0.000     4.000    adc_clk_i[1]
    U18                  IBUFDS (Prop_ibufds_I_O)     0.940     4.940 f  i_clk/O
                         net (fo=1, routed)           1.181     6.121    pll/adc_clk_in
    PLLE2_ADV_X0Y0       PLLE2_ADV (Prop_plle2_adv_CLKIN1_CLKOUT1)
                                                      0.084     6.205 f  pll/pll/CLKOUT1
                         net (fo=1, routed)           1.594     7.799    pll_dac_clk_1x
    BUFGCTRL_X0Y5        BUFG (Prop_bufg_I_O)         0.091     7.890 f  bufg_dac_clk_1x/O
                         net (fo=45, routed)          1.544     9.434    dac_clk_1x
    OLOGIC_X0Y57         ODDR                                         f  oddr_dac_sel/C
                         clock pessimism              0.457     9.892    
                         clock uncertainty           -0.069     9.823    
    OLOGIC_X0Y57         ODDR (Setup_oddr_C_R)       -0.798     9.025    oddr_dac_sel
  -------------------------------------------------------------------
                         required time                          9.025    
                         arrival time                          -8.427    
  -------------------------------------------------------------------
                         slack                                  0.598    

Slack (MET) :             0.649ns  (required time - arrival time)
  Source:                 dac_rst_reg/C
                            (rising edge-triggered cell FDRE clocked by pll_dac_clk_1x  {rise@0.000ns fall@4.000ns period=8.000ns})
  Destination:            oddr_dac_dat[13]/R
                            (falling edge-triggered cell ODDR clocked by pll_dac_clk_1x  {rise@0.000ns fall@4.000ns period=8.000ns})
  Path Group:             pll_dac_clk_1x
  Path Type:              Setup (Max at Slow Process Corner)
  Requirement:            4.000ns  (pll_dac_clk_1x fall@4.000ns - pll_dac_clk_1x rise@0.000ns)
  Data Path Delay:        2.416ns  (logic 0.456ns (18.871%)  route 1.960ns (81.129%))
  Logic Levels:           0  
  Clock Path Skew:        -0.068ns (DCD - SCD + CPR)
    Destination Clock Delay (DCD):    5.434ns = ( 9.434 - 4.000 ) 
    Source Clock Delay      (SCD):    5.959ns
    Clock Pessimism Removal (CPR):    0.457ns
  Clock Uncertainty:      0.069ns  ((TSJ^2 + DJ^2)^1/2) / 2 + PE
    Total System Jitter     (TSJ):    0.071ns
    Discrete Jitter          (DJ):    0.118ns
    Phase Error              (PE):    0.000ns

    Location             Delay type                Incr(ns)  Path(ns)    Netlist Resource(s)
  -------------------------------------------------------------------    -------------------
                         (clock pll_dac_clk_1x rise edge)
                                                      0.000     0.000 r  
    U18                                               0.000     0.000 r  adc_clk_i[1] (IN)
                         net (fo=0)                   0.000     0.000    adc_clk_i[1]
    U18                  IBUFDS (Prop_ibufds_I_O)     0.983     0.983 r  i_clk/O
                         net (fo=1, routed)           1.306     2.289    pll/adc_clk_in
    PLLE2_ADV_X0Y0       PLLE2_ADV (Prop_plle2_adv_CLKIN1_CLKOUT1)
                                                      0.089     2.378 r  pll/pll/CLKOUT1
                         net (fo=1, routed)           1.754     4.132    pll_dac_clk_1x
    BUFGCTRL_X0Y5        BUFG (Prop_bufg_I_O)         0.101     4.233 r  bufg_dac_clk_1x/O
                         net (fo=45, routed)          1.726     5.959    dac_clk_1x
    SLICE_X40Y72         FDRE                                         r  dac_rst_reg/C
  -------------------------------------------------------------------    -------------------
    SLICE_X40Y72         FDRE (Prop_fdre_C_Q)         0.456     6.415 r  dac_rst_reg/Q
                         net (fo=17, routed)          1.960     8.376    dac_rst
    OLOGIC_X0Y92         ODDR                                         r  oddr_dac_dat[13]/R
  -------------------------------------------------------------------    -------------------

                         (clock pll_dac_clk_1x fall edge)
                                                      4.000     4.000 f  
    U18                                               0.000     4.000 f  adc_clk_i[1] (IN)
                         net (fo=0)                   0.000     4.000    adc_clk_i[1]
    U18                  IBUFDS (Prop_ibufds_I_O)     0.940     4.940 f  i_clk/O
                         net (fo=1, routed)           1.181     6.121    pll/adc_clk_in
    PLLE2_ADV_X0Y0       PLLE2_ADV (Prop_plle2_adv_CLKIN1_CLKOUT1)
                                                      0.084     6.205 f  pll/pll/CLKOUT1
                         net (fo=1, routed)           1.594     7.799    pll_dac_clk_1x
    BUFGCTRL_X0Y5        BUFG (Prop_bufg_I_O)         0.091     7.890 f  bufg_dac_clk_1x/O
                         net (fo=45, routed)          1.544     9.434    dac_clk_1x
    OLOGIC_X0Y92         ODDR                                         f  oddr_dac_dat[13]/C
                         clock pessimism              0.457     9.892    
                         clock uncertainty           -0.069     9.823    
    OLOGIC_X0Y92         ODDR (Setup_oddr_C_R)       -0.798     9.025    oddr_dac_dat[13]
  -------------------------------------------------------------------
                         required time                          9.025    
                         arrival time                          -8.376    
  -------------------------------------------------------------------
                         slack                                  0.649    

Slack (MET) :             0.668ns  (required time - arrival time)
  Source:                 dac_rst_reg/C
                            (rising edge-triggered cell FDRE clocked by pll_dac_clk_1x  {rise@0.000ns fall@4.000ns period=8.000ns})
  Destination:            oddr_dac_dat[8]/R
                            (falling edge-triggered cell ODDR clocked by pll_dac_clk_1x  {rise@0.000ns fall@4.000ns period=8.000ns})
  Path Group:             pll_dac_clk_1x
  Path Type:              Setup (Max at Slow Process Corner)
  Requirement:            4.000ns  (pll_dac_clk_1x fall@4.000ns - pll_dac_clk_1x rise@0.000ns)
  Data Path Delay:        2.394ns  (logic 0.456ns (19.051%)  route 1.938ns (80.949%))
  Logic Levels:           0  
  Clock Path Skew:        -0.072ns (DCD - SCD + CPR)
    Destination Clock Delay (DCD):    5.430ns = ( 9.430 - 4.000 ) 
    Source Clock Delay      (SCD):    5.959ns
    Clock Pessimism Removal (CPR):    0.457ns
  Clock Uncertainty:      0.069ns  ((TSJ^2 + DJ^2)^1/2) / 2 + PE
    Total System Jitter     (TSJ):    0.071ns
    Discrete Jitter          (DJ):    0.118ns
    Phase Error              (PE):    0.000ns

    Location             Delay type                Incr(ns)  Path(ns)    Netlist Resource(s)
  -------------------------------------------------------------------    -------------------
                         (clock pll_dac_clk_1x rise edge)
                                                      0.000     0.000 r  
    U18                                               0.000     0.000 r  adc_clk_i[1] (IN)
                         net (fo=0)                   0.000     0.000    adc_clk_i[1]
    U18                  IBUFDS (Prop_ibufds_I_O)     0.983     0.983 r  i_clk/O
                         net (fo=1, routed)           1.306     2.289    pll/adc_clk_in
    PLLE2_ADV_X0Y0       PLLE2_ADV (Prop_plle2_adv_CLKIN1_CLKOUT1)
                                                      0.089     2.378 r  pll/pll/CLKOUT1
                         net (fo=1, routed)           1.754     4.132    pll_dac_clk_1x
    BUFGCTRL_X0Y5        BUFG (Prop_bufg_I_O)         0.101     4.233 r  bufg_dac_clk_1x/O
                         net (fo=45, routed)          1.726     5.959    dac_clk_1x
    SLICE_X40Y72         FDRE                                         r  dac_rst_reg/C
  -------------------------------------------------------------------    -------------------
    SLICE_X40Y72         FDRE (Prop_fdre_C_Q)         0.456     6.415 r  dac_rst_reg/Q
                         net (fo=17, routed)          1.938     8.353    dac_rst
    OLOGIC_X0Y64         ODDR                                         r  oddr_dac_dat[8]/R
  -------------------------------------------------------------------    -------------------

                         (clock pll_dac_clk_1x fall edge)
                                                      4.000     4.000 f  
    U18                                               0.000     4.000 f  adc_clk_i[1] (IN)
                         net (fo=0)                   0.000     4.000    adc_clk_i[1]
    U18                  IBUFDS (Prop_ibufds_I_O)     0.940     4.940 f  i_clk/O
                         net (fo=1, routed)           1.181     6.121    pll/adc_clk_in
    PLLE2_ADV_X0Y0       PLLE2_ADV (Prop_plle2_adv_CLKIN1_CLKOUT1)
                                                      0.084     6.205 f  pll/pll/CLKOUT1
                         net (fo=1, routed)           1.594     7.799    pll_dac_clk_1x
    BUFGCTRL_X0Y5        BUFG (Prop_bufg_I_O)         0.091     7.890 f  bufg_dac_clk_1x/O
                         net (fo=45, routed)          1.540     9.430    dac_clk_1x
    OLOGIC_X0Y64         ODDR                                         f  oddr_dac_dat[8]/C
                         clock pessimism              0.457     9.888    
                         clock uncertainty           -0.069     9.819    
    OLOGIC_X0Y64         ODDR (Setup_oddr_C_R)       -0.798     9.021    oddr_dac_dat[8]
  -------------------------------------------------------------------
                         required time                          9.021    
                         arrival time                          -8.353    
  -------------------------------------------------------------------
                         slack                                  0.668    

Slack (MET) :             0.679ns  (required time - arrival time)
  Source:                 dac_rst_reg/C
                            (rising edge-triggered cell FDRE clocked by pll_dac_clk_1x  {rise@0.000ns fall@4.000ns period=8.000ns})
  Destination:            oddr_dac_dat[7]/R
                            (falling edge-triggered cell ODDR clocked by pll_dac_clk_1x  {rise@0.000ns fall@4.000ns period=8.000ns})
  Path Group:             pll_dac_clk_1x
  Path Type:              Setup (Max at Slow Process Corner)
  Requirement:            4.000ns  (pll_dac_clk_1x fall@4.000ns - pll_dac_clk_1x rise@0.000ns)
  Data Path Delay:        2.381ns  (logic 0.456ns (19.152%)  route 1.925ns (80.848%))
  Logic Levels:           0  
  Clock Path Skew:        -0.073ns (DCD - SCD + CPR)
    Destination Clock Delay (DCD):    5.429ns = ( 9.429 - 4.000 ) 
    Source Clock Delay      (SCD):    5.959ns
    Clock Pessimism Removal (CPR):    0.457ns
  Clock Uncertainty:      0.069ns  ((TSJ^2 + DJ^2)^1/2) / 2 + PE
    Total System Jitter     (TSJ):    0.071ns
    Discrete Jitter          (DJ):    0.118ns
    Phase Error              (PE):    0.000ns

    Location             Delay type                Incr(ns)  Path(ns)    Netlist Resource(s)
  -------------------------------------------------------------------    -------------------
                         (clock pll_dac_clk_1x rise edge)
                                                      0.000     0.000 r  
    U18                                               0.000     0.000 r  adc_clk_i[1] (IN)
                         net (fo=0)                   0.000     0.000    adc_clk_i[1]
    U18                  IBUFDS (Prop_ibufds_I_O)     0.983     0.983 r  i_clk/O
                         net (fo=1, routed)           1.306     2.289    pll/adc_clk_in
    PLLE2_ADV_X0Y0       PLLE2_ADV (Prop_plle2_adv_CLKIN1_CLKOUT1)
                                                      0.089     2.378 r  pll/pll/CLKOUT1
                         net (fo=1, routed)           1.754     4.132    pll_dac_clk_1x
    BUFGCTRL_X0Y5        BUFG (Prop_bufg_I_O)         0.101     4.233 r  bufg_dac_clk_1x/O
                         net (fo=45, routed)          1.726     5.959    dac_clk_1x
    SLICE_X40Y72         FDRE                                         r  dac_rst_reg/C
  -------------------------------------------------------------------    -------------------
    SLICE_X40Y72         FDRE (Prop_fdre_C_Q)         0.456     6.415 r  dac_rst_reg/Q
                         net (fo=17, routed)          1.925     8.340    dac_rst
    OLOGIC_X0Y65         ODDR                                         r  oddr_dac_dat[7]/R
  -------------------------------------------------------------------    -------------------

                         (clock pll_dac_clk_1x fall edge)
                                                      4.000     4.000 f  
    U18                                               0.000     4.000 f  adc_clk_i[1] (IN)
                         net (fo=0)                   0.000     4.000    adc_clk_i[1]
    U18                  IBUFDS (Prop_ibufds_I_O)     0.940     4.940 f  i_clk/O
                         net (fo=1, routed)           1.181     6.121    pll/adc_clk_in
    PLLE2_ADV_X0Y0       PLLE2_ADV (Prop_plle2_adv_CLKIN1_CLKOUT1)
                                                      0.084     6.205 f  pll/pll/CLKOUT1
                         net (fo=1, routed)           1.594     7.799    pll_dac_clk_1x
    BUFGCTRL_X0Y5        BUFG (Prop_bufg_I_O)         0.091     7.890 f  bufg_dac_clk_1x/O
                         net (fo=45, routed)          1.539     9.429    dac_clk_1x
    OLOGIC_X0Y65         ODDR                                         f  oddr_dac_dat[7]/C
                         clock pessimism              0.457     9.887    
                         clock uncertainty           -0.069     9.818    
    OLOGIC_X0Y65         ODDR (Setup_oddr_C_R)       -0.798     9.020    oddr_dac_dat[7]
  -------------------------------------------------------------------
                         required time                          9.020    
                         arrival time                          -8.340    
  -------------------------------------------------------------------
                         slack                                  0.679    

Slack (MET) :             0.727ns  (required time - arrival time)
  Source:                 dac_rst_reg/C
                            (rising edge-triggered cell FDRE clocked by pll_dac_clk_1x  {rise@0.000ns fall@4.000ns period=8.000ns})
  Destination:            oddr_dac_dat[12]/R
                            (falling edge-triggered cell ODDR clocked by pll_dac_clk_1x  {rise@0.000ns fall@4.000ns period=8.000ns})
  Path Group:             pll_dac_clk_1x
  Path Type:              Setup (Max at Slow Process Corner)
  Requirement:            4.000ns  (pll_dac_clk_1x fall@4.000ns - pll_dac_clk_1x rise@0.000ns)
  Data Path Delay:        2.338ns  (logic 0.456ns (19.500%)  route 1.882ns (80.500%))
  Logic Levels:           0  
  Clock Path Skew:        -0.068ns (DCD - SCD + CPR)
    Destination Clock Delay (DCD):    5.434ns = ( 9.434 - 4.000 ) 
    Source Clock Delay      (SCD):    5.959ns
    Clock Pessimism Removal (CPR):    0.457ns
  Clock Uncertainty:      0.069ns  ((TSJ^2 + DJ^2)^1/2) / 2 + PE
    Total System Jitter     (TSJ):    0.071ns
    Discrete Jitter          (DJ):    0.118ns
    Phase Error              (PE):    0.000ns

    Location             Delay type                Incr(ns)  Path(ns)    Netlist Resource(s)
  -------------------------------------------------------------------    -------------------
                         (clock pll_dac_clk_1x rise edge)
                                                      0.000     0.000 r  
    U18                                               0.000     0.000 r  adc_clk_i[1] (IN)
                         net (fo=0)                   0.000     0.000    adc_clk_i[1]
    U18                  IBUFDS (Prop_ibufds_I_O)     0.983     0.983 r  i_clk/O
                         net (fo=1, routed)           1.306     2.289    pll/adc_clk_in
    PLLE2_ADV_X0Y0       PLLE2_ADV (Prop_plle2_adv_CLKIN1_CLKOUT1)
                                                      0.089     2.378 r  pll/pll/CLKOUT1
                         net (fo=1, routed)           1.754     4.132    pll_dac_clk_1x
    BUFGCTRL_X0Y5        BUFG (Prop_bufg_I_O)         0.101     4.233 r  bufg_dac_clk_1x/O
                         net (fo=45, routed)          1.726     5.959    dac_clk_1x
    SLICE_X40Y72         FDRE                                         r  dac_rst_reg/C
  -------------------------------------------------------------------    -------------------
    SLICE_X40Y72         FDRE (Prop_fdre_C_Q)         0.456     6.415 r  dac_rst_reg/Q
                         net (fo=17, routed)          1.882     8.298    dac_rst
    OLOGIC_X0Y91         ODDR                                         r  oddr_dac_dat[12]/R
  -------------------------------------------------------------------    -------------------

                         (clock pll_dac_clk_1x fall edge)
                                                      4.000     4.000 f  
    U18                                               0.000     4.000 f  adc_clk_i[1] (IN)
                         net (fo=0)                   0.000     4.000    adc_clk_i[1]
    U18                  IBUFDS (Prop_ibufds_I_O)     0.940     4.940 f  i_clk/O
                         net (fo=1, routed)           1.181     6.121    pll/adc_clk_in
    PLLE2_ADV_X0Y0       PLLE2_ADV (Prop_plle2_adv_CLKIN1_CLKOUT1)
                                                      0.084     6.205 f  pll/pll/CLKOUT1
                         net (fo=1, routed)           1.594     7.799    pll_dac_clk_1x
    BUFGCTRL_X0Y5        BUFG (Prop_bufg_I_O)         0.091     7.890 f  bufg_dac_clk_1x/O
                         net (fo=45, routed)          1.544     9.434    dac_clk_1x
    OLOGIC_X0Y91         ODDR                                         f  oddr_dac_dat[12]/C
                         clock pessimism              0.457     9.892    
                         clock uncertainty           -0.069     9.823    
    OLOGIC_X0Y91         ODDR (Setup_oddr_C_R)       -0.798     9.025    oddr_dac_dat[12]
  -------------------------------------------------------------------
                         required time                          9.025    
                         arrival time                          -8.298    
  -------------------------------------------------------------------
                         slack                                  0.727    

Slack (MET) :             0.786ns  (required time - arrival time)
  Source:                 dac_rst_reg/C
                            (rising edge-triggered cell FDRE clocked by pll_dac_clk_1x  {rise@0.000ns fall@4.000ns period=8.000ns})
  Destination:            oddr_dac_dat[9]/R
                            (falling edge-triggered cell ODDR clocked by pll_dac_clk_1x  {rise@0.000ns fall@4.000ns period=8.000ns})
  Path Group:             pll_dac_clk_1x
  Path Type:              Setup (Max at Slow Process Corner)
  Requirement:            4.000ns  (pll_dac_clk_1x fall@4.000ns - pll_dac_clk_1x rise@0.000ns)
  Data Path Delay:        2.275ns  (logic 0.456ns (20.043%)  route 1.819ns (79.957%))
  Logic Levels:           0  
  Clock Path Skew:        -0.072ns (DCD - SCD + CPR)
    Destination Clock Delay (DCD):    5.430ns = ( 9.430 - 4.000 ) 
    Source Clock Delay      (SCD):    5.959ns
    Clock Pessimism Removal (CPR):    0.457ns
  Clock Uncertainty:      0.069ns  ((TSJ^2 + DJ^2)^1/2) / 2 + PE
    Total System Jitter     (TSJ):    0.071ns
    Discrete Jitter          (DJ):    0.118ns
    Phase Error              (PE):    0.000ns

    Location             Delay type                Incr(ns)  Path(ns)    Netlist Resource(s)
  -------------------------------------------------------------------    -------------------
                         (clock pll_dac_clk_1x rise edge)
                                                      0.000     0.000 r  
    U18                                               0.000     0.000 r  adc_clk_i[1] (IN)
                         net (fo=0)                   0.000     0.000    adc_clk_i[1]
    U18                  IBUFDS (Prop_ibufds_I_O)     0.983     0.983 r  i_clk/O
                         net (fo=1, routed)           1.306     2.289    pll/adc_clk_in
    PLLE2_ADV_X0Y0       PLLE2_ADV (Prop_plle2_adv_CLKIN1_CLKOUT1)
                                                      0.089     2.378 r  pll/pll/CLKOUT1
                         net (fo=1, routed)           1.754     4.132    pll_dac_clk_1x
    BUFGCTRL_X0Y5        BUFG (Prop_bufg_I_O)         0.101     4.233 r  bufg_dac_clk_1x/O
                         net (fo=45, routed)          1.726     5.959    dac_clk_1x
    SLICE_X40Y72         FDRE                                         r  dac_rst_reg/C
  -------------------------------------------------------------------    -------------------
    SLICE_X40Y72         FDRE (Prop_fdre_C_Q)         0.456     6.415 r  dac_rst_reg/Q
                         net (fo=17, routed)          1.819     8.234    dac_rst
    OLOGIC_X0Y63         ODDR                                         r  oddr_dac_dat[9]/R
  -------------------------------------------------------------------    -------------------

                         (clock pll_dac_clk_1x fall edge)
                                                      4.000     4.000 f  
    U18                                               0.000     4.000 f  adc_clk_i[1] (IN)
                         net (fo=0)                   0.000     4.000    adc_clk_i[1]
    U18                  IBUFDS (Prop_ibufds_I_O)     0.940     4.940 f  i_clk/O
                         net (fo=1, routed)           1.181     6.121    pll/adc_clk_in
    PLLE2_ADV_X0Y0       PLLE2_ADV (Prop_plle2_adv_CLKIN1_CLKOUT1)
                                                      0.084     6.205 f  pll/pll/CLKOUT1
                         net (fo=1, routed)           1.594     7.799    pll_dac_clk_1x
    BUFGCTRL_X0Y5        BUFG (Prop_bufg_I_O)         0.091     7.890 f  bufg_dac_clk_1x/O
                         net (fo=45, routed)          1.540     9.430    dac_clk_1x
    OLOGIC_X0Y63         ODDR                                         f  oddr_dac_dat[9]/C
                         clock pessimism              0.457     9.888    
                         clock uncertainty           -0.069     9.819    
    OLOGIC_X0Y63         ODDR (Setup_oddr_C_R)       -0.798     9.021    oddr_dac_dat[9]
  -------------------------------------------------------------------
                         required time                          9.021    
                         arrival time                          -8.234    
  -------------------------------------------------------------------
                         slack                                  0.786    

Slack (MET) :             0.821ns  (required time - arrival time)
  Source:                 dac_rst_reg/C
                            (rising edge-triggered cell FDRE clocked by pll_dac_clk_1x  {rise@0.000ns fall@4.000ns period=8.000ns})
  Destination:            oddr_dac_dat[6]/R
                            (falling edge-triggered cell ODDR clocked by pll_dac_clk_1x  {rise@0.000ns fall@4.000ns period=8.000ns})
  Path Group:             pll_dac_clk_1x
  Path Type:              Setup (Max at Slow Process Corner)
  Requirement:            4.000ns  (pll_dac_clk_1x fall@4.000ns - pll_dac_clk_1x rise@0.000ns)
  Data Path Delay:        2.239ns  (logic 0.456ns (20.363%)  route 1.783ns (79.637%))
  Logic Levels:           0  
  Clock Path Skew:        -0.073ns (DCD - SCD + CPR)
    Destination Clock Delay (DCD):    5.429ns = ( 9.429 - 4.000 ) 
    Source Clock Delay      (SCD):    5.959ns
    Clock Pessimism Removal (CPR):    0.457ns
  Clock Uncertainty:      0.069ns  ((TSJ^2 + DJ^2)^1/2) / 2 + PE
    Total System Jitter     (TSJ):    0.071ns
    Discrete Jitter          (DJ):    0.118ns
    Phase Error              (PE):    0.000ns

    Location             Delay type                Incr(ns)  Path(ns)    Netlist Resource(s)
  -------------------------------------------------------------------    -------------------
                         (clock pll_dac_clk_1x rise edge)
                                                      0.000     0.000 r  
    U18                                               0.000     0.000 r  adc_clk_i[1] (IN)
                         net (fo=0)                   0.000     0.000    adc_clk_i[1]
    U18                  IBUFDS (Prop_ibufds_I_O)     0.983     0.983 r  i_clk/O
                         net (fo=1, routed)           1.306     2.289    pll/adc_clk_in
    PLLE2_ADV_X0Y0       PLLE2_ADV (Prop_plle2_adv_CLKIN1_CLKOUT1)
                                                      0.089     2.378 r  pll/pll/CLKOUT1
                         net (fo=1, routed)           1.754     4.132    pll_dac_clk_1x
    BUFGCTRL_X0Y5        BUFG (Prop_bufg_I_O)         0.101     4.233 r  bufg_dac_clk_1x/O
                         net (fo=45, routed)          1.726     5.959    dac_clk_1x
    SLICE_X40Y72         FDRE                                         r  dac_rst_reg/C
  -------------------------------------------------------------------    -------------------
    SLICE_X40Y72         FDRE (Prop_fdre_C_Q)         0.456     6.415 r  dac_rst_reg/Q
                         net (fo=17, routed)          1.783     8.199    dac_rst
    OLOGIC_X0Y66         ODDR                                         r  oddr_dac_dat[6]/R
  -------------------------------------------------------------------    -------------------

                         (clock pll_dac_clk_1x fall edge)
                                                      4.000     4.000 f  
    U18                                               0.000     4.000 f  adc_clk_i[1] (IN)
                         net (fo=0)                   0.000     4.000    adc_clk_i[1]
    U18                  IBUFDS (Prop_ibufds_I_O)     0.940     4.940 f  i_clk/O
                         net (fo=1, routed)           1.181     6.121    pll/adc_clk_in
    PLLE2_ADV_X0Y0       PLLE2_ADV (Prop_plle2_adv_CLKIN1_CLKOUT1)
                                                      0.084     6.205 f  pll/pll/CLKOUT1
                         net (fo=1, routed)           1.594     7.799    pll_dac_clk_1x
    BUFGCTRL_X0Y5        BUFG (Prop_bufg_I_O)         0.091     7.890 f  bufg_dac_clk_1x/O
                         net (fo=45, routed)          1.539     9.429    dac_clk_1x
    OLOGIC_X0Y66         ODDR                                         f  oddr_dac_dat[6]/C
                         clock pessimism              0.457     9.887    
                         clock uncertainty           -0.069     9.818    
    OLOGIC_X0Y66         ODDR (Setup_oddr_C_R)       -0.798     9.020    oddr_dac_dat[6]
  -------------------------------------------------------------------
                         required time                          9.020    
                         arrival time                          -8.199    
  -------------------------------------------------------------------
                         slack                                  0.821    

Slack (MET) :             0.890ns  (required time - arrival time)
  Source:                 dac_rst_reg/C
                            (rising edge-triggered cell FDRE clocked by pll_dac_clk_1x  {rise@0.000ns fall@4.000ns period=8.000ns})
  Destination:            oddr_dac_rst/D2
                            (falling edge-triggered cell ODDR clocked by pll_dac_clk_1x  {rise@0.000ns fall@4.000ns period=8.000ns})
  Path Group:             pll_dac_clk_1x
  Path Type:              Setup (Max at Slow Process Corner)
  Requirement:            4.000ns  (pll_dac_clk_1x fall@4.000ns - pll_dac_clk_1x rise@0.000ns)
  Data Path Delay:        2.140ns  (logic 0.456ns (21.311%)  route 1.684ns (78.689%))
  Logic Levels:           0  
  Clock Path Skew:        -0.068ns (DCD - SCD + CPR)
    Destination Clock Delay (DCD):    5.434ns = ( 9.434 - 4.000 ) 
    Source Clock Delay      (SCD):    5.959ns
    Clock Pessimism Removal (CPR):    0.457ns
  Clock Uncertainty:      0.069ns  ((TSJ^2 + DJ^2)^1/2) / 2 + PE
    Total System Jitter     (TSJ):    0.071ns
    Discrete Jitter          (DJ):    0.118ns
    Phase Error              (PE):    0.000ns

    Location             Delay type                Incr(ns)  Path(ns)    Netlist Resource(s)
  -------------------------------------------------------------------    -------------------
                         (clock pll_dac_clk_1x rise edge)
                                                      0.000     0.000 r  
    U18                                               0.000     0.000 r  adc_clk_i[1] (IN)
                         net (fo=0)                   0.000     0.000    adc_clk_i[1]
    U18                  IBUFDS (Prop_ibufds_I_O)     0.983     0.983 r  i_clk/O
                         net (fo=1, routed)           1.306     2.289    pll/adc_clk_in
    PLLE2_ADV_X0Y0       PLLE2_ADV (Prop_plle2_adv_CLKIN1_CLKOUT1)
                                                      0.089     2.378 r  pll/pll/CLKOUT1
                         net (fo=1, routed)           1.754     4.132    pll_dac_clk_1x
    BUFGCTRL_X0Y5        BUFG (Prop_bufg_I_O)         0.101     4.233 r  bufg_dac_clk_1x/O
                         net (fo=45, routed)          1.726     5.959    dac_clk_1x
    SLICE_X40Y72         FDRE                                         r  dac_rst_reg/C
  -------------------------------------------------------------------    -------------------
    SLICE_X40Y72         FDRE (Prop_fdre_C_Q)         0.456     6.415 r  dac_rst_reg/Q
                         net (fo=17, routed)          1.684     8.099    dac_rst
    OLOGIC_X0Y58         ODDR                                         r  oddr_dac_rst/D2
  -------------------------------------------------------------------    -------------------

                         (clock pll_dac_clk_1x fall edge)
                                                      4.000     4.000 f  
    U18                                               0.000     4.000 f  adc_clk_i[1] (IN)
                         net (fo=0)                   0.000     4.000    adc_clk_i[1]
    U18                  IBUFDS (Prop_ibufds_I_O)     0.940     4.940 f  i_clk/O
                         net (fo=1, routed)           1.181     6.121    pll/adc_clk_in
    PLLE2_ADV_X0Y0       PLLE2_ADV (Prop_plle2_adv_CLKIN1_CLKOUT1)
                                                      0.084     6.205 f  pll/pll/CLKOUT1
                         net (fo=1, routed)           1.594     7.799    pll_dac_clk_1x
    BUFGCTRL_X0Y5        BUFG (Prop_bufg_I_O)         0.091     7.890 f  bufg_dac_clk_1x/O
                         net (fo=45, routed)          1.544     9.434    dac_clk_1x
    OLOGIC_X0Y58         ODDR                                         f  oddr_dac_rst/C
                         clock pessimism              0.457     9.892    
                         clock uncertainty           -0.069     9.823    
    OLOGIC_X0Y58         ODDR (Setup_oddr_C_D2)      -0.834     8.989    oddr_dac_rst
  -------------------------------------------------------------------
                         required time                          8.989    
                         arrival time                          -8.099    
  -------------------------------------------------------------------
                         slack                                  0.890    

Slack (MET) :             0.984ns  (required time - arrival time)
  Source:                 dac_rst_reg/C
                            (rising edge-triggered cell FDRE clocked by pll_dac_clk_1x  {rise@0.000ns fall@4.000ns period=8.000ns})
  Destination:            oddr_dac_dat[11]/R
                            (falling edge-triggered cell ODDR clocked by pll_dac_clk_1x  {rise@0.000ns fall@4.000ns period=8.000ns})
  Path Group:             pll_dac_clk_1x
  Path Type:              Setup (Max at Slow Process Corner)
  Requirement:            4.000ns  (pll_dac_clk_1x fall@4.000ns - pll_dac_clk_1x rise@0.000ns)
  Data Path Delay:        2.073ns  (logic 0.456ns (22.001%)  route 1.617ns (77.999%))
  Logic Levels:           0  
  Clock Path Skew:        -0.077ns (DCD - SCD + CPR)
    Destination Clock Delay (DCD):    5.425ns = ( 9.425 - 4.000 ) 
    Source Clock Delay      (SCD):    5.959ns
    Clock Pessimism Removal (CPR):    0.457ns
  Clock Uncertainty:      0.069ns  ((TSJ^2 + DJ^2)^1/2) / 2 + PE
    Total System Jitter     (TSJ):    0.071ns
    Discrete Jitter          (DJ):    0.118ns
    Phase Error              (PE):    0.000ns

    Location             Delay type                Incr(ns)  Path(ns)    Netlist Resource(s)
  -------------------------------------------------------------------    -------------------
                         (clock pll_dac_clk_1x rise edge)
                                                      0.000     0.000 r  
    U18                                               0.000     0.000 r  adc_clk_i[1] (IN)
                         net (fo=0)                   0.000     0.000    adc_clk_i[1]
    U18                  IBUFDS (Prop_ibufds_I_O)     0.983     0.983 r  i_clk/O
                         net (fo=1, routed)           1.306     2.289    pll/adc_clk_in
    PLLE2_ADV_X0Y0       PLLE2_ADV (Prop_plle2_adv_CLKIN1_CLKOUT1)
                                                      0.089     2.378 r  pll/pll/CLKOUT1
                         net (fo=1, routed)           1.754     4.132    pll_dac_clk_1x
    BUFGCTRL_X0Y5        BUFG (Prop_bufg_I_O)         0.101     4.233 r  bufg_dac_clk_1x/O
                         net (fo=45, routed)          1.726     5.959    dac_clk_1x
    SLICE_X40Y72         FDRE                                         r  dac_rst_reg/C
  -------------------------------------------------------------------    -------------------
    SLICE_X40Y72         FDRE (Prop_fdre_C_Q)         0.456     6.415 r  dac_rst_reg/Q
                         net (fo=17, routed)          1.617     8.032    dac_rst
    OLOGIC_X0Y69         ODDR                                         r  oddr_dac_dat[11]/R
  -------------------------------------------------------------------    -------------------

                         (clock pll_dac_clk_1x fall edge)
                                                      4.000     4.000 f  
    U18                                               0.000     4.000 f  adc_clk_i[1] (IN)
                         net (fo=0)                   0.000     4.000    adc_clk_i[1]
    U18                  IBUFDS (Prop_ibufds_I_O)     0.940     4.940 f  i_clk/O
                         net (fo=1, routed)           1.181     6.121    pll/adc_clk_in
    PLLE2_ADV_X0Y0       PLLE2_ADV (Prop_plle2_adv_CLKIN1_CLKOUT1)
                                                      0.084     6.205 f  pll/pll/CLKOUT1
                         net (fo=1, routed)           1.594     7.799    pll_dac_clk_1x
    BUFGCTRL_X0Y5        BUFG (Prop_bufg_I_O)         0.091     7.890 f  bufg_dac_clk_1x/O
                         net (fo=45, routed)          1.535     9.425    dac_clk_1x
    OLOGIC_X0Y69         ODDR                                         f  oddr_dac_dat[11]/C
                         clock pessimism              0.457     9.883    
                         clock uncertainty           -0.069     9.814    
    OLOGIC_X0Y69         ODDR (Setup_oddr_C_R)       -0.798     9.016    oddr_dac_dat[11]
  -------------------------------------------------------------------
                         required time                          9.016    
                         arrival time                          -8.032    
  -------------------------------------------------------------------
                         slack                                  0.984    

Slack (MET) :             0.994ns  (required time - arrival time)
  Source:                 dac_rst_reg/C
                            (rising edge-triggered cell FDRE clocked by pll_dac_clk_1x  {rise@0.000ns fall@4.000ns period=8.000ns})
  Destination:            oddr_dac_dat[4]/R
                            (falling edge-triggered cell ODDR clocked by pll_dac_clk_1x  {rise@0.000ns fall@4.000ns period=8.000ns})
  Path Group:             pll_dac_clk_1x
  Path Type:              Setup (Max at Slow Process Corner)
  Requirement:            4.000ns  (pll_dac_clk_1x fall@4.000ns - pll_dac_clk_1x rise@0.000ns)
  Data Path Delay:        2.062ns  (logic 0.456ns (22.114%)  route 1.606ns (77.886%))
  Logic Levels:           0  
  Clock Path Skew:        -0.077ns (DCD - SCD + CPR)
    Destination Clock Delay (DCD):    5.425ns = ( 9.425 - 4.000 ) 
    Source Clock Delay      (SCD):    5.959ns
    Clock Pessimism Removal (CPR):    0.457ns
  Clock Uncertainty:      0.069ns  ((TSJ^2 + DJ^2)^1/2) / 2 + PE
    Total System Jitter     (TSJ):    0.071ns
    Discrete Jitter          (DJ):    0.118ns
    Phase Error              (PE):    0.000ns

    Location             Delay type                Incr(ns)  Path(ns)    Netlist Resource(s)
  -------------------------------------------------------------------    -------------------
                         (clock pll_dac_clk_1x rise edge)
                                                      0.000     0.000 r  
    U18                                               0.000     0.000 r  adc_clk_i[1] (IN)
                         net (fo=0)                   0.000     0.000    adc_clk_i[1]
    U18                  IBUFDS (Prop_ibufds_I_O)     0.983     0.983 r  i_clk/O
                         net (fo=1, routed)           1.306     2.289    pll/adc_clk_in
    PLLE2_ADV_X0Y0       PLLE2_ADV (Prop_plle2_adv_CLKIN1_CLKOUT1)
                                                      0.089     2.378 r  pll/pll/CLKOUT1
                         net (fo=1, routed)           1.754     4.132    pll_dac_clk_1x
    BUFGCTRL_X0Y5        BUFG (Prop_bufg_I_O)         0.101     4.233 r  bufg_dac_clk_1x/O
                         net (fo=45, routed)          1.726     5.959    dac_clk_1x
    SLICE_X40Y72         FDRE                                         r  dac_rst_reg/C
  -------------------------------------------------------------------    -------------------
    SLICE_X40Y72         FDRE (Prop_fdre_C_Q)         0.456     6.415 r  dac_rst_reg/Q
                         net (fo=17, routed)          1.606     8.021    dac_rst
    OLOGIC_X0Y80         ODDR                                         r  oddr_dac_dat[4]/R
  -------------------------------------------------------------------    -------------------

                         (clock pll_dac_clk_1x fall edge)
                                                      4.000     4.000 f  
    U18                                               0.000     4.000 f  adc_clk_i[1] (IN)
                         net (fo=0)                   0.000     4.000    adc_clk_i[1]
    U18                  IBUFDS (Prop_ibufds_I_O)     0.940     4.940 f  i_clk/O
                         net (fo=1, routed)           1.181     6.121    pll/adc_clk_in
    PLLE2_ADV_X0Y0       PLLE2_ADV (Prop_plle2_adv_CLKIN1_CLKOUT1)
                                                      0.084     6.205 f  pll/pll/CLKOUT1
                         net (fo=1, routed)           1.594     7.799    pll_dac_clk_1x
    BUFGCTRL_X0Y5        BUFG (Prop_bufg_I_O)         0.091     7.890 f  bufg_dac_clk_1x/O
                         net (fo=45, routed)          1.535     9.425    dac_clk_1x
    OLOGIC_X0Y80         ODDR                                         f  oddr_dac_dat[4]/C
                         clock pessimism              0.457     9.883    
                         clock uncertainty           -0.069     9.814    
    OLOGIC_X0Y80         ODDR (Setup_oddr_C_R)       -0.798     9.016    oddr_dac_dat[4]
  -------------------------------------------------------------------
                         required time                          9.016    
                         arrival time                          -8.021    
  -------------------------------------------------------------------
                         slack                                  0.994    





Min Delay Paths
--------------------------------------------------------------------------------------
Slack (MET) :             0.187ns  (arrival time - required time)
  Source:                 dac_rst_reg/C
                            (rising edge-triggered cell FDRE clocked by pll_dac_clk_1x  {rise@0.000ns fall@4.000ns period=8.000ns})
  Destination:            oddr_dac_dat[2]/R
                            (rising edge-triggered cell ODDR clocked by pll_dac_clk_1x  {rise@0.000ns fall@4.000ns period=8.000ns})
  Path Group:             pll_dac_clk_1x
  Path Type:              Hold (Min at Fast Process Corner)
  Requirement:            0.000ns  (pll_dac_clk_1x rise@0.000ns - pll_dac_clk_1x rise@0.000ns)
  Data Path Delay:        0.698ns  (logic 0.141ns (20.212%)  route 0.557ns (79.788%))
  Logic Levels:           0  
  Clock Path Skew:        0.035ns (DCD - SCD - CPR)
    Destination Clock Delay (DCD):    2.390ns
    Source Clock Delay      (SCD):    1.995ns
    Clock Pessimism Removal (CPR):    0.360ns

    Location             Delay type                Incr(ns)  Path(ns)    Netlist Resource(s)
  -------------------------------------------------------------------    -------------------
                         (clock pll_dac_clk_1x rise edge)
                                                      0.000     0.000 r  
    U18                                               0.000     0.000 r  adc_clk_i[1] (IN)
                         net (fo=0)                   0.000     0.000    adc_clk_i[1]
    U18                  IBUFDS (Prop_ibufds_I_O)     0.401     0.401 r  i_clk/O
                         net (fo=1, routed)           0.440     0.842    pll/adc_clk_in
    PLLE2_ADV_X0Y0       PLLE2_ADV (Prop_plle2_adv_CLKIN1_CLKOUT1)
                                                      0.051     0.893 r  pll/pll/CLKOUT1
                         net (fo=1, routed)           0.497     1.390    pll_dac_clk_1x
    BUFGCTRL_X0Y5        BUFG (Prop_bufg_I_O)         0.026     1.416 r  bufg_dac_clk_1x/O
                         net (fo=45, routed)          0.580     1.995    dac_clk_1x
    SLICE_X40Y72         FDRE                                         r  dac_rst_reg/C
  -------------------------------------------------------------------    -------------------
    SLICE_X40Y72         FDRE (Prop_fdre_C_Q)         0.141     2.136 r  dac_rst_reg/Q
                         net (fo=17, routed)          0.557     2.693    dac_rst
    OLOGIC_X0Y82         ODDR                                         r  oddr_dac_dat[2]/R
  -------------------------------------------------------------------    -------------------

                         (clock pll_dac_clk_1x rise edge)
                                                      0.000     0.000 r  
    U18                                               0.000     0.000 r  adc_clk_i[1] (IN)
                         net (fo=0)                   0.000     0.000    adc_clk_i[1]
    U18                  IBUFDS (Prop_ibufds_I_O)     0.433     0.433 r  i_clk/O
                         net (fo=1, routed)           0.481     0.914    pll/adc_clk_in
    PLLE2_ADV_X0Y0       PLLE2_ADV (Prop_plle2_adv_CLKIN1_CLKOUT1)
                                                      0.054     0.968 r  pll/pll/CLKOUT1
                         net (fo=1, routed)           0.544     1.512    pll_dac_clk_1x
    BUFGCTRL_X0Y5        BUFG (Prop_bufg_I_O)         0.029     1.541 r  bufg_dac_clk_1x/O
                         net (fo=45, routed)          0.849     2.390    dac_clk_1x
    OLOGIC_X0Y82         ODDR                                         r  oddr_dac_dat[2]/C
                         clock pessimism             -0.360     2.030    
    OLOGIC_X0Y82         ODDR (Hold_oddr_C_R)         0.476     2.506    oddr_dac_dat[2]
  -------------------------------------------------------------------
                         required time                         -2.506    
                         arrival time                           2.693    
  -------------------------------------------------------------------
                         slack                                  0.187    

Slack (MET) :             0.202ns  (arrival time - required time)
  Source:                 dac_rst_reg/C
                            (rising edge-triggered cell FDRE clocked by pll_dac_clk_1x  {rise@0.000ns fall@4.000ns period=8.000ns})
  Destination:            oddr_dac_dat[1]/R
                            (rising edge-triggered cell ODDR clocked by pll_dac_clk_1x  {rise@0.000ns fall@4.000ns period=8.000ns})
  Path Group:             pll_dac_clk_1x
  Path Type:              Hold (Min at Fast Process Corner)
  Requirement:            0.000ns  (pll_dac_clk_1x rise@0.000ns - pll_dac_clk_1x rise@0.000ns)
  Data Path Delay:        0.715ns  (logic 0.141ns (19.732%)  route 0.574ns (80.268%))
  Logic Levels:           0  
  Clock Path Skew:        0.037ns (DCD - SCD - CPR)
    Destination Clock Delay (DCD):    2.392ns
    Source Clock Delay      (SCD):    1.995ns
    Clock Pessimism Removal (CPR):    0.360ns

    Location             Delay type                Incr(ns)  Path(ns)    Netlist Resource(s)
  -------------------------------------------------------------------    -------------------
                         (clock pll_dac_clk_1x rise edge)
                                                      0.000     0.000 r  
    U18                                               0.000     0.000 r  adc_clk_i[1] (IN)
                         net (fo=0)                   0.000     0.000    adc_clk_i[1]
    U18                  IBUFDS (Prop_ibufds_I_O)     0.401     0.401 r  i_clk/O
                         net (fo=1, routed)           0.440     0.842    pll/adc_clk_in
    PLLE2_ADV_X0Y0       PLLE2_ADV (Prop_plle2_adv_CLKIN1_CLKOUT1)
                                                      0.051     0.893 r  pll/pll/CLKOUT1
                         net (fo=1, routed)           0.497     1.390    pll_dac_clk_1x
    BUFGCTRL_X0Y5        BUFG (Prop_bufg_I_O)         0.026     1.416 r  bufg_dac_clk_1x/O
                         net (fo=45, routed)          0.580     1.995    dac_clk_1x
    SLICE_X40Y72         FDRE                                         r  dac_rst_reg/C
  -------------------------------------------------------------------    -------------------
    SLICE_X40Y72         FDRE (Prop_fdre_C_Q)         0.141     2.136 r  dac_rst_reg/Q
                         net (fo=17, routed)          0.574     2.710    dac_rst
    OLOGIC_X0Y85         ODDR                                         r  oddr_dac_dat[1]/R
  -------------------------------------------------------------------    -------------------

                         (clock pll_dac_clk_1x rise edge)
                                                      0.000     0.000 r  
    U18                                               0.000     0.000 r  adc_clk_i[1] (IN)
                         net (fo=0)                   0.000     0.000    adc_clk_i[1]
    U18                  IBUFDS (Prop_ibufds_I_O)     0.433     0.433 r  i_clk/O
                         net (fo=1, routed)           0.481     0.914    pll/adc_clk_in
    PLLE2_ADV_X0Y0       PLLE2_ADV (Prop_plle2_adv_CLKIN1_CLKOUT1)
                                                      0.054     0.968 r  pll/pll/CLKOUT1
                         net (fo=1, routed)           0.544     1.512    pll_dac_clk_1x
    BUFGCTRL_X0Y5        BUFG (Prop_bufg_I_O)         0.029     1.541 r  bufg_dac_clk_1x/O
                         net (fo=45, routed)          0.851     2.392    dac_clk_1x
    OLOGIC_X0Y85         ODDR                                         r  oddr_dac_dat[1]/C
                         clock pessimism             -0.360     2.032    
    OLOGIC_X0Y85         ODDR (Hold_oddr_C_R)         0.476     2.508    oddr_dac_dat[1]
  -------------------------------------------------------------------
                         required time                         -2.508    
                         arrival time                           2.710    
  -------------------------------------------------------------------
                         slack                                  0.202    

Slack (MET) :             0.256ns  (arrival time - required time)
  Source:                 dac_rst_reg/C
                            (rising edge-triggered cell FDRE clocked by pll_dac_clk_1x  {rise@0.000ns fall@4.000ns period=8.000ns})
  Destination:            oddr_dac_dat[3]/R
                            (rising edge-triggered cell ODDR clocked by pll_dac_clk_1x  {rise@0.000ns fall@4.000ns period=8.000ns})
  Path Group:             pll_dac_clk_1x
  Path Type:              Hold (Min at Fast Process Corner)
  Requirement:            0.000ns  (pll_dac_clk_1x rise@0.000ns - pll_dac_clk_1x rise@0.000ns)
  Data Path Delay:        0.767ns  (logic 0.141ns (18.392%)  route 0.626ns (81.608%))
  Logic Levels:           0  
  Clock Path Skew:        0.035ns (DCD - SCD - CPR)
    Destination Clock Delay (DCD):    2.390ns
    Source Clock Delay      (SCD):    1.995ns
    Clock Pessimism Removal (CPR):    0.360ns

    Location             Delay type                Incr(ns)  Path(ns)    Netlist Resource(s)
  -------------------------------------------------------------------    -------------------
                         (clock pll_dac_clk_1x rise edge)
                                                      0.000     0.000 r  
    U18                                               0.000     0.000 r  adc_clk_i[1] (IN)
                         net (fo=0)                   0.000     0.000    adc_clk_i[1]
    U18                  IBUFDS (Prop_ibufds_I_O)     0.401     0.401 r  i_clk/O
                         net (fo=1, routed)           0.440     0.842    pll/adc_clk_in
    PLLE2_ADV_X0Y0       PLLE2_ADV (Prop_plle2_adv_CLKIN1_CLKOUT1)
                                                      0.051     0.893 r  pll/pll/CLKOUT1
                         net (fo=1, routed)           0.497     1.390    pll_dac_clk_1x
    BUFGCTRL_X0Y5        BUFG (Prop_bufg_I_O)         0.026     1.416 r  bufg_dac_clk_1x/O
                         net (fo=45, routed)          0.580     1.995    dac_clk_1x
    SLICE_X40Y72         FDRE                                         r  dac_rst_reg/C
  -------------------------------------------------------------------    -------------------
    SLICE_X40Y72         FDRE (Prop_fdre_C_Q)         0.141     2.136 r  dac_rst_reg/Q
                         net (fo=17, routed)          0.626     2.762    dac_rst
    OLOGIC_X0Y81         ODDR                                         r  oddr_dac_dat[3]/R
  -------------------------------------------------------------------    -------------------

                         (clock pll_dac_clk_1x rise edge)
                                                      0.000     0.000 r  
    U18                                               0.000     0.000 r  adc_clk_i[1] (IN)
                         net (fo=0)                   0.000     0.000    adc_clk_i[1]
    U18                  IBUFDS (Prop_ibufds_I_O)     0.433     0.433 r  i_clk/O
                         net (fo=1, routed)           0.481     0.914    pll/adc_clk_in
    PLLE2_ADV_X0Y0       PLLE2_ADV (Prop_plle2_adv_CLKIN1_CLKOUT1)
                                                      0.054     0.968 r  pll/pll/CLKOUT1
                         net (fo=1, routed)           0.544     1.512    pll_dac_clk_1x
    BUFGCTRL_X0Y5        BUFG (Prop_bufg_I_O)         0.029     1.541 r  bufg_dac_clk_1x/O
                         net (fo=45, routed)          0.849     2.390    dac_clk_1x
    OLOGIC_X0Y81         ODDR                                         r  oddr_dac_dat[3]/C
                         clock pessimism             -0.360     2.030    
    OLOGIC_X0Y81         ODDR (Hold_oddr_C_R)         0.476     2.506    oddr_dac_dat[3]
  -------------------------------------------------------------------
                         required time                         -2.506    
                         arrival time                           2.762    
  -------------------------------------------------------------------
                         slack                                  0.256    

Slack (MET) :             0.275ns  (arrival time - required time)
  Source:                 dac_rst_reg/C
                            (rising edge-triggered cell FDRE clocked by pll_dac_clk_1x  {rise@0.000ns fall@4.000ns period=8.000ns})
  Destination:            oddr_dac_dat[0]/R
                            (rising edge-triggered cell ODDR clocked by pll_dac_clk_1x  {rise@0.000ns fall@4.000ns period=8.000ns})
  Path Group:             pll_dac_clk_1x
  Path Type:              Hold (Min at Fast Process Corner)
  Requirement:            0.000ns  (pll_dac_clk_1x rise@0.000ns - pll_dac_clk_1x rise@0.000ns)
  Data Path Delay:        0.788ns  (logic 0.141ns (17.897%)  route 0.647ns (82.103%))
  Logic Levels:           0  
  Clock Path Skew:        0.037ns (DCD - SCD - CPR)
    Destination Clock Delay (DCD):    2.392ns
    Source Clock Delay      (SCD):    1.995ns
    Clock Pessimism Removal (CPR):    0.360ns

    Location             Delay type                Incr(ns)  Path(ns)    Netlist Resource(s)
  -------------------------------------------------------------------    -------------------
                         (clock pll_dac_clk_1x rise edge)
                                                      0.000     0.000 r  
    U18                                               0.000     0.000 r  adc_clk_i[1] (IN)
                         net (fo=0)                   0.000     0.000    adc_clk_i[1]
    U18                  IBUFDS (Prop_ibufds_I_O)     0.401     0.401 r  i_clk/O
                         net (fo=1, routed)           0.440     0.842    pll/adc_clk_in
    PLLE2_ADV_X0Y0       PLLE2_ADV (Prop_plle2_adv_CLKIN1_CLKOUT1)
                                                      0.051     0.893 r  pll/pll/CLKOUT1
                         net (fo=1, routed)           0.497     1.390    pll_dac_clk_1x
    BUFGCTRL_X0Y5        BUFG (Prop_bufg_I_O)         0.026     1.416 r  bufg_dac_clk_1x/O
                         net (fo=45, routed)          0.580     1.995    dac_clk_1x
    SLICE_X40Y72         FDRE                                         r  dac_rst_reg/C
  -------------------------------------------------------------------    -------------------
    SLICE_X40Y72         FDRE (Prop_fdre_C_Q)         0.141     2.136 r  dac_rst_reg/Q
                         net (fo=17, routed)          0.647     2.783    dac_rst
    OLOGIC_X0Y86         ODDR                                         r  oddr_dac_dat[0]/R
  -------------------------------------------------------------------    -------------------

                         (clock pll_dac_clk_1x rise edge)
                                                      0.000     0.000 r  
    U18                                               0.000     0.000 r  adc_clk_i[1] (IN)
                         net (fo=0)                   0.000     0.000    adc_clk_i[1]
    U18                  IBUFDS (Prop_ibufds_I_O)     0.433     0.433 r  i_clk/O
                         net (fo=1, routed)           0.481     0.914    pll/adc_clk_in
    PLLE2_ADV_X0Y0       PLLE2_ADV (Prop_plle2_adv_CLKIN1_CLKOUT1)
                                                      0.054     0.968 r  pll/pll/CLKOUT1
                         net (fo=1, routed)           0.544     1.512    pll_dac_clk_1x
    BUFGCTRL_X0Y5        BUFG (Prop_bufg_I_O)         0.029     1.541 r  bufg_dac_clk_1x/O
                         net (fo=45, routed)          0.851     2.392    dac_clk_1x
    OLOGIC_X0Y86         ODDR                                         r  oddr_dac_dat[0]/C
                         clock pessimism             -0.360     2.032    
    OLOGIC_X0Y86         ODDR (Hold_oddr_C_R)         0.476     2.508    oddr_dac_dat[0]
  -------------------------------------------------------------------
                         required time                         -2.508    
                         arrival time                           2.783    
  -------------------------------------------------------------------
                         slack                                  0.275    

Slack (MET) :             0.307ns  (arrival time - required time)
  Source:                 dac_rst_reg/C
                            (rising edge-triggered cell FDRE clocked by pll_dac_clk_1x  {rise@0.000ns fall@4.000ns period=8.000ns})
  Destination:            oddr_dac_dat[5]/R
                            (rising edge-triggered cell ODDR clocked by pll_dac_clk_1x  {rise@0.000ns fall@4.000ns period=8.000ns})
  Path Group:             pll_dac_clk_1x
  Path Type:              Hold (Min at Fast Process Corner)
  Requirement:            0.000ns  (pll_dac_clk_1x rise@0.000ns - pll_dac_clk_1x rise@0.000ns)
  Data Path Delay:        0.816ns  (logic 0.141ns (17.272%)  route 0.675ns (82.728%))
  Logic Levels:           0  
  Clock Path Skew:        0.033ns (DCD - SCD - CPR)
    Destination Clock Delay (DCD):    2.388ns
    Source Clock Delay      (SCD):    1.995ns
    Clock Pessimism Removal (CPR):    0.360ns

    Location             Delay type                Incr(ns)  Path(ns)    Netlist Resource(s)
  -------------------------------------------------------------------    -------------------
                         (clock pll_dac_clk_1x rise edge)
                                                      0.000     0.000 r  
    U18                                               0.000     0.000 r  adc_clk_i[1] (IN)
                         net (fo=0)                   0.000     0.000    adc_clk_i[1]
    U18                  IBUFDS (Prop_ibufds_I_O)     0.401     0.401 r  i_clk/O
                         net (fo=1, routed)           0.440     0.842    pll/adc_clk_in
    PLLE2_ADV_X0Y0       PLLE2_ADV (Prop_plle2_adv_CLKIN1_CLKOUT1)
                                                      0.051     0.893 r  pll/pll/CLKOUT1
                         net (fo=1, routed)           0.497     1.390    pll_dac_clk_1x
    BUFGCTRL_X0Y5        BUFG (Prop_bufg_I_O)         0.026     1.416 r  bufg_dac_clk_1x/O
                         net (fo=45, routed)          0.580     1.995    dac_clk_1x
    SLICE_X40Y72         FDRE                                         r  dac_rst_reg/C
  -------------------------------------------------------------------    -------------------
    SLICE_X40Y72         FDRE (Prop_fdre_C_Q)         0.141     2.136 r  dac_rst_reg/Q
                         net (fo=17, routed)          0.675     2.812    dac_rst
    OLOGIC_X0Y79         ODDR                                         r  oddr_dac_dat[5]/R
  -------------------------------------------------------------------    -------------------

                         (clock pll_dac_clk_1x rise edge)
                                                      0.000     0.000 r  
    U18                                               0.000     0.000 r  adc_clk_i[1] (IN)
                         net (fo=0)                   0.000     0.000    adc_clk_i[1]
    U18                  IBUFDS (Prop_ibufds_I_O)     0.433     0.433 r  i_clk/O
                         net (fo=1, routed)           0.481     0.914    pll/adc_clk_in
    PLLE2_ADV_X0Y0       PLLE2_ADV (Prop_plle2_adv_CLKIN1_CLKOUT1)
                                                      0.054     0.968 r  pll/pll/CLKOUT1
                         net (fo=1, routed)           0.544     1.512    pll_dac_clk_1x
    BUFGCTRL_X0Y5        BUFG (Prop_bufg_I_O)         0.029     1.541 r  bufg_dac_clk_1x/O
                         net (fo=45, routed)          0.847     2.388    dac_clk_1x
    OLOGIC_X0Y79         ODDR                                         r  oddr_dac_dat[5]/C
                         clock pessimism             -0.360     2.028    
    OLOGIC_X0Y79         ODDR (Hold_oddr_C_R)         0.476     2.504    oddr_dac_dat[5]
  -------------------------------------------------------------------
                         required time                         -2.504    
                         arrival time                           2.812    
  -------------------------------------------------------------------
                         slack                                  0.307    

Slack (MET) :             0.312ns  (arrival time - required time)
  Source:                 dac_rst_reg/C
                            (rising edge-triggered cell FDRE clocked by pll_dac_clk_1x  {rise@0.000ns fall@4.000ns period=8.000ns})
  Destination:            oddr_dac_dat[4]/R
                            (rising edge-triggered cell ODDR clocked by pll_dac_clk_1x  {rise@0.000ns fall@4.000ns period=8.000ns})
  Path Group:             pll_dac_clk_1x
  Path Type:              Hold (Min at Fast Process Corner)
  Requirement:            0.000ns  (pll_dac_clk_1x rise@0.000ns - pll_dac_clk_1x rise@0.000ns)
  Data Path Delay:        0.821ns  (logic 0.141ns (17.173%)  route 0.680ns (82.827%))
  Logic Levels:           0  
  Clock Path Skew:        0.033ns (DCD - SCD - CPR)
    Destination Clock Delay (DCD):    2.388ns
    Source Clock Delay      (SCD):    1.995ns
    Clock Pessimism Removal (CPR):    0.360ns

    Location             Delay type                Incr(ns)  Path(ns)    Netlist Resource(s)
  -------------------------------------------------------------------    -------------------
                         (clock pll_dac_clk_1x rise edge)
                                                      0.000     0.000 r  
    U18                                               0.000     0.000 r  adc_clk_i[1] (IN)
                         net (fo=0)                   0.000     0.000    adc_clk_i[1]
    U18                  IBUFDS (Prop_ibufds_I_O)     0.401     0.401 r  i_clk/O
                         net (fo=1, routed)           0.440     0.842    pll/adc_clk_in
    PLLE2_ADV_X0Y0       PLLE2_ADV (Prop_plle2_adv_CLKIN1_CLKOUT1)
                                                      0.051     0.893 r  pll/pll/CLKOUT1
                         net (fo=1, routed)           0.497     1.390    pll_dac_clk_1x
    BUFGCTRL_X0Y5        BUFG (Prop_bufg_I_O)         0.026     1.416 r  bufg_dac_clk_1x/O
                         net (fo=45, routed)          0.580     1.995    dac_clk_1x
    SLICE_X40Y72         FDRE                                         r  dac_rst_reg/C
  -------------------------------------------------------------------    -------------------
    SLICE_X40Y72         FDRE (Prop_fdre_C_Q)         0.141     2.136 r  dac_rst_reg/Q
                         net (fo=17, routed)          0.680     2.816    dac_rst
    OLOGIC_X0Y80         ODDR                                         r  oddr_dac_dat[4]/R
  -------------------------------------------------------------------    -------------------

                         (clock pll_dac_clk_1x rise edge)
                                                      0.000     0.000 r  
    U18                                               0.000     0.000 r  adc_clk_i[1] (IN)
                         net (fo=0)                   0.000     0.000    adc_clk_i[1]
    U18                  IBUFDS (Prop_ibufds_I_O)     0.433     0.433 r  i_clk/O
                         net (fo=1, routed)           0.481     0.914    pll/adc_clk_in
    PLLE2_ADV_X0Y0       PLLE2_ADV (Prop_plle2_adv_CLKIN1_CLKOUT1)
                                                      0.054     0.968 r  pll/pll/CLKOUT1
                         net (fo=1, routed)           0.544     1.512    pll_dac_clk_1x
    BUFGCTRL_X0Y5        BUFG (Prop_bufg_I_O)         0.029     1.541 r  bufg_dac_clk_1x/O
                         net (fo=45, routed)          0.847     2.388    dac_clk_1x
    OLOGIC_X0Y80         ODDR                                         r  oddr_dac_dat[4]/C
                         clock pessimism             -0.360     2.028    
    OLOGIC_X0Y80         ODDR (Hold_oddr_C_R)         0.476     2.504    oddr_dac_dat[4]
  -------------------------------------------------------------------
                         required time                         -2.504    
                         arrival time                           2.816    
  -------------------------------------------------------------------
                         slack                                  0.312    

Slack (MET) :             0.317ns  (arrival time - required time)
  Source:                 dac_rst_reg/C
                            (rising edge-triggered cell FDRE clocked by pll_dac_clk_1x  {rise@0.000ns fall@4.000ns period=8.000ns})
  Destination:            oddr_dac_dat[10]/R
                            (rising edge-triggered cell ODDR clocked by pll_dac_clk_1x  {rise@0.000ns fall@4.000ns period=8.000ns})
  Path Group:             pll_dac_clk_1x
  Path Type:              Hold (Min at Fast Process Corner)
  Requirement:            0.000ns  (pll_dac_clk_1x rise@0.000ns - pll_dac_clk_1x rise@0.000ns)
  Data Path Delay:        0.826ns  (logic 0.141ns (17.068%)  route 0.685ns (82.932%))
  Logic Levels:           0  
  Clock Path Skew:        0.033ns (DCD - SCD - CPR)
    Destination Clock Delay (DCD):    2.388ns
    Source Clock Delay      (SCD):    1.995ns
    Clock Pessimism Removal (CPR):    0.360ns

    Location             Delay type                Incr(ns)  Path(ns)    Netlist Resource(s)
  -------------------------------------------------------------------    -------------------
                         (clock pll_dac_clk_1x rise edge)
                                                      0.000     0.000 r  
    U18                                               0.000     0.000 r  adc_clk_i[1] (IN)
                         net (fo=0)                   0.000     0.000    adc_clk_i[1]
    U18                  IBUFDS (Prop_ibufds_I_O)     0.401     0.401 r  i_clk/O
                         net (fo=1, routed)           0.440     0.842    pll/adc_clk_in
    PLLE2_ADV_X0Y0       PLLE2_ADV (Prop_plle2_adv_CLKIN1_CLKOUT1)
                                                      0.051     0.893 r  pll/pll/CLKOUT1
                         net (fo=1, routed)           0.497     1.390    pll_dac_clk_1x
    BUFGCTRL_X0Y5        BUFG (Prop_bufg_I_O)         0.026     1.416 r  bufg_dac_clk_1x/O
                         net (fo=45, routed)          0.580     1.995    dac_clk_1x
    SLICE_X40Y72         FDRE                                         r  dac_rst_reg/C
  -------------------------------------------------------------------    -------------------
    SLICE_X40Y72         FDRE (Prop_fdre_C_Q)         0.141     2.136 r  dac_rst_reg/Q
                         net (fo=17, routed)          0.685     2.821    dac_rst
    OLOGIC_X0Y70         ODDR                                         r  oddr_dac_dat[10]/R
  -------------------------------------------------------------------    -------------------

                         (clock pll_dac_clk_1x rise edge)
                                                      0.000     0.000 r  
    U18                                               0.000     0.000 r  adc_clk_i[1] (IN)
                         net (fo=0)                   0.000     0.000    adc_clk_i[1]
    U18                  IBUFDS (Prop_ibufds_I_O)     0.433     0.433 r  i_clk/O
                         net (fo=1, routed)           0.481     0.914    pll/adc_clk_in
    PLLE2_ADV_X0Y0       PLLE2_ADV (Prop_plle2_adv_CLKIN1_CLKOUT1)
                                                      0.054     0.968 r  pll/pll/CLKOUT1
                         net (fo=1, routed)           0.544     1.512    pll_dac_clk_1x
    BUFGCTRL_X0Y5        BUFG (Prop_bufg_I_O)         0.029     1.541 r  bufg_dac_clk_1x/O
                         net (fo=45, routed)          0.847     2.388    dac_clk_1x
    OLOGIC_X0Y70         ODDR                                         r  oddr_dac_dat[10]/C
                         clock pessimism             -0.360     2.028    
    OLOGIC_X0Y70         ODDR (Hold_oddr_C_R)         0.476     2.504    oddr_dac_dat[10]
  -------------------------------------------------------------------
                         required time                         -2.504    
                         arrival time                           2.821    
  -------------------------------------------------------------------
                         slack                                  0.317    

Slack (MET) :             0.394ns  (arrival time - required time)
  Source:                 dac_rst_reg/C
                            (rising edge-triggered cell FDRE clocked by pll_dac_clk_1x  {rise@0.000ns fall@4.000ns period=8.000ns})
  Destination:            oddr_dac_dat[11]/R
                            (rising edge-triggered cell ODDR clocked by pll_dac_clk_1x  {rise@0.000ns fall@4.000ns period=8.000ns})
  Path Group:             pll_dac_clk_1x
  Path Type:              Hold (Min at Fast Process Corner)
  Requirement:            0.000ns  (pll_dac_clk_1x rise@0.000ns - pll_dac_clk_1x rise@0.000ns)
  Data Path Delay:        0.903ns  (logic 0.141ns (15.620%)  route 0.762ns (84.380%))
  Logic Levels:           0  
  Clock Path Skew:        0.033ns (DCD - SCD - CPR)
    Destination Clock Delay (DCD):    2.388ns
    Source Clock Delay      (SCD):    1.995ns
    Clock Pessimism Removal (CPR):    0.360ns

    Location             Delay type                Incr(ns)  Path(ns)    Netlist Resource(s)
  -------------------------------------------------------------------    -------------------
                         (clock pll_dac_clk_1x rise edge)
                                                      0.000     0.000 r  
    U18                                               0.000     0.000 r  adc_clk_i[1] (IN)
                         net (fo=0)                   0.000     0.000    adc_clk_i[1]
    U18                  IBUFDS (Prop_ibufds_I_O)     0.401     0.401 r  i_clk/O
                         net (fo=1, routed)           0.440     0.842    pll/adc_clk_in
    PLLE2_ADV_X0Y0       PLLE2_ADV (Prop_plle2_adv_CLKIN1_CLKOUT1)
                                                      0.051     0.893 r  pll/pll/CLKOUT1
                         net (fo=1, routed)           0.497     1.390    pll_dac_clk_1x
    BUFGCTRL_X0Y5        BUFG (Prop_bufg_I_O)         0.026     1.416 r  bufg_dac_clk_1x/O
                         net (fo=45, routed)          0.580     1.995    dac_clk_1x
    SLICE_X40Y72         FDRE                                         r  dac_rst_reg/C
  -------------------------------------------------------------------    -------------------
    SLICE_X40Y72         FDRE (Prop_fdre_C_Q)         0.141     2.136 r  dac_rst_reg/Q
                         net (fo=17, routed)          0.762     2.898    dac_rst
    OLOGIC_X0Y69         ODDR                                         r  oddr_dac_dat[11]/R
  -------------------------------------------------------------------    -------------------

                         (clock pll_dac_clk_1x rise edge)
                                                      0.000     0.000 r  
    U18                                               0.000     0.000 r  adc_clk_i[1] (IN)
                         net (fo=0)                   0.000     0.000    adc_clk_i[1]
    U18                  IBUFDS (Prop_ibufds_I_O)     0.433     0.433 r  i_clk/O
                         net (fo=1, routed)           0.481     0.914    pll/adc_clk_in
    PLLE2_ADV_X0Y0       PLLE2_ADV (Prop_plle2_adv_CLKIN1_CLKOUT1)
                                                      0.054     0.968 r  pll/pll/CLKOUT1
                         net (fo=1, routed)           0.544     1.512    pll_dac_clk_1x
    BUFGCTRL_X0Y5        BUFG (Prop_bufg_I_O)         0.029     1.541 r  bufg_dac_clk_1x/O
                         net (fo=45, routed)          0.847     2.388    dac_clk_1x
    OLOGIC_X0Y69         ODDR                                         r  oddr_dac_dat[11]/C
                         clock pessimism             -0.360     2.028    
    OLOGIC_X0Y69         ODDR (Hold_oddr_C_R)         0.476     2.504    oddr_dac_dat[11]
  -------------------------------------------------------------------
                         required time                         -2.504    
                         arrival time                           2.898    
  -------------------------------------------------------------------
                         slack                                  0.394    

Slack (MET) :             0.426ns  (arrival time - required time)
  Source:                 dac_dat_b_reg[10]/C
                            (rising edge-triggered cell FDRE clocked by pll_dac_clk_1x  {rise@0.000ns fall@4.000ns period=8.000ns})
  Destination:            oddr_dac_dat[10]/D1
                            (rising edge-triggered cell ODDR clocked by pll_dac_clk_1x  {rise@0.000ns fall@4.000ns period=8.000ns})
  Path Group:             pll_dac_clk_1x
  Path Type:              Hold (Min at Fast Process Corner)
  Requirement:            0.000ns  (pll_dac_clk_1x rise@0.000ns - pll_dac_clk_1x rise@0.000ns)
  Data Path Delay:        0.367ns  (logic 0.141ns (38.459%)  route 0.226ns (61.541%))
  Logic Levels:           0  
  Clock Path Skew:        0.034ns (DCD - SCD - CPR)
    Destination Clock Delay (DCD):    2.388ns
    Source Clock Delay      (SCD):    1.994ns
    Clock Pessimism Removal (CPR):    0.360ns

    Location             Delay type                Incr(ns)  Path(ns)    Netlist Resource(s)
  -------------------------------------------------------------------    -------------------
                         (clock pll_dac_clk_1x rise edge)
                                                      0.000     0.000 r  
    U18                                               0.000     0.000 r  adc_clk_i[1] (IN)
                         net (fo=0)                   0.000     0.000    adc_clk_i[1]
    U18                  IBUFDS (Prop_ibufds_I_O)     0.401     0.401 r  i_clk/O
                         net (fo=1, routed)           0.440     0.842    pll/adc_clk_in
    PLLE2_ADV_X0Y0       PLLE2_ADV (Prop_plle2_adv_CLKIN1_CLKOUT1)
                                                      0.051     0.893 r  pll/pll/CLKOUT1
                         net (fo=1, routed)           0.497     1.390    pll_dac_clk_1x
    BUFGCTRL_X0Y5        BUFG (Prop_bufg_I_O)         0.026     1.416 r  bufg_dac_clk_1x/O
                         net (fo=45, routed)          0.579     1.994    dac_clk_1x
    SLICE_X37Y70         FDRE                                         r  dac_dat_b_reg[10]/C
  -------------------------------------------------------------------    -------------------
    SLICE_X37Y70         FDRE (Prop_fdre_C_Q)         0.141     2.135 r  dac_dat_b_reg[10]/Q
                         net (fo=1, routed)           0.226     2.361    dac_dat_b[10]
    OLOGIC_X0Y70         ODDR                                         r  oddr_dac_dat[10]/D1
  -------------------------------------------------------------------    -------------------

                         (clock pll_dac_clk_1x rise edge)
                                                      0.000     0.000 r  
    U18                                               0.000     0.000 r  adc_clk_i[1] (IN)
                         net (fo=0)                   0.000     0.000    adc_clk_i[1]
    U18                  IBUFDS (Prop_ibufds_I_O)     0.433     0.433 r  i_clk/O
                         net (fo=1, routed)           0.481     0.914    pll/adc_clk_in
    PLLE2_ADV_X0Y0       PLLE2_ADV (Prop_plle2_adv_CLKIN1_CLKOUT1)
                                                      0.054     0.968 r  pll/pll/CLKOUT1
                         net (fo=1, routed)           0.544     1.512    pll_dac_clk_1x
    BUFGCTRL_X0Y5        BUFG (Prop_bufg_I_O)         0.029     1.541 r  bufg_dac_clk_1x/O
                         net (fo=45, routed)          0.847     2.388    dac_clk_1x
    OLOGIC_X0Y70         ODDR                                         r  oddr_dac_dat[10]/C
                         clock pessimism             -0.360     2.028    
    OLOGIC_X0Y70         ODDR (Hold_oddr_C_D1)       -0.093     1.935    oddr_dac_dat[10]
  -------------------------------------------------------------------
                         required time                         -1.935    
                         arrival time                           2.361    
  -------------------------------------------------------------------
                         slack                                  0.426    

Slack (MET) :             0.446ns  (arrival time - required time)
  Source:                 dac_rst_reg/C
                            (rising edge-triggered cell FDRE clocked by pll_dac_clk_1x  {rise@0.000ns fall@4.000ns period=8.000ns})
  Destination:            oddr_dac_dat[12]/R
                            (rising edge-triggered cell ODDR clocked by pll_dac_clk_1x  {rise@0.000ns fall@4.000ns period=8.000ns})
  Path Group:             pll_dac_clk_1x
  Path Type:              Hold (Min at Fast Process Corner)
  Requirement:            0.000ns  (pll_dac_clk_1x rise@0.000ns - pll_dac_clk_1x rise@0.000ns)
  Data Path Delay:        0.961ns  (logic 0.141ns (14.666%)  route 0.820ns (85.334%))
  Logic Levels:           0  
  Clock Path Skew:        0.039ns (DCD - SCD - CPR)
    Destination Clock Delay (DCD):    2.394ns
    Source Clock Delay      (SCD):    1.995ns
    Clock Pessimism Removal (CPR):    0.360ns

    Location             Delay type                Incr(ns)  Path(ns)    Netlist Resource(s)
  -------------------------------------------------------------------    -------------------
                         (clock pll_dac_clk_1x rise edge)
                                                      0.000     0.000 r  
    U18                                               0.000     0.000 r  adc_clk_i[1] (IN)
                         net (fo=0)                   0.000     0.000    adc_clk_i[1]
    U18                  IBUFDS (Prop_ibufds_I_O)     0.401     0.401 r  i_clk/O
                         net (fo=1, routed)           0.440     0.842    pll/adc_clk_in
    PLLE2_ADV_X0Y0       PLLE2_ADV (Prop_plle2_adv_CLKIN1_CLKOUT1)
                                                      0.051     0.893 r  pll/pll/CLKOUT1
                         net (fo=1, routed)           0.497     1.390    pll_dac_clk_1x
    BUFGCTRL_X0Y5        BUFG (Prop_bufg_I_O)         0.026     1.416 r  bufg_dac_clk_1x/O
                         net (fo=45, routed)          0.580     1.995    dac_clk_1x
    SLICE_X40Y72         FDRE                                         r  dac_rst_reg/C
  -------------------------------------------------------------------    -------------------
    SLICE_X40Y72         FDRE (Prop_fdre_C_Q)         0.141     2.136 r  dac_rst_reg/Q
                         net (fo=17, routed)          0.820     2.957    dac_rst
    OLOGIC_X0Y91         ODDR                                         r  oddr_dac_dat[12]/R
  -------------------------------------------------------------------    -------------------

                         (clock pll_dac_clk_1x rise edge)
                                                      0.000     0.000 r  
    U18                                               0.000     0.000 r  adc_clk_i[1] (IN)
                         net (fo=0)                   0.000     0.000    adc_clk_i[1]
    U18                  IBUFDS (Prop_ibufds_I_O)     0.433     0.433 r  i_clk/O
                         net (fo=1, routed)           0.481     0.914    pll/adc_clk_in
    PLLE2_ADV_X0Y0       PLLE2_ADV (Prop_plle2_adv_CLKIN1_CLKOUT1)
                                                      0.054     0.968 r  pll/pll/CLKOUT1
                         net (fo=1, routed)           0.544     1.512    pll_dac_clk_1x
    BUFGCTRL_X0Y5        BUFG (Prop_bufg_I_O)         0.029     1.541 r  bufg_dac_clk_1x/O
                         net (fo=45, routed)          0.853     2.394    dac_clk_1x
    OLOGIC_X0Y91         ODDR                                         r  oddr_dac_dat[12]/C
                         clock pessimism             -0.360     2.034    
    OLOGIC_X0Y91         ODDR (Hold_oddr_C_R)         0.476     2.510    oddr_dac_dat[12]
  -------------------------------------------------------------------
                         required time                         -2.510    
                         arrival time                           2.957    
  -------------------------------------------------------------------
                         slack                                  0.446    





Pulse Width Checks
--------------------------------------------------------------------------------------
Clock Name:         pll_dac_clk_1x
Waveform(ns):       { 0.000 4.000 }
Period(ns):         8.000
Sources:            { pll/pll/CLKOUT1 }

Check Type        Corner  Lib Pin            Reference Pin  Required(ns)  Actual(ns)  Slack(ns)  Location        Pin
Min Period        n/a     BUFG/I             n/a            2.155         8.000       5.845      BUFGCTRL_X0Y5   bufg_dac_clk_1x/I
Min Period        n/a     ODDR/C             n/a            1.474         8.000       6.526      OLOGIC_X0Y86    oddr_dac_dat[0]/C
Min Period        n/a     ODDR/C             n/a            1.474         8.000       6.526      OLOGIC_X0Y70    oddr_dac_dat[10]/C
Min Period        n/a     ODDR/C             n/a            1.474         8.000       6.526      OLOGIC_X0Y69    oddr_dac_dat[11]/C
Min Period        n/a     ODDR/C             n/a            1.474         8.000       6.526      OLOGIC_X0Y91    oddr_dac_dat[12]/C
Min Period        n/a     ODDR/C             n/a            1.474         8.000       6.526      OLOGIC_X0Y92    oddr_dac_dat[13]/C
Min Period        n/a     ODDR/C             n/a            1.474         8.000       6.526      OLOGIC_X0Y85    oddr_dac_dat[1]/C
Min Period        n/a     ODDR/C             n/a            1.474         8.000       6.526      OLOGIC_X0Y82    oddr_dac_dat[2]/C
Min Period        n/a     ODDR/C             n/a            1.474         8.000       6.526      OLOGIC_X0Y81    oddr_dac_dat[3]/C
Min Period        n/a     ODDR/C             n/a            1.474         8.000       6.526      OLOGIC_X0Y80    oddr_dac_dat[4]/C
Max Period        n/a     PLLE2_ADV/CLKOUT1  n/a            160.000       8.000       152.000    PLLE2_ADV_X0Y0  pll/pll/CLKOUT1
Low Pulse Width   Fast    FDRE/C             n/a            0.500         4.000       3.500      SLICE_X35Y68    dac_dat_a_reg[8]/C
Low Pulse Width   Fast    FDRE/C             n/a            0.500         4.000       3.500      SLICE_X35Y69    dac_dat_b_reg[11]/C
Low Pulse Width   Fast    FDRE/C             n/a            0.500         4.000       3.500      SLICE_X35Y68    dac_dat_b_reg[2]/C
Low Pulse Width   Fast    FDRE/C             n/a            0.500         4.000       3.500      SLICE_X37Y70    dac_dat_a_reg[10]/C
Low Pulse Width   Fast    FDRE/C             n/a            0.500         4.000       3.500      SLICE_X37Y70    dac_dat_a_reg[4]/C
Low Pulse Width   Slow    FDRE/C             n/a            0.500         4.000       3.500      SLICE_X38Y67    dac_dat_a_reg[7]/C
Low Pulse Width   Slow    FDRE/C             n/a            0.500         4.000       3.500      SLICE_X35Y68    dac_dat_a_reg[8]/C
Low Pulse Width   Slow    FDRE/C             n/a            0.500         4.000       3.500      SLICE_X36Y67    dac_dat_a_reg[9]/C
Low Pulse Width   Slow    FDRE/C             n/a            0.500         4.000       3.500      SLICE_X38Y67    dac_dat_b_reg[0]/C
Low Pulse Width   Fast    FDRE/C             n/a            0.500         4.000       3.500      SLICE_X37Y70    dac_dat_b_reg[10]/C
High Pulse Width  Slow    FDRE/C             n/a            0.500         4.000       3.500      SLICE_X37Y68    dac_dat_a_reg[0]/C
High Pulse Width  Fast    FDRE/C             n/a            0.500         4.000       3.500      SLICE_X37Y68    dac_dat_a_reg[0]/C
High Pulse Width  Slow    FDRE/C             n/a            0.500         4.000       3.500      SLICE_X37Y70    dac_dat_a_reg[10]/C
High Pulse Width  Slow    FDRE/C             n/a            0.500         4.000       3.500      SLICE_X36Y69    dac_dat_a_reg[11]/C
High Pulse Width  Fast    FDRE/C             n/a            0.500         4.000       3.500      SLICE_X36Y69    dac_dat_a_reg[11]/C
High Pulse Width  Slow    FDRE/C             n/a            0.500         4.000       3.500      SLICE_X37Y71    dac_dat_a_reg[12]/C
High Pulse Width  Fast    FDRE/C             n/a            0.500         4.000       3.500      SLICE_X37Y71    dac_dat_a_reg[12]/C
High Pulse Width  Slow    FDRE/C             n/a            0.500         4.000       3.500      SLICE_X39Y68    dac_dat_a_reg[13]/C
High Pulse Width  Fast    FDRE/C             n/a            0.500         4.000       3.500      SLICE_X39Y68    dac_dat_a_reg[13]/C
High Pulse Width  Slow    FDRE/C             n/a            0.500         4.000       3.500      SLICE_X38Y68    dac_dat_a_reg[1]/C



---------------------------------------------------------------------------------------------------
From Clock:  pll_dac_clk_2p
  To Clock:  pll_dac_clk_2p

Setup :           NA  Failing Endpoints,  Worst Slack           NA  ,  Total Violation           NA
Hold  :           NA  Failing Endpoints,  Worst Slack           NA  ,  Total Violation           NA
PW    :            0  Failing Endpoints,  Worst Slack        1.845ns,  Total Violation        0.000ns
---------------------------------------------------------------------------------------------------


Pulse Width Checks
--------------------------------------------------------------------------------------
Clock Name:         pll_dac_clk_2p
Waveform(ns):       { -0.500 1.500 }
Period(ns):         4.000
Sources:            { pll/pll/CLKOUT3 }

Check Type  Corner  Lib Pin            Reference Pin  Required(ns)  Actual(ns)  Slack(ns)  Location        Pin
Min Period  n/a     BUFG/I             n/a            2.155         4.000       1.845      BUFGCTRL_X0Y7   bufg_dac_clk_2p/I
Min Period  n/a     ODDR/C             n/a            1.474         4.000       2.526      OLOGIC_X0Y83    oddr_dac_clk/C
Min Period  n/a     PLLE2_ADV/CLKOUT3  n/a            1.249         4.000       2.751      PLLE2_ADV_X0Y0  pll/pll/CLKOUT3
Max Period  n/a     PLLE2_ADV/CLKOUT3  n/a            160.000       4.000       156.000    PLLE2_ADV_X0Y0  pll/pll/CLKOUT3



---------------------------------------------------------------------------------------------------
From Clock:  pll_dac_clk_2x
  To Clock:  pll_dac_clk_2x

Setup :            0  Failing Endpoints,  Worst Slack        0.085ns,  Total Violation        0.000ns
Hold  :            0  Failing Endpoints,  Worst Slack        0.052ns,  Total Violation        0.000ns
PW    :            0  Failing Endpoints,  Worst Slack        0.750ns,  Total Violation        0.000ns
---------------------------------------------------------------------------------------------------


Max Delay Paths
--------------------------------------------------------------------------------------
Slack (MET) :             0.085ns  (required time - arrival time)
  Source:                 ps/axi_master_3/axi_rfill_lvl_reg[3]/C
                            (rising edge-triggered cell FDRE clocked by pll_dac_clk_2x  {rise@0.000ns fall@2.000ns period=4.000ns})
  Destination:            ps/axi_master_3/sys_rdata_o_reg[42]/CE
                            (rising edge-triggered cell FDRE clocked by pll_dac_clk_2x  {rise@0.000ns fall@2.000ns period=4.000ns})
  Path Group:             pll_dac_clk_2x
  Path Type:              Setup (Max at Slow Process Corner)
  Requirement:            4.000ns  (pll_dac_clk_2x rise@4.000ns - pll_dac_clk_2x rise@0.000ns)
  Data Path Delay:        3.459ns  (logic 0.834ns (24.109%)  route 2.625ns (75.891%))
  Logic Levels:           2  (LUT2=1 LUT6=1)
  Clock Path Skew:        -0.016ns (DCD - SCD + CPR)
    Destination Clock Delay (DCD):    5.433ns = ( 9.433 - 4.000 ) 
    Source Clock Delay      (SCD):    5.944ns
    Clock Pessimism Removal (CPR):    0.495ns
  Clock Uncertainty:      0.063ns  ((TSJ^2 + DJ^2)^1/2) / 2 + PE
    Total System Jitter     (TSJ):    0.071ns
    Discrete Jitter          (DJ):    0.104ns
    Phase Error              (PE):    0.000ns

    Location             Delay type                Incr(ns)  Path(ns)    Netlist Resource(s)
  -------------------------------------------------------------------    -------------------
                         (clock pll_dac_clk_2x rise edge)
                                                      0.000     0.000 r  
    U18                                               0.000     0.000 r  adc_clk_i[1] (IN)
                         net (fo=0)                   0.000     0.000    adc_clk_i[1]
    U18                  IBUFDS (Prop_ibufds_I_O)     0.983     0.983 r  i_clk/O
                         net (fo=1, routed)           1.306     2.289    pll/adc_clk_in
    PLLE2_ADV_X0Y0       PLLE2_ADV (Prop_plle2_adv_CLKIN1_CLKOUT2)
                                                      0.089     2.378 r  pll/pll/CLKOUT2
                         net (fo=2, routed)           1.754     4.132    pll_dac_clk_2x
    BUFGCTRL_X0Y1        BUFG (Prop_bufg_I_O)         0.101     4.233 r  bufg_dac_axi_clk/O
                         net (fo=1073, routed)        1.711     5.944    ps/axi_master_3/CLK
    SLICE_X3Y27          FDRE                                         r  ps/axi_master_3/axi_rfill_lvl_reg[3]/C
  -------------------------------------------------------------------    -------------------
    SLICE_X3Y27          FDRE (Prop_fdre_C_Q)         0.419     6.363 r  ps/axi_master_3/axi_rfill_lvl_reg[3]/Q
                         net (fo=4, routed)           1.158     7.522    ps/axi_master_3/axi_rfill_lvl_reg[3]
    SLICE_X5Y28          LUT6 (Prop_lut6_I1_O)        0.296     7.818 r  ps/axi_master_3/axi_rrd_pt[3]_i_1__0/O
                         net (fo=9, routed)           0.599     8.416    ps/axi_master_3/axi_rpop
    SLICE_X2Y27          LUT2 (Prop_lut2_I1_O)        0.119     8.535 r  ps/axi_master_3/sys_rdata_o[63]_i_1__0/O
                         net (fo=64, routed)          0.868     9.403    ps/axi_master_3/sys_rdata_o[63]_i_1__0_n_0
    SLICE_X4Y32          FDRE                                         r  ps/axi_master_3/sys_rdata_o_reg[42]/CE
  -------------------------------------------------------------------    -------------------

                         (clock pll_dac_clk_2x rise edge)
                                                      4.000     4.000 r  
    U18                                               0.000     4.000 r  adc_clk_i[1] (IN)
                         net (fo=0)                   0.000     4.000    adc_clk_i[1]
    U18                  IBUFDS (Prop_ibufds_I_O)     0.940     4.940 r  i_clk/O
                         net (fo=1, routed)           1.181     6.121    pll/adc_clk_in
    PLLE2_ADV_X0Y0       PLLE2_ADV (Prop_plle2_adv_CLKIN1_CLKOUT2)
                                                      0.084     6.205 r  pll/pll/CLKOUT2
                         net (fo=2, routed)           1.594     7.799    pll_dac_clk_2x
    BUFGCTRL_X0Y1        BUFG (Prop_bufg_I_O)         0.091     7.890 r  bufg_dac_axi_clk/O
                         net (fo=1073, routed)        1.543     9.433    ps/axi_master_3/CLK
    SLICE_X4Y32          FDRE                                         r  ps/axi_master_3/sys_rdata_o_reg[42]/C
                         clock pessimism              0.495     9.928    
                         clock uncertainty           -0.063     9.865    
    SLICE_X4Y32          FDRE (Setup_fdre_C_CE)      -0.377     9.488    ps/axi_master_3/sys_rdata_o_reg[42]
  -------------------------------------------------------------------
                         required time                          9.488    
                         arrival time                          -9.403    
  -------------------------------------------------------------------
                         slack                                  0.085    

Slack (MET) :             0.085ns  (required time - arrival time)
  Source:                 ps/axi_master_3/axi_rfill_lvl_reg[3]/C
                            (rising edge-triggered cell FDRE clocked by pll_dac_clk_2x  {rise@0.000ns fall@2.000ns period=4.000ns})
  Destination:            ps/axi_master_3/sys_rdata_o_reg[43]/CE
                            (rising edge-triggered cell FDRE clocked by pll_dac_clk_2x  {rise@0.000ns fall@2.000ns period=4.000ns})
  Path Group:             pll_dac_clk_2x
  Path Type:              Setup (Max at Slow Process Corner)
  Requirement:            4.000ns  (pll_dac_clk_2x rise@4.000ns - pll_dac_clk_2x rise@0.000ns)
  Data Path Delay:        3.459ns  (logic 0.834ns (24.109%)  route 2.625ns (75.891%))
  Logic Levels:           2  (LUT2=1 LUT6=1)
  Clock Path Skew:        -0.016ns (DCD - SCD + CPR)
    Destination Clock Delay (DCD):    5.433ns = ( 9.433 - 4.000 ) 
    Source Clock Delay      (SCD):    5.944ns
    Clock Pessimism Removal (CPR):    0.495ns
  Clock Uncertainty:      0.063ns  ((TSJ^2 + DJ^2)^1/2) / 2 + PE
    Total System Jitter     (TSJ):    0.071ns
    Discrete Jitter          (DJ):    0.104ns
    Phase Error              (PE):    0.000ns

    Location             Delay type                Incr(ns)  Path(ns)    Netlist Resource(s)
  -------------------------------------------------------------------    -------------------
                         (clock pll_dac_clk_2x rise edge)
                                                      0.000     0.000 r  
    U18                                               0.000     0.000 r  adc_clk_i[1] (IN)
                         net (fo=0)                   0.000     0.000    adc_clk_i[1]
    U18                  IBUFDS (Prop_ibufds_I_O)     0.983     0.983 r  i_clk/O
                         net (fo=1, routed)           1.306     2.289    pll/adc_clk_in
    PLLE2_ADV_X0Y0       PLLE2_ADV (Prop_plle2_adv_CLKIN1_CLKOUT2)
                                                      0.089     2.378 r  pll/pll/CLKOUT2
                         net (fo=2, routed)           1.754     4.132    pll_dac_clk_2x
    BUFGCTRL_X0Y1        BUFG (Prop_bufg_I_O)         0.101     4.233 r  bufg_dac_axi_clk/O
                         net (fo=1073, routed)        1.711     5.944    ps/axi_master_3/CLK
    SLICE_X3Y27          FDRE                                         r  ps/axi_master_3/axi_rfill_lvl_reg[3]/C
  -------------------------------------------------------------------    -------------------
    SLICE_X3Y27          FDRE (Prop_fdre_C_Q)         0.419     6.363 r  ps/axi_master_3/axi_rfill_lvl_reg[3]/Q
                         net (fo=4, routed)           1.158     7.522    ps/axi_master_3/axi_rfill_lvl_reg[3]
    SLICE_X5Y28          LUT6 (Prop_lut6_I1_O)        0.296     7.818 r  ps/axi_master_3/axi_rrd_pt[3]_i_1__0/O
                         net (fo=9, routed)           0.599     8.416    ps/axi_master_3/axi_rpop
    SLICE_X2Y27          LUT2 (Prop_lut2_I1_O)        0.119     8.535 r  ps/axi_master_3/sys_rdata_o[63]_i_1__0/O
                         net (fo=64, routed)          0.868     9.403    ps/axi_master_3/sys_rdata_o[63]_i_1__0_n_0
    SLICE_X4Y32          FDRE                                         r  ps/axi_master_3/sys_rdata_o_reg[43]/CE
  -------------------------------------------------------------------    -------------------

                         (clock pll_dac_clk_2x rise edge)
                                                      4.000     4.000 r  
    U18                                               0.000     4.000 r  adc_clk_i[1] (IN)
                         net (fo=0)                   0.000     4.000    adc_clk_i[1]
    U18                  IBUFDS (Prop_ibufds_I_O)     0.940     4.940 r  i_clk/O
                         net (fo=1, routed)           1.181     6.121    pll/adc_clk_in
    PLLE2_ADV_X0Y0       PLLE2_ADV (Prop_plle2_adv_CLKIN1_CLKOUT2)
                                                      0.084     6.205 r  pll/pll/CLKOUT2
                         net (fo=2, routed)           1.594     7.799    pll_dac_clk_2x
    BUFGCTRL_X0Y1        BUFG (Prop_bufg_I_O)         0.091     7.890 r  bufg_dac_axi_clk/O
                         net (fo=1073, routed)        1.543     9.433    ps/axi_master_3/CLK
    SLICE_X4Y32          FDRE                                         r  ps/axi_master_3/sys_rdata_o_reg[43]/C
                         clock pessimism              0.495     9.928    
                         clock uncertainty           -0.063     9.865    
    SLICE_X4Y32          FDRE (Setup_fdre_C_CE)      -0.377     9.488    ps/axi_master_3/sys_rdata_o_reg[43]
  -------------------------------------------------------------------
                         required time                          9.488    
                         arrival time                          -9.403    
  -------------------------------------------------------------------
                         slack                                  0.085    

Slack (MET) :             0.085ns  (required time - arrival time)
  Source:                 ps/axi_master_3/axi_rfill_lvl_reg[3]/C
                            (rising edge-triggered cell FDRE clocked by pll_dac_clk_2x  {rise@0.000ns fall@2.000ns period=4.000ns})
  Destination:            ps/axi_master_3/sys_rdata_o_reg[44]/CE
                            (rising edge-triggered cell FDRE clocked by pll_dac_clk_2x  {rise@0.000ns fall@2.000ns period=4.000ns})
  Path Group:             pll_dac_clk_2x
  Path Type:              Setup (Max at Slow Process Corner)
  Requirement:            4.000ns  (pll_dac_clk_2x rise@4.000ns - pll_dac_clk_2x rise@0.000ns)
  Data Path Delay:        3.459ns  (logic 0.834ns (24.109%)  route 2.625ns (75.891%))
  Logic Levels:           2  (LUT2=1 LUT6=1)
  Clock Path Skew:        -0.016ns (DCD - SCD + CPR)
    Destination Clock Delay (DCD):    5.433ns = ( 9.433 - 4.000 ) 
    Source Clock Delay      (SCD):    5.944ns
    Clock Pessimism Removal (CPR):    0.495ns
  Clock Uncertainty:      0.063ns  ((TSJ^2 + DJ^2)^1/2) / 2 + PE
    Total System Jitter     (TSJ):    0.071ns
    Discrete Jitter          (DJ):    0.104ns
    Phase Error              (PE):    0.000ns

    Location             Delay type                Incr(ns)  Path(ns)    Netlist Resource(s)
  -------------------------------------------------------------------    -------------------
                         (clock pll_dac_clk_2x rise edge)
                                                      0.000     0.000 r  
    U18                                               0.000     0.000 r  adc_clk_i[1] (IN)
                         net (fo=0)                   0.000     0.000    adc_clk_i[1]
    U18                  IBUFDS (Prop_ibufds_I_O)     0.983     0.983 r  i_clk/O
                         net (fo=1, routed)           1.306     2.289    pll/adc_clk_in
    PLLE2_ADV_X0Y0       PLLE2_ADV (Prop_plle2_adv_CLKIN1_CLKOUT2)
                                                      0.089     2.378 r  pll/pll/CLKOUT2
                         net (fo=2, routed)           1.754     4.132    pll_dac_clk_2x
    BUFGCTRL_X0Y1        BUFG (Prop_bufg_I_O)         0.101     4.233 r  bufg_dac_axi_clk/O
                         net (fo=1073, routed)        1.711     5.944    ps/axi_master_3/CLK
    SLICE_X3Y27          FDRE                                         r  ps/axi_master_3/axi_rfill_lvl_reg[3]/C
  -------------------------------------------------------------------    -------------------
    SLICE_X3Y27          FDRE (Prop_fdre_C_Q)         0.419     6.363 r  ps/axi_master_3/axi_rfill_lvl_reg[3]/Q
                         net (fo=4, routed)           1.158     7.522    ps/axi_master_3/axi_rfill_lvl_reg[3]
    SLICE_X5Y28          LUT6 (Prop_lut6_I1_O)        0.296     7.818 r  ps/axi_master_3/axi_rrd_pt[3]_i_1__0/O
                         net (fo=9, routed)           0.599     8.416    ps/axi_master_3/axi_rpop
    SLICE_X2Y27          LUT2 (Prop_lut2_I1_O)        0.119     8.535 r  ps/axi_master_3/sys_rdata_o[63]_i_1__0/O
                         net (fo=64, routed)          0.868     9.403    ps/axi_master_3/sys_rdata_o[63]_i_1__0_n_0
    SLICE_X4Y32          FDRE                                         r  ps/axi_master_3/sys_rdata_o_reg[44]/CE
  -------------------------------------------------------------------    -------------------

                         (clock pll_dac_clk_2x rise edge)
                                                      4.000     4.000 r  
    U18                                               0.000     4.000 r  adc_clk_i[1] (IN)
                         net (fo=0)                   0.000     4.000    adc_clk_i[1]
    U18                  IBUFDS (Prop_ibufds_I_O)     0.940     4.940 r  i_clk/O
                         net (fo=1, routed)           1.181     6.121    pll/adc_clk_in
    PLLE2_ADV_X0Y0       PLLE2_ADV (Prop_plle2_adv_CLKIN1_CLKOUT2)
                                                      0.084     6.205 r  pll/pll/CLKOUT2
                         net (fo=2, routed)           1.594     7.799    pll_dac_clk_2x
    BUFGCTRL_X0Y1        BUFG (Prop_bufg_I_O)         0.091     7.890 r  bufg_dac_axi_clk/O
                         net (fo=1073, routed)        1.543     9.433    ps/axi_master_3/CLK
    SLICE_X4Y32          FDRE                                         r  ps/axi_master_3/sys_rdata_o_reg[44]/C
                         clock pessimism              0.495     9.928    
                         clock uncertainty           -0.063     9.865    
    SLICE_X4Y32          FDRE (Setup_fdre_C_CE)      -0.377     9.488    ps/axi_master_3/sys_rdata_o_reg[44]
  -------------------------------------------------------------------
                         required time                          9.488    
                         arrival time                          -9.403    
  -------------------------------------------------------------------
                         slack                                  0.085    

Slack (MET) :             0.085ns  (required time - arrival time)
  Source:                 ps/axi_master_3/axi_rfill_lvl_reg[3]/C
                            (rising edge-triggered cell FDRE clocked by pll_dac_clk_2x  {rise@0.000ns fall@2.000ns period=4.000ns})
  Destination:            ps/axi_master_3/sys_rdata_o_reg[45]/CE
                            (rising edge-triggered cell FDRE clocked by pll_dac_clk_2x  {rise@0.000ns fall@2.000ns period=4.000ns})
  Path Group:             pll_dac_clk_2x
  Path Type:              Setup (Max at Slow Process Corner)
  Requirement:            4.000ns  (pll_dac_clk_2x rise@4.000ns - pll_dac_clk_2x rise@0.000ns)
  Data Path Delay:        3.459ns  (logic 0.834ns (24.109%)  route 2.625ns (75.891%))
  Logic Levels:           2  (LUT2=1 LUT6=1)
  Clock Path Skew:        -0.016ns (DCD - SCD + CPR)
    Destination Clock Delay (DCD):    5.433ns = ( 9.433 - 4.000 ) 
    Source Clock Delay      (SCD):    5.944ns
    Clock Pessimism Removal (CPR):    0.495ns
  Clock Uncertainty:      0.063ns  ((TSJ^2 + DJ^2)^1/2) / 2 + PE
    Total System Jitter     (TSJ):    0.071ns
    Discrete Jitter          (DJ):    0.104ns
    Phase Error              (PE):    0.000ns

    Location             Delay type                Incr(ns)  Path(ns)    Netlist Resource(s)
  -------------------------------------------------------------------    -------------------
                         (clock pll_dac_clk_2x rise edge)
                                                      0.000     0.000 r  
    U18                                               0.000     0.000 r  adc_clk_i[1] (IN)
                         net (fo=0)                   0.000     0.000    adc_clk_i[1]
    U18                  IBUFDS (Prop_ibufds_I_O)     0.983     0.983 r  i_clk/O
                         net (fo=1, routed)           1.306     2.289    pll/adc_clk_in
    PLLE2_ADV_X0Y0       PLLE2_ADV (Prop_plle2_adv_CLKIN1_CLKOUT2)
                                                      0.089     2.378 r  pll/pll/CLKOUT2
                         net (fo=2, routed)           1.754     4.132    pll_dac_clk_2x
    BUFGCTRL_X0Y1        BUFG (Prop_bufg_I_O)         0.101     4.233 r  bufg_dac_axi_clk/O
                         net (fo=1073, routed)        1.711     5.944    ps/axi_master_3/CLK
    SLICE_X3Y27          FDRE                                         r  ps/axi_master_3/axi_rfill_lvl_reg[3]/C
  -------------------------------------------------------------------    -------------------
    SLICE_X3Y27          FDRE (Prop_fdre_C_Q)         0.419     6.363 r  ps/axi_master_3/axi_rfill_lvl_reg[3]/Q
                         net (fo=4, routed)           1.158     7.522    ps/axi_master_3/axi_rfill_lvl_reg[3]
    SLICE_X5Y28          LUT6 (Prop_lut6_I1_O)        0.296     7.818 r  ps/axi_master_3/axi_rrd_pt[3]_i_1__0/O
                         net (fo=9, routed)           0.599     8.416    ps/axi_master_3/axi_rpop
    SLICE_X2Y27          LUT2 (Prop_lut2_I1_O)        0.119     8.535 r  ps/axi_master_3/sys_rdata_o[63]_i_1__0/O
                         net (fo=64, routed)          0.868     9.403    ps/axi_master_3/sys_rdata_o[63]_i_1__0_n_0
    SLICE_X4Y32          FDRE                                         r  ps/axi_master_3/sys_rdata_o_reg[45]/CE
  -------------------------------------------------------------------    -------------------

                         (clock pll_dac_clk_2x rise edge)
                                                      4.000     4.000 r  
    U18                                               0.000     4.000 r  adc_clk_i[1] (IN)
                         net (fo=0)                   0.000     4.000    adc_clk_i[1]
    U18                  IBUFDS (Prop_ibufds_I_O)     0.940     4.940 r  i_clk/O
                         net (fo=1, routed)           1.181     6.121    pll/adc_clk_in
    PLLE2_ADV_X0Y0       PLLE2_ADV (Prop_plle2_adv_CLKIN1_CLKOUT2)
                                                      0.084     6.205 r  pll/pll/CLKOUT2
                         net (fo=2, routed)           1.594     7.799    pll_dac_clk_2x
    BUFGCTRL_X0Y1        BUFG (Prop_bufg_I_O)         0.091     7.890 r  bufg_dac_axi_clk/O
                         net (fo=1073, routed)        1.543     9.433    ps/axi_master_3/CLK
    SLICE_X4Y32          FDRE                                         r  ps/axi_master_3/sys_rdata_o_reg[45]/C
                         clock pessimism              0.495     9.928    
                         clock uncertainty           -0.063     9.865    
    SLICE_X4Y32          FDRE (Setup_fdre_C_CE)      -0.377     9.488    ps/axi_master_3/sys_rdata_o_reg[45]
  -------------------------------------------------------------------
                         required time                          9.488    
                         arrival time                          -9.403    
  -------------------------------------------------------------------
                         slack                                  0.085    

Slack (MET) :             0.085ns  (required time - arrival time)
  Source:                 ps/axi_master_3/axi_rfill_lvl_reg[3]/C
                            (rising edge-triggered cell FDRE clocked by pll_dac_clk_2x  {rise@0.000ns fall@2.000ns period=4.000ns})
  Destination:            ps/axi_master_3/sys_rdata_o_reg[46]/CE
                            (rising edge-triggered cell FDRE clocked by pll_dac_clk_2x  {rise@0.000ns fall@2.000ns period=4.000ns})
  Path Group:             pll_dac_clk_2x
  Path Type:              Setup (Max at Slow Process Corner)
  Requirement:            4.000ns  (pll_dac_clk_2x rise@4.000ns - pll_dac_clk_2x rise@0.000ns)
  Data Path Delay:        3.459ns  (logic 0.834ns (24.109%)  route 2.625ns (75.891%))
  Logic Levels:           2  (LUT2=1 LUT6=1)
  Clock Path Skew:        -0.016ns (DCD - SCD + CPR)
    Destination Clock Delay (DCD):    5.433ns = ( 9.433 - 4.000 ) 
    Source Clock Delay      (SCD):    5.944ns
    Clock Pessimism Removal (CPR):    0.495ns
  Clock Uncertainty:      0.063ns  ((TSJ^2 + DJ^2)^1/2) / 2 + PE
    Total System Jitter     (TSJ):    0.071ns
    Discrete Jitter          (DJ):    0.104ns
    Phase Error              (PE):    0.000ns

    Location             Delay type                Incr(ns)  Path(ns)    Netlist Resource(s)
  -------------------------------------------------------------------    -------------------
                         (clock pll_dac_clk_2x rise edge)
                                                      0.000     0.000 r  
    U18                                               0.000     0.000 r  adc_clk_i[1] (IN)
                         net (fo=0)                   0.000     0.000    adc_clk_i[1]
    U18                  IBUFDS (Prop_ibufds_I_O)     0.983     0.983 r  i_clk/O
                         net (fo=1, routed)           1.306     2.289    pll/adc_clk_in
    PLLE2_ADV_X0Y0       PLLE2_ADV (Prop_plle2_adv_CLKIN1_CLKOUT2)
                                                      0.089     2.378 r  pll/pll/CLKOUT2
                         net (fo=2, routed)           1.754     4.132    pll_dac_clk_2x
    BUFGCTRL_X0Y1        BUFG (Prop_bufg_I_O)         0.101     4.233 r  bufg_dac_axi_clk/O
                         net (fo=1073, routed)        1.711     5.944    ps/axi_master_3/CLK
    SLICE_X3Y27          FDRE                                         r  ps/axi_master_3/axi_rfill_lvl_reg[3]/C
  -------------------------------------------------------------------    -------------------
    SLICE_X3Y27          FDRE (Prop_fdre_C_Q)         0.419     6.363 r  ps/axi_master_3/axi_rfill_lvl_reg[3]/Q
                         net (fo=4, routed)           1.158     7.522    ps/axi_master_3/axi_rfill_lvl_reg[3]
    SLICE_X5Y28          LUT6 (Prop_lut6_I1_O)        0.296     7.818 r  ps/axi_master_3/axi_rrd_pt[3]_i_1__0/O
                         net (fo=9, routed)           0.599     8.416    ps/axi_master_3/axi_rpop
    SLICE_X2Y27          LUT2 (Prop_lut2_I1_O)        0.119     8.535 r  ps/axi_master_3/sys_rdata_o[63]_i_1__0/O
                         net (fo=64, routed)          0.868     9.403    ps/axi_master_3/sys_rdata_o[63]_i_1__0_n_0
    SLICE_X4Y32          FDRE                                         r  ps/axi_master_3/sys_rdata_o_reg[46]/CE
  -------------------------------------------------------------------    -------------------

                         (clock pll_dac_clk_2x rise edge)
                                                      4.000     4.000 r  
    U18                                               0.000     4.000 r  adc_clk_i[1] (IN)
                         net (fo=0)                   0.000     4.000    adc_clk_i[1]
    U18                  IBUFDS (Prop_ibufds_I_O)     0.940     4.940 r  i_clk/O
                         net (fo=1, routed)           1.181     6.121    pll/adc_clk_in
    PLLE2_ADV_X0Y0       PLLE2_ADV (Prop_plle2_adv_CLKIN1_CLKOUT2)
                                                      0.084     6.205 r  pll/pll/CLKOUT2
                         net (fo=2, routed)           1.594     7.799    pll_dac_clk_2x
    BUFGCTRL_X0Y1        BUFG (Prop_bufg_I_O)         0.091     7.890 r  bufg_dac_axi_clk/O
                         net (fo=1073, routed)        1.543     9.433    ps/axi_master_3/CLK
    SLICE_X4Y32          FDRE                                         r  ps/axi_master_3/sys_rdata_o_reg[46]/C
                         clock pessimism              0.495     9.928    
                         clock uncertainty           -0.063     9.865    
    SLICE_X4Y32          FDRE (Setup_fdre_C_CE)      -0.377     9.488    ps/axi_master_3/sys_rdata_o_reg[46]
  -------------------------------------------------------------------
                         required time                          9.488    
                         arrival time                          -9.403    
  -------------------------------------------------------------------
                         slack                                  0.085    

Slack (MET) :             0.085ns  (required time - arrival time)
  Source:                 ps/axi_master_3/axi_rfill_lvl_reg[3]/C
                            (rising edge-triggered cell FDRE clocked by pll_dac_clk_2x  {rise@0.000ns fall@2.000ns period=4.000ns})
  Destination:            ps/axi_master_3/sys_rdata_o_reg[47]/CE
                            (rising edge-triggered cell FDRE clocked by pll_dac_clk_2x  {rise@0.000ns fall@2.000ns period=4.000ns})
  Path Group:             pll_dac_clk_2x
  Path Type:              Setup (Max at Slow Process Corner)
  Requirement:            4.000ns  (pll_dac_clk_2x rise@4.000ns - pll_dac_clk_2x rise@0.000ns)
  Data Path Delay:        3.459ns  (logic 0.834ns (24.109%)  route 2.625ns (75.891%))
  Logic Levels:           2  (LUT2=1 LUT6=1)
  Clock Path Skew:        -0.016ns (DCD - SCD + CPR)
    Destination Clock Delay (DCD):    5.433ns = ( 9.433 - 4.000 ) 
    Source Clock Delay      (SCD):    5.944ns
    Clock Pessimism Removal (CPR):    0.495ns
  Clock Uncertainty:      0.063ns  ((TSJ^2 + DJ^2)^1/2) / 2 + PE
    Total System Jitter     (TSJ):    0.071ns
    Discrete Jitter          (DJ):    0.104ns
    Phase Error              (PE):    0.000ns

    Location             Delay type                Incr(ns)  Path(ns)    Netlist Resource(s)
  -------------------------------------------------------------------    -------------------
                         (clock pll_dac_clk_2x rise edge)
                                                      0.000     0.000 r  
    U18                                               0.000     0.000 r  adc_clk_i[1] (IN)
                         net (fo=0)                   0.000     0.000    adc_clk_i[1]
    U18                  IBUFDS (Prop_ibufds_I_O)     0.983     0.983 r  i_clk/O
                         net (fo=1, routed)           1.306     2.289    pll/adc_clk_in
    PLLE2_ADV_X0Y0       PLLE2_ADV (Prop_plle2_adv_CLKIN1_CLKOUT2)
                                                      0.089     2.378 r  pll/pll/CLKOUT2
                         net (fo=2, routed)           1.754     4.132    pll_dac_clk_2x
    BUFGCTRL_X0Y1        BUFG (Prop_bufg_I_O)         0.101     4.233 r  bufg_dac_axi_clk/O
                         net (fo=1073, routed)        1.711     5.944    ps/axi_master_3/CLK
    SLICE_X3Y27          FDRE                                         r  ps/axi_master_3/axi_rfill_lvl_reg[3]/C
  -------------------------------------------------------------------    -------------------
    SLICE_X3Y27          FDRE (Prop_fdre_C_Q)         0.419     6.363 r  ps/axi_master_3/axi_rfill_lvl_reg[3]/Q
                         net (fo=4, routed)           1.158     7.522    ps/axi_master_3/axi_rfill_lvl_reg[3]
    SLICE_X5Y28          LUT6 (Prop_lut6_I1_O)        0.296     7.818 r  ps/axi_master_3/axi_rrd_pt[3]_i_1__0/O
                         net (fo=9, routed)           0.599     8.416    ps/axi_master_3/axi_rpop
    SLICE_X2Y27          LUT2 (Prop_lut2_I1_O)        0.119     8.535 r  ps/axi_master_3/sys_rdata_o[63]_i_1__0/O
                         net (fo=64, routed)          0.868     9.403    ps/axi_master_3/sys_rdata_o[63]_i_1__0_n_0
    SLICE_X4Y32          FDRE                                         r  ps/axi_master_3/sys_rdata_o_reg[47]/CE
  -------------------------------------------------------------------    -------------------

                         (clock pll_dac_clk_2x rise edge)
                                                      4.000     4.000 r  
    U18                                               0.000     4.000 r  adc_clk_i[1] (IN)
                         net (fo=0)                   0.000     4.000    adc_clk_i[1]
    U18                  IBUFDS (Prop_ibufds_I_O)     0.940     4.940 r  i_clk/O
                         net (fo=1, routed)           1.181     6.121    pll/adc_clk_in
    PLLE2_ADV_X0Y0       PLLE2_ADV (Prop_plle2_adv_CLKIN1_CLKOUT2)
                                                      0.084     6.205 r  pll/pll/CLKOUT2
                         net (fo=2, routed)           1.594     7.799    pll_dac_clk_2x
    BUFGCTRL_X0Y1        BUFG (Prop_bufg_I_O)         0.091     7.890 r  bufg_dac_axi_clk/O
                         net (fo=1073, routed)        1.543     9.433    ps/axi_master_3/CLK
    SLICE_X4Y32          FDRE                                         r  ps/axi_master_3/sys_rdata_o_reg[47]/C
                         clock pessimism              0.495     9.928    
                         clock uncertainty           -0.063     9.865    
    SLICE_X4Y32          FDRE (Setup_fdre_C_CE)      -0.377     9.488    ps/axi_master_3/sys_rdata_o_reg[47]
  -------------------------------------------------------------------
                         required time                          9.488    
                         arrival time                          -9.403    
  -------------------------------------------------------------------
                         slack                                  0.085    

Slack (MET) :             0.130ns  (required time - arrival time)
  Source:                 ps/system_i/processing_system7/inst/PS7_i/SAXIHP2ACLK
                            (rising edge-triggered cell PS7 clocked by pll_dac_clk_2x  {rise@0.000ns fall@2.000ns period=4.000ns})
  Destination:            ps/axi_master_2/axi_rfifo_reg_0_15_54_59/RAMA/WE
                            (rising edge-triggered cell RAMD32 clocked by pll_dac_clk_2x  {rise@0.000ns fall@2.000ns period=4.000ns})
  Path Group:             pll_dac_clk_2x
  Path Type:              Setup (Max at Slow Process Corner)
  Requirement:            4.000ns  (pll_dac_clk_2x rise@4.000ns - pll_dac_clk_2x rise@0.000ns)
  Data Path Delay:        2.929ns  (logic 1.211ns (41.346%)  route 1.718ns (58.654%))
  Logic Levels:           1  (LUT3=1)
  Clock Path Skew:        -0.143ns (DCD - SCD + CPR)
    Destination Clock Delay (DCD):    5.426ns = ( 9.426 - 4.000 ) 
    Source Clock Delay      (SCD):    6.027ns
    Clock Pessimism Removal (CPR):    0.458ns
  Clock Uncertainty:      0.063ns  ((TSJ^2 + DJ^2)^1/2) / 2 + PE
    Total System Jitter     (TSJ):    0.071ns
    Discrete Jitter          (DJ):    0.104ns
    Phase Error              (PE):    0.000ns

    Location             Delay type                Incr(ns)  Path(ns)    Netlist Resource(s)
  -------------------------------------------------------------------    -------------------
                         (clock pll_dac_clk_2x rise edge)
                                                      0.000     0.000 r  
    U18                                               0.000     0.000 r  adc_clk_i[1] (IN)
                         net (fo=0)                   0.000     0.000    adc_clk_i[1]
    U18                  IBUFDS (Prop_ibufds_I_O)     0.983     0.983 r  i_clk/O
                         net (fo=1, routed)           1.306     2.289    pll/adc_clk_in
    PLLE2_ADV_X0Y0       PLLE2_ADV (Prop_plle2_adv_CLKIN1_CLKOUT2)
                                                      0.089     2.378 r  pll/pll/CLKOUT2
                         net (fo=2, routed)           1.754     4.132    pll_dac_clk_2x
    BUFGCTRL_X0Y1        BUFG (Prop_bufg_I_O)         0.101     4.233 r  bufg_dac_axi_clk/O
                         net (fo=1073, routed)        1.794     6.027    ps/system_i/processing_system7/inst/S_AXI_HP2_ACLK
    PS7_X0Y0             PS7                                          r  ps/system_i/processing_system7/inst/PS7_i/SAXIHP2ACLK
  -------------------------------------------------------------------    -------------------
    PS7_X0Y0             PS7 (Prop_ps7_SAXIHP2ACLK_SAXIHP2RVALID)
                                                      1.062     7.089 r  ps/system_i/processing_system7/inst/PS7_i/SAXIHP2RVALID
                         net (fo=6, routed)           0.994     8.083    ps/axi_master_2/S_AXI_HP2_rvalid
    SLICE_X3Y20          LUT3 (Prop_lut3_I1_O)        0.149     8.232 r  ps/axi_master_2/axi_rfifo_reg_0_15_0_5_i_1/O
                         net (fo=88, routed)          0.724     8.956    ps/axi_master_2/axi_rfifo_reg_0_15_54_59/WE
    SLICE_X4Y23          RAMD32                                       r  ps/axi_master_2/axi_rfifo_reg_0_15_54_59/RAMA/WE
  -------------------------------------------------------------------    -------------------

                         (clock pll_dac_clk_2x rise edge)
                                                      4.000     4.000 r  
    U18                                               0.000     4.000 r  adc_clk_i[1] (IN)
                         net (fo=0)                   0.000     4.000    adc_clk_i[1]
    U18                  IBUFDS (Prop_ibufds_I_O)     0.940     4.940 r  i_clk/O
                         net (fo=1, routed)           1.181     6.121    pll/adc_clk_in
    PLLE2_ADV_X0Y0       PLLE2_ADV (Prop_plle2_adv_CLKIN1_CLKOUT2)
                                                      0.084     6.205 r  pll/pll/CLKOUT2
                         net (fo=2, routed)           1.594     7.799    pll_dac_clk_2x
    BUFGCTRL_X0Y1        BUFG (Prop_bufg_I_O)         0.091     7.890 r  bufg_dac_axi_clk/O
                         net (fo=1073, routed)        1.536     9.426    ps/axi_master_2/axi_rfifo_reg_0_15_54_59/WCLK
    SLICE_X4Y23          RAMD32                                       r  ps/axi_master_2/axi_rfifo_reg_0_15_54_59/RAMA/CLK
                         clock pessimism              0.458     9.884    
                         clock uncertainty           -0.063     9.821    
    SLICE_X4Y23          RAMD32 (Setup_ramd32_CLK_WE)
                                                     -0.736     9.085    ps/axi_master_2/axi_rfifo_reg_0_15_54_59/RAMA
  -------------------------------------------------------------------
                         required time                          9.085    
                         arrival time                          -8.956    
  -------------------------------------------------------------------
                         slack                                  0.130    

Slack (MET) :             0.130ns  (required time - arrival time)
  Source:                 ps/system_i/processing_system7/inst/PS7_i/SAXIHP2ACLK
                            (rising edge-triggered cell PS7 clocked by pll_dac_clk_2x  {rise@0.000ns fall@2.000ns period=4.000ns})
  Destination:            ps/axi_master_2/axi_rfifo_reg_0_15_54_59/RAMA_D1/WE
                            (rising edge-triggered cell RAMD32 clocked by pll_dac_clk_2x  {rise@0.000ns fall@2.000ns period=4.000ns})
  Path Group:             pll_dac_clk_2x
  Path Type:              Setup (Max at Slow Process Corner)
  Requirement:            4.000ns  (pll_dac_clk_2x rise@4.000ns - pll_dac_clk_2x rise@0.000ns)
  Data Path Delay:        2.929ns  (logic 1.211ns (41.346%)  route 1.718ns (58.654%))
  Logic Levels:           1  (LUT3=1)
  Clock Path Skew:        -0.143ns (DCD - SCD + CPR)
    Destination Clock Delay (DCD):    5.426ns = ( 9.426 - 4.000 ) 
    Source Clock Delay      (SCD):    6.027ns
    Clock Pessimism Removal (CPR):    0.458ns
  Clock Uncertainty:      0.063ns  ((TSJ^2 + DJ^2)^1/2) / 2 + PE
    Total System Jitter     (TSJ):    0.071ns
    Discrete Jitter          (DJ):    0.104ns
    Phase Error              (PE):    0.000ns

    Location             Delay type                Incr(ns)  Path(ns)    Netlist Resource(s)
  -------------------------------------------------------------------    -------------------
                         (clock pll_dac_clk_2x rise edge)
                                                      0.000     0.000 r  
    U18                                               0.000     0.000 r  adc_clk_i[1] (IN)
                         net (fo=0)                   0.000     0.000    adc_clk_i[1]
    U18                  IBUFDS (Prop_ibufds_I_O)     0.983     0.983 r  i_clk/O
                         net (fo=1, routed)           1.306     2.289    pll/adc_clk_in
    PLLE2_ADV_X0Y0       PLLE2_ADV (Prop_plle2_adv_CLKIN1_CLKOUT2)
                                                      0.089     2.378 r  pll/pll/CLKOUT2
                         net (fo=2, routed)           1.754     4.132    pll_dac_clk_2x
    BUFGCTRL_X0Y1        BUFG (Prop_bufg_I_O)         0.101     4.233 r  bufg_dac_axi_clk/O
                         net (fo=1073, routed)        1.794     6.027    ps/system_i/processing_system7/inst/S_AXI_HP2_ACLK
    PS7_X0Y0             PS7                                          r  ps/system_i/processing_system7/inst/PS7_i/SAXIHP2ACLK
  -------------------------------------------------------------------    -------------------
    PS7_X0Y0             PS7 (Prop_ps7_SAXIHP2ACLK_SAXIHP2RVALID)
                                                      1.062     7.089 r  ps/system_i/processing_system7/inst/PS7_i/SAXIHP2RVALID
                         net (fo=6, routed)           0.994     8.083    ps/axi_master_2/S_AXI_HP2_rvalid
    SLICE_X3Y20          LUT3 (Prop_lut3_I1_O)        0.149     8.232 r  ps/axi_master_2/axi_rfifo_reg_0_15_0_5_i_1/O
                         net (fo=88, routed)          0.724     8.956    ps/axi_master_2/axi_rfifo_reg_0_15_54_59/WE
    SLICE_X4Y23          RAMD32                                       r  ps/axi_master_2/axi_rfifo_reg_0_15_54_59/RAMA_D1/WE
  -------------------------------------------------------------------    -------------------

                         (clock pll_dac_clk_2x rise edge)
                                                      4.000     4.000 r  
    U18                                               0.000     4.000 r  adc_clk_i[1] (IN)
                         net (fo=0)                   0.000     4.000    adc_clk_i[1]
    U18                  IBUFDS (Prop_ibufds_I_O)     0.940     4.940 r  i_clk/O
                         net (fo=1, routed)           1.181     6.121    pll/adc_clk_in
    PLLE2_ADV_X0Y0       PLLE2_ADV (Prop_plle2_adv_CLKIN1_CLKOUT2)
                                                      0.084     6.205 r  pll/pll/CLKOUT2
                         net (fo=2, routed)           1.594     7.799    pll_dac_clk_2x
    BUFGCTRL_X0Y1        BUFG (Prop_bufg_I_O)         0.091     7.890 r  bufg_dac_axi_clk/O
                         net (fo=1073, routed)        1.536     9.426    ps/axi_master_2/axi_rfifo_reg_0_15_54_59/WCLK
    SLICE_X4Y23          RAMD32                                       r  ps/axi_master_2/axi_rfifo_reg_0_15_54_59/RAMA_D1/CLK
                         clock pessimism              0.458     9.884    
                         clock uncertainty           -0.063     9.821    
    SLICE_X4Y23          RAMD32 (Setup_ramd32_CLK_WE)
                                                     -0.736     9.085    ps/axi_master_2/axi_rfifo_reg_0_15_54_59/RAMA_D1
  -------------------------------------------------------------------
                         required time                          9.085    
                         arrival time                          -8.956    
  -------------------------------------------------------------------
                         slack                                  0.130    

Slack (MET) :             0.130ns  (required time - arrival time)
  Source:                 ps/system_i/processing_system7/inst/PS7_i/SAXIHP2ACLK
                            (rising edge-triggered cell PS7 clocked by pll_dac_clk_2x  {rise@0.000ns fall@2.000ns period=4.000ns})
  Destination:            ps/axi_master_2/axi_rfifo_reg_0_15_54_59/RAMB/WE
                            (rising edge-triggered cell RAMD32 clocked by pll_dac_clk_2x  {rise@0.000ns fall@2.000ns period=4.000ns})
  Path Group:             pll_dac_clk_2x
  Path Type:              Setup (Max at Slow Process Corner)
  Requirement:            4.000ns  (pll_dac_clk_2x rise@4.000ns - pll_dac_clk_2x rise@0.000ns)
  Data Path Delay:        2.929ns  (logic 1.211ns (41.346%)  route 1.718ns (58.654%))
  Logic Levels:           1  (LUT3=1)
  Clock Path Skew:        -0.143ns (DCD - SCD + CPR)
    Destination Clock Delay (DCD):    5.426ns = ( 9.426 - 4.000 ) 
    Source Clock Delay      (SCD):    6.027ns
    Clock Pessimism Removal (CPR):    0.458ns
  Clock Uncertainty:      0.063ns  ((TSJ^2 + DJ^2)^1/2) / 2 + PE
    Total System Jitter     (TSJ):    0.071ns
    Discrete Jitter          (DJ):    0.104ns
    Phase Error              (PE):    0.000ns

    Location             Delay type                Incr(ns)  Path(ns)    Netlist Resource(s)
  -------------------------------------------------------------------    -------------------
                         (clock pll_dac_clk_2x rise edge)
                                                      0.000     0.000 r  
    U18                                               0.000     0.000 r  adc_clk_i[1] (IN)
                         net (fo=0)                   0.000     0.000    adc_clk_i[1]
    U18                  IBUFDS (Prop_ibufds_I_O)     0.983     0.983 r  i_clk/O
                         net (fo=1, routed)           1.306     2.289    pll/adc_clk_in
    PLLE2_ADV_X0Y0       PLLE2_ADV (Prop_plle2_adv_CLKIN1_CLKOUT2)
                                                      0.089     2.378 r  pll/pll/CLKOUT2
                         net (fo=2, routed)           1.754     4.132    pll_dac_clk_2x
    BUFGCTRL_X0Y1        BUFG (Prop_bufg_I_O)         0.101     4.233 r  bufg_dac_axi_clk/O
                         net (fo=1073, routed)        1.794     6.027    ps/system_i/processing_system7/inst/S_AXI_HP2_ACLK
    PS7_X0Y0             PS7                                          r  ps/system_i/processing_system7/inst/PS7_i/SAXIHP2ACLK
  -------------------------------------------------------------------    -------------------
    PS7_X0Y0             PS7 (Prop_ps7_SAXIHP2ACLK_SAXIHP2RVALID)
                                                      1.062     7.089 r  ps/system_i/processing_system7/inst/PS7_i/SAXIHP2RVALID
                         net (fo=6, routed)           0.994     8.083    ps/axi_master_2/S_AXI_HP2_rvalid
    SLICE_X3Y20          LUT3 (Prop_lut3_I1_O)        0.149     8.232 r  ps/axi_master_2/axi_rfifo_reg_0_15_0_5_i_1/O
                         net (fo=88, routed)          0.724     8.956    ps/axi_master_2/axi_rfifo_reg_0_15_54_59/WE
    SLICE_X4Y23          RAMD32                                       r  ps/axi_master_2/axi_rfifo_reg_0_15_54_59/RAMB/WE
  -------------------------------------------------------------------    -------------------

                         (clock pll_dac_clk_2x rise edge)
                                                      4.000     4.000 r  
    U18                                               0.000     4.000 r  adc_clk_i[1] (IN)
                         net (fo=0)                   0.000     4.000    adc_clk_i[1]
    U18                  IBUFDS (Prop_ibufds_I_O)     0.940     4.940 r  i_clk/O
                         net (fo=1, routed)           1.181     6.121    pll/adc_clk_in
    PLLE2_ADV_X0Y0       PLLE2_ADV (Prop_plle2_adv_CLKIN1_CLKOUT2)
                                                      0.084     6.205 r  pll/pll/CLKOUT2
                         net (fo=2, routed)           1.594     7.799    pll_dac_clk_2x
    BUFGCTRL_X0Y1        BUFG (Prop_bufg_I_O)         0.091     7.890 r  bufg_dac_axi_clk/O
                         net (fo=1073, routed)        1.536     9.426    ps/axi_master_2/axi_rfifo_reg_0_15_54_59/WCLK
    SLICE_X4Y23          RAMD32                                       r  ps/axi_master_2/axi_rfifo_reg_0_15_54_59/RAMB/CLK
                         clock pessimism              0.458     9.884    
                         clock uncertainty           -0.063     9.821    
    SLICE_X4Y23          RAMD32 (Setup_ramd32_CLK_WE)
                                                     -0.736     9.085    ps/axi_master_2/axi_rfifo_reg_0_15_54_59/RAMB
  -------------------------------------------------------------------
                         required time                          9.085    
                         arrival time                          -8.956    
  -------------------------------------------------------------------
                         slack                                  0.130    

Slack (MET) :             0.130ns  (required time - arrival time)
  Source:                 ps/system_i/processing_system7/inst/PS7_i/SAXIHP2ACLK
                            (rising edge-triggered cell PS7 clocked by pll_dac_clk_2x  {rise@0.000ns fall@2.000ns period=4.000ns})
  Destination:            ps/axi_master_2/axi_rfifo_reg_0_15_54_59/RAMB_D1/WE
                            (rising edge-triggered cell RAMD32 clocked by pll_dac_clk_2x  {rise@0.000ns fall@2.000ns period=4.000ns})
  Path Group:             pll_dac_clk_2x
  Path Type:              Setup (Max at Slow Process Corner)
  Requirement:            4.000ns  (pll_dac_clk_2x rise@4.000ns - pll_dac_clk_2x rise@0.000ns)
  Data Path Delay:        2.929ns  (logic 1.211ns (41.346%)  route 1.718ns (58.654%))
  Logic Levels:           1  (LUT3=1)
  Clock Path Skew:        -0.143ns (DCD - SCD + CPR)
    Destination Clock Delay (DCD):    5.426ns = ( 9.426 - 4.000 ) 
    Source Clock Delay      (SCD):    6.027ns
    Clock Pessimism Removal (CPR):    0.458ns
  Clock Uncertainty:      0.063ns  ((TSJ^2 + DJ^2)^1/2) / 2 + PE
    Total System Jitter     (TSJ):    0.071ns
    Discrete Jitter          (DJ):    0.104ns
    Phase Error              (PE):    0.000ns

    Location             Delay type                Incr(ns)  Path(ns)    Netlist Resource(s)
  -------------------------------------------------------------------    -------------------
                         (clock pll_dac_clk_2x rise edge)
                                                      0.000     0.000 r  
    U18                                               0.000     0.000 r  adc_clk_i[1] (IN)
                         net (fo=0)                   0.000     0.000    adc_clk_i[1]
    U18                  IBUFDS (Prop_ibufds_I_O)     0.983     0.983 r  i_clk/O
                         net (fo=1, routed)           1.306     2.289    pll/adc_clk_in
    PLLE2_ADV_X0Y0       PLLE2_ADV (Prop_plle2_adv_CLKIN1_CLKOUT2)
                                                      0.089     2.378 r  pll/pll/CLKOUT2
                         net (fo=2, routed)           1.754     4.132    pll_dac_clk_2x
    BUFGCTRL_X0Y1        BUFG (Prop_bufg_I_O)         0.101     4.233 r  bufg_dac_axi_clk/O
                         net (fo=1073, routed)        1.794     6.027    ps/system_i/processing_system7/inst/S_AXI_HP2_ACLK
    PS7_X0Y0             PS7                                          r  ps/system_i/processing_system7/inst/PS7_i/SAXIHP2ACLK
  -------------------------------------------------------------------    -------------------
    PS7_X0Y0             PS7 (Prop_ps7_SAXIHP2ACLK_SAXIHP2RVALID)
                                                      1.062     7.089 r  ps/system_i/processing_system7/inst/PS7_i/SAXIHP2RVALID
                         net (fo=6, routed)           0.994     8.083    ps/axi_master_2/S_AXI_HP2_rvalid
    SLICE_X3Y20          LUT3 (Prop_lut3_I1_O)        0.149     8.232 r  ps/axi_master_2/axi_rfifo_reg_0_15_0_5_i_1/O
                         net (fo=88, routed)          0.724     8.956    ps/axi_master_2/axi_rfifo_reg_0_15_54_59/WE
    SLICE_X4Y23          RAMD32                                       r  ps/axi_master_2/axi_rfifo_reg_0_15_54_59/RAMB_D1/WE
  -------------------------------------------------------------------    -------------------

                         (clock pll_dac_clk_2x rise edge)
                                                      4.000     4.000 r  
    U18                                               0.000     4.000 r  adc_clk_i[1] (IN)
                         net (fo=0)                   0.000     4.000    adc_clk_i[1]
    U18                  IBUFDS (Prop_ibufds_I_O)     0.940     4.940 r  i_clk/O
                         net (fo=1, routed)           1.181     6.121    pll/adc_clk_in
    PLLE2_ADV_X0Y0       PLLE2_ADV (Prop_plle2_adv_CLKIN1_CLKOUT2)
                                                      0.084     6.205 r  pll/pll/CLKOUT2
                         net (fo=2, routed)           1.594     7.799    pll_dac_clk_2x
    BUFGCTRL_X0Y1        BUFG (Prop_bufg_I_O)         0.091     7.890 r  bufg_dac_axi_clk/O
                         net (fo=1073, routed)        1.536     9.426    ps/axi_master_2/axi_rfifo_reg_0_15_54_59/WCLK
    SLICE_X4Y23          RAMD32                                       r  ps/axi_master_2/axi_rfifo_reg_0_15_54_59/RAMB_D1/CLK
                         clock pessimism              0.458     9.884    
                         clock uncertainty           -0.063     9.821    
    SLICE_X4Y23          RAMD32 (Setup_ramd32_CLK_WE)
                                                     -0.736     9.085    ps/axi_master_2/axi_rfifo_reg_0_15_54_59/RAMB_D1
  -------------------------------------------------------------------
                         required time                          9.085    
                         arrival time                          -8.956    
  -------------------------------------------------------------------
                         slack                                  0.130    





Min Delay Paths
--------------------------------------------------------------------------------------
Slack (MET) :             0.052ns  (arrival time - required time)
  Source:                 i_asg/chA/inst_axi_dac/inst_sync_fifo/U0/inst_fifo_gen/gconvfifo.rf/grf.rf/gntv_or_sync_fifo.gl0.rd/gras.rsts/ram_empty_i_reg/C
                            (rising edge-triggered cell FDRE clocked by pll_dac_clk_2x  {rise@0.000ns fall@2.000ns period=4.000ns})
  Destination:            i_asg/chA/inst_axi_dac/req_fifo_empty_r_reg/D
                            (rising edge-triggered cell FDRE clocked by pll_dac_clk_2x  {rise@0.000ns fall@2.000ns period=4.000ns})
  Path Group:             pll_dac_clk_2x
  Path Type:              Hold (Min at Fast Process Corner)
  Requirement:            0.000ns  (pll_dac_clk_2x rise@0.000ns - pll_dac_clk_2x rise@0.000ns)
  Data Path Delay:        0.385ns  (logic 0.141ns (36.654%)  route 0.244ns (63.346%))
  Logic Levels:           0  
  Clock Path Skew:        0.262ns (DCD - SCD - CPR)
    Destination Clock Delay (DCD):    2.361ns
    Source Clock Delay      (SCD):    1.968ns
    Clock Pessimism Removal (CPR):    0.130ns

    Location             Delay type                Incr(ns)  Path(ns)    Netlist Resource(s)
  -------------------------------------------------------------------    -------------------
                         (clock pll_dac_clk_2x rise edge)
                                                      0.000     0.000 r  
    U18                                               0.000     0.000 r  adc_clk_i[1] (IN)
                         net (fo=0)                   0.000     0.000    adc_clk_i[1]
    U18                  IBUFDS (Prop_ibufds_I_O)     0.401     0.401 r  i_clk/O
                         net (fo=1, routed)           0.440     0.842    pll/adc_clk_in
    PLLE2_ADV_X0Y0       PLLE2_ADV (Prop_plle2_adv_CLKIN1_CLKOUT2)
                                                      0.051     0.893 r  pll/pll/CLKOUT2
                         net (fo=2, routed)           0.497     1.390    pll_dac_clk_2x
    BUFGCTRL_X0Y1        BUFG (Prop_bufg_I_O)         0.026     1.416 r  bufg_dac_axi_clk/O
                         net (fo=1073, routed)        0.553     1.968    i_asg/chA/inst_axi_dac/inst_sync_fifo/U0/inst_fifo_gen/gconvfifo.rf/grf.rf/gntv_or_sync_fifo.gl0.rd/gras.rsts/rd_clk
    SLICE_X22Y31         FDRE                                         r  i_asg/chA/inst_axi_dac/inst_sync_fifo/U0/inst_fifo_gen/gconvfifo.rf/grf.rf/gntv_or_sync_fifo.gl0.rd/gras.rsts/ram_empty_i_reg/C
  -------------------------------------------------------------------    -------------------
    SLICE_X22Y31         FDRE (Prop_fdre_C_Q)         0.141     2.109 r  i_asg/chA/inst_axi_dac/inst_sync_fifo/U0/inst_fifo_gen/gconvfifo.rf/grf.rf/gntv_or_sync_fifo.gl0.rd/gras.rsts/ram_empty_i_reg/Q
                         net (fo=1, routed)           0.244     2.353    i_asg/chA/inst_axi_dac/req_fifo_empty
    SLICE_X19Y29         FDRE                                         r  i_asg/chA/inst_axi_dac/req_fifo_empty_r_reg/D
  -------------------------------------------------------------------    -------------------

                         (clock pll_dac_clk_2x rise edge)
                                                      0.000     0.000 r  
    U18                                               0.000     0.000 r  adc_clk_i[1] (IN)
                         net (fo=0)                   0.000     0.000    adc_clk_i[1]
    U18                  IBUFDS (Prop_ibufds_I_O)     0.433     0.433 r  i_clk/O
                         net (fo=1, routed)           0.481     0.914    pll/adc_clk_in
    PLLE2_ADV_X0Y0       PLLE2_ADV (Prop_plle2_adv_CLKIN1_CLKOUT2)
                                                      0.054     0.968 r  pll/pll/CLKOUT2
                         net (fo=2, routed)           0.544     1.512    pll_dac_clk_2x
    BUFGCTRL_X0Y1        BUFG (Prop_bufg_I_O)         0.029     1.541 r  bufg_dac_axi_clk/O
                         net (fo=1073, routed)        0.820     2.361    i_asg/chA/inst_axi_dac/CLK
    SLICE_X19Y29         FDRE                                         r  i_asg/chA/inst_axi_dac/req_fifo_empty_r_reg/C
                         clock pessimism             -0.130     2.231    
    SLICE_X19Y29         FDRE (Hold_fdre_C_D)         0.070     2.301    i_asg/chA/inst_axi_dac/req_fifo_empty_r_reg
  -------------------------------------------------------------------
                         required time                         -2.301    
                         arrival time                           2.353    
  -------------------------------------------------------------------
                         slack                                  0.052    

Slack (MET) :             0.062ns  (arrival time - required time)
  Source:                 i_asg/chB/inst_axi_dac/i_rdburst/rd_addr_o_reg[1]/C
                            (rising edge-triggered cell FDRE clocked by pll_dac_clk_2x  {rise@0.000ns fall@2.000ns period=4.000ns})
  Destination:            i_asg/chB/inst_axi_dac/inst_asg_dat_fifo/U0/inst_fifo_gen/gconvfifo.rf/grf.rf/gntv_or_sync_fifo.mem/gbm.gbmg.gbmgc.ngecc.bmg/inst_blk_mem_gen/gnbram.gnativebmg.native_blk_mem_gen/valid.cstr/ramloop[1].ram.r/prim_noinit.ram/DEVICE_7SERIES.NO_BMM_INFO.SDP.WIDE_PRIM36_NO_ECC.ram/DIADI[30]
                            (rising edge-triggered cell RAMB36E1 clocked by pll_dac_clk_2x  {rise@0.000ns fall@2.000ns period=4.000ns})
  Path Group:             pll_dac_clk_2x
  Path Type:              Hold (Min at Fast Process Corner)
  Requirement:            0.000ns  (pll_dac_clk_2x rise@0.000ns - pll_dac_clk_2x rise@0.000ns)
  Data Path Delay:        0.362ns  (logic 0.128ns (35.403%)  route 0.234ns (64.597%))
  Logic Levels:           0  
  Clock Path Skew:        0.057ns (DCD - SCD - CPR)
    Destination Clock Delay (DCD):    2.412ns
    Source Clock Delay      (SCD):    1.977ns
    Clock Pessimism Removal (CPR):    0.378ns

    Location             Delay type                Incr(ns)  Path(ns)    Netlist Resource(s)
  -------------------------------------------------------------------    -------------------
                         (clock pll_dac_clk_2x rise edge)
                                                      0.000     0.000 r  
    U18                                               0.000     0.000 r  adc_clk_i[1] (IN)
                         net (fo=0)                   0.000     0.000    adc_clk_i[1]
    U18                  IBUFDS (Prop_ibufds_I_O)     0.401     0.401 r  i_clk/O
                         net (fo=1, routed)           0.440     0.842    pll/adc_clk_in
    PLLE2_ADV_X0Y0       PLLE2_ADV (Prop_plle2_adv_CLKIN1_CLKOUT2)
                                                      0.051     0.893 r  pll/pll/CLKOUT2
                         net (fo=2, routed)           0.497     1.390    pll_dac_clk_2x
    BUFGCTRL_X0Y1        BUFG (Prop_bufg_I_O)         0.026     1.416 r  bufg_dac_axi_clk/O
                         net (fo=1073, routed)        0.562     1.977    i_asg/chB/inst_axi_dac/i_rdburst/CLK
    SLICE_X7Y34          FDRE                                         r  i_asg/chB/inst_axi_dac/i_rdburst/rd_addr_o_reg[1]/C
  -------------------------------------------------------------------    -------------------
    SLICE_X7Y34          FDRE (Prop_fdre_C_Q)         0.128     2.105 r  i_asg/chB/inst_axi_dac/i_rdburst/rd_addr_o_reg[1]/Q
                         net (fo=2, routed)           0.234     2.339    i_asg/chB/inst_axi_dac/inst_asg_dat_fifo/U0/inst_fifo_gen/gconvfifo.rf/grf.rf/gntv_or_sync_fifo.mem/gbm.gbmg.gbmgc.ngecc.bmg/inst_blk_mem_gen/gnbram.gnativebmg.native_blk_mem_gen/valid.cstr/ramloop[1].ram.r/prim_noinit.ram/din[29]
    RAMB36_X0Y7          RAMB36E1                                     r  i_asg/chB/inst_axi_dac/inst_asg_dat_fifo/U0/inst_fifo_gen/gconvfifo.rf/grf.rf/gntv_or_sync_fifo.mem/gbm.gbmg.gbmgc.ngecc.bmg/inst_blk_mem_gen/gnbram.gnativebmg.native_blk_mem_gen/valid.cstr/ramloop[1].ram.r/prim_noinit.ram/DEVICE_7SERIES.NO_BMM_INFO.SDP.WIDE_PRIM36_NO_ECC.ram/DIADI[30]
  -------------------------------------------------------------------    -------------------

                         (clock pll_dac_clk_2x rise edge)
                                                      0.000     0.000 r  
    U18                                               0.000     0.000 r  adc_clk_i[1] (IN)
                         net (fo=0)                   0.000     0.000    adc_clk_i[1]
    U18                  IBUFDS (Prop_ibufds_I_O)     0.433     0.433 r  i_clk/O
                         net (fo=1, routed)           0.481     0.914    pll/adc_clk_in
    PLLE2_ADV_X0Y0       PLLE2_ADV (Prop_plle2_adv_CLKIN1_CLKOUT2)
                                                      0.054     0.968 r  pll/pll/CLKOUT2
                         net (fo=2, routed)           0.544     1.512    pll_dac_clk_2x
    BUFGCTRL_X0Y1        BUFG (Prop_bufg_I_O)         0.029     1.541 r  bufg_dac_axi_clk/O
                         net (fo=1073, routed)        0.871     2.412    i_asg/chB/inst_axi_dac/inst_asg_dat_fifo/U0/inst_fifo_gen/gconvfifo.rf/grf.rf/gntv_or_sync_fifo.mem/gbm.gbmg.gbmgc.ngecc.bmg/inst_blk_mem_gen/gnbram.gnativebmg.native_blk_mem_gen/valid.cstr/ramloop[1].ram.r/prim_noinit.ram/wr_clk
    RAMB36_X0Y7          RAMB36E1                                     r  i_asg/chB/inst_axi_dac/inst_asg_dat_fifo/U0/inst_fifo_gen/gconvfifo.rf/grf.rf/gntv_or_sync_fifo.mem/gbm.gbmg.gbmgc.ngecc.bmg/inst_blk_mem_gen/gnbram.gnativebmg.native_blk_mem_gen/valid.cstr/ramloop[1].ram.r/prim_noinit.ram/DEVICE_7SERIES.NO_BMM_INFO.SDP.WIDE_PRIM36_NO_ECC.ram/CLKBWRCLK
                         clock pessimism             -0.378     2.035    
    RAMB36_X0Y7          RAMB36E1 (Hold_ramb36e1_CLKBWRCLK_DIADI[30])
                                                      0.242     2.277    i_asg/chB/inst_axi_dac/inst_asg_dat_fifo/U0/inst_fifo_gen/gconvfifo.rf/grf.rf/gntv_or_sync_fifo.mem/gbm.gbmg.gbmgc.ngecc.bmg/inst_blk_mem_gen/gnbram.gnativebmg.native_blk_mem_gen/valid.cstr/ramloop[1].ram.r/prim_noinit.ram/DEVICE_7SERIES.NO_BMM_INFO.SDP.WIDE_PRIM36_NO_ECC.ram
  -------------------------------------------------------------------
                         required time                         -2.277    
                         arrival time                           2.339    
  -------------------------------------------------------------------
                         slack                                  0.062    

Slack (MET) :             0.072ns  (arrival time - required time)
  Source:                 i_asg/chA/inst_axi_dac/inst_sync_fifo/U0/inst_fifo_gen/gconvfifo.rf/grf.rf/gntv_or_sync_fifo.gcx.clkx/wr_pntr_cdc_inst/dest_graysync_ff_reg[1][1]/C
                            (rising edge-triggered cell FDRE clocked by pll_dac_clk_2x  {rise@0.000ns fall@2.000ns period=4.000ns})
  Destination:            i_asg/chA/inst_axi_dac/inst_sync_fifo/U0/inst_fifo_gen/gconvfifo.rf/grf.rf/gntv_or_sync_fifo.gcx.clkx/wr_pntr_cdc_inst/dest_out_bin_ff_reg[1]/D
                            (rising edge-triggered cell FDRE clocked by pll_dac_clk_2x  {rise@0.000ns fall@2.000ns period=4.000ns})
  Path Group:             pll_dac_clk_2x
  Path Type:              Hold (Min at Fast Process Corner)
  Requirement:            0.000ns  (pll_dac_clk_2x rise@0.000ns - pll_dac_clk_2x rise@0.000ns)
  Data Path Delay:        0.427ns  (logic 0.227ns (53.147%)  route 0.200ns (46.853%))
  Logic Levels:           1  (LUT3=1)
  Clock Path Skew:        0.263ns (DCD - SCD - CPR)
    Destination Clock Delay (DCD):    2.362ns
    Source Clock Delay      (SCD):    1.968ns
    Clock Pessimism Removal (CPR):    0.130ns

    Location             Delay type                Incr(ns)  Path(ns)    Netlist Resource(s)
  -------------------------------------------------------------------    -------------------
                         (clock pll_dac_clk_2x rise edge)
                                                      0.000     0.000 r  
    U18                                               0.000     0.000 r  adc_clk_i[1] (IN)
                         net (fo=0)                   0.000     0.000    adc_clk_i[1]
    U18                  IBUFDS (Prop_ibufds_I_O)     0.401     0.401 r  i_clk/O
                         net (fo=1, routed)           0.440     0.842    pll/adc_clk_in
    PLLE2_ADV_X0Y0       PLLE2_ADV (Prop_plle2_adv_CLKIN1_CLKOUT2)
                                                      0.051     0.893 r  pll/pll/CLKOUT2
                         net (fo=2, routed)           0.497     1.390    pll_dac_clk_2x
    BUFGCTRL_X0Y1        BUFG (Prop_bufg_I_O)         0.026     1.416 r  bufg_dac_axi_clk/O
                         net (fo=1073, routed)        0.553     1.968    i_asg/chA/inst_axi_dac/inst_sync_fifo/U0/inst_fifo_gen/gconvfifo.rf/grf.rf/gntv_or_sync_fifo.gcx.clkx/wr_pntr_cdc_inst/dest_clk
    SLICE_X22Y31         FDRE                                         r  i_asg/chA/inst_axi_dac/inst_sync_fifo/U0/inst_fifo_gen/gconvfifo.rf/grf.rf/gntv_or_sync_fifo.gcx.clkx/wr_pntr_cdc_inst/dest_graysync_ff_reg[1][1]/C
  -------------------------------------------------------------------    -------------------
    SLICE_X22Y31         FDRE (Prop_fdre_C_Q)         0.128     2.096 r  i_asg/chA/inst_axi_dac/inst_sync_fifo/U0/inst_fifo_gen/gconvfifo.rf/grf.rf/gntv_or_sync_fifo.gcx.clkx/wr_pntr_cdc_inst/dest_graysync_ff_reg[1][1]/Q
                         net (fo=2, routed)           0.200     2.296    i_asg/chA/inst_axi_dac/inst_sync_fifo/U0/inst_fifo_gen/gconvfifo.rf/grf.rf/gntv_or_sync_fifo.gcx.clkx/wr_pntr_cdc_inst/dest_graysync_ff[1][1]
    SLICE_X21Y31         LUT3 (Prop_lut3_I0_O)        0.099     2.395 r  i_asg/chA/inst_axi_dac/inst_sync_fifo/U0/inst_fifo_gen/gconvfifo.rf/grf.rf/gntv_or_sync_fifo.gcx.clkx/wr_pntr_cdc_inst/dest_out_bin_ff[1]_i_1/O
                         net (fo=1, routed)           0.000     2.395    i_asg/chA/inst_axi_dac/inst_sync_fifo/U0/inst_fifo_gen/gconvfifo.rf/grf.rf/gntv_or_sync_fifo.gcx.clkx/wr_pntr_cdc_inst/binval[1]
    SLICE_X21Y31         FDRE                                         r  i_asg/chA/inst_axi_dac/inst_sync_fifo/U0/inst_fifo_gen/gconvfifo.rf/grf.rf/gntv_or_sync_fifo.gcx.clkx/wr_pntr_cdc_inst/dest_out_bin_ff_reg[1]/D
  -------------------------------------------------------------------    -------------------

                         (clock pll_dac_clk_2x rise edge)
                                                      0.000     0.000 r  
    U18                                               0.000     0.000 r  adc_clk_i[1] (IN)
                         net (fo=0)                   0.000     0.000    adc_clk_i[1]
    U18                  IBUFDS (Prop_ibufds_I_O)     0.433     0.433 r  i_clk/O
                         net (fo=1, routed)           0.481     0.914    pll/adc_clk_in
    PLLE2_ADV_X0Y0       PLLE2_ADV (Prop_plle2_adv_CLKIN1_CLKOUT2)
                                                      0.054     0.968 r  pll/pll/CLKOUT2
                         net (fo=2, routed)           0.544     1.512    pll_dac_clk_2x
    BUFGCTRL_X0Y1        BUFG (Prop_bufg_I_O)         0.029     1.541 r  bufg_dac_axi_clk/O
                         net (fo=1073, routed)        0.821     2.362    i_asg/chA/inst_axi_dac/inst_sync_fifo/U0/inst_fifo_gen/gconvfifo.rf/grf.rf/gntv_or_sync_fifo.gcx.clkx/wr_pntr_cdc_inst/dest_clk
    SLICE_X21Y31         FDRE                                         r  i_asg/chA/inst_axi_dac/inst_sync_fifo/U0/inst_fifo_gen/gconvfifo.rf/grf.rf/gntv_or_sync_fifo.gcx.clkx/wr_pntr_cdc_inst/dest_out_bin_ff_reg[1]/C
                         clock pessimism             -0.130     2.232    
    SLICE_X21Y31         FDRE (Hold_fdre_C_D)         0.092     2.324    i_asg/chA/inst_axi_dac/inst_sync_fifo/U0/inst_fifo_gen/gconvfifo.rf/grf.rf/gntv_or_sync_fifo.gcx.clkx/wr_pntr_cdc_inst/dest_out_bin_ff_reg[1]
  -------------------------------------------------------------------
                         required time                         -2.324    
                         arrival time                           2.395    
  -------------------------------------------------------------------
                         slack                                  0.072    

Slack (MET) :             0.080ns  (arrival time - required time)
  Source:                 i_asg/chA/inst_axi_dac/i_rdburst/rd_data_o_reg[19]/C
                            (rising edge-triggered cell FDRE clocked by pll_dac_clk_2x  {rise@0.000ns fall@2.000ns period=4.000ns})
  Destination:            i_asg/chA/inst_axi_dac/inst_asg_dat_fifo/U0/inst_fifo_gen/gconvfifo.rf/grf.rf/gntv_or_sync_fifo.mem/gbm.gbmg.gbmgc.ngecc.bmg/inst_blk_mem_gen/gnbram.gnativebmg.native_blk_mem_gen/valid.cstr/ramloop[0].ram.r/prim_noinit.ram/DEVICE_7SERIES.NO_BMM_INFO.SDP.WIDE_PRIM18.ram/DIBDI[1]
                            (rising edge-triggered cell RAMB18E1 clocked by pll_dac_clk_2x  {rise@0.000ns fall@2.000ns period=4.000ns})
  Path Group:             pll_dac_clk_2x
  Path Type:              Hold (Min at Fast Process Corner)
  Requirement:            0.000ns  (pll_dac_clk_2x rise@0.000ns - pll_dac_clk_2x rise@0.000ns)
  Data Path Delay:        0.379ns  (logic 0.128ns (33.811%)  route 0.251ns (66.189%))
  Logic Levels:           0  
  Clock Path Skew:        0.056ns (DCD - SCD - CPR)
    Destination Clock Delay (DCD):    2.405ns
    Source Clock Delay      (SCD):    1.990ns
    Clock Pessimism Removal (CPR):    0.359ns

    Location             Delay type                Incr(ns)  Path(ns)    Netlist Resource(s)
  -------------------------------------------------------------------    -------------------
                         (clock pll_dac_clk_2x rise edge)
                                                      0.000     0.000 r  
    U18                                               0.000     0.000 r  adc_clk_i[1] (IN)
                         net (fo=0)                   0.000     0.000    adc_clk_i[1]
    U18                  IBUFDS (Prop_ibufds_I_O)     0.401     0.401 r  i_clk/O
                         net (fo=1, routed)           0.440     0.842    pll/adc_clk_in
    PLLE2_ADV_X0Y0       PLLE2_ADV (Prop_plle2_adv_CLKIN1_CLKOUT2)
                                                      0.051     0.893 r  pll/pll/CLKOUT2
                         net (fo=2, routed)           0.497     1.390    pll_dac_clk_2x
    BUFGCTRL_X0Y1        BUFG (Prop_bufg_I_O)         0.026     1.416 r  bufg_dac_axi_clk/O
                         net (fo=1073, routed)        0.575     1.990    i_asg/chA/inst_axi_dac/i_rdburst/CLK
    SLICE_X2Y21          FDRE                                         r  i_asg/chA/inst_axi_dac/i_rdburst/rd_data_o_reg[19]/C
  -------------------------------------------------------------------    -------------------
    SLICE_X2Y21          FDRE (Prop_fdre_C_Q)         0.128     2.118 r  i_asg/chA/inst_axi_dac/i_rdburst/rd_data_o_reg[19]/Q
                         net (fo=1, routed)           0.251     2.369    i_asg/chA/inst_axi_dac/inst_asg_dat_fifo/U0/inst_fifo_gen/gconvfifo.rf/grf.rf/gntv_or_sync_fifo.mem/gbm.gbmg.gbmgc.ngecc.bmg/inst_blk_mem_gen/gnbram.gnativebmg.native_blk_mem_gen/valid.cstr/ramloop[0].ram.r/prim_noinit.ram/din[19]
    RAMB18_X0Y8          RAMB18E1                                     r  i_asg/chA/inst_axi_dac/inst_asg_dat_fifo/U0/inst_fifo_gen/gconvfifo.rf/grf.rf/gntv_or_sync_fifo.mem/gbm.gbmg.gbmgc.ngecc.bmg/inst_blk_mem_gen/gnbram.gnativebmg.native_blk_mem_gen/valid.cstr/ramloop[0].ram.r/prim_noinit.ram/DEVICE_7SERIES.NO_BMM_INFO.SDP.WIDE_PRIM18.ram/DIBDI[1]
  -------------------------------------------------------------------    -------------------

                         (clock pll_dac_clk_2x rise edge)
                                                      0.000     0.000 r  
    U18                                               0.000     0.000 r  adc_clk_i[1] (IN)
                         net (fo=0)                   0.000     0.000    adc_clk_i[1]
    U18                  IBUFDS (Prop_ibufds_I_O)     0.433     0.433 r  i_clk/O
                         net (fo=1, routed)           0.481     0.914    pll/adc_clk_in
    PLLE2_ADV_X0Y0       PLLE2_ADV (Prop_plle2_adv_CLKIN1_CLKOUT2)
                                                      0.054     0.968 r  pll/pll/CLKOUT2
                         net (fo=2, routed)           0.544     1.512    pll_dac_clk_2x
    BUFGCTRL_X0Y1        BUFG (Prop_bufg_I_O)         0.029     1.541 r  bufg_dac_axi_clk/O
                         net (fo=1073, routed)        0.864     2.405    i_asg/chA/inst_axi_dac/inst_asg_dat_fifo/U0/inst_fifo_gen/gconvfifo.rf/grf.rf/gntv_or_sync_fifo.mem/gbm.gbmg.gbmgc.ngecc.bmg/inst_blk_mem_gen/gnbram.gnativebmg.native_blk_mem_gen/valid.cstr/ramloop[0].ram.r/prim_noinit.ram/wr_clk
    RAMB18_X0Y8          RAMB18E1                                     r  i_asg/chA/inst_axi_dac/inst_asg_dat_fifo/U0/inst_fifo_gen/gconvfifo.rf/grf.rf/gntv_or_sync_fifo.mem/gbm.gbmg.gbmgc.ngecc.bmg/inst_blk_mem_gen/gnbram.gnativebmg.native_blk_mem_gen/valid.cstr/ramloop[0].ram.r/prim_noinit.ram/DEVICE_7SERIES.NO_BMM_INFO.SDP.WIDE_PRIM18.ram/CLKBWRCLK
                         clock pessimism             -0.359     2.047    
    RAMB18_X0Y8          RAMB18E1 (Hold_ramb18e1_CLKBWRCLK_DIBDI[1])
                                                      0.242     2.289    i_asg/chA/inst_axi_dac/inst_asg_dat_fifo/U0/inst_fifo_gen/gconvfifo.rf/grf.rf/gntv_or_sync_fifo.mem/gbm.gbmg.gbmgc.ngecc.bmg/inst_blk_mem_gen/gnbram.gnativebmg.native_blk_mem_gen/valid.cstr/ramloop[0].ram.r/prim_noinit.ram/DEVICE_7SERIES.NO_BMM_INFO.SDP.WIDE_PRIM18.ram
  -------------------------------------------------------------------
                         required time                         -2.289    
                         arrival time                           2.369    
  -------------------------------------------------------------------
                         slack                                  0.080    

Slack (MET) :             0.084ns  (arrival time - required time)
  Source:                 i_asg/chA/inst_axi_dac/i_rdburst/rd_addr_o_reg[1]/C
                            (rising edge-triggered cell FDRE clocked by pll_dac_clk_2x  {rise@0.000ns fall@2.000ns period=4.000ns})
  Destination:            i_asg/chA/inst_axi_dac/inst_asg_dat_fifo/U0/inst_fifo_gen/gconvfifo.rf/grf.rf/gntv_or_sync_fifo.mem/gbm.gbmg.gbmgc.ngecc.bmg/inst_blk_mem_gen/gnbram.gnativebmg.native_blk_mem_gen/valid.cstr/ramloop[1].ram.r/prim_noinit.ram/DEVICE_7SERIES.NO_BMM_INFO.SDP.WIDE_PRIM36_NO_ECC.ram/DIADI[30]
                            (rising edge-triggered cell RAMB36E1 clocked by pll_dac_clk_2x  {rise@0.000ns fall@2.000ns period=4.000ns})
  Path Group:             pll_dac_clk_2x
  Path Type:              Hold (Min at Fast Process Corner)
  Requirement:            0.000ns  (pll_dac_clk_2x rise@0.000ns - pll_dac_clk_2x rise@0.000ns)
  Data Path Delay:        0.379ns  (logic 0.148ns (39.020%)  route 0.231ns (60.980%))
  Logic Levels:           0  
  Clock Path Skew:        0.052ns (DCD - SCD - CPR)
    Destination Clock Delay (DCD):    2.402ns
    Source Clock Delay      (SCD):    1.972ns
    Clock Pessimism Removal (CPR):    0.378ns

    Location             Delay type                Incr(ns)  Path(ns)    Netlist Resource(s)
  -------------------------------------------------------------------    -------------------
                         (clock pll_dac_clk_2x rise edge)
                                                      0.000     0.000 r  
    U18                                               0.000     0.000 r  adc_clk_i[1] (IN)
                         net (fo=0)                   0.000     0.000    adc_clk_i[1]
    U18                  IBUFDS (Prop_ibufds_I_O)     0.401     0.401 r  i_clk/O
                         net (fo=1, routed)           0.440     0.842    pll/adc_clk_in
    PLLE2_ADV_X0Y0       PLLE2_ADV (Prop_plle2_adv_CLKIN1_CLKOUT2)
                                                      0.051     0.893 r  pll/pll/CLKOUT2
                         net (fo=2, routed)           0.497     1.390    pll_dac_clk_2x
    BUFGCTRL_X0Y1        BUFG (Prop_bufg_I_O)         0.026     1.416 r  bufg_dac_axi_clk/O
                         net (fo=1073, routed)        0.557     1.972    i_asg/chA/inst_axi_dac/i_rdburst/CLK
    SLICE_X6Y29          FDRE                                         r  i_asg/chA/inst_axi_dac/i_rdburst/rd_addr_o_reg[1]/C
  -------------------------------------------------------------------    -------------------
    SLICE_X6Y29          FDRE (Prop_fdre_C_Q)         0.148     2.120 r  i_asg/chA/inst_axi_dac/i_rdburst/rd_addr_o_reg[1]/Q
                         net (fo=2, routed)           0.231     2.351    i_asg/chA/inst_axi_dac/inst_asg_dat_fifo/U0/inst_fifo_gen/gconvfifo.rf/grf.rf/gntv_or_sync_fifo.mem/gbm.gbmg.gbmgc.ngecc.bmg/inst_blk_mem_gen/gnbram.gnativebmg.native_blk_mem_gen/valid.cstr/ramloop[1].ram.r/prim_noinit.ram/din[29]
    RAMB36_X0Y5          RAMB36E1                                     r  i_asg/chA/inst_axi_dac/inst_asg_dat_fifo/U0/inst_fifo_gen/gconvfifo.rf/grf.rf/gntv_or_sync_fifo.mem/gbm.gbmg.gbmgc.ngecc.bmg/inst_blk_mem_gen/gnbram.gnativebmg.native_blk_mem_gen/valid.cstr/ramloop[1].ram.r/prim_noinit.ram/DEVICE_7SERIES.NO_BMM_INFO.SDP.WIDE_PRIM36_NO_ECC.ram/DIADI[30]
  -------------------------------------------------------------------    -------------------

                         (clock pll_dac_clk_2x rise edge)
                                                      0.000     0.000 r  
    U18                                               0.000     0.000 r  adc_clk_i[1] (IN)
                         net (fo=0)                   0.000     0.000    adc_clk_i[1]
    U18                  IBUFDS (Prop_ibufds_I_O)     0.433     0.433 r  i_clk/O
                         net (fo=1, routed)           0.481     0.914    pll/adc_clk_in
    PLLE2_ADV_X0Y0       PLLE2_ADV (Prop_plle2_adv_CLKIN1_CLKOUT2)
                                                      0.054     0.968 r  pll/pll/CLKOUT2
                         net (fo=2, routed)           0.544     1.512    pll_dac_clk_2x
    BUFGCTRL_X0Y1        BUFG (Prop_bufg_I_O)         0.029     1.541 r  bufg_dac_axi_clk/O
                         net (fo=1073, routed)        0.861     2.402    i_asg/chA/inst_axi_dac/inst_asg_dat_fifo/U0/inst_fifo_gen/gconvfifo.rf/grf.rf/gntv_or_sync_fifo.mem/gbm.gbmg.gbmgc.ngecc.bmg/inst_blk_mem_gen/gnbram.gnativebmg.native_blk_mem_gen/valid.cstr/ramloop[1].ram.r/prim_noinit.ram/wr_clk
    RAMB36_X0Y5          RAMB36E1                                     r  i_asg/chA/inst_axi_dac/inst_asg_dat_fifo/U0/inst_fifo_gen/gconvfifo.rf/grf.rf/gntv_or_sync_fifo.mem/gbm.gbmg.gbmgc.ngecc.bmg/inst_blk_mem_gen/gnbram.gnativebmg.native_blk_mem_gen/valid.cstr/ramloop[1].ram.r/prim_noinit.ram/DEVICE_7SERIES.NO_BMM_INFO.SDP.WIDE_PRIM36_NO_ECC.ram/CLKBWRCLK
                         clock pessimism             -0.378     2.025    
    RAMB36_X0Y5          RAMB36E1 (Hold_ramb36e1_CLKBWRCLK_DIADI[30])
                                                      0.243     2.268    i_asg/chA/inst_axi_dac/inst_asg_dat_fifo/U0/inst_fifo_gen/gconvfifo.rf/grf.rf/gntv_or_sync_fifo.mem/gbm.gbmg.gbmgc.ngecc.bmg/inst_blk_mem_gen/gnbram.gnativebmg.native_blk_mem_gen/valid.cstr/ramloop[1].ram.r/prim_noinit.ram/DEVICE_7SERIES.NO_BMM_INFO.SDP.WIDE_PRIM36_NO_ECC.ram
  -------------------------------------------------------------------
                         required time                         -2.268    
                         arrival time                           2.351    
  -------------------------------------------------------------------
                         slack                                  0.084    

Slack (MET) :             0.090ns  (arrival time - required time)
  Source:                 i_asg/chA/inst_axi_dac/i_rdburst/rd_data_o_reg[28]/C
                            (rising edge-triggered cell FDRE clocked by pll_dac_clk_2x  {rise@0.000ns fall@2.000ns period=4.000ns})
  Destination:            i_asg/chA/inst_axi_dac/inst_asg_dat_fifo/U0/inst_fifo_gen/gconvfifo.rf/grf.rf/gntv_or_sync_fifo.mem/gbm.gbmg.gbmgc.ngecc.bmg/inst_blk_mem_gen/gnbram.gnativebmg.native_blk_mem_gen/valid.cstr/ramloop[0].ram.r/prim_noinit.ram/DEVICE_7SERIES.NO_BMM_INFO.SDP.WIDE_PRIM18.ram/DIBDI[9]
                            (rising edge-triggered cell RAMB18E1 clocked by pll_dac_clk_2x  {rise@0.000ns fall@2.000ns period=4.000ns})
  Path Group:             pll_dac_clk_2x
  Path Type:              Hold (Min at Fast Process Corner)
  Requirement:            0.000ns  (pll_dac_clk_2x rise@0.000ns - pll_dac_clk_2x rise@0.000ns)
  Data Path Delay:        0.388ns  (logic 0.128ns (32.950%)  route 0.260ns (67.050%))
  Logic Levels:           0  
  Clock Path Skew:        0.056ns (DCD - SCD - CPR)
    Destination Clock Delay (DCD):    2.405ns
    Source Clock Delay      (SCD):    1.990ns
    Clock Pessimism Removal (CPR):    0.359ns

    Location             Delay type                Incr(ns)  Path(ns)    Netlist Resource(s)
  -------------------------------------------------------------------    -------------------
                         (clock pll_dac_clk_2x rise edge)
                                                      0.000     0.000 r  
    U18                                               0.000     0.000 r  adc_clk_i[1] (IN)
                         net (fo=0)                   0.000     0.000    adc_clk_i[1]
    U18                  IBUFDS (Prop_ibufds_I_O)     0.401     0.401 r  i_clk/O
                         net (fo=1, routed)           0.440     0.842    pll/adc_clk_in
    PLLE2_ADV_X0Y0       PLLE2_ADV (Prop_plle2_adv_CLKIN1_CLKOUT2)
                                                      0.051     0.893 r  pll/pll/CLKOUT2
                         net (fo=2, routed)           0.497     1.390    pll_dac_clk_2x
    BUFGCTRL_X0Y1        BUFG (Prop_bufg_I_O)         0.026     1.416 r  bufg_dac_axi_clk/O
                         net (fo=1073, routed)        0.575     1.990    i_asg/chA/inst_axi_dac/i_rdburst/CLK
    SLICE_X5Y21          FDRE                                         r  i_asg/chA/inst_axi_dac/i_rdburst/rd_data_o_reg[28]/C
  -------------------------------------------------------------------    -------------------
    SLICE_X5Y21          FDRE (Prop_fdre_C_Q)         0.128     2.118 r  i_asg/chA/inst_axi_dac/i_rdburst/rd_data_o_reg[28]/Q
                         net (fo=1, routed)           0.260     2.379    i_asg/chA/inst_axi_dac/inst_asg_dat_fifo/U0/inst_fifo_gen/gconvfifo.rf/grf.rf/gntv_or_sync_fifo.mem/gbm.gbmg.gbmgc.ngecc.bmg/inst_blk_mem_gen/gnbram.gnativebmg.native_blk_mem_gen/valid.cstr/ramloop[0].ram.r/prim_noinit.ram/din[28]
    RAMB18_X0Y8          RAMB18E1                                     r  i_asg/chA/inst_axi_dac/inst_asg_dat_fifo/U0/inst_fifo_gen/gconvfifo.rf/grf.rf/gntv_or_sync_fifo.mem/gbm.gbmg.gbmgc.ngecc.bmg/inst_blk_mem_gen/gnbram.gnativebmg.native_blk_mem_gen/valid.cstr/ramloop[0].ram.r/prim_noinit.ram/DEVICE_7SERIES.NO_BMM_INFO.SDP.WIDE_PRIM18.ram/DIBDI[9]
  -------------------------------------------------------------------    -------------------

                         (clock pll_dac_clk_2x rise edge)
                                                      0.000     0.000 r  
    U18                                               0.000     0.000 r  adc_clk_i[1] (IN)
                         net (fo=0)                   0.000     0.000    adc_clk_i[1]
    U18                  IBUFDS (Prop_ibufds_I_O)     0.433     0.433 r  i_clk/O
                         net (fo=1, routed)           0.481     0.914    pll/adc_clk_in
    PLLE2_ADV_X0Y0       PLLE2_ADV (Prop_plle2_adv_CLKIN1_CLKOUT2)
                                                      0.054     0.968 r  pll/pll/CLKOUT2
                         net (fo=2, routed)           0.544     1.512    pll_dac_clk_2x
    BUFGCTRL_X0Y1        BUFG (Prop_bufg_I_O)         0.029     1.541 r  bufg_dac_axi_clk/O
                         net (fo=1073, routed)        0.864     2.405    i_asg/chA/inst_axi_dac/inst_asg_dat_fifo/U0/inst_fifo_gen/gconvfifo.rf/grf.rf/gntv_or_sync_fifo.mem/gbm.gbmg.gbmgc.ngecc.bmg/inst_blk_mem_gen/gnbram.gnativebmg.native_blk_mem_gen/valid.cstr/ramloop[0].ram.r/prim_noinit.ram/wr_clk
    RAMB18_X0Y8          RAMB18E1                                     r  i_asg/chA/inst_axi_dac/inst_asg_dat_fifo/U0/inst_fifo_gen/gconvfifo.rf/grf.rf/gntv_or_sync_fifo.mem/gbm.gbmg.gbmgc.ngecc.bmg/inst_blk_mem_gen/gnbram.gnativebmg.native_blk_mem_gen/valid.cstr/ramloop[0].ram.r/prim_noinit.ram/DEVICE_7SERIES.NO_BMM_INFO.SDP.WIDE_PRIM18.ram/CLKBWRCLK
                         clock pessimism             -0.359     2.047    
    RAMB18_X0Y8          RAMB18E1 (Hold_ramb18e1_CLKBWRCLK_DIBDI[9])
                                                      0.242     2.289    i_asg/chA/inst_axi_dac/inst_asg_dat_fifo/U0/inst_fifo_gen/gconvfifo.rf/grf.rf/gntv_or_sync_fifo.mem/gbm.gbmg.gbmgc.ngecc.bmg/inst_blk_mem_gen/gnbram.gnativebmg.native_blk_mem_gen/valid.cstr/ramloop[0].ram.r/prim_noinit.ram/DEVICE_7SERIES.NO_BMM_INFO.SDP.WIDE_PRIM18.ram
  -------------------------------------------------------------------
                         required time                         -2.289    
                         arrival time                           2.379    
  -------------------------------------------------------------------
                         slack                                  0.090    

Slack (MET) :             0.093ns  (arrival time - required time)
  Source:                 i_asg/chA/inst_axi_dac/i_rdburst/rd_data_o_reg[4]/C
                            (rising edge-triggered cell FDRE clocked by pll_dac_clk_2x  {rise@0.000ns fall@2.000ns period=4.000ns})
  Destination:            i_asg/chA/inst_axi_dac/inst_asg_dat_fifo/U0/inst_fifo_gen/gconvfifo.rf/grf.rf/gntv_or_sync_fifo.mem/gbm.gbmg.gbmgc.ngecc.bmg/inst_blk_mem_gen/gnbram.gnativebmg.native_blk_mem_gen/valid.cstr/ramloop[0].ram.r/prim_noinit.ram/DEVICE_7SERIES.NO_BMM_INFO.SDP.WIDE_PRIM18.ram/DIADI[4]
                            (rising edge-triggered cell RAMB18E1 clocked by pll_dac_clk_2x  {rise@0.000ns fall@2.000ns period=4.000ns})
  Path Group:             pll_dac_clk_2x
  Path Type:              Hold (Min at Fast Process Corner)
  Requirement:            0.000ns  (pll_dac_clk_2x rise@0.000ns - pll_dac_clk_2x rise@0.000ns)
  Data Path Delay:        0.394ns  (logic 0.128ns (32.464%)  route 0.266ns (67.536%))
  Logic Levels:           0  
  Clock Path Skew:        0.058ns (DCD - SCD - CPR)
    Destination Clock Delay (DCD):    2.405ns
    Source Clock Delay      (SCD):    1.988ns
    Clock Pessimism Removal (CPR):    0.359ns

    Location             Delay type                Incr(ns)  Path(ns)    Netlist Resource(s)
  -------------------------------------------------------------------    -------------------
                         (clock pll_dac_clk_2x rise edge)
                                                      0.000     0.000 r  
    U18                                               0.000     0.000 r  adc_clk_i[1] (IN)
                         net (fo=0)                   0.000     0.000    adc_clk_i[1]
    U18                  IBUFDS (Prop_ibufds_I_O)     0.401     0.401 r  i_clk/O
                         net (fo=1, routed)           0.440     0.842    pll/adc_clk_in
    PLLE2_ADV_X0Y0       PLLE2_ADV (Prop_plle2_adv_CLKIN1_CLKOUT2)
                                                      0.051     0.893 r  pll/pll/CLKOUT2
                         net (fo=2, routed)           0.497     1.390    pll_dac_clk_2x
    BUFGCTRL_X0Y1        BUFG (Prop_bufg_I_O)         0.026     1.416 r  bufg_dac_axi_clk/O
                         net (fo=1073, routed)        0.573     1.988    i_asg/chA/inst_axi_dac/i_rdburst/CLK
    SLICE_X1Y21          FDRE                                         r  i_asg/chA/inst_axi_dac/i_rdburst/rd_data_o_reg[4]/C
  -------------------------------------------------------------------    -------------------
    SLICE_X1Y21          FDRE (Prop_fdre_C_Q)         0.128     2.116 r  i_asg/chA/inst_axi_dac/i_rdburst/rd_data_o_reg[4]/Q
                         net (fo=1, routed)           0.266     2.382    i_asg/chA/inst_axi_dac/inst_asg_dat_fifo/U0/inst_fifo_gen/gconvfifo.rf/grf.rf/gntv_or_sync_fifo.mem/gbm.gbmg.gbmgc.ngecc.bmg/inst_blk_mem_gen/gnbram.gnativebmg.native_blk_mem_gen/valid.cstr/ramloop[0].ram.r/prim_noinit.ram/din[4]
    RAMB18_X0Y8          RAMB18E1                                     r  i_asg/chA/inst_axi_dac/inst_asg_dat_fifo/U0/inst_fifo_gen/gconvfifo.rf/grf.rf/gntv_or_sync_fifo.mem/gbm.gbmg.gbmgc.ngecc.bmg/inst_blk_mem_gen/gnbram.gnativebmg.native_blk_mem_gen/valid.cstr/ramloop[0].ram.r/prim_noinit.ram/DEVICE_7SERIES.NO_BMM_INFO.SDP.WIDE_PRIM18.ram/DIADI[4]
  -------------------------------------------------------------------    -------------------

                         (clock pll_dac_clk_2x rise edge)
                                                      0.000     0.000 r  
    U18                                               0.000     0.000 r  adc_clk_i[1] (IN)
                         net (fo=0)                   0.000     0.000    adc_clk_i[1]
    U18                  IBUFDS (Prop_ibufds_I_O)     0.433     0.433 r  i_clk/O
                         net (fo=1, routed)           0.481     0.914    pll/adc_clk_in
    PLLE2_ADV_X0Y0       PLLE2_ADV (Prop_plle2_adv_CLKIN1_CLKOUT2)
                                                      0.054     0.968 r  pll/pll/CLKOUT2
                         net (fo=2, routed)           0.544     1.512    pll_dac_clk_2x
    BUFGCTRL_X0Y1        BUFG (Prop_bufg_I_O)         0.029     1.541 r  bufg_dac_axi_clk/O
                         net (fo=1073, routed)        0.864     2.405    i_asg/chA/inst_axi_dac/inst_asg_dat_fifo/U0/inst_fifo_gen/gconvfifo.rf/grf.rf/gntv_or_sync_fifo.mem/gbm.gbmg.gbmgc.ngecc.bmg/inst_blk_mem_gen/gnbram.gnativebmg.native_blk_mem_gen/valid.cstr/ramloop[0].ram.r/prim_noinit.ram/wr_clk
    RAMB18_X0Y8          RAMB18E1                                     r  i_asg/chA/inst_axi_dac/inst_asg_dat_fifo/U0/inst_fifo_gen/gconvfifo.rf/grf.rf/gntv_or_sync_fifo.mem/gbm.gbmg.gbmgc.ngecc.bmg/inst_blk_mem_gen/gnbram.gnativebmg.native_blk_mem_gen/valid.cstr/ramloop[0].ram.r/prim_noinit.ram/DEVICE_7SERIES.NO_BMM_INFO.SDP.WIDE_PRIM18.ram/CLKBWRCLK
                         clock pessimism             -0.359     2.047    
    RAMB18_X0Y8          RAMB18E1 (Hold_ramb18e1_CLKBWRCLK_DIADI[4])
                                                      0.243     2.290    i_asg/chA/inst_axi_dac/inst_asg_dat_fifo/U0/inst_fifo_gen/gconvfifo.rf/grf.rf/gntv_or_sync_fifo.mem/gbm.gbmg.gbmgc.ngecc.bmg/inst_blk_mem_gen/gnbram.gnativebmg.native_blk_mem_gen/valid.cstr/ramloop[0].ram.r/prim_noinit.ram/DEVICE_7SERIES.NO_BMM_INFO.SDP.WIDE_PRIM18.ram
  -------------------------------------------------------------------
                         required time                         -2.290    
                         arrival time                           2.382    
  -------------------------------------------------------------------
                         slack                                  0.093    

Slack (MET) :             0.093ns  (arrival time - required time)
  Source:                 i_asg/chA/inst_axi_dac/i_rdburst/rd_data_o_reg[61]/C
                            (rising edge-triggered cell FDRE clocked by pll_dac_clk_2x  {rise@0.000ns fall@2.000ns period=4.000ns})
  Destination:            i_asg/chA/inst_axi_dac/inst_asg_dat_fifo/U0/inst_fifo_gen/gconvfifo.rf/grf.rf/gntv_or_sync_fifo.mem/gbm.gbmg.gbmgc.ngecc.bmg/inst_blk_mem_gen/gnbram.gnativebmg.native_blk_mem_gen/valid.cstr/ramloop[1].ram.r/prim_noinit.ram/DEVICE_7SERIES.NO_BMM_INFO.SDP.WIDE_PRIM36_NO_ECC.ram/DIADI[26]
                            (rising edge-triggered cell RAMB36E1 clocked by pll_dac_clk_2x  {rise@0.000ns fall@2.000ns period=4.000ns})
  Path Group:             pll_dac_clk_2x
  Path Type:              Hold (Min at Fast Process Corner)
  Requirement:            0.000ns  (pll_dac_clk_2x rise@0.000ns - pll_dac_clk_2x rise@0.000ns)
  Data Path Delay:        0.393ns  (logic 0.128ns (32.608%)  route 0.265ns (67.392%))
  Logic Levels:           0  
  Clock Path Skew:        0.056ns (DCD - SCD - CPR)
    Destination Clock Delay (DCD):    2.402ns
    Source Clock Delay      (SCD):    1.987ns
    Clock Pessimism Removal (CPR):    0.359ns

    Location             Delay type                Incr(ns)  Path(ns)    Netlist Resource(s)
  -------------------------------------------------------------------    -------------------
                         (clock pll_dac_clk_2x rise edge)
                                                      0.000     0.000 r  
    U18                                               0.000     0.000 r  adc_clk_i[1] (IN)
                         net (fo=0)                   0.000     0.000    adc_clk_i[1]
    U18                  IBUFDS (Prop_ibufds_I_O)     0.401     0.401 r  i_clk/O
                         net (fo=1, routed)           0.440     0.842    pll/adc_clk_in
    PLLE2_ADV_X0Y0       PLLE2_ADV (Prop_plle2_adv_CLKIN1_CLKOUT2)
                                                      0.051     0.893 r  pll/pll/CLKOUT2
                         net (fo=2, routed)           0.497     1.390    pll_dac_clk_2x
    BUFGCTRL_X0Y1        BUFG (Prop_bufg_I_O)         0.026     1.416 r  bufg_dac_axi_clk/O
                         net (fo=1073, routed)        0.572     1.987    i_asg/chA/inst_axi_dac/i_rdburst/CLK
    SLICE_X5Y25          FDRE                                         r  i_asg/chA/inst_axi_dac/i_rdburst/rd_data_o_reg[61]/C
  -------------------------------------------------------------------    -------------------
    SLICE_X5Y25          FDRE (Prop_fdre_C_Q)         0.128     2.115 r  i_asg/chA/inst_axi_dac/i_rdburst/rd_data_o_reg[61]/Q
                         net (fo=1, routed)           0.265     2.380    i_asg/chA/inst_axi_dac/inst_asg_dat_fifo/U0/inst_fifo_gen/gconvfifo.rf/grf.rf/gntv_or_sync_fifo.mem/gbm.gbmg.gbmgc.ngecc.bmg/inst_blk_mem_gen/gnbram.gnativebmg.native_blk_mem_gen/valid.cstr/ramloop[1].ram.r/prim_noinit.ram/din[25]
    RAMB36_X0Y5          RAMB36E1                                     r  i_asg/chA/inst_axi_dac/inst_asg_dat_fifo/U0/inst_fifo_gen/gconvfifo.rf/grf.rf/gntv_or_sync_fifo.mem/gbm.gbmg.gbmgc.ngecc.bmg/inst_blk_mem_gen/gnbram.gnativebmg.native_blk_mem_gen/valid.cstr/ramloop[1].ram.r/prim_noinit.ram/DEVICE_7SERIES.NO_BMM_INFO.SDP.WIDE_PRIM36_NO_ECC.ram/DIADI[26]
  -------------------------------------------------------------------    -------------------

                         (clock pll_dac_clk_2x rise edge)
                                                      0.000     0.000 r  
    U18                                               0.000     0.000 r  adc_clk_i[1] (IN)
                         net (fo=0)                   0.000     0.000    adc_clk_i[1]
    U18                  IBUFDS (Prop_ibufds_I_O)     0.433     0.433 r  i_clk/O
                         net (fo=1, routed)           0.481     0.914    pll/adc_clk_in
    PLLE2_ADV_X0Y0       PLLE2_ADV (Prop_plle2_adv_CLKIN1_CLKOUT2)
                                                      0.054     0.968 r  pll/pll/CLKOUT2
                         net (fo=2, routed)           0.544     1.512    pll_dac_clk_2x
    BUFGCTRL_X0Y1        BUFG (Prop_bufg_I_O)         0.029     1.541 r  bufg_dac_axi_clk/O
                         net (fo=1073, routed)        0.861     2.402    i_asg/chA/inst_axi_dac/inst_asg_dat_fifo/U0/inst_fifo_gen/gconvfifo.rf/grf.rf/gntv_or_sync_fifo.mem/gbm.gbmg.gbmgc.ngecc.bmg/inst_blk_mem_gen/gnbram.gnativebmg.native_blk_mem_gen/valid.cstr/ramloop[1].ram.r/prim_noinit.ram/wr_clk
    RAMB36_X0Y5          RAMB36E1                                     r  i_asg/chA/inst_axi_dac/inst_asg_dat_fifo/U0/inst_fifo_gen/gconvfifo.rf/grf.rf/gntv_or_sync_fifo.mem/gbm.gbmg.gbmgc.ngecc.bmg/inst_blk_mem_gen/gnbram.gnativebmg.native_blk_mem_gen/valid.cstr/ramloop[1].ram.r/prim_noinit.ram/DEVICE_7SERIES.NO_BMM_INFO.SDP.WIDE_PRIM36_NO_ECC.ram/CLKBWRCLK
                         clock pessimism             -0.359     2.044    
    RAMB36_X0Y5          RAMB36E1 (Hold_ramb36e1_CLKBWRCLK_DIADI[26])
                                                      0.243     2.287    i_asg/chA/inst_axi_dac/inst_asg_dat_fifo/U0/inst_fifo_gen/gconvfifo.rf/grf.rf/gntv_or_sync_fifo.mem/gbm.gbmg.gbmgc.ngecc.bmg/inst_blk_mem_gen/gnbram.gnativebmg.native_blk_mem_gen/valid.cstr/ramloop[1].ram.r/prim_noinit.ram/DEVICE_7SERIES.NO_BMM_INFO.SDP.WIDE_PRIM36_NO_ECC.ram
  -------------------------------------------------------------------
                         required time                         -2.287    
                         arrival time                           2.380    
  -------------------------------------------------------------------
                         slack                                  0.093    

Slack (MET) :             0.095ns  (arrival time - required time)
  Source:                 i_asg/chB/inst_axi_dac/i_rdburst/rd_data_o_reg[55]/C
                            (rising edge-triggered cell FDRE clocked by pll_dac_clk_2x  {rise@0.000ns fall@2.000ns period=4.000ns})
  Destination:            i_asg/chB/inst_axi_dac/inst_asg_dat_fifo/U0/inst_fifo_gen/gconvfifo.rf/grf.rf/gntv_or_sync_fifo.mem/gbm.gbmg.gbmgc.ngecc.bmg/inst_blk_mem_gen/gnbram.gnativebmg.native_blk_mem_gen/valid.cstr/ramloop[1].ram.r/prim_noinit.ram/DEVICE_7SERIES.NO_BMM_INFO.SDP.WIDE_PRIM36_NO_ECC.ram/DIADI[20]
                            (rising edge-triggered cell RAMB36E1 clocked by pll_dac_clk_2x  {rise@0.000ns fall@2.000ns period=4.000ns})
  Path Group:             pll_dac_clk_2x
  Path Type:              Hold (Min at Fast Process Corner)
  Requirement:            0.000ns  (pll_dac_clk_2x rise@0.000ns - pll_dac_clk_2x rise@0.000ns)
  Data Path Delay:        0.450ns  (logic 0.141ns (31.346%)  route 0.309ns (68.654%))
  Logic Levels:           0  
  Clock Path Skew:        0.058ns (DCD - SCD - CPR)
    Destination Clock Delay (DCD):    2.412ns
    Source Clock Delay      (SCD):    1.995ns
    Clock Pessimism Removal (CPR):    0.359ns

    Location             Delay type                Incr(ns)  Path(ns)    Netlist Resource(s)
  -------------------------------------------------------------------    -------------------
                         (clock pll_dac_clk_2x rise edge)
                                                      0.000     0.000 r  
    U18                                               0.000     0.000 r  adc_clk_i[1] (IN)
                         net (fo=0)                   0.000     0.000    adc_clk_i[1]
    U18                  IBUFDS (Prop_ibufds_I_O)     0.401     0.401 r  i_clk/O
                         net (fo=1, routed)           0.440     0.842    pll/adc_clk_in
    PLLE2_ADV_X0Y0       PLLE2_ADV (Prop_plle2_adv_CLKIN1_CLKOUT2)
                                                      0.051     0.893 r  pll/pll/CLKOUT2
                         net (fo=2, routed)           0.497     1.390    pll_dac_clk_2x
    BUFGCTRL_X0Y1        BUFG (Prop_bufg_I_O)         0.026     1.416 r  bufg_dac_axi_clk/O
                         net (fo=1073, routed)        0.580     1.995    i_asg/chB/inst_axi_dac/i_rdburst/CLK
    SLICE_X5Y33          FDRE                                         r  i_asg/chB/inst_axi_dac/i_rdburst/rd_data_o_reg[55]/C
  -------------------------------------------------------------------    -------------------
    SLICE_X5Y33          FDRE (Prop_fdre_C_Q)         0.141     2.136 r  i_asg/chB/inst_axi_dac/i_rdburst/rd_data_o_reg[55]/Q
                         net (fo=1, routed)           0.309     2.445    i_asg/chB/inst_axi_dac/inst_asg_dat_fifo/U0/inst_fifo_gen/gconvfifo.rf/grf.rf/gntv_or_sync_fifo.mem/gbm.gbmg.gbmgc.ngecc.bmg/inst_blk_mem_gen/gnbram.gnativebmg.native_blk_mem_gen/valid.cstr/ramloop[1].ram.r/prim_noinit.ram/din[19]
    RAMB36_X0Y7          RAMB36E1                                     r  i_asg/chB/inst_axi_dac/inst_asg_dat_fifo/U0/inst_fifo_gen/gconvfifo.rf/grf.rf/gntv_or_sync_fifo.mem/gbm.gbmg.gbmgc.ngecc.bmg/inst_blk_mem_gen/gnbram.gnativebmg.native_blk_mem_gen/valid.cstr/ramloop[1].ram.r/prim_noinit.ram/DEVICE_7SERIES.NO_BMM_INFO.SDP.WIDE_PRIM36_NO_ECC.ram/DIADI[20]
  -------------------------------------------------------------------    -------------------

                         (clock pll_dac_clk_2x rise edge)
                                                      0.000     0.000 r  
    U18                                               0.000     0.000 r  adc_clk_i[1] (IN)
                         net (fo=0)                   0.000     0.000    adc_clk_i[1]
    U18                  IBUFDS (Prop_ibufds_I_O)     0.433     0.433 r  i_clk/O
                         net (fo=1, routed)           0.481     0.914    pll/adc_clk_in
    PLLE2_ADV_X0Y0       PLLE2_ADV (Prop_plle2_adv_CLKIN1_CLKOUT2)
                                                      0.054     0.968 r  pll/pll/CLKOUT2
                         net (fo=2, routed)           0.544     1.512    pll_dac_clk_2x
    BUFGCTRL_X0Y1        BUFG (Prop_bufg_I_O)         0.029     1.541 r  bufg_dac_axi_clk/O
                         net (fo=1073, routed)        0.871     2.412    i_asg/chB/inst_axi_dac/inst_asg_dat_fifo/U0/inst_fifo_gen/gconvfifo.rf/grf.rf/gntv_or_sync_fifo.mem/gbm.gbmg.gbmgc.ngecc.bmg/inst_blk_mem_gen/gnbram.gnativebmg.native_blk_mem_gen/valid.cstr/ramloop[1].ram.r/prim_noinit.ram/wr_clk
    RAMB36_X0Y7          RAMB36E1                                     r  i_asg/chB/inst_axi_dac/inst_asg_dat_fifo/U0/inst_fifo_gen/gconvfifo.rf/grf.rf/gntv_or_sync_fifo.mem/gbm.gbmg.gbmgc.ngecc.bmg/inst_blk_mem_gen/gnbram.gnativebmg.native_blk_mem_gen/valid.cstr/ramloop[1].ram.r/prim_noinit.ram/DEVICE_7SERIES.NO_BMM_INFO.SDP.WIDE_PRIM36_NO_ECC.ram/CLKBWRCLK
                         clock pessimism             -0.359     2.054    
    RAMB36_X0Y7          RAMB36E1 (Hold_ramb36e1_CLKBWRCLK_DIADI[20])
                                                      0.296     2.350    i_asg/chB/inst_axi_dac/inst_asg_dat_fifo/U0/inst_fifo_gen/gconvfifo.rf/grf.rf/gntv_or_sync_fifo.mem/gbm.gbmg.gbmgc.ngecc.bmg/inst_blk_mem_gen/gnbram.gnativebmg.native_blk_mem_gen/valid.cstr/ramloop[1].ram.r/prim_noinit.ram/DEVICE_7SERIES.NO_BMM_INFO.SDP.WIDE_PRIM36_NO_ECC.ram
  -------------------------------------------------------------------
                         required time                         -2.350    
                         arrival time                           2.445    
  -------------------------------------------------------------------
                         slack                                  0.095    

Slack (MET) :             0.096ns  (arrival time - required time)
  Source:                 i_asg/chB/inst_axi_dac/i_rdburst/rd_data_o_reg[59]/C
                            (rising edge-triggered cell FDRE clocked by pll_dac_clk_2x  {rise@0.000ns fall@2.000ns period=4.000ns})
  Destination:            i_asg/chB/inst_axi_dac/inst_asg_dat_fifo/U0/inst_fifo_gen/gconvfifo.rf/grf.rf/gntv_or_sync_fifo.mem/gbm.gbmg.gbmgc.ngecc.bmg/inst_blk_mem_gen/gnbram.gnativebmg.native_blk_mem_gen/valid.cstr/ramloop[1].ram.r/prim_noinit.ram/DEVICE_7SERIES.NO_BMM_INFO.SDP.WIDE_PRIM36_NO_ECC.ram/DIADI[24]
                            (rising edge-triggered cell RAMB36E1 clocked by pll_dac_clk_2x  {rise@0.000ns fall@2.000ns period=4.000ns})
  Path Group:             pll_dac_clk_2x
  Path Type:              Hold (Min at Fast Process Corner)
  Requirement:            0.000ns  (pll_dac_clk_2x rise@0.000ns - pll_dac_clk_2x rise@0.000ns)
  Data Path Delay:        0.451ns  (logic 0.141ns (31.276%)  route 0.310ns (68.724%))
  Logic Levels:           0  
  Clock Path Skew:        0.058ns (DCD - SCD - CPR)
    Destination Clock Delay (DCD):    2.412ns
    Source Clock Delay      (SCD):    1.995ns
    Clock Pessimism Removal (CPR):    0.359ns

    Location             Delay type                Incr(ns)  Path(ns)    Netlist Resource(s)
  -------------------------------------------------------------------    -------------------
                         (clock pll_dac_clk_2x rise edge)
                                                      0.000     0.000 r  
    U18                                               0.000     0.000 r  adc_clk_i[1] (IN)
                         net (fo=0)                   0.000     0.000    adc_clk_i[1]
    U18                  IBUFDS (Prop_ibufds_I_O)     0.401     0.401 r  i_clk/O
                         net (fo=1, routed)           0.440     0.842    pll/adc_clk_in
    PLLE2_ADV_X0Y0       PLLE2_ADV (Prop_plle2_adv_CLKIN1_CLKOUT2)
                                                      0.051     0.893 r  pll/pll/CLKOUT2
                         net (fo=2, routed)           0.497     1.390    pll_dac_clk_2x
    BUFGCTRL_X0Y1        BUFG (Prop_bufg_I_O)         0.026     1.416 r  bufg_dac_axi_clk/O
                         net (fo=1073, routed)        0.580     1.995    i_asg/chB/inst_axi_dac/i_rdburst/CLK
    SLICE_X5Y33          FDRE                                         r  i_asg/chB/inst_axi_dac/i_rdburst/rd_data_o_reg[59]/C
  -------------------------------------------------------------------    -------------------
    SLICE_X5Y33          FDRE (Prop_fdre_C_Q)         0.141     2.136 r  i_asg/chB/inst_axi_dac/i_rdburst/rd_data_o_reg[59]/Q
                         net (fo=1, routed)           0.310     2.446    i_asg/chB/inst_axi_dac/inst_asg_dat_fifo/U0/inst_fifo_gen/gconvfifo.rf/grf.rf/gntv_or_sync_fifo.mem/gbm.gbmg.gbmgc.ngecc.bmg/inst_blk_mem_gen/gnbram.gnativebmg.native_blk_mem_gen/valid.cstr/ramloop[1].ram.r/prim_noinit.ram/din[23]
    RAMB36_X0Y7          RAMB36E1                                     r  i_asg/chB/inst_axi_dac/inst_asg_dat_fifo/U0/inst_fifo_gen/gconvfifo.rf/grf.rf/gntv_or_sync_fifo.mem/gbm.gbmg.gbmgc.ngecc.bmg/inst_blk_mem_gen/gnbram.gnativebmg.native_blk_mem_gen/valid.cstr/ramloop[1].ram.r/prim_noinit.ram/DEVICE_7SERIES.NO_BMM_INFO.SDP.WIDE_PRIM36_NO_ECC.ram/DIADI[24]
  -------------------------------------------------------------------    -------------------

                         (clock pll_dac_clk_2x rise edge)
                                                      0.000     0.000 r  
    U18                                               0.000     0.000 r  adc_clk_i[1] (IN)
                         net (fo=0)                   0.000     0.000    adc_clk_i[1]
    U18                  IBUFDS (Prop_ibufds_I_O)     0.433     0.433 r  i_clk/O
                         net (fo=1, routed)           0.481     0.914    pll/adc_clk_in
    PLLE2_ADV_X0Y0       PLLE2_ADV (Prop_plle2_adv_CLKIN1_CLKOUT2)
                                                      0.054     0.968 r  pll/pll/CLKOUT2
                         net (fo=2, routed)           0.544     1.512    pll_dac_clk_2x
    BUFGCTRL_X0Y1        BUFG (Prop_bufg_I_O)         0.029     1.541 r  bufg_dac_axi_clk/O
                         net (fo=1073, routed)        0.871     2.412    i_asg/chB/inst_axi_dac/inst_asg_dat_fifo/U0/inst_fifo_gen/gconvfifo.rf/grf.rf/gntv_or_sync_fifo.mem/gbm.gbmg.gbmgc.ngecc.bmg/inst_blk_mem_gen/gnbram.gnativebmg.native_blk_mem_gen/valid.cstr/ramloop[1].ram.r/prim_noinit.ram/wr_clk
    RAMB36_X0Y7          RAMB36E1                                     r  i_asg/chB/inst_axi_dac/inst_asg_dat_fifo/U0/inst_fifo_gen/gconvfifo.rf/grf.rf/gntv_or_sync_fifo.mem/gbm.gbmg.gbmgc.ngecc.bmg/inst_blk_mem_gen/gnbram.gnativebmg.native_blk_mem_gen/valid.cstr/ramloop[1].ram.r/prim_noinit.ram/DEVICE_7SERIES.NO_BMM_INFO.SDP.WIDE_PRIM36_NO_ECC.ram/CLKBWRCLK
                         clock pessimism             -0.359     2.054    
    RAMB36_X0Y7          RAMB36E1 (Hold_ramb36e1_CLKBWRCLK_DIADI[24])
                                                      0.296     2.350    i_asg/chB/inst_axi_dac/inst_asg_dat_fifo/U0/inst_fifo_gen/gconvfifo.rf/grf.rf/gntv_or_sync_fifo.mem/gbm.gbmg.gbmgc.ngecc.bmg/inst_blk_mem_gen/gnbram.gnativebmg.native_blk_mem_gen/valid.cstr/ramloop[1].ram.r/prim_noinit.ram/DEVICE_7SERIES.NO_BMM_INFO.SDP.WIDE_PRIM36_NO_ECC.ram
  -------------------------------------------------------------------
                         required time                         -2.350    
                         arrival time                           2.446    
  -------------------------------------------------------------------
                         slack                                  0.096    





Pulse Width Checks
--------------------------------------------------------------------------------------
Clock Name:         pll_dac_clk_2x
Waveform(ns):       { 0.000 2.000 }
Period(ns):         4.000
Sources:            { pll/pll/CLKOUT2 }

Check Type        Corner  Lib Pin             Reference Pin  Required(ns)  Actual(ns)  Slack(ns)  Location        Pin
Min Period        n/a     RAMB18E1/CLKBWRCLK  n/a            2.576         4.000       1.424      RAMB18_X0Y12    i_asg/chB/inst_axi_dac/inst_asg_dat_fifo/U0/inst_fifo_gen/gconvfifo.rf/grf.rf/gntv_or_sync_fifo.mem/gbm.gbmg.gbmgc.ngecc.bmg/inst_blk_mem_gen/gnbram.gnativebmg.native_blk_mem_gen/valid.cstr/ramloop[0].ram.r/prim_noinit.ram/DEVICE_7SERIES.NO_BMM_INFO.SDP.WIDE_PRIM18.ram/CLKBWRCLK
Min Period        n/a     RAMB36E1/CLKBWRCLK  n/a            2.576         4.000       1.424      RAMB36_X0Y7     i_asg/chB/inst_axi_dac/inst_asg_dat_fifo/U0/inst_fifo_gen/gconvfifo.rf/grf.rf/gntv_or_sync_fifo.mem/gbm.gbmg.gbmgc.ngecc.bmg/inst_blk_mem_gen/gnbram.gnativebmg.native_blk_mem_gen/valid.cstr/ramloop[1].ram.r/prim_noinit.ram/DEVICE_7SERIES.NO_BMM_INFO.SDP.WIDE_PRIM36_NO_ECC.ram/CLKBWRCLK
Min Period        n/a     RAMB36E1/CLKARDCLK  n/a            2.576         4.000       1.424      RAMB36_X0Y8     i_asg/chB/inst_axi_dac/inst_sync_fifo/U0/inst_fifo_gen/gconvfifo.rf/grf.rf/gntv_or_sync_fifo.mem/gbm.gbmg.gbmga.ngecc.bmg/inst_blk_mem_gen/gnbram.gnativebmg.native_blk_mem_gen/valid.cstr/ramloop[0].ram.r/prim_noinit.ram/DEVICE_7SERIES.NO_BMM_INFO.SDP.WIDE_PRIM36_NO_ECC.ram/CLKARDCLK
Min Period        n/a     RAMB18E1/CLKBWRCLK  n/a            2.576         4.000       1.424      RAMB18_X0Y8     i_asg/chA/inst_axi_dac/inst_asg_dat_fifo/U0/inst_fifo_gen/gconvfifo.rf/grf.rf/gntv_or_sync_fifo.mem/gbm.gbmg.gbmgc.ngecc.bmg/inst_blk_mem_gen/gnbram.gnativebmg.native_blk_mem_gen/valid.cstr/ramloop[0].ram.r/prim_noinit.ram/DEVICE_7SERIES.NO_BMM_INFO.SDP.WIDE_PRIM18.ram/CLKBWRCLK
Min Period        n/a     RAMB36E1/CLKBWRCLK  n/a            2.576         4.000       1.424      RAMB36_X0Y5     i_asg/chA/inst_axi_dac/inst_asg_dat_fifo/U0/inst_fifo_gen/gconvfifo.rf/grf.rf/gntv_or_sync_fifo.mem/gbm.gbmg.gbmgc.ngecc.bmg/inst_blk_mem_gen/gnbram.gnativebmg.native_blk_mem_gen/valid.cstr/ramloop[1].ram.r/prim_noinit.ram/DEVICE_7SERIES.NO_BMM_INFO.SDP.WIDE_PRIM36_NO_ECC.ram/CLKBWRCLK
Min Period        n/a     RAMB36E1/CLKARDCLK  n/a            2.576         4.000       1.424      RAMB36_X1Y7     i_asg/chA/inst_axi_dac/inst_sync_fifo/U0/inst_fifo_gen/gconvfifo.rf/grf.rf/gntv_or_sync_fifo.mem/gbm.gbmg.gbmga.ngecc.bmg/inst_blk_mem_gen/gnbram.gnativebmg.native_blk_mem_gen/valid.cstr/ramloop[0].ram.r/prim_noinit.ram/DEVICE_7SERIES.NO_BMM_INFO.SDP.WIDE_PRIM36_NO_ECC.ram/CLKARDCLK
Min Period        n/a     BUFG/I              n/a            2.155         4.000       1.845      BUFGCTRL_X0Y1   bufg_dac_axi_clk/I
Min Period        n/a     BUFG/I              n/a            2.155         4.000       1.845      BUFGCTRL_X0Y8   bufg_dac_clk_2x/I
Min Period        n/a     ODDR/C              n/a            1.474         4.000       2.526      OLOGIC_X0Y84    oddr_dac_wrt/C
Min Period        n/a     PLLE2_ADV/CLKOUT2   n/a            1.249         4.000       2.751      PLLE2_ADV_X0Y0  pll/pll/CLKOUT2
Max Period        n/a     PLLE2_ADV/CLKOUT2   n/a            160.000       4.000       156.000    PLLE2_ADV_X0Y0  pll/pll/CLKOUT2
Low Pulse Width   Slow    RAMD32/CLK          n/a            1.250         2.000       0.750      SLICE_X0Y22     ps/axi_master_2/axi_rfifo_reg_0_15_18_23/RAMA/CLK
Low Pulse Width   Slow    RAMD32/CLK          n/a            1.250         2.000       0.750      SLICE_X0Y22     ps/axi_master_2/axi_rfifo_reg_0_15_18_23/RAMA_D1/CLK
Low Pulse Width   Slow    RAMD32/CLK          n/a            1.250         2.000       0.750      SLICE_X0Y22     ps/axi_master_2/axi_rfifo_reg_0_15_18_23/RAMB/CLK
Low Pulse Width   Slow    RAMD32/CLK          n/a            1.250         2.000       0.750      SLICE_X0Y22     ps/axi_master_2/axi_rfifo_reg_0_15_18_23/RAMB_D1/CLK
Low Pulse Width   Slow    RAMD32/CLK          n/a            1.250         2.000       0.750      SLICE_X0Y22     ps/axi_master_2/axi_rfifo_reg_0_15_18_23/RAMC/CLK
Low Pulse Width   Slow    RAMD32/CLK          n/a            1.250         2.000       0.750      SLICE_X0Y22     ps/axi_master_2/axi_rfifo_reg_0_15_18_23/RAMC_D1/CLK
Low Pulse Width   Slow    RAMS32/CLK          n/a            1.250         2.000       0.750      SLICE_X0Y22     ps/axi_master_2/axi_rfifo_reg_0_15_18_23/RAMD/CLK
Low Pulse Width   Slow    RAMS32/CLK          n/a            1.250         2.000       0.750      SLICE_X0Y22     ps/axi_master_2/axi_rfifo_reg_0_15_18_23/RAMD_D1/CLK
Low Pulse Width   Slow    RAMD32/CLK          n/a            1.250         2.000       0.750      SLICE_X4Y24     ps/axi_master_2/axi_rfifo_reg_0_15_60_63/RAMA/CLK
Low Pulse Width   Slow    RAMD32/CLK          n/a            1.250         2.000       0.750      SLICE_X4Y24     ps/axi_master_2/axi_rfifo_reg_0_15_60_63/RAMA_D1/CLK
High Pulse Width  Slow    RAMD32/CLK          n/a            1.250         2.000       0.750      SLICE_X0Y20     ps/axi_master_2/axi_rfifo_reg_0_15_12_17/RAMA/CLK
High Pulse Width  Slow    RAMD32/CLK          n/a            1.250         2.000       0.750      SLICE_X0Y20     ps/axi_master_2/axi_rfifo_reg_0_15_12_17/RAMA_D1/CLK
High Pulse Width  Slow    RAMD32/CLK          n/a            1.250         2.000       0.750      SLICE_X0Y20     ps/axi_master_2/axi_rfifo_reg_0_15_12_17/RAMB/CLK
High Pulse Width  Slow    RAMD32/CLK          n/a            1.250         2.000       0.750      SLICE_X0Y20     ps/axi_master_2/axi_rfifo_reg_0_15_12_17/RAMB_D1/CLK
High Pulse Width  Slow    RAMD32/CLK          n/a            1.250         2.000       0.750      SLICE_X0Y20     ps/axi_master_2/axi_rfifo_reg_0_15_12_17/RAMC/CLK
High Pulse Width  Slow    RAMD32/CLK          n/a            1.250         2.000       0.750      SLICE_X0Y20     ps/axi_master_2/axi_rfifo_reg_0_15_12_17/RAMC_D1/CLK
High Pulse Width  Slow    RAMS32/CLK          n/a            1.250         2.000       0.750      SLICE_X0Y20     ps/axi_master_2/axi_rfifo_reg_0_15_12_17/RAMD/CLK
High Pulse Width  Slow    RAMS32/CLK          n/a            1.250         2.000       0.750      SLICE_X0Y20     ps/axi_master_2/axi_rfifo_reg_0_15_12_17/RAMD_D1/CLK
High Pulse Width  Slow    RAMD32/CLK          n/a            1.250         2.000       0.750      SLICE_X4Y22     ps/axi_master_2/axi_rfifo_reg_0_15_24_29/RAMA/CLK
High Pulse Width  Slow    RAMD32/CLK          n/a            1.250         2.000       0.750      SLICE_X4Y22     ps/axi_master_2/axi_rfifo_reg_0_15_24_29/RAMA_D1/CLK



---------------------------------------------------------------------------------------------------
From Clock:  pll_ser_clk
  To Clock:  pll_ser_clk

Setup :           NA  Failing Endpoints,  Worst Slack           NA  ,  Total Violation           NA
Hold  :           NA  Failing Endpoints,  Worst Slack           NA  ,  Total Violation           NA
PW    :            0  Failing Endpoints,  Worst Slack        1.845ns,  Total Violation        0.000ns
---------------------------------------------------------------------------------------------------


Pulse Width Checks
--------------------------------------------------------------------------------------
Clock Name:         pll_ser_clk
Waveform(ns):       { 0.000 2.000 }
Period(ns):         4.000
Sources:            { pll/pll/CLKOUT4 }

Check Type  Corner  Lib Pin            Reference Pin  Required(ns)  Actual(ns)  Slack(ns)  Location        Pin
Min Period  n/a     BUFG/I             n/a            2.155         4.000       1.845      BUFGCTRL_X0Y6   bufg_ser_clk/I
Min Period  n/a     OSERDESE2/CLK      n/a            1.667         4.000       2.333      OLOGIC_X0Y46    i_daisy/i_tx/genblk1[0].i_oserdese/CLK
Min Period  n/a     ODDR/C             n/a            1.474         4.000       2.526      OLOGIC_X0Y28    i_daisy/i_tx/ODDR_clk/C
Min Period  n/a     PLLE2_ADV/CLKOUT4  n/a            1.249         4.000       2.751      PLLE2_ADV_X0Y0  pll/pll/CLKOUT4
Max Period  n/a     PLLE2_ADV/CLKOUT4  n/a            160.000       4.000       156.000    PLLE2_ADV_X0Y0  pll/pll/CLKOUT4



---------------------------------------------------------------------------------------------------
From Clock:  clk_fpga_0
  To Clock:  clk_fpga_0

Setup :            0  Failing Endpoints,  Worst Slack        0.604ns,  Total Violation        0.000ns
Hold  :            0  Failing Endpoints,  Worst Slack        0.122ns,  Total Violation        0.000ns
PW    :            0  Failing Endpoints,  Worst Slack        3.500ns,  Total Violation        0.000ns
---------------------------------------------------------------------------------------------------


Max Delay Paths
--------------------------------------------------------------------------------------
Slack (MET) :             0.604ns  (required time - arrival time)
  Source:                 ps/axi_slave_gp0/rd_do_reg/C
                            (rising edge-triggered cell FDRE clocked by clk_fpga_0  {rise@0.000ns fall@4.000ns period=8.000ns})
  Destination:            ps/axi_slave_gp0/ack_cnt_reg[0]/D
                            (rising edge-triggered cell FDRE clocked by clk_fpga_0  {rise@0.000ns fall@4.000ns period=8.000ns})
  Path Group:             clk_fpga_0
  Path Type:              Setup (Max at Slow Process Corner)
  Requirement:            8.000ns  (clk_fpga_0 rise@8.000ns - clk_fpga_0 rise@0.000ns)
  Data Path Delay:        7.233ns  (logic 2.247ns (31.068%)  route 4.986ns (68.932%))
  Logic Levels:           7  (LUT3=1 LUT5=3 LUT6=2 MUXF7=1)
  Clock Path Skew:        -0.067ns (DCD - SCD + CPR)
    Destination Clock Delay (DCD):    2.738ns = ( 10.738 - 8.000 ) 
    Source Clock Delay      (SCD):    3.036ns
    Clock Pessimism Removal (CPR):    0.230ns
  Clock Uncertainty:      0.125ns  ((TSJ^2 + TIJ^2)^1/2 + DJ) / 2 + PE
    Total System Jitter     (TSJ):    0.071ns
    Total Input Jitter      (TIJ):    0.240ns
    Discrete Jitter          (DJ):    0.000ns
    Phase Error              (PE):    0.000ns

    Location             Delay type                Incr(ns)  Path(ns)    Netlist Resource(s)
  -------------------------------------------------------------------    -------------------
                         (clock clk_fpga_0 rise edge)
                                                      0.000     0.000 r  
    PS7_X0Y0             PS7                          0.000     0.000 r  ps/system_i/processing_system7/inst/PS7_i/FCLKCLK[0]
                         net (fo=1, routed)           1.207     1.207    ps/lopt
    BUFGCTRL_X0Y3        BUFG (Prop_bufg_I_O)         0.101     1.308 r  ps/fclk_buf[0]/O
                         net (fo=235, routed)         1.728     3.036    ps/axi_slave_gp0/O[0]
    SLICE_X2Y44          FDRE                                         r  ps/axi_slave_gp0/rd_do_reg/C
  -------------------------------------------------------------------    -------------------
    SLICE_X2Y44          FDRE (Prop_fdre_C_Q)         0.456     3.492 r  ps/axi_slave_gp0/rd_do_reg/Q
                         net (fo=37, routed)          0.854     4.346    ps/axi_slave_gp0/rd_do
    SLICE_X3Y43          LUT3 (Prop_lut3_I2_O)        0.152     4.498 r  ps/axi_slave_gp0/axi\\.RDATA[31]_i_3/O
                         net (fo=89, routed)          1.261     5.760    ps/axi_slave_gp0/ps_sys\\.addr[21]
    SLICE_X14Y39         LUT5 (Prop_lut5_I0_O)        0.326     6.086 f  ps/axi_slave_gp0/ack_cnt[5]_i_15/O
                         net (fo=1, routed)           0.613     6.698    ps/axi_slave_gp0/ack_cnt[5]_i_15_n_0
    SLICE_X14Y39         LUT6 (Prop_lut6_I5_O)        0.326     7.024 f  ps/axi_slave_gp0/ack_cnt[5]_i_10/O
                         net (fo=1, routed)           0.570     7.594    ps/axi_slave_gp0/ack_cnt[5]_i_10_n_0
    SLICE_X12Y39         LUT6 (Prop_lut6_I0_O)        0.124     7.718 f  ps/axi_slave_gp0/ack_cnt[5]_i_7/O
                         net (fo=1, routed)           0.000     7.718    ps/axi_slave_gp0/ack_cnt[5]_i_7_n_0
    SLICE_X12Y39         MUXF7 (Prop_muxf7_I0_O)      0.209     7.927 f  ps/axi_slave_gp0/ack_cnt_reg[5]_i_4/O
                         net (fo=5, routed)           1.088     9.015    ps/axi_slave_gp0/ps_sys\\.ack
    SLICE_X2Y44          LUT5 (Prop_lut5_I0_O)        0.322     9.337 f  ps/axi_slave_gp0/ack_cnt[0]_i_3/O
                         net (fo=2, routed)           0.600     9.937    ps/axi_slave_gp0/ack_cnt[0]_i_3_n_0
    SLICE_X1Y42          LUT5 (Prop_lut5_I2_O)        0.332    10.269 r  ps/axi_slave_gp0/ack_cnt[0]_i_2/O
                         net (fo=1, routed)           0.000    10.269    ps/axi_slave_gp0/ack_cnt[0]_i_2_n_0
    SLICE_X1Y42          FDRE                                         r  ps/axi_slave_gp0/ack_cnt_reg[0]/D
  -------------------------------------------------------------------    -------------------

                         (clock clk_fpga_0 rise edge)
                                                      8.000     8.000 r  
    PS7_X0Y0             PS7                          0.000     8.000 r  ps/system_i/processing_system7/inst/PS7_i/FCLKCLK[0]
                         net (fo=1, routed)           1.101     9.101    ps/lopt
    BUFGCTRL_X0Y3        BUFG (Prop_bufg_I_O)         0.091     9.192 r  ps/fclk_buf[0]/O
                         net (fo=235, routed)         1.546    10.738    ps/axi_slave_gp0/O[0]
    SLICE_X1Y42          FDRE                                         r  ps/axi_slave_gp0/ack_cnt_reg[0]/C
                         clock pessimism              0.230    10.969    
                         clock uncertainty           -0.125    10.844    
    SLICE_X1Y42          FDRE (Setup_fdre_C_D)        0.029    10.873    ps/axi_slave_gp0/ack_cnt_reg[0]
  -------------------------------------------------------------------
                         required time                         10.873    
                         arrival time                         -10.269    
  -------------------------------------------------------------------
                         slack                                  0.604    

Slack (MET) :             0.801ns  (required time - arrival time)
  Source:                 ps/axi_slave_gp0/rd_araddr_reg[21]/C
                            (rising edge-triggered cell FDRE clocked by clk_fpga_0  {rise@0.000ns fall@4.000ns period=8.000ns})
  Destination:            ps/axi_slave_gp0/rd_do_reg/D
                            (rising edge-triggered cell FDRE clocked by clk_fpga_0  {rise@0.000ns fall@4.000ns period=8.000ns})
  Path Group:             clk_fpga_0
  Path Type:              Setup (Max at Slow Process Corner)
  Requirement:            8.000ns  (clk_fpga_0 rise@8.000ns - clk_fpga_0 rise@0.000ns)
  Data Path Delay:        7.080ns  (logic 2.247ns (31.737%)  route 4.833ns (68.263%))
  Logic Levels:           7  (LUT3=1 LUT5=2 LUT6=3 MUXF7=1)
  Clock Path Skew:        -0.025ns (DCD - SCD + CPR)
    Destination Clock Delay (DCD):    2.743ns = ( 10.743 - 8.000 ) 
    Source Clock Delay      (SCD):    3.036ns
    Clock Pessimism Removal (CPR):    0.267ns
  Clock Uncertainty:      0.125ns  ((TSJ^2 + TIJ^2)^1/2 + DJ) / 2 + PE
    Total System Jitter     (TSJ):    0.071ns
    Total Input Jitter      (TIJ):    0.240ns
    Discrete Jitter          (DJ):    0.000ns
    Phase Error              (PE):    0.000ns

    Location             Delay type                Incr(ns)  Path(ns)    Netlist Resource(s)
  -------------------------------------------------------------------    -------------------
                         (clock clk_fpga_0 rise edge)
                                                      0.000     0.000 r  
    PS7_X0Y0             PS7                          0.000     0.000 r  ps/system_i/processing_system7/inst/PS7_i/FCLKCLK[0]
                         net (fo=1, routed)           1.207     1.207    ps/lopt
    BUFGCTRL_X0Y3        BUFG (Prop_bufg_I_O)         0.101     1.308 r  ps/fclk_buf[0]/O
                         net (fo=235, routed)         1.728     3.036    ps/axi_slave_gp0/O[0]
    SLICE_X2Y43          FDRE                                         r  ps/axi_slave_gp0/rd_araddr_reg[21]/C
  -------------------------------------------------------------------    -------------------
    SLICE_X2Y43          FDRE (Prop_fdre_C_Q)         0.456     3.492 r  ps/axi_slave_gp0/rd_araddr_reg[21]/Q
                         net (fo=1, routed)           0.847     4.339    ps/axi_slave_gp0/rd_araddr[21]
    SLICE_X3Y43          LUT3 (Prop_lut3_I0_O)        0.152     4.491 r  ps/axi_slave_gp0/axi\\.RDATA[31]_i_3/O
                         net (fo=89, routed)          1.261     5.753    ps/axi_slave_gp0/ps_sys\\.addr[21]
    SLICE_X14Y39         LUT5 (Prop_lut5_I0_O)        0.326     6.079 f  ps/axi_slave_gp0/ack_cnt[5]_i_15/O
                         net (fo=1, routed)           0.613     6.691    ps/axi_slave_gp0/ack_cnt[5]_i_15_n_0
    SLICE_X14Y39         LUT6 (Prop_lut6_I5_O)        0.326     7.017 f  ps/axi_slave_gp0/ack_cnt[5]_i_10/O
                         net (fo=1, routed)           0.570     7.587    ps/axi_slave_gp0/ack_cnt[5]_i_10_n_0
    SLICE_X12Y39         LUT6 (Prop_lut6_I0_O)        0.124     7.711 f  ps/axi_slave_gp0/ack_cnt[5]_i_7/O
                         net (fo=1, routed)           0.000     7.711    ps/axi_slave_gp0/ack_cnt[5]_i_7_n_0
    SLICE_X12Y39         MUXF7 (Prop_muxf7_I0_O)      0.209     7.920 f  ps/axi_slave_gp0/ack_cnt_reg[5]_i_4/O
                         net (fo=5, routed)           1.088     9.008    ps/axi_slave_gp0/ps_sys\\.ack
    SLICE_X2Y44          LUT5 (Prop_lut5_I0_O)        0.322     9.330 f  ps/axi_slave_gp0/ack_cnt[0]_i_3/O
                         net (fo=2, routed)           0.454     9.784    ps/axi_slave_gp0/ack_cnt[0]_i_3_n_0
    SLICE_X2Y44          LUT6 (Prop_lut6_I4_O)        0.332    10.116 r  ps/axi_slave_gp0/rd_do_i_1/O
                         net (fo=1, routed)           0.000    10.116    ps/axi_slave_gp0/rd_do_i_1_n_0
    SLICE_X2Y44          FDRE                                         r  ps/axi_slave_gp0/rd_do_reg/D
  -------------------------------------------------------------------    -------------------

                         (clock clk_fpga_0 rise edge)
                                                      8.000     8.000 r  
    PS7_X0Y0             PS7                          0.000     8.000 r  ps/system_i/processing_system7/inst/PS7_i/FCLKCLK[0]
                         net (fo=1, routed)           1.101     9.101    ps/lopt
    BUFGCTRL_X0Y3        BUFG (Prop_bufg_I_O)         0.091     9.192 r  ps/fclk_buf[0]/O
                         net (fo=235, routed)         1.551    10.743    ps/axi_slave_gp0/O[0]
    SLICE_X2Y44          FDRE                                         r  ps/axi_slave_gp0/rd_do_reg/C
                         clock pessimism              0.267    11.011    
                         clock uncertainty           -0.125    10.886    
    SLICE_X2Y44          FDRE (Setup_fdre_C_D)        0.031    10.917    ps/axi_slave_gp0/rd_do_reg
  -------------------------------------------------------------------
                         required time                         10.917    
                         arrival time                         -10.116    
  -------------------------------------------------------------------
                         slack                                  0.801    

Slack (MET) :             0.801ns  (required time - arrival time)
  Source:                 ps/axi_slave_gp0/rd_do_reg/C
                            (rising edge-triggered cell FDRE clocked by clk_fpga_0  {rise@0.000ns fall@4.000ns period=8.000ns})
  Destination:            ps/axi_slave_gp0/ack_cnt_reg[1]/R
                            (rising edge-triggered cell FDRE clocked by clk_fpga_0  {rise@0.000ns fall@4.000ns period=8.000ns})
  Path Group:             clk_fpga_0
  Path Type:              Setup (Max at Slow Process Corner)
  Requirement:            8.000ns  (clk_fpga_0 rise@8.000ns - clk_fpga_0 rise@0.000ns)
  Data Path Delay:        6.619ns  (logic 1.890ns (28.556%)  route 4.729ns (71.444%))
  Logic Levels:           6  (LUT3=1 LUT5=1 LUT6=3 MUXF7=1)
  Clock Path Skew:        -0.026ns (DCD - SCD + CPR)
    Destination Clock Delay (DCD):    2.743ns = ( 10.743 - 8.000 ) 
    Source Clock Delay      (SCD):    3.036ns
    Clock Pessimism Removal (CPR):    0.267ns
  Clock Uncertainty:      0.125ns  ((TSJ^2 + TIJ^2)^1/2 + DJ) / 2 + PE
    Total System Jitter     (TSJ):    0.071ns
    Total Input Jitter      (TIJ):    0.240ns
    Discrete Jitter          (DJ):    0.000ns
    Phase Error              (PE):    0.000ns

    Location             Delay type                Incr(ns)  Path(ns)    Netlist Resource(s)
  -------------------------------------------------------------------    -------------------
                         (clock clk_fpga_0 rise edge)
                                                      0.000     0.000 r  
    PS7_X0Y0             PS7                          0.000     0.000 r  ps/system_i/processing_system7/inst/PS7_i/FCLKCLK[0]
                         net (fo=1, routed)           1.207     1.207    ps/lopt
    BUFGCTRL_X0Y3        BUFG (Prop_bufg_I_O)         0.101     1.308 r  ps/fclk_buf[0]/O
                         net (fo=235, routed)         1.728     3.036    ps/axi_slave_gp0/O[0]
    SLICE_X2Y44          FDRE                                         r  ps/axi_slave_gp0/rd_do_reg/C
  -------------------------------------------------------------------    -------------------
    SLICE_X2Y44          FDRE (Prop_fdre_C_Q)         0.456     3.492 r  ps/axi_slave_gp0/rd_do_reg/Q
                         net (fo=37, routed)          0.854     4.346    ps/axi_slave_gp0/rd_do
    SLICE_X3Y43          LUT3 (Prop_lut3_I2_O)        0.152     4.498 f  ps/axi_slave_gp0/axi\\.RDATA[31]_i_3/O
                         net (fo=89, routed)          1.261     5.760    ps/axi_slave_gp0/ps_sys\\.addr[21]
    SLICE_X14Y39         LUT5 (Prop_lut5_I0_O)        0.326     6.086 r  ps/axi_slave_gp0/ack_cnt[5]_i_15/O
                         net (fo=1, routed)           0.613     6.698    ps/axi_slave_gp0/ack_cnt[5]_i_15_n_0
    SLICE_X14Y39         LUT6 (Prop_lut6_I5_O)        0.326     7.024 r  ps/axi_slave_gp0/ack_cnt[5]_i_10/O
                         net (fo=1, routed)           0.570     7.594    ps/axi_slave_gp0/ack_cnt[5]_i_10_n_0
    SLICE_X12Y39         LUT6 (Prop_lut6_I0_O)        0.124     7.718 r  ps/axi_slave_gp0/ack_cnt[5]_i_7/O
                         net (fo=1, routed)           0.000     7.718    ps/axi_slave_gp0/ack_cnt[5]_i_7_n_0
    SLICE_X12Y39         MUXF7 (Prop_muxf7_I0_O)      0.209     7.927 r  ps/axi_slave_gp0/ack_cnt_reg[5]_i_4/O
                         net (fo=5, routed)           0.938     8.866    ps/axi_slave_gp0/ps_sys\\.ack
    SLICE_X0Y42          LUT6 (Prop_lut6_I3_O)        0.297     9.163 r  ps/axi_slave_gp0/ack_cnt[5]_i_1/O
                         net (fo=5, routed)           0.492     9.655    ps/axi_slave_gp0/ack_cnt[5]
    SLICE_X2Y41          FDRE                                         r  ps/axi_slave_gp0/ack_cnt_reg[1]/R
  -------------------------------------------------------------------    -------------------

                         (clock clk_fpga_0 rise edge)
                                                      8.000     8.000 r  
    PS7_X0Y0             PS7                          0.000     8.000 r  ps/system_i/processing_system7/inst/PS7_i/FCLKCLK[0]
                         net (fo=1, routed)           1.101     9.101    ps/lopt
    BUFGCTRL_X0Y3        BUFG (Prop_bufg_I_O)         0.091     9.192 r  ps/fclk_buf[0]/O
                         net (fo=235, routed)         1.550    10.742    ps/axi_slave_gp0/O[0]
    SLICE_X2Y41          FDRE                                         r  ps/axi_slave_gp0/ack_cnt_reg[1]/C
                         clock pessimism              0.267    11.010    
                         clock uncertainty           -0.125    10.885    
    SLICE_X2Y41          FDRE (Setup_fdre_C_R)       -0.429    10.456    ps/axi_slave_gp0/ack_cnt_reg[1]
  -------------------------------------------------------------------
                         required time                         10.456    
                         arrival time                          -9.655    
  -------------------------------------------------------------------
                         slack                                  0.801    

Slack (MET) :             0.801ns  (required time - arrival time)
  Source:                 ps/axi_slave_gp0/rd_do_reg/C
                            (rising edge-triggered cell FDRE clocked by clk_fpga_0  {rise@0.000ns fall@4.000ns period=8.000ns})
  Destination:            ps/axi_slave_gp0/ack_cnt_reg[2]/R
                            (rising edge-triggered cell FDRE clocked by clk_fpga_0  {rise@0.000ns fall@4.000ns period=8.000ns})
  Path Group:             clk_fpga_0
  Path Type:              Setup (Max at Slow Process Corner)
  Requirement:            8.000ns  (clk_fpga_0 rise@8.000ns - clk_fpga_0 rise@0.000ns)
  Data Path Delay:        6.619ns  (logic 1.890ns (28.556%)  route 4.729ns (71.444%))
  Logic Levels:           6  (LUT3=1 LUT5=1 LUT6=3 MUXF7=1)
  Clock Path Skew:        -0.026ns (DCD - SCD + CPR)
    Destination Clock Delay (DCD):    2.743ns = ( 10.743 - 8.000 ) 
    Source Clock Delay      (SCD):    3.036ns
    Clock Pessimism Removal (CPR):    0.267ns
  Clock Uncertainty:      0.125ns  ((TSJ^2 + TIJ^2)^1/2 + DJ) / 2 + PE
    Total System Jitter     (TSJ):    0.071ns
    Total Input Jitter      (TIJ):    0.240ns
    Discrete Jitter          (DJ):    0.000ns
    Phase Error              (PE):    0.000ns

    Location             Delay type                Incr(ns)  Path(ns)    Netlist Resource(s)
  -------------------------------------------------------------------    -------------------
                         (clock clk_fpga_0 rise edge)
                                                      0.000     0.000 r  
    PS7_X0Y0             PS7                          0.000     0.000 r  ps/system_i/processing_system7/inst/PS7_i/FCLKCLK[0]
                         net (fo=1, routed)           1.207     1.207    ps/lopt
    BUFGCTRL_X0Y3        BUFG (Prop_bufg_I_O)         0.101     1.308 r  ps/fclk_buf[0]/O
                         net (fo=235, routed)         1.728     3.036    ps/axi_slave_gp0/O[0]
    SLICE_X2Y44          FDRE                                         r  ps/axi_slave_gp0/rd_do_reg/C
  -------------------------------------------------------------------    -------------------
    SLICE_X2Y44          FDRE (Prop_fdre_C_Q)         0.456     3.492 r  ps/axi_slave_gp0/rd_do_reg/Q
                         net (fo=37, routed)          0.854     4.346    ps/axi_slave_gp0/rd_do
    SLICE_X3Y43          LUT3 (Prop_lut3_I2_O)        0.152     4.498 f  ps/axi_slave_gp0/axi\\.RDATA[31]_i_3/O
                         net (fo=89, routed)          1.261     5.760    ps/axi_slave_gp0/ps_sys\\.addr[21]
    SLICE_X14Y39         LUT5 (Prop_lut5_I0_O)        0.326     6.086 r  ps/axi_slave_gp0/ack_cnt[5]_i_15/O
                         net (fo=1, routed)           0.613     6.698    ps/axi_slave_gp0/ack_cnt[5]_i_15_n_0
    SLICE_X14Y39         LUT6 (Prop_lut6_I5_O)        0.326     7.024 r  ps/axi_slave_gp0/ack_cnt[5]_i_10/O
                         net (fo=1, routed)           0.570     7.594    ps/axi_slave_gp0/ack_cnt[5]_i_10_n_0
    SLICE_X12Y39         LUT6 (Prop_lut6_I0_O)        0.124     7.718 r  ps/axi_slave_gp0/ack_cnt[5]_i_7/O
                         net (fo=1, routed)           0.000     7.718    ps/axi_slave_gp0/ack_cnt[5]_i_7_n_0
    SLICE_X12Y39         MUXF7 (Prop_muxf7_I0_O)      0.209     7.927 r  ps/axi_slave_gp0/ack_cnt_reg[5]_i_4/O
                         net (fo=5, routed)           0.938     8.866    ps/axi_slave_gp0/ps_sys\\.ack
    SLICE_X0Y42          LUT6 (Prop_lut6_I3_O)        0.297     9.163 r  ps/axi_slave_gp0/ack_cnt[5]_i_1/O
                         net (fo=5, routed)           0.492     9.655    ps/axi_slave_gp0/ack_cnt[5]
    SLICE_X2Y41          FDRE                                         r  ps/axi_slave_gp0/ack_cnt_reg[2]/R
  -------------------------------------------------------------------    -------------------

                         (clock clk_fpga_0 rise edge)
                                                      8.000     8.000 r  
    PS7_X0Y0             PS7                          0.000     8.000 r  ps/system_i/processing_system7/inst/PS7_i/FCLKCLK[0]
                         net (fo=1, routed)           1.101     9.101    ps/lopt
    BUFGCTRL_X0Y3        BUFG (Prop_bufg_I_O)         0.091     9.192 r  ps/fclk_buf[0]/O
                         net (fo=235, routed)         1.550    10.742    ps/axi_slave_gp0/O[0]
    SLICE_X2Y41          FDRE                                         r  ps/axi_slave_gp0/ack_cnt_reg[2]/C
                         clock pessimism              0.267    11.010    
                         clock uncertainty           -0.125    10.885    
    SLICE_X2Y41          FDRE (Setup_fdre_C_R)       -0.429    10.456    ps/axi_slave_gp0/ack_cnt_reg[2]
  -------------------------------------------------------------------
                         required time                         10.456    
                         arrival time                          -9.655    
  -------------------------------------------------------------------
                         slack                                  0.801    

Slack (MET) :             0.801ns  (required time - arrival time)
  Source:                 ps/axi_slave_gp0/rd_do_reg/C
                            (rising edge-triggered cell FDRE clocked by clk_fpga_0  {rise@0.000ns fall@4.000ns period=8.000ns})
  Destination:            ps/axi_slave_gp0/ack_cnt_reg[3]/R
                            (rising edge-triggered cell FDRE clocked by clk_fpga_0  {rise@0.000ns fall@4.000ns period=8.000ns})
  Path Group:             clk_fpga_0
  Path Type:              Setup (Max at Slow Process Corner)
  Requirement:            8.000ns  (clk_fpga_0 rise@8.000ns - clk_fpga_0 rise@0.000ns)
  Data Path Delay:        6.619ns  (logic 1.890ns (28.556%)  route 4.729ns (71.444%))
  Logic Levels:           6  (LUT3=1 LUT5=1 LUT6=3 MUXF7=1)
  Clock Path Skew:        -0.026ns (DCD - SCD + CPR)
    Destination Clock Delay (DCD):    2.743ns = ( 10.743 - 8.000 ) 
    Source Clock Delay      (SCD):    3.036ns
    Clock Pessimism Removal (CPR):    0.267ns
  Clock Uncertainty:      0.125ns  ((TSJ^2 + TIJ^2)^1/2 + DJ) / 2 + PE
    Total System Jitter     (TSJ):    0.071ns
    Total Input Jitter      (TIJ):    0.240ns
    Discrete Jitter          (DJ):    0.000ns
    Phase Error              (PE):    0.000ns

    Location             Delay type                Incr(ns)  Path(ns)    Netlist Resource(s)
  -------------------------------------------------------------------    -------------------
                         (clock clk_fpga_0 rise edge)
                                                      0.000     0.000 r  
    PS7_X0Y0             PS7                          0.000     0.000 r  ps/system_i/processing_system7/inst/PS7_i/FCLKCLK[0]
                         net (fo=1, routed)           1.207     1.207    ps/lopt
    BUFGCTRL_X0Y3        BUFG (Prop_bufg_I_O)         0.101     1.308 r  ps/fclk_buf[0]/O
                         net (fo=235, routed)         1.728     3.036    ps/axi_slave_gp0/O[0]
    SLICE_X2Y44          FDRE                                         r  ps/axi_slave_gp0/rd_do_reg/C
  -------------------------------------------------------------------    -------------------
    SLICE_X2Y44          FDRE (Prop_fdre_C_Q)         0.456     3.492 r  ps/axi_slave_gp0/rd_do_reg/Q
                         net (fo=37, routed)          0.854     4.346    ps/axi_slave_gp0/rd_do
    SLICE_X3Y43          LUT3 (Prop_lut3_I2_O)        0.152     4.498 f  ps/axi_slave_gp0/axi\\.RDATA[31]_i_3/O
                         net (fo=89, routed)          1.261     5.760    ps/axi_slave_gp0/ps_sys\\.addr[21]
    SLICE_X14Y39         LUT5 (Prop_lut5_I0_O)        0.326     6.086 r  ps/axi_slave_gp0/ack_cnt[5]_i_15/O
                         net (fo=1, routed)           0.613     6.698    ps/axi_slave_gp0/ack_cnt[5]_i_15_n_0
    SLICE_X14Y39         LUT6 (Prop_lut6_I5_O)        0.326     7.024 r  ps/axi_slave_gp0/ack_cnt[5]_i_10/O
                         net (fo=1, routed)           0.570     7.594    ps/axi_slave_gp0/ack_cnt[5]_i_10_n_0
    SLICE_X12Y39         LUT6 (Prop_lut6_I0_O)        0.124     7.718 r  ps/axi_slave_gp0/ack_cnt[5]_i_7/O
                         net (fo=1, routed)           0.000     7.718    ps/axi_slave_gp0/ack_cnt[5]_i_7_n_0
    SLICE_X12Y39         MUXF7 (Prop_muxf7_I0_O)      0.209     7.927 r  ps/axi_slave_gp0/ack_cnt_reg[5]_i_4/O
                         net (fo=5, routed)           0.938     8.866    ps/axi_slave_gp0/ps_sys\\.ack
    SLICE_X0Y42          LUT6 (Prop_lut6_I3_O)        0.297     9.163 r  ps/axi_slave_gp0/ack_cnt[5]_i_1/O
                         net (fo=5, routed)           0.492     9.655    ps/axi_slave_gp0/ack_cnt[5]
    SLICE_X2Y41          FDRE                                         r  ps/axi_slave_gp0/ack_cnt_reg[3]/R
  -------------------------------------------------------------------    -------------------

                         (clock clk_fpga_0 rise edge)
                                                      8.000     8.000 r  
    PS7_X0Y0             PS7                          0.000     8.000 r  ps/system_i/processing_system7/inst/PS7_i/FCLKCLK[0]
                         net (fo=1, routed)           1.101     9.101    ps/lopt
    BUFGCTRL_X0Y3        BUFG (Prop_bufg_I_O)         0.091     9.192 r  ps/fclk_buf[0]/O
                         net (fo=235, routed)         1.550    10.742    ps/axi_slave_gp0/O[0]
    SLICE_X2Y41          FDRE                                         r  ps/axi_slave_gp0/ack_cnt_reg[3]/C
                         clock pessimism              0.267    11.010    
                         clock uncertainty           -0.125    10.885    
    SLICE_X2Y41          FDRE (Setup_fdre_C_R)       -0.429    10.456    ps/axi_slave_gp0/ack_cnt_reg[3]
  -------------------------------------------------------------------
                         required time                         10.456    
                         arrival time                          -9.655    
  -------------------------------------------------------------------
                         slack                                  0.801    

Slack (MET) :             0.801ns  (required time - arrival time)
  Source:                 ps/axi_slave_gp0/rd_do_reg/C
                            (rising edge-triggered cell FDRE clocked by clk_fpga_0  {rise@0.000ns fall@4.000ns period=8.000ns})
  Destination:            ps/axi_slave_gp0/ack_cnt_reg[4]/R
                            (rising edge-triggered cell FDRE clocked by clk_fpga_0  {rise@0.000ns fall@4.000ns period=8.000ns})
  Path Group:             clk_fpga_0
  Path Type:              Setup (Max at Slow Process Corner)
  Requirement:            8.000ns  (clk_fpga_0 rise@8.000ns - clk_fpga_0 rise@0.000ns)
  Data Path Delay:        6.619ns  (logic 1.890ns (28.556%)  route 4.729ns (71.444%))
  Logic Levels:           6  (LUT3=1 LUT5=1 LUT6=3 MUXF7=1)
  Clock Path Skew:        -0.026ns (DCD - SCD + CPR)
    Destination Clock Delay (DCD):    2.743ns = ( 10.743 - 8.000 ) 
    Source Clock Delay      (SCD):    3.036ns
    Clock Pessimism Removal (CPR):    0.267ns
  Clock Uncertainty:      0.125ns  ((TSJ^2 + TIJ^2)^1/2 + DJ) / 2 + PE
    Total System Jitter     (TSJ):    0.071ns
    Total Input Jitter      (TIJ):    0.240ns
    Discrete Jitter          (DJ):    0.000ns
    Phase Error              (PE):    0.000ns

    Location             Delay type                Incr(ns)  Path(ns)    Netlist Resource(s)
  -------------------------------------------------------------------    -------------------
                         (clock clk_fpga_0 rise edge)
                                                      0.000     0.000 r  
    PS7_X0Y0             PS7                          0.000     0.000 r  ps/system_i/processing_system7/inst/PS7_i/FCLKCLK[0]
                         net (fo=1, routed)           1.207     1.207    ps/lopt
    BUFGCTRL_X0Y3        BUFG (Prop_bufg_I_O)         0.101     1.308 r  ps/fclk_buf[0]/O
                         net (fo=235, routed)         1.728     3.036    ps/axi_slave_gp0/O[0]
    SLICE_X2Y44          FDRE                                         r  ps/axi_slave_gp0/rd_do_reg/C
  -------------------------------------------------------------------    -------------------
    SLICE_X2Y44          FDRE (Prop_fdre_C_Q)         0.456     3.492 r  ps/axi_slave_gp0/rd_do_reg/Q
                         net (fo=37, routed)          0.854     4.346    ps/axi_slave_gp0/rd_do
    SLICE_X3Y43          LUT3 (Prop_lut3_I2_O)        0.152     4.498 f  ps/axi_slave_gp0/axi\\.RDATA[31]_i_3/O
                         net (fo=89, routed)          1.261     5.760    ps/axi_slave_gp0/ps_sys\\.addr[21]
    SLICE_X14Y39         LUT5 (Prop_lut5_I0_O)        0.326     6.086 r  ps/axi_slave_gp0/ack_cnt[5]_i_15/O
                         net (fo=1, routed)           0.613     6.698    ps/axi_slave_gp0/ack_cnt[5]_i_15_n_0
    SLICE_X14Y39         LUT6 (Prop_lut6_I5_O)        0.326     7.024 r  ps/axi_slave_gp0/ack_cnt[5]_i_10/O
                         net (fo=1, routed)           0.570     7.594    ps/axi_slave_gp0/ack_cnt[5]_i_10_n_0
    SLICE_X12Y39         LUT6 (Prop_lut6_I0_O)        0.124     7.718 r  ps/axi_slave_gp0/ack_cnt[5]_i_7/O
                         net (fo=1, routed)           0.000     7.718    ps/axi_slave_gp0/ack_cnt[5]_i_7_n_0
    SLICE_X12Y39         MUXF7 (Prop_muxf7_I0_O)      0.209     7.927 r  ps/axi_slave_gp0/ack_cnt_reg[5]_i_4/O
                         net (fo=5, routed)           0.938     8.866    ps/axi_slave_gp0/ps_sys\\.ack
    SLICE_X0Y42          LUT6 (Prop_lut6_I3_O)        0.297     9.163 r  ps/axi_slave_gp0/ack_cnt[5]_i_1/O
                         net (fo=5, routed)           0.492     9.655    ps/axi_slave_gp0/ack_cnt[5]
    SLICE_X2Y41          FDRE                                         r  ps/axi_slave_gp0/ack_cnt_reg[4]/R
  -------------------------------------------------------------------    -------------------

                         (clock clk_fpga_0 rise edge)
                                                      8.000     8.000 r  
    PS7_X0Y0             PS7                          0.000     8.000 r  ps/system_i/processing_system7/inst/PS7_i/FCLKCLK[0]
                         net (fo=1, routed)           1.101     9.101    ps/lopt
    BUFGCTRL_X0Y3        BUFG (Prop_bufg_I_O)         0.091     9.192 r  ps/fclk_buf[0]/O
                         net (fo=235, routed)         1.550    10.742    ps/axi_slave_gp0/O[0]
    SLICE_X2Y41          FDRE                                         r  ps/axi_slave_gp0/ack_cnt_reg[4]/C
                         clock pessimism              0.267    11.010    
                         clock uncertainty           -0.125    10.885    
    SLICE_X2Y41          FDRE (Setup_fdre_C_R)       -0.429    10.456    ps/axi_slave_gp0/ack_cnt_reg[4]
  -------------------------------------------------------------------
                         required time                         10.456    
                         arrival time                          -9.655    
  -------------------------------------------------------------------
                         slack                                  0.801    

Slack (MET) :             0.801ns  (required time - arrival time)
  Source:                 ps/axi_slave_gp0/rd_do_reg/C
                            (rising edge-triggered cell FDRE clocked by clk_fpga_0  {rise@0.000ns fall@4.000ns period=8.000ns})
  Destination:            ps/axi_slave_gp0/ack_cnt_reg[5]/R
                            (rising edge-triggered cell FDRE clocked by clk_fpga_0  {rise@0.000ns fall@4.000ns period=8.000ns})
  Path Group:             clk_fpga_0
  Path Type:              Setup (Max at Slow Process Corner)
  Requirement:            8.000ns  (clk_fpga_0 rise@8.000ns - clk_fpga_0 rise@0.000ns)
  Data Path Delay:        6.619ns  (logic 1.890ns (28.556%)  route 4.729ns (71.444%))
  Logic Levels:           6  (LUT3=1 LUT5=1 LUT6=3 MUXF7=1)
  Clock Path Skew:        -0.026ns (DCD - SCD + CPR)
    Destination Clock Delay (DCD):    2.743ns = ( 10.743 - 8.000 ) 
    Source Clock Delay      (SCD):    3.036ns
    Clock Pessimism Removal (CPR):    0.267ns
  Clock Uncertainty:      0.125ns  ((TSJ^2 + TIJ^2)^1/2 + DJ) / 2 + PE
    Total System Jitter     (TSJ):    0.071ns
    Total Input Jitter      (TIJ):    0.240ns
    Discrete Jitter          (DJ):    0.000ns
    Phase Error              (PE):    0.000ns

    Location             Delay type                Incr(ns)  Path(ns)    Netlist Resource(s)
  -------------------------------------------------------------------    -------------------
                         (clock clk_fpga_0 rise edge)
                                                      0.000     0.000 r  
    PS7_X0Y0             PS7                          0.000     0.000 r  ps/system_i/processing_system7/inst/PS7_i/FCLKCLK[0]
                         net (fo=1, routed)           1.207     1.207    ps/lopt
    BUFGCTRL_X0Y3        BUFG (Prop_bufg_I_O)         0.101     1.308 r  ps/fclk_buf[0]/O
                         net (fo=235, routed)         1.728     3.036    ps/axi_slave_gp0/O[0]
    SLICE_X2Y44          FDRE                                         r  ps/axi_slave_gp0/rd_do_reg/C
  -------------------------------------------------------------------    -------------------
    SLICE_X2Y44          FDRE (Prop_fdre_C_Q)         0.456     3.492 r  ps/axi_slave_gp0/rd_do_reg/Q
                         net (fo=37, routed)          0.854     4.346    ps/axi_slave_gp0/rd_do
    SLICE_X3Y43          LUT3 (Prop_lut3_I2_O)        0.152     4.498 f  ps/axi_slave_gp0/axi\\.RDATA[31]_i_3/O
                         net (fo=89, routed)          1.261     5.760    ps/axi_slave_gp0/ps_sys\\.addr[21]
    SLICE_X14Y39         LUT5 (Prop_lut5_I0_O)        0.326     6.086 r  ps/axi_slave_gp0/ack_cnt[5]_i_15/O
                         net (fo=1, routed)           0.613     6.698    ps/axi_slave_gp0/ack_cnt[5]_i_15_n_0
    SLICE_X14Y39         LUT6 (Prop_lut6_I5_O)        0.326     7.024 r  ps/axi_slave_gp0/ack_cnt[5]_i_10/O
                         net (fo=1, routed)           0.570     7.594    ps/axi_slave_gp0/ack_cnt[5]_i_10_n_0
    SLICE_X12Y39         LUT6 (Prop_lut6_I0_O)        0.124     7.718 r  ps/axi_slave_gp0/ack_cnt[5]_i_7/O
                         net (fo=1, routed)           0.000     7.718    ps/axi_slave_gp0/ack_cnt[5]_i_7_n_0
    SLICE_X12Y39         MUXF7 (Prop_muxf7_I0_O)      0.209     7.927 r  ps/axi_slave_gp0/ack_cnt_reg[5]_i_4/O
                         net (fo=5, routed)           0.938     8.866    ps/axi_slave_gp0/ps_sys\\.ack
    SLICE_X0Y42          LUT6 (Prop_lut6_I3_O)        0.297     9.163 r  ps/axi_slave_gp0/ack_cnt[5]_i_1/O
                         net (fo=5, routed)           0.492     9.655    ps/axi_slave_gp0/ack_cnt[5]
    SLICE_X2Y41          FDRE                                         r  ps/axi_slave_gp0/ack_cnt_reg[5]/R
  -------------------------------------------------------------------    -------------------

                         (clock clk_fpga_0 rise edge)
                                                      8.000     8.000 r  
    PS7_X0Y0             PS7                          0.000     8.000 r  ps/system_i/processing_system7/inst/PS7_i/FCLKCLK[0]
                         net (fo=1, routed)           1.101     9.101    ps/lopt
    BUFGCTRL_X0Y3        BUFG (Prop_bufg_I_O)         0.091     9.192 r  ps/fclk_buf[0]/O
                         net (fo=235, routed)         1.550    10.742    ps/axi_slave_gp0/O[0]
    SLICE_X2Y41          FDRE                                         r  ps/axi_slave_gp0/ack_cnt_reg[5]/C
                         clock pessimism              0.267    11.010    
                         clock uncertainty           -0.125    10.885    
    SLICE_X2Y41          FDRE (Setup_fdre_C_R)       -0.429    10.456    ps/axi_slave_gp0/ack_cnt_reg[5]
  -------------------------------------------------------------------
                         required time                         10.456    
                         arrival time                          -9.655    
  -------------------------------------------------------------------
                         slack                                  0.801    

Slack (MET) :             1.664ns  (required time - arrival time)
  Source:                 ps/axi_slave_gp0/rd_do_reg/C
                            (rising edge-triggered cell FDRE clocked by clk_fpga_0  {rise@0.000ns fall@4.000ns period=8.000ns})
  Destination:            ps/axi_slave_gp0/axi\\.RLAST_reg/D
                            (rising edge-triggered cell FDRE clocked by clk_fpga_0  {rise@0.000ns fall@4.000ns period=8.000ns})
  Path Group:             clk_fpga_0
  Path Type:              Setup (Max at Slow Process Corner)
  Requirement:            8.000ns  (clk_fpga_0 rise@8.000ns - clk_fpga_0 rise@0.000ns)
  Data Path Delay:        6.175ns  (logic 1.890ns (30.607%)  route 4.285ns (69.393%))
  Logic Levels:           6  (LUT3=1 LUT5=1 LUT6=3 MUXF7=1)
  Clock Path Skew:        -0.067ns (DCD - SCD + CPR)
    Destination Clock Delay (DCD):    2.738ns = ( 10.738 - 8.000 ) 
    Source Clock Delay      (SCD):    3.036ns
    Clock Pessimism Removal (CPR):    0.230ns
  Clock Uncertainty:      0.125ns  ((TSJ^2 + TIJ^2)^1/2 + DJ) / 2 + PE
    Total System Jitter     (TSJ):    0.071ns
    Total Input Jitter      (TIJ):    0.240ns
    Discrete Jitter          (DJ):    0.000ns
    Phase Error              (PE):    0.000ns

    Location             Delay type                Incr(ns)  Path(ns)    Netlist Resource(s)
  -------------------------------------------------------------------    -------------------
                         (clock clk_fpga_0 rise edge)
                                                      0.000     0.000 r  
    PS7_X0Y0             PS7                          0.000     0.000 r  ps/system_i/processing_system7/inst/PS7_i/FCLKCLK[0]
                         net (fo=1, routed)           1.207     1.207    ps/lopt
    BUFGCTRL_X0Y3        BUFG (Prop_bufg_I_O)         0.101     1.308 r  ps/fclk_buf[0]/O
                         net (fo=235, routed)         1.728     3.036    ps/axi_slave_gp0/O[0]
    SLICE_X2Y44          FDRE                                         r  ps/axi_slave_gp0/rd_do_reg/C
  -------------------------------------------------------------------    -------------------
    SLICE_X2Y44          FDRE (Prop_fdre_C_Q)         0.456     3.492 r  ps/axi_slave_gp0/rd_do_reg/Q
                         net (fo=37, routed)          0.854     4.346    ps/axi_slave_gp0/rd_do
    SLICE_X3Y43          LUT3 (Prop_lut3_I2_O)        0.152     4.498 f  ps/axi_slave_gp0/axi\\.RDATA[31]_i_3/O
                         net (fo=89, routed)          1.261     5.760    ps/axi_slave_gp0/ps_sys\\.addr[21]
    SLICE_X14Y39         LUT5 (Prop_lut5_I0_O)        0.326     6.086 r  ps/axi_slave_gp0/ack_cnt[5]_i_15/O
                         net (fo=1, routed)           0.613     6.698    ps/axi_slave_gp0/ack_cnt[5]_i_15_n_0
    SLICE_X14Y39         LUT6 (Prop_lut6_I5_O)        0.326     7.024 r  ps/axi_slave_gp0/ack_cnt[5]_i_10/O
                         net (fo=1, routed)           0.570     7.594    ps/axi_slave_gp0/ack_cnt[5]_i_10_n_0
    SLICE_X12Y39         LUT6 (Prop_lut6_I0_O)        0.124     7.718 r  ps/axi_slave_gp0/ack_cnt[5]_i_7/O
                         net (fo=1, routed)           0.000     7.718    ps/axi_slave_gp0/ack_cnt[5]_i_7_n_0
    SLICE_X12Y39         MUXF7 (Prop_muxf7_I0_O)      0.209     7.927 r  ps/axi_slave_gp0/ack_cnt_reg[5]_i_4/O
                         net (fo=5, routed)           0.987     8.914    ps/axi_slave_gp0/ps_sys\\.ack
    SLICE_X1Y42          LUT6 (Prop_lut6_I2_O)        0.297     9.211 r  ps/axi_slave_gp0/axi\\.RLAST_i_1/O
                         net (fo=1, routed)           0.000     9.211    ps/axi_slave_gp0/axi\\.RLAST0
    SLICE_X1Y42          FDRE                                         r  ps/axi_slave_gp0/axi\\.RLAST_reg/D
  -------------------------------------------------------------------    -------------------

                         (clock clk_fpga_0 rise edge)
                                                      8.000     8.000 r  
    PS7_X0Y0             PS7                          0.000     8.000 r  ps/system_i/processing_system7/inst/PS7_i/FCLKCLK[0]
                         net (fo=1, routed)           1.101     9.101    ps/lopt
    BUFGCTRL_X0Y3        BUFG (Prop_bufg_I_O)         0.091     9.192 r  ps/fclk_buf[0]/O
                         net (fo=235, routed)         1.546    10.738    ps/axi_slave_gp0/O[0]
    SLICE_X1Y42          FDRE                                         r  ps/axi_slave_gp0/axi\\.RLAST_reg/C
                         clock pessimism              0.230    10.969    
                         clock uncertainty           -0.125    10.844    
    SLICE_X1Y42          FDRE (Setup_fdre_C_D)        0.031    10.875    ps/axi_slave_gp0/axi\\.RLAST_reg
  -------------------------------------------------------------------
                         required time                         10.875    
                         arrival time                          -9.211    
  -------------------------------------------------------------------
                         slack                                  1.664    

Slack (MET) :             1.846ns  (required time - arrival time)
  Source:                 ps/axi_slave_gp0/rd_do_reg/C
                            (rising edge-triggered cell FDRE clocked by clk_fpga_0  {rise@0.000ns fall@4.000ns period=8.000ns})
  Destination:            ps/axi_slave_gp0/wr_do_reg/D
                            (rising edge-triggered cell FDRE clocked by clk_fpga_0  {rise@0.000ns fall@4.000ns period=8.000ns})
  Path Group:             clk_fpga_0
  Path Type:              Setup (Max at Slow Process Corner)
  Requirement:            8.000ns  (clk_fpga_0 rise@8.000ns - clk_fpga_0 rise@0.000ns)
  Data Path Delay:        6.040ns  (logic 1.890ns (31.291%)  route 4.150ns (68.709%))
  Logic Levels:           6  (LUT3=1 LUT5=1 LUT6=3 MUXF7=1)
  Clock Path Skew:        -0.066ns (DCD - SCD + CPR)
    Destination Clock Delay (DCD):    2.740ns = ( 10.740 - 8.000 ) 
    Source Clock Delay      (SCD):    3.036ns
    Clock Pessimism Removal (CPR):    0.230ns
  Clock Uncertainty:      0.125ns  ((TSJ^2 + TIJ^2)^1/2 + DJ) / 2 + PE
    Total System Jitter     (TSJ):    0.071ns
    Total Input Jitter      (TIJ):    0.240ns
    Discrete Jitter          (DJ):    0.000ns
    Phase Error              (PE):    0.000ns

    Location             Delay type                Incr(ns)  Path(ns)    Netlist Resource(s)
  -------------------------------------------------------------------    -------------------
                         (clock clk_fpga_0 rise edge)
                                                      0.000     0.000 r  
    PS7_X0Y0             PS7                          0.000     0.000 r  ps/system_i/processing_system7/inst/PS7_i/FCLKCLK[0]
                         net (fo=1, routed)           1.207     1.207    ps/lopt
    BUFGCTRL_X0Y3        BUFG (Prop_bufg_I_O)         0.101     1.308 r  ps/fclk_buf[0]/O
                         net (fo=235, routed)         1.728     3.036    ps/axi_slave_gp0/O[0]
    SLICE_X2Y44          FDRE                                         r  ps/axi_slave_gp0/rd_do_reg/C
  -------------------------------------------------------------------    -------------------
    SLICE_X2Y44          FDRE (Prop_fdre_C_Q)         0.456     3.492 r  ps/axi_slave_gp0/rd_do_reg/Q
                         net (fo=37, routed)          0.854     4.346    ps/axi_slave_gp0/rd_do
    SLICE_X3Y43          LUT3 (Prop_lut3_I2_O)        0.152     4.498 r  ps/axi_slave_gp0/axi\\.RDATA[31]_i_3/O
                         net (fo=89, routed)          1.261     5.760    ps/axi_slave_gp0/ps_sys\\.addr[21]
    SLICE_X14Y39         LUT5 (Prop_lut5_I0_O)        0.326     6.086 f  ps/axi_slave_gp0/ack_cnt[5]_i_15/O
                         net (fo=1, routed)           0.613     6.698    ps/axi_slave_gp0/ack_cnt[5]_i_15_n_0
    SLICE_X14Y39         LUT6 (Prop_lut6_I5_O)        0.326     7.024 f  ps/axi_slave_gp0/ack_cnt[5]_i_10/O
                         net (fo=1, routed)           0.570     7.594    ps/axi_slave_gp0/ack_cnt[5]_i_10_n_0
    SLICE_X12Y39         LUT6 (Prop_lut6_I0_O)        0.124     7.718 f  ps/axi_slave_gp0/ack_cnt[5]_i_7/O
                         net (fo=1, routed)           0.000     7.718    ps/axi_slave_gp0/ack_cnt[5]_i_7_n_0
    SLICE_X12Y39         MUXF7 (Prop_muxf7_I0_O)      0.209     7.927 f  ps/axi_slave_gp0/ack_cnt_reg[5]_i_4/O
                         net (fo=5, routed)           0.852     8.779    ps/axi_slave_gp0/ps_sys\\.ack
    SLICE_X0Y43          LUT6 (Prop_lut6_I3_O)        0.297     9.076 r  ps/axi_slave_gp0/wr_do_i_1/O
                         net (fo=1, routed)           0.000     9.076    ps/axi_slave_gp0/wr_do_i_1_n_0
    SLICE_X0Y43          FDRE                                         r  ps/axi_slave_gp0/wr_do_reg/D
  -------------------------------------------------------------------    -------------------

                         (clock clk_fpga_0 rise edge)
                                                      8.000     8.000 r  
    PS7_X0Y0             PS7                          0.000     8.000 r  ps/system_i/processing_system7/inst/PS7_i/FCLKCLK[0]
                         net (fo=1, routed)           1.101     9.101    ps/lopt
    BUFGCTRL_X0Y3        BUFG (Prop_bufg_I_O)         0.091     9.192 r  ps/fclk_buf[0]/O
                         net (fo=235, routed)         1.547    10.740    ps/axi_slave_gp0/O[0]
    SLICE_X0Y43          FDRE                                         r  ps/axi_slave_gp0/wr_do_reg/C
                         clock pessimism              0.230    10.970    
                         clock uncertainty           -0.125    10.845    
    SLICE_X0Y43          FDRE (Setup_fdre_C_D)        0.077    10.922    ps/axi_slave_gp0/wr_do_reg
  -------------------------------------------------------------------
                         required time                         10.922    
                         arrival time                          -9.076    
  -------------------------------------------------------------------
                         slack                                  1.846    

Slack (MET) :             1.882ns  (required time - arrival time)
  Source:                 ps/axi_slave_gp0/rd_araddr_reg[21]/C
                            (rising edge-triggered cell FDRE clocked by clk_fpga_0  {rise@0.000ns fall@4.000ns period=8.000ns})
  Destination:            ps/axi_slave_gp0/axi\\.BVALID_reg/D
                            (rising edge-triggered cell FDRE clocked by clk_fpga_0  {rise@0.000ns fall@4.000ns period=8.000ns})
  Path Group:             clk_fpga_0
  Path Type:              Setup (Max at Slow Process Corner)
  Requirement:            8.000ns  (clk_fpga_0 rise@8.000ns - clk_fpga_0 rise@0.000ns)
  Data Path Delay:        5.997ns  (logic 1.890ns (31.514%)  route 4.107ns (68.485%))
  Logic Levels:           6  (LUT3=1 LUT5=1 LUT6=3 MUXF7=1)
  Clock Path Skew:        -0.025ns (DCD - SCD + CPR)
    Destination Clock Delay (DCD):    2.743ns = ( 10.743 - 8.000 ) 
    Source Clock Delay      (SCD):    3.036ns
    Clock Pessimism Removal (CPR):    0.267ns
  Clock Uncertainty:      0.125ns  ((TSJ^2 + TIJ^2)^1/2 + DJ) / 2 + PE
    Total System Jitter     (TSJ):    0.071ns
    Total Input Jitter      (TIJ):    0.240ns
    Discrete Jitter          (DJ):    0.000ns
    Phase Error              (PE):    0.000ns

    Location             Delay type                Incr(ns)  Path(ns)    Netlist Resource(s)
  -------------------------------------------------------------------    -------------------
                         (clock clk_fpga_0 rise edge)
                                                      0.000     0.000 r  
    PS7_X0Y0             PS7                          0.000     0.000 r  ps/system_i/processing_system7/inst/PS7_i/FCLKCLK[0]
                         net (fo=1, routed)           1.207     1.207    ps/lopt
    BUFGCTRL_X0Y3        BUFG (Prop_bufg_I_O)         0.101     1.308 r  ps/fclk_buf[0]/O
                         net (fo=235, routed)         1.728     3.036    ps/axi_slave_gp0/O[0]
    SLICE_X2Y43          FDRE                                         r  ps/axi_slave_gp0/rd_araddr_reg[21]/C
  -------------------------------------------------------------------    -------------------
    SLICE_X2Y43          FDRE (Prop_fdre_C_Q)         0.456     3.492 f  ps/axi_slave_gp0/rd_araddr_reg[21]/Q
                         net (fo=1, routed)           0.847     4.339    ps/axi_slave_gp0/rd_araddr[21]
    SLICE_X3Y43          LUT3 (Prop_lut3_I0_O)        0.152     4.491 f  ps/axi_slave_gp0/axi\\.RDATA[31]_i_3/O
                         net (fo=89, routed)          1.261     5.753    ps/axi_slave_gp0/ps_sys\\.addr[21]
    SLICE_X14Y39         LUT5 (Prop_lut5_I0_O)        0.326     6.079 r  ps/axi_slave_gp0/ack_cnt[5]_i_15/O
                         net (fo=1, routed)           0.613     6.691    ps/axi_slave_gp0/ack_cnt[5]_i_15_n_0
    SLICE_X14Y39         LUT6 (Prop_lut6_I5_O)        0.326     7.017 r  ps/axi_slave_gp0/ack_cnt[5]_i_10/O
                         net (fo=1, routed)           0.570     7.587    ps/axi_slave_gp0/ack_cnt[5]_i_10_n_0
    SLICE_X12Y39         LUT6 (Prop_lut6_I0_O)        0.124     7.711 r  ps/axi_slave_gp0/ack_cnt[5]_i_7/O
                         net (fo=1, routed)           0.000     7.711    ps/axi_slave_gp0/ack_cnt[5]_i_7_n_0
    SLICE_X12Y39         MUXF7 (Prop_muxf7_I0_O)      0.209     7.920 r  ps/axi_slave_gp0/ack_cnt_reg[5]_i_4/O
                         net (fo=5, routed)           0.816     8.736    ps/axi_slave_gp0/ps_sys\\.ack
    SLICE_X2Y44          LUT6 (Prop_lut6_I3_O)        0.297     9.033 r  ps/axi_slave_gp0/axi\\.BVALID_i_1/O
                         net (fo=1, routed)           0.000     9.033    ps/axi_slave_gp0/axi\\.BVALID0
    SLICE_X2Y44          FDRE                                         r  ps/axi_slave_gp0/axi\\.BVALID_reg/D
  -------------------------------------------------------------------    -------------------

                         (clock clk_fpga_0 rise edge)
                                                      8.000     8.000 r  
    PS7_X0Y0             PS7                          0.000     8.000 r  ps/system_i/processing_system7/inst/PS7_i/FCLKCLK[0]
                         net (fo=1, routed)           1.101     9.101    ps/lopt
    BUFGCTRL_X0Y3        BUFG (Prop_bufg_I_O)         0.091     9.192 r  ps/fclk_buf[0]/O
                         net (fo=235, routed)         1.551    10.743    ps/axi_slave_gp0/O[0]
    SLICE_X2Y44          FDRE                                         r  ps/axi_slave_gp0/axi\\.BVALID_reg/C
                         clock pessimism              0.267    11.011    
                         clock uncertainty           -0.125    10.886    
    SLICE_X2Y44          FDRE (Setup_fdre_C_D)        0.029    10.915    ps/axi_slave_gp0/axi\\.BVALID_reg
  -------------------------------------------------------------------
                         required time                         10.915    
                         arrival time                          -9.033    
  -------------------------------------------------------------------
                         slack                                  1.882    





Min Delay Paths
--------------------------------------------------------------------------------------
Slack (MET) :             0.122ns  (arrival time - required time)
  Source:                 sys_bus_interconnect/for_bus[1].inst_sys_bus_cdc/ctrl_done_csff_reg[0]/C
                            (rising edge-triggered cell FDRE clocked by clk_fpga_0  {rise@0.000ns fall@4.000ns period=8.000ns})
  Destination:            sys_bus_interconnect/for_bus[1].inst_sys_bus_cdc/ctrl_done_csff_reg[1]/D
                            (rising edge-triggered cell FDRE clocked by clk_fpga_0  {rise@0.000ns fall@4.000ns period=8.000ns})
  Path Group:             clk_fpga_0
  Path Type:              Hold (Min at Fast Process Corner)
  Requirement:            0.000ns  (clk_fpga_0 rise@0.000ns - clk_fpga_0 rise@0.000ns)
  Data Path Delay:        0.197ns  (logic 0.141ns (71.611%)  route 0.056ns (28.389%))
  Logic Levels:           0  
  Clock Path Skew:        0.000ns (DCD - SCD - CPR)
    Destination Clock Delay (DCD):    1.198ns
    Source Clock Delay      (SCD):    0.899ns
    Clock Pessimism Removal (CPR):    0.299ns

    Location             Delay type                Incr(ns)  Path(ns)    Netlist Resource(s)
  -------------------------------------------------------------------    -------------------
                         (clock clk_fpga_0 rise edge)
                                                      0.000     0.000 r  
    PS7_X0Y0             PS7                          0.000     0.000 r  ps/system_i/processing_system7/inst/PS7_i/FCLKCLK[0]
                         net (fo=1, routed)           0.315     0.315    ps/lopt
    BUFGCTRL_X0Y3        BUFG (Prop_bufg_I_O)         0.026     0.341 r  ps/fclk_buf[0]/O
                         net (fo=235, routed)         0.558     0.899    sys_bus_interconnect/for_bus[1].inst_sys_bus_cdc/CLK
    SLICE_X21Y39         FDRE                                         r  sys_bus_interconnect/for_bus[1].inst_sys_bus_cdc/ctrl_done_csff_reg[0]/C
  -------------------------------------------------------------------    -------------------
    SLICE_X21Y39         FDRE (Prop_fdre_C_Q)         0.141     1.039 r  sys_bus_interconnect/for_bus[1].inst_sys_bus_cdc/ctrl_done_csff_reg[0]/Q
                         net (fo=1, routed)           0.056     1.095    sys_bus_interconnect/for_bus[1].inst_sys_bus_cdc/ctrl_done_csff[0]
    SLICE_X21Y39         FDRE                                         r  sys_bus_interconnect/for_bus[1].inst_sys_bus_cdc/ctrl_done_csff_reg[1]/D
  -------------------------------------------------------------------    -------------------

                         (clock clk_fpga_0 rise edge)
                                                      0.000     0.000 r  
    PS7_X0Y0             PS7                          0.000     0.000 r  ps/system_i/processing_system7/inst/PS7_i/FCLKCLK[0]
                         net (fo=1, routed)           0.341     0.341    ps/lopt
    BUFGCTRL_X0Y3        BUFG (Prop_bufg_I_O)         0.029     0.370 r  ps/fclk_buf[0]/O
                         net (fo=235, routed)         0.828     1.198    sys_bus_interconnect/for_bus[1].inst_sys_bus_cdc/CLK
    SLICE_X21Y39         FDRE                                         r  sys_bus_interconnect/for_bus[1].inst_sys_bus_cdc/ctrl_done_csff_reg[1]/C
                         clock pessimism             -0.299     0.899    
    SLICE_X21Y39         FDRE (Hold_fdre_C_D)         0.075     0.974    sys_bus_interconnect/for_bus[1].inst_sys_bus_cdc/ctrl_done_csff_reg[1]
  -------------------------------------------------------------------
                         required time                         -0.974    
                         arrival time                           1.095    
  -------------------------------------------------------------------
                         slack                                  0.122    

Slack (MET) :             0.122ns  (arrival time - required time)
  Source:                 sys_bus_interconnect/for_bus[2].inst_sys_bus_cdc/ctrl_done_csff_reg[0]/C
                            (rising edge-triggered cell FDRE clocked by clk_fpga_0  {rise@0.000ns fall@4.000ns period=8.000ns})
  Destination:            sys_bus_interconnect/for_bus[2].inst_sys_bus_cdc/ctrl_done_csff_reg[1]/D
                            (rising edge-triggered cell FDRE clocked by clk_fpga_0  {rise@0.000ns fall@4.000ns period=8.000ns})
  Path Group:             clk_fpga_0
  Path Type:              Hold (Min at Fast Process Corner)
  Requirement:            0.000ns  (clk_fpga_0 rise@0.000ns - clk_fpga_0 rise@0.000ns)
  Data Path Delay:        0.197ns  (logic 0.141ns (71.611%)  route 0.056ns (28.389%))
  Logic Levels:           0  
  Clock Path Skew:        0.000ns (DCD - SCD - CPR)
    Destination Clock Delay (DCD):    1.202ns
    Source Clock Delay      (SCD):    0.905ns
    Clock Pessimism Removal (CPR):    0.297ns

    Location             Delay type                Incr(ns)  Path(ns)    Netlist Resource(s)
  -------------------------------------------------------------------    -------------------
                         (clock clk_fpga_0 rise edge)
                                                      0.000     0.000 r  
    PS7_X0Y0             PS7                          0.000     0.000 r  ps/system_i/processing_system7/inst/PS7_i/FCLKCLK[0]
                         net (fo=1, routed)           0.315     0.315    ps/lopt
    BUFGCTRL_X0Y3        BUFG (Prop_bufg_I_O)         0.026     0.341 r  ps/fclk_buf[0]/O
                         net (fo=235, routed)         0.564     0.905    sys_bus_interconnect/for_bus[2].inst_sys_bus_cdc/CLK
    SLICE_X13Y39         FDRE                                         r  sys_bus_interconnect/for_bus[2].inst_sys_bus_cdc/ctrl_done_csff_reg[0]/C
  -------------------------------------------------------------------    -------------------
    SLICE_X13Y39         FDRE (Prop_fdre_C_Q)         0.141     1.046 r  sys_bus_interconnect/for_bus[2].inst_sys_bus_cdc/ctrl_done_csff_reg[0]/Q
                         net (fo=1, routed)           0.056     1.101    sys_bus_interconnect/for_bus[2].inst_sys_bus_cdc/ctrl_done_csff[0]
    SLICE_X13Y39         FDRE                                         r  sys_bus_interconnect/for_bus[2].inst_sys_bus_cdc/ctrl_done_csff_reg[1]/D
  -------------------------------------------------------------------    -------------------

                         (clock clk_fpga_0 rise edge)
                                                      0.000     0.000 r  
    PS7_X0Y0             PS7                          0.000     0.000 r  ps/system_i/processing_system7/inst/PS7_i/FCLKCLK[0]
                         net (fo=1, routed)           0.341     0.341    ps/lopt
    BUFGCTRL_X0Y3        BUFG (Prop_bufg_I_O)         0.029     0.370 r  ps/fclk_buf[0]/O
                         net (fo=235, routed)         0.832     1.202    sys_bus_interconnect/for_bus[2].inst_sys_bus_cdc/CLK
    SLICE_X13Y39         FDRE                                         r  sys_bus_interconnect/for_bus[2].inst_sys_bus_cdc/ctrl_done_csff_reg[1]/C
                         clock pessimism             -0.297     0.905    
    SLICE_X13Y39         FDRE (Hold_fdre_C_D)         0.075     0.979    sys_bus_interconnect/for_bus[2].inst_sys_bus_cdc/ctrl_done_csff_reg[1]
  -------------------------------------------------------------------
                         required time                         -0.980    
                         arrival time                           1.101    
  -------------------------------------------------------------------
                         slack                                  0.122    

Slack (MET) :             0.126ns  (arrival time - required time)
  Source:                 sys_bus_interconnect/for_bus[1].inst_sys_bus_cdc/ctrl_done_csff_reg[2]/C
                            (rising edge-triggered cell FDRE clocked by clk_fpga_0  {rise@0.000ns fall@4.000ns period=8.000ns})
  Destination:            sys_bus_interconnect/for_bus[1].inst_sys_bus_cdc/ctrl_do_reg/D
                            (rising edge-triggered cell FDRE clocked by clk_fpga_0  {rise@0.000ns fall@4.000ns period=8.000ns})
  Path Group:             clk_fpga_0
  Path Type:              Hold (Min at Fast Process Corner)
  Requirement:            0.000ns  (clk_fpga_0 rise@0.000ns - clk_fpga_0 rise@0.000ns)
  Data Path Delay:        0.481ns  (logic 0.226ns (46.937%)  route 0.255ns (53.063%))
  Logic Levels:           1  (LUT4=1)
  Clock Path Skew:        0.263ns (DCD - SCD - CPR)
    Destination Clock Delay (DCD):    1.196ns
    Source Clock Delay      (SCD):    0.899ns
    Clock Pessimism Removal (CPR):    0.034ns

    Location             Delay type                Incr(ns)  Path(ns)    Netlist Resource(s)
  -------------------------------------------------------------------    -------------------
                         (clock clk_fpga_0 rise edge)
                                                      0.000     0.000 r  
    PS7_X0Y0             PS7                          0.000     0.000 r  ps/system_i/processing_system7/inst/PS7_i/FCLKCLK[0]
                         net (fo=1, routed)           0.315     0.315    ps/lopt
    BUFGCTRL_X0Y3        BUFG (Prop_bufg_I_O)         0.026     0.341 r  ps/fclk_buf[0]/O
                         net (fo=235, routed)         0.558     0.899    sys_bus_interconnect/for_bus[1].inst_sys_bus_cdc/CLK
    SLICE_X21Y39         FDRE                                         r  sys_bus_interconnect/for_bus[1].inst_sys_bus_cdc/ctrl_done_csff_reg[2]/C
  -------------------------------------------------------------------    -------------------
    SLICE_X21Y39         FDRE (Prop_fdre_C_Q)         0.128     1.026 f  sys_bus_interconnect/for_bus[1].inst_sys_bus_cdc/ctrl_done_csff_reg[2]/Q
                         net (fo=2, routed)           0.255     1.282    sys_bus_interconnect/for_bus[1].inst_sys_bus_cdc/ctrl_done_csff[2]
    SLICE_X22Y38         LUT4 (Prop_lut4_I0_O)        0.098     1.380 r  sys_bus_interconnect/for_bus[1].inst_sys_bus_cdc/ctrl_do_i_1__0/O
                         net (fo=1, routed)           0.000     1.380    sys_bus_interconnect/for_bus[1].inst_sys_bus_cdc/ctrl_do_i_1__0_n_0
    SLICE_X22Y38         FDRE                                         r  sys_bus_interconnect/for_bus[1].inst_sys_bus_cdc/ctrl_do_reg/D
  -------------------------------------------------------------------    -------------------

                         (clock clk_fpga_0 rise edge)
                                                      0.000     0.000 r  
    PS7_X0Y0             PS7                          0.000     0.000 r  ps/system_i/processing_system7/inst/PS7_i/FCLKCLK[0]
                         net (fo=1, routed)           0.341     0.341    ps/lopt
    BUFGCTRL_X0Y3        BUFG (Prop_bufg_I_O)         0.029     0.370 r  ps/fclk_buf[0]/O
                         net (fo=235, routed)         0.826     1.196    sys_bus_interconnect/for_bus[1].inst_sys_bus_cdc/CLK
    SLICE_X22Y38         FDRE                                         r  sys_bus_interconnect/for_bus[1].inst_sys_bus_cdc/ctrl_do_reg/C
                         clock pessimism             -0.034     1.162    
    SLICE_X22Y38         FDRE (Hold_fdre_C_D)         0.092     1.254    sys_bus_interconnect/for_bus[1].inst_sys_bus_cdc/ctrl_do_reg
  -------------------------------------------------------------------
                         required time                         -1.254    
                         arrival time                           1.380    
  -------------------------------------------------------------------
                         slack                                  0.126    

Slack (MET) :             0.131ns  (arrival time - required time)
  Source:                 sys_bus_interconnect/for_bus[0].inst_sys_bus_cdc/ctrl_done_csff_reg[0]/C
                            (rising edge-triggered cell FDRE clocked by clk_fpga_0  {rise@0.000ns fall@4.000ns period=8.000ns})
  Destination:            sys_bus_interconnect/for_bus[0].inst_sys_bus_cdc/ctrl_done_csff_reg[1]/D
                            (rising edge-triggered cell FDRE clocked by clk_fpga_0  {rise@0.000ns fall@4.000ns period=8.000ns})
  Path Group:             clk_fpga_0
  Path Type:              Hold (Min at Fast Process Corner)
  Requirement:            0.000ns  (clk_fpga_0 rise@0.000ns - clk_fpga_0 rise@0.000ns)
  Data Path Delay:        0.206ns  (logic 0.141ns (68.336%)  route 0.065ns (31.664%))
  Logic Levels:           0  
  Clock Path Skew:        0.000ns (DCD - SCD - CPR)
    Destination Clock Delay (DCD):    1.200ns
    Source Clock Delay      (SCD):    0.903ns
    Clock Pessimism Removal (CPR):    0.297ns

    Location             Delay type                Incr(ns)  Path(ns)    Netlist Resource(s)
  -------------------------------------------------------------------    -------------------
                         (clock clk_fpga_0 rise edge)
                                                      0.000     0.000 r  
    PS7_X0Y0             PS7                          0.000     0.000 r  ps/system_i/processing_system7/inst/PS7_i/FCLKCLK[0]
                         net (fo=1, routed)           0.315     0.315    ps/lopt
    BUFGCTRL_X0Y3        BUFG (Prop_bufg_I_O)         0.026     0.341 r  ps/fclk_buf[0]/O
                         net (fo=235, routed)         0.562     0.903    sys_bus_interconnect/for_bus[0].inst_sys_bus_cdc/CLK
    SLICE_X26Y41         FDRE                                         r  sys_bus_interconnect/for_bus[0].inst_sys_bus_cdc/ctrl_done_csff_reg[0]/C
  -------------------------------------------------------------------    -------------------
    SLICE_X26Y41         FDRE (Prop_fdre_C_Q)         0.141     1.044 r  sys_bus_interconnect/for_bus[0].inst_sys_bus_cdc/ctrl_done_csff_reg[0]/Q
                         net (fo=1, routed)           0.065     1.109    sys_bus_interconnect/for_bus[0].inst_sys_bus_cdc/ctrl_done_csff[0]
    SLICE_X26Y41         FDRE                                         r  sys_bus_interconnect/for_bus[0].inst_sys_bus_cdc/ctrl_done_csff_reg[1]/D
  -------------------------------------------------------------------    -------------------

                         (clock clk_fpga_0 rise edge)
                                                      0.000     0.000 r  
    PS7_X0Y0             PS7                          0.000     0.000 r  ps/system_i/processing_system7/inst/PS7_i/FCLKCLK[0]
                         net (fo=1, routed)           0.341     0.341    ps/lopt
    BUFGCTRL_X0Y3        BUFG (Prop_bufg_I_O)         0.029     0.370 r  ps/fclk_buf[0]/O
                         net (fo=235, routed)         0.830     1.200    sys_bus_interconnect/for_bus[0].inst_sys_bus_cdc/CLK
    SLICE_X26Y41         FDRE                                         r  sys_bus_interconnect/for_bus[0].inst_sys_bus_cdc/ctrl_done_csff_reg[1]/C
                         clock pessimism             -0.297     0.903    
    SLICE_X26Y41         FDRE (Hold_fdre_C_D)         0.075     0.978    sys_bus_interconnect/for_bus[0].inst_sys_bus_cdc/ctrl_done_csff_reg[1]
  -------------------------------------------------------------------
                         required time                         -0.978    
                         arrival time                           1.109    
  -------------------------------------------------------------------
                         slack                                  0.131    

Slack (MET) :             0.214ns  (arrival time - required time)
  Source:                 ps/axi_slave_gp0/wr_awid_reg[11]/C
                            (rising edge-triggered cell FDRE clocked by clk_fpga_0  {rise@0.000ns fall@4.000ns period=8.000ns})
  Destination:            ps/system_i/processing_system7/inst/PS7_i/MAXIGP0BID[11]
                            (rising edge-triggered cell PS7 clocked by clk_fpga_0  {rise@0.000ns fall@4.000ns period=8.000ns})
  Path Group:             clk_fpga_0
  Path Type:              Hold (Min at Fast Process Corner)
  Requirement:            0.000ns  (clk_fpga_0 rise@0.000ns - clk_fpga_0 rise@0.000ns)
  Data Path Delay:        0.270ns  (logic 0.141ns (52.160%)  route 0.129ns (47.840%))
  Logic Levels:           0  
  Clock Path Skew:        0.057ns (DCD - SCD - CPR)
    Destination Clock Delay (DCD):    1.263ns
    Source Clock Delay      (SCD):    0.925ns
    Clock Pessimism Removal (CPR):    0.281ns

    Location             Delay type                Incr(ns)  Path(ns)    Netlist Resource(s)
  -------------------------------------------------------------------    -------------------
                         (clock clk_fpga_0 rise edge)
                                                      0.000     0.000 r  
    PS7_X0Y0             PS7                          0.000     0.000 r  ps/system_i/processing_system7/inst/PS7_i/FCLKCLK[0]
                         net (fo=1, routed)           0.315     0.315    ps/lopt
    BUFGCTRL_X0Y3        BUFG (Prop_bufg_I_O)         0.026     0.341 r  ps/fclk_buf[0]/O
                         net (fo=235, routed)         0.584     0.925    ps/axi_slave_gp0/O[0]
    SLICE_X1Y49          FDRE                                         r  ps/axi_slave_gp0/wr_awid_reg[11]/C
  -------------------------------------------------------------------    -------------------
    SLICE_X1Y49          FDRE (Prop_fdre_C_Q)         0.141     1.066 r  ps/axi_slave_gp0/wr_awid_reg[11]/Q
                         net (fo=1, routed)           0.129     1.195    ps/system_i/processing_system7/inst/M_AXI_GP0_BID[11]
    PS7_X0Y0             PS7                                          r  ps/system_i/processing_system7/inst/PS7_i/MAXIGP0BID[11]
  -------------------------------------------------------------------    -------------------

                         (clock clk_fpga_0 rise edge)
                                                      0.000     0.000 r  
    PS7_X0Y0             PS7                          0.000     0.000 r  ps/system_i/processing_system7/inst/PS7_i/FCLKCLK[0]
                         net (fo=1, routed)           0.341     0.341    ps/lopt
    BUFGCTRL_X0Y3        BUFG (Prop_bufg_I_O)         0.029     0.370 r  ps/fclk_buf[0]/O
                         net (fo=235, routed)         0.893     1.263    ps/system_i/processing_system7/inst/M_AXI_GP0_ACLK
    PS7_X0Y0             PS7                                          r  ps/system_i/processing_system7/inst/PS7_i/MAXIGP0ACLK
                         clock pessimism             -0.281     0.981    
    PS7_X0Y0             PS7 (Hold_ps7_MAXIGP0ACLK_MAXIGP0BID[11])
                                                      0.000     0.981    ps/system_i/processing_system7/inst/PS7_i
  -------------------------------------------------------------------
                         required time                         -0.981    
                         arrival time                           1.195    
  -------------------------------------------------------------------
                         slack                                  0.214    

Slack (MET) :             0.214ns  (arrival time - required time)
  Source:                 ps/axi_slave_gp0/wr_awid_reg[1]/C
                            (rising edge-triggered cell FDRE clocked by clk_fpga_0  {rise@0.000ns fall@4.000ns period=8.000ns})
  Destination:            ps/system_i/processing_system7/inst/PS7_i/MAXIGP0BID[1]
                            (rising edge-triggered cell PS7 clocked by clk_fpga_0  {rise@0.000ns fall@4.000ns period=8.000ns})
  Path Group:             clk_fpga_0
  Path Type:              Hold (Min at Fast Process Corner)
  Requirement:            0.000ns  (clk_fpga_0 rise@0.000ns - clk_fpga_0 rise@0.000ns)
  Data Path Delay:        0.270ns  (logic 0.141ns (52.160%)  route 0.129ns (47.840%))
  Logic Levels:           0  
  Clock Path Skew:        0.057ns (DCD - SCD - CPR)
    Destination Clock Delay (DCD):    1.263ns
    Source Clock Delay      (SCD):    0.925ns
    Clock Pessimism Removal (CPR):    0.281ns

    Location             Delay type                Incr(ns)  Path(ns)    Netlist Resource(s)
  -------------------------------------------------------------------    -------------------
                         (clock clk_fpga_0 rise edge)
                                                      0.000     0.000 r  
    PS7_X0Y0             PS7                          0.000     0.000 r  ps/system_i/processing_system7/inst/PS7_i/FCLKCLK[0]
                         net (fo=1, routed)           0.315     0.315    ps/lopt
    BUFGCTRL_X0Y3        BUFG (Prop_bufg_I_O)         0.026     0.341 r  ps/fclk_buf[0]/O
                         net (fo=235, routed)         0.584     0.925    ps/axi_slave_gp0/O[0]
    SLICE_X1Y47          FDRE                                         r  ps/axi_slave_gp0/wr_awid_reg[1]/C
  -------------------------------------------------------------------    -------------------
    SLICE_X1Y47          FDRE (Prop_fdre_C_Q)         0.141     1.066 r  ps/axi_slave_gp0/wr_awid_reg[1]/Q
                         net (fo=1, routed)           0.129     1.195    ps/system_i/processing_system7/inst/M_AXI_GP0_BID[1]
    PS7_X0Y0             PS7                                          r  ps/system_i/processing_system7/inst/PS7_i/MAXIGP0BID[1]
  -------------------------------------------------------------------    -------------------

                         (clock clk_fpga_0 rise edge)
                                                      0.000     0.000 r  
    PS7_X0Y0             PS7                          0.000     0.000 r  ps/system_i/processing_system7/inst/PS7_i/FCLKCLK[0]
                         net (fo=1, routed)           0.341     0.341    ps/lopt
    BUFGCTRL_X0Y3        BUFG (Prop_bufg_I_O)         0.029     0.370 r  ps/fclk_buf[0]/O
                         net (fo=235, routed)         0.893     1.263    ps/system_i/processing_system7/inst/M_AXI_GP0_ACLK
    PS7_X0Y0             PS7                                          r  ps/system_i/processing_system7/inst/PS7_i/MAXIGP0ACLK
                         clock pessimism             -0.281     0.981    
    PS7_X0Y0             PS7 (Hold_ps7_MAXIGP0ACLK_MAXIGP0BID[1])
                                                      0.000     0.981    ps/system_i/processing_system7/inst/PS7_i
  -------------------------------------------------------------------
                         required time                         -0.981    
                         arrival time                           1.195    
  -------------------------------------------------------------------
                         slack                                  0.214    

Slack (MET) :             0.214ns  (arrival time - required time)
  Source:                 ps/axi_slave_gp0/wr_awid_reg[2]/C
                            (rising edge-triggered cell FDRE clocked by clk_fpga_0  {rise@0.000ns fall@4.000ns period=8.000ns})
  Destination:            ps/system_i/processing_system7/inst/PS7_i/MAXIGP0BID[2]
                            (rising edge-triggered cell PS7 clocked by clk_fpga_0  {rise@0.000ns fall@4.000ns period=8.000ns})
  Path Group:             clk_fpga_0
  Path Type:              Hold (Min at Fast Process Corner)
  Requirement:            0.000ns  (clk_fpga_0 rise@0.000ns - clk_fpga_0 rise@0.000ns)
  Data Path Delay:        0.270ns  (logic 0.141ns (52.160%)  route 0.129ns (47.840%))
  Logic Levels:           0  
  Clock Path Skew:        0.057ns (DCD - SCD - CPR)
    Destination Clock Delay (DCD):    1.263ns
    Source Clock Delay      (SCD):    0.925ns
    Clock Pessimism Removal (CPR):    0.281ns

    Location             Delay type                Incr(ns)  Path(ns)    Netlist Resource(s)
  -------------------------------------------------------------------    -------------------
                         (clock clk_fpga_0 rise edge)
                                                      0.000     0.000 r  
    PS7_X0Y0             PS7                          0.000     0.000 r  ps/system_i/processing_system7/inst/PS7_i/FCLKCLK[0]
                         net (fo=1, routed)           0.315     0.315    ps/lopt
    BUFGCTRL_X0Y3        BUFG (Prop_bufg_I_O)         0.026     0.341 r  ps/fclk_buf[0]/O
                         net (fo=235, routed)         0.584     0.925    ps/axi_slave_gp0/O[0]
    SLICE_X1Y47          FDRE                                         r  ps/axi_slave_gp0/wr_awid_reg[2]/C
  -------------------------------------------------------------------    -------------------
    SLICE_X1Y47          FDRE (Prop_fdre_C_Q)         0.141     1.066 r  ps/axi_slave_gp0/wr_awid_reg[2]/Q
                         net (fo=1, routed)           0.129     1.195    ps/system_i/processing_system7/inst/M_AXI_GP0_BID[2]
    PS7_X0Y0             PS7                                          r  ps/system_i/processing_system7/inst/PS7_i/MAXIGP0BID[2]
  -------------------------------------------------------------------    -------------------

                         (clock clk_fpga_0 rise edge)
                                                      0.000     0.000 r  
    PS7_X0Y0             PS7                          0.000     0.000 r  ps/system_i/processing_system7/inst/PS7_i/FCLKCLK[0]
                         net (fo=1, routed)           0.341     0.341    ps/lopt
    BUFGCTRL_X0Y3        BUFG (Prop_bufg_I_O)         0.029     0.370 r  ps/fclk_buf[0]/O
                         net (fo=235, routed)         0.893     1.263    ps/system_i/processing_system7/inst/M_AXI_GP0_ACLK
    PS7_X0Y0             PS7                                          r  ps/system_i/processing_system7/inst/PS7_i/MAXIGP0ACLK
                         clock pessimism             -0.281     0.981    
    PS7_X0Y0             PS7 (Hold_ps7_MAXIGP0ACLK_MAXIGP0BID[2])
                                                      0.000     0.981    ps/system_i/processing_system7/inst/PS7_i
  -------------------------------------------------------------------
                         required time                         -0.981    
                         arrival time                           1.195    
  -------------------------------------------------------------------
                         slack                                  0.214    

Slack (MET) :             0.214ns  (arrival time - required time)
  Source:                 ps/axi_slave_gp0/wr_awid_reg[5]/C
                            (rising edge-triggered cell FDRE clocked by clk_fpga_0  {rise@0.000ns fall@4.000ns period=8.000ns})
  Destination:            ps/system_i/processing_system7/inst/PS7_i/MAXIGP0BID[5]
                            (rising edge-triggered cell PS7 clocked by clk_fpga_0  {rise@0.000ns fall@4.000ns period=8.000ns})
  Path Group:             clk_fpga_0
  Path Type:              Hold (Min at Fast Process Corner)
  Requirement:            0.000ns  (clk_fpga_0 rise@0.000ns - clk_fpga_0 rise@0.000ns)
  Data Path Delay:        0.270ns  (logic 0.141ns (52.160%)  route 0.129ns (47.840%))
  Logic Levels:           0  
  Clock Path Skew:        0.057ns (DCD - SCD - CPR)
    Destination Clock Delay (DCD):    1.263ns
    Source Clock Delay      (SCD):    0.925ns
    Clock Pessimism Removal (CPR):    0.281ns

    Location             Delay type                Incr(ns)  Path(ns)    Netlist Resource(s)
  -------------------------------------------------------------------    -------------------
                         (clock clk_fpga_0 rise edge)
                                                      0.000     0.000 r  
    PS7_X0Y0             PS7                          0.000     0.000 r  ps/system_i/processing_system7/inst/PS7_i/FCLKCLK[0]
                         net (fo=1, routed)           0.315     0.315    ps/lopt
    BUFGCTRL_X0Y3        BUFG (Prop_bufg_I_O)         0.026     0.341 r  ps/fclk_buf[0]/O
                         net (fo=235, routed)         0.584     0.925    ps/axi_slave_gp0/O[0]
    SLICE_X1Y48          FDRE                                         r  ps/axi_slave_gp0/wr_awid_reg[5]/C
  -------------------------------------------------------------------    -------------------
    SLICE_X1Y48          FDRE (Prop_fdre_C_Q)         0.141     1.066 r  ps/axi_slave_gp0/wr_awid_reg[5]/Q
                         net (fo=1, routed)           0.129     1.195    ps/system_i/processing_system7/inst/M_AXI_GP0_BID[5]
    PS7_X0Y0             PS7                                          r  ps/system_i/processing_system7/inst/PS7_i/MAXIGP0BID[5]
  -------------------------------------------------------------------    -------------------

                         (clock clk_fpga_0 rise edge)
                                                      0.000     0.000 r  
    PS7_X0Y0             PS7                          0.000     0.000 r  ps/system_i/processing_system7/inst/PS7_i/FCLKCLK[0]
                         net (fo=1, routed)           0.341     0.341    ps/lopt
    BUFGCTRL_X0Y3        BUFG (Prop_bufg_I_O)         0.029     0.370 r  ps/fclk_buf[0]/O
                         net (fo=235, routed)         0.893     1.263    ps/system_i/processing_system7/inst/M_AXI_GP0_ACLK
    PS7_X0Y0             PS7                                          r  ps/system_i/processing_system7/inst/PS7_i/MAXIGP0ACLK
                         clock pessimism             -0.281     0.981    
    PS7_X0Y0             PS7 (Hold_ps7_MAXIGP0ACLK_MAXIGP0BID[5])
                                                      0.000     0.981    ps/system_i/processing_system7/inst/PS7_i
  -------------------------------------------------------------------
                         required time                         -0.981    
                         arrival time                           1.195    
  -------------------------------------------------------------------
                         slack                                  0.214    

Slack (MET) :             0.214ns  (arrival time - required time)
  Source:                 ps/axi_slave_gp0/wr_awid_reg[6]/C
                            (rising edge-triggered cell FDRE clocked by clk_fpga_0  {rise@0.000ns fall@4.000ns period=8.000ns})
  Destination:            ps/system_i/processing_system7/inst/PS7_i/MAXIGP0BID[6]
                            (rising edge-triggered cell PS7 clocked by clk_fpga_0  {rise@0.000ns fall@4.000ns period=8.000ns})
  Path Group:             clk_fpga_0
  Path Type:              Hold (Min at Fast Process Corner)
  Requirement:            0.000ns  (clk_fpga_0 rise@0.000ns - clk_fpga_0 rise@0.000ns)
  Data Path Delay:        0.270ns  (logic 0.141ns (52.160%)  route 0.129ns (47.840%))
  Logic Levels:           0  
  Clock Path Skew:        0.057ns (DCD - SCD - CPR)
    Destination Clock Delay (DCD):    1.263ns
    Source Clock Delay      (SCD):    0.925ns
    Clock Pessimism Removal (CPR):    0.281ns

    Location             Delay type                Incr(ns)  Path(ns)    Netlist Resource(s)
  -------------------------------------------------------------------    -------------------
                         (clock clk_fpga_0 rise edge)
                                                      0.000     0.000 r  
    PS7_X0Y0             PS7                          0.000     0.000 r  ps/system_i/processing_system7/inst/PS7_i/FCLKCLK[0]
                         net (fo=1, routed)           0.315     0.315    ps/lopt
    BUFGCTRL_X0Y3        BUFG (Prop_bufg_I_O)         0.026     0.341 r  ps/fclk_buf[0]/O
                         net (fo=235, routed)         0.584     0.925    ps/axi_slave_gp0/O[0]
    SLICE_X1Y48          FDRE                                         r  ps/axi_slave_gp0/wr_awid_reg[6]/C
  -------------------------------------------------------------------    -------------------
    SLICE_X1Y48          FDRE (Prop_fdre_C_Q)         0.141     1.066 r  ps/axi_slave_gp0/wr_awid_reg[6]/Q
                         net (fo=1, routed)           0.129     1.195    ps/system_i/processing_system7/inst/M_AXI_GP0_BID[6]
    PS7_X0Y0             PS7                                          r  ps/system_i/processing_system7/inst/PS7_i/MAXIGP0BID[6]
  -------------------------------------------------------------------    -------------------

                         (clock clk_fpga_0 rise edge)
                                                      0.000     0.000 r  
    PS7_X0Y0             PS7                          0.000     0.000 r  ps/system_i/processing_system7/inst/PS7_i/FCLKCLK[0]
                         net (fo=1, routed)           0.341     0.341    ps/lopt
    BUFGCTRL_X0Y3        BUFG (Prop_bufg_I_O)         0.029     0.370 r  ps/fclk_buf[0]/O
                         net (fo=235, routed)         0.893     1.263    ps/system_i/processing_system7/inst/M_AXI_GP0_ACLK
    PS7_X0Y0             PS7                                          r  ps/system_i/processing_system7/inst/PS7_i/MAXIGP0ACLK
                         clock pessimism             -0.281     0.981    
    PS7_X0Y0             PS7 (Hold_ps7_MAXIGP0ACLK_MAXIGP0BID[6])
                                                      0.000     0.981    ps/system_i/processing_system7/inst/PS7_i
  -------------------------------------------------------------------
                         required time                         -0.981    
                         arrival time                           1.195    
  -------------------------------------------------------------------
                         slack                                  0.214    

Slack (MET) :             0.221ns  (arrival time - required time)
  Source:                 fpll_locked_r_reg/C
                            (rising edge-triggered cell FDRE clocked by clk_fpga_0  {rise@0.000ns fall@4.000ns period=8.000ns})
  Destination:            fpll_locked_r2_reg/D
                            (rising edge-triggered cell FDRE clocked by clk_fpga_0  {rise@0.000ns fall@4.000ns period=8.000ns})
  Path Group:             clk_fpga_0
  Path Type:              Hold (Min at Fast Process Corner)
  Requirement:            0.000ns  (clk_fpga_0 rise@0.000ns - clk_fpga_0 rise@0.000ns)
  Data Path Delay:        0.280ns  (logic 0.164ns (58.537%)  route 0.116ns (41.463%))
  Logic Levels:           0  
  Clock Path Skew:        0.000ns (DCD - SCD - CPR)
    Destination Clock Delay (DCD):    1.232ns
    Source Clock Delay      (SCD):    0.934ns
    Clock Pessimism Removal (CPR):    0.298ns

    Location             Delay type                Incr(ns)  Path(ns)    Netlist Resource(s)
  -------------------------------------------------------------------    -------------------
                         (clock clk_fpga_0 rise edge)
                                                      0.000     0.000 r  
    PS7_X0Y0             PS7                          0.000     0.000 r  ps/system_i/processing_system7/inst/PS7_i/FCLKCLK[0]
                         net (fo=1, routed)           0.315     0.315    ps/lopt
    BUFGCTRL_X0Y3        BUFG (Prop_bufg_I_O)         0.026     0.341 r  ps/fclk_buf[0]/O
                         net (fo=235, routed)         0.593     0.934    fclk[0]
    SLICE_X42Y48         FDRE                                         r  fpll_locked_r_reg/C
  -------------------------------------------------------------------    -------------------
    SLICE_X42Y48         FDRE (Prop_fdre_C_Q)         0.164     1.098 r  fpll_locked_r_reg/Q
                         net (fo=1, routed)           0.116     1.214    fpll_locked_r
    SLICE_X42Y48         FDRE                                         r  fpll_locked_r2_reg/D
  -------------------------------------------------------------------    -------------------

                         (clock clk_fpga_0 rise edge)
                                                      0.000     0.000 r  
    PS7_X0Y0             PS7                          0.000     0.000 r  ps/system_i/processing_system7/inst/PS7_i/FCLKCLK[0]
                         net (fo=1, routed)           0.341     0.341    ps/lopt
    BUFGCTRL_X0Y3        BUFG (Prop_bufg_I_O)         0.029     0.370 r  ps/fclk_buf[0]/O
                         net (fo=235, routed)         0.862     1.232    fclk[0]
    SLICE_X42Y48         FDRE                                         r  fpll_locked_r2_reg/C
                         clock pessimism             -0.298     0.934    
    SLICE_X42Y48         FDRE (Hold_fdre_C_D)         0.059     0.993    fpll_locked_r2_reg
  -------------------------------------------------------------------
                         required time                         -0.993    
                         arrival time                           1.214    
  -------------------------------------------------------------------
                         slack                                  0.221    





Pulse Width Checks
--------------------------------------------------------------------------------------
Clock Name:         clk_fpga_0
Waveform(ns):       { 0.000 4.000 }
Period(ns):         8.000
Sources:            { ps/system_i/processing_system7/inst/PS7_i/FCLKCLK[0] }

Check Type        Corner  Lib Pin  Reference Pin  Required(ns)  Actual(ns)  Slack(ns)  Location       Pin
Min Period        n/a     BUFG/I   n/a            2.155         8.000       5.845      BUFGCTRL_X0Y3  ps/fclk_buf[0]/I
Min Period        n/a     FDRE/C   n/a            1.000         8.000       7.000      SLICE_X42Y48   fpll_locked_r2_reg/C
Min Period        n/a     FDRE/C   n/a            1.000         8.000       7.000      SLICE_X42Y48   fpll_locked_r3_reg/C
Min Period        n/a     FDRE/C   n/a            1.000         8.000       7.000      SLICE_X42Y48   fpll_locked_r_reg/C
Min Period        n/a     FDRE/C   n/a            1.000         8.000       7.000      SLICE_X1Y42    ps/axi_slave_gp0/ack_cnt_reg[0]/C
Min Period        n/a     FDRE/C   n/a            1.000         8.000       7.000      SLICE_X2Y41    ps/axi_slave_gp0/ack_cnt_reg[1]/C
Min Period        n/a     FDRE/C   n/a            1.000         8.000       7.000      SLICE_X2Y41    ps/axi_slave_gp0/ack_cnt_reg[2]/C
Min Period        n/a     FDRE/C   n/a            1.000         8.000       7.000      SLICE_X2Y41    ps/axi_slave_gp0/ack_cnt_reg[3]/C
Min Period        n/a     FDRE/C   n/a            1.000         8.000       7.000      SLICE_X2Y41    ps/axi_slave_gp0/ack_cnt_reg[4]/C
Min Period        n/a     FDRE/C   n/a            1.000         8.000       7.000      SLICE_X2Y41    ps/axi_slave_gp0/ack_cnt_reg[5]/C
Low Pulse Width   Slow    FDRE/C   n/a            0.500         4.000       3.500      SLICE_X2Y44    ps/axi_slave_gp0/axi\\.BVALID_reg/C
Low Pulse Width   Fast    FDRE/C   n/a            0.500         4.000       3.500      SLICE_X2Y44    ps/axi_slave_gp0/axi\\.BVALID_reg/C
Low Pulse Width   Slow    FDRE/C   n/a            0.500         4.000       3.500      SLICE_X32Y42   ps/axi_slave_gp0/axi\\.RDATA_reg[0]/C
Low Pulse Width   Slow    FDRE/C   n/a            0.500         4.000       3.500      SLICE_X32Y44   ps/axi_slave_gp0/axi\\.RDATA_reg[10]/C
Low Pulse Width   Slow    FDRE/C   n/a            0.500         4.000       3.500      SLICE_X33Y43   ps/axi_slave_gp0/axi\\.RDATA_reg[11]/C
Low Pulse Width   Slow    FDRE/C   n/a            0.500         4.000       3.500      SLICE_X33Y44   ps/axi_slave_gp0/axi\\.RDATA_reg[12]/C
Low Pulse Width   Slow    FDRE/C   n/a            0.500         4.000       3.500      SLICE_X30Y42   ps/axi_slave_gp0/axi\\.RDATA_reg[13]/C
Low Pulse Width   Slow    FDRE/C   n/a            0.500         4.000       3.500      SLICE_X14Y42   ps/axi_slave_gp0/axi\\.RDATA_reg[14]/C
Low Pulse Width   Fast    FDRE/C   n/a            0.500         4.000       3.500      SLICE_X23Y42   ps/axi_slave_gp0/axi\\.RDATA_reg[15]/C
Low Pulse Width   Fast    FDRE/C   n/a            0.500         4.000       3.500      SLICE_X23Y42   ps/axi_slave_gp0/axi\\.RDATA_reg[16]/C
High Pulse Width  Fast    FDRE/C   n/a            0.500         4.000       3.500      SLICE_X2Y41    ps/axi_slave_gp0/ack_cnt_reg[1]/C
High Pulse Width  Fast    FDRE/C   n/a            0.500         4.000       3.500      SLICE_X2Y41    ps/axi_slave_gp0/ack_cnt_reg[2]/C
High Pulse Width  Fast    FDRE/C   n/a            0.500         4.000       3.500      SLICE_X2Y41    ps/axi_slave_gp0/ack_cnt_reg[3]/C
High Pulse Width  Fast    FDRE/C   n/a            0.500         4.000       3.500      SLICE_X2Y41    ps/axi_slave_gp0/ack_cnt_reg[4]/C
High Pulse Width  Fast    FDRE/C   n/a            0.500         4.000       3.500      SLICE_X2Y41    ps/axi_slave_gp0/ack_cnt_reg[5]/C
High Pulse Width  Fast    FDRE/C   n/a            0.500         4.000       3.500      SLICE_X0Y44    ps/axi_slave_gp0/axi\\.BRESP_reg[1]/C
High Pulse Width  Fast    FDRE/C   n/a            0.500         4.000       3.500      SLICE_X32Y44   ps/axi_slave_gp0/axi\\.RDATA_reg[10]/C
High Pulse Width  Fast    FDRE/C   n/a            0.500         4.000       3.500      SLICE_X33Y43   ps/axi_slave_gp0/axi\\.RDATA_reg[11]/C
High Pulse Width  Fast    FDRE/C   n/a            0.500         4.000       3.500      SLICE_X33Y44   ps/axi_slave_gp0/axi\\.RDATA_reg[12]/C
High Pulse Width  Slow    FDRE/C   n/a            0.500         4.000       3.500      SLICE_X31Y40   ps/axi_slave_gp0/axi\\.RDATA_reg[3]/C



---------------------------------------------------------------------------------------------------
From Clock:  clk_fpga_3
  To Clock:  clk_fpga_3

Setup :            0  Failing Endpoints,  Worst Slack        0.174ns,  Total Violation        0.000ns
Hold  :            0  Failing Endpoints,  Worst Slack        0.085ns,  Total Violation        0.000ns
PW    :            0  Failing Endpoints,  Worst Slack        1.000ns,  Total Violation        0.000ns
---------------------------------------------------------------------------------------------------


Max Delay Paths
--------------------------------------------------------------------------------------
Slack (MET) :             0.174ns  (required time - arrival time)
  Source:                 ps/system_i/axi_protocol_converter_0/inst/gen_axilite.gen_b2s_conv.axilite_b2s/WR.aw_channel_0/cmd_translator_0/incr_cmd_0/sel_first_reg/C
                            (rising edge-triggered cell FDRE clocked by clk_fpga_3  {rise@0.000ns fall@2.500ns period=5.000ns})
  Destination:            ps/system_i/xadc/inst/AXI_LITE_IPIF_I/I_SLAVE_ATTACHMENT/I_DECODER/GEN_BKEND_CE_REGISTERS[7].ce_out_i_reg[7]/D
                            (rising edge-triggered cell FDRE clocked by clk_fpga_3  {rise@0.000ns fall@2.500ns period=5.000ns})
  Path Group:             clk_fpga_3
  Path Type:              Setup (Max at Slow Process Corner)
  Requirement:            5.000ns  (clk_fpga_3 rise@5.000ns - clk_fpga_3 rise@0.000ns)
  Data Path Delay:        4.673ns  (logic 1.414ns (30.258%)  route 3.259ns (69.742%))
  Logic Levels:           4  (LUT2=1 LUT5=1 LUT6=2)
  Clock Path Skew:        -0.102ns (DCD - SCD + CPR)
    Destination Clock Delay (DCD):    2.675ns = ( 7.675 - 5.000 ) 
    Source Clock Delay      (SCD):    3.007ns
    Clock Pessimism Removal (CPR):    0.230ns
  Clock Uncertainty:      0.083ns  ((TSJ^2 + TIJ^2)^1/2 + DJ) / 2 + PE
    Total System Jitter     (TSJ):    0.071ns
    Total Input Jitter      (TIJ):    0.150ns
    Discrete Jitter          (DJ):    0.000ns
    Phase Error              (PE):    0.000ns

    Location             Delay type                Incr(ns)  Path(ns)    Netlist Resource(s)
  -------------------------------------------------------------------    -------------------
                         (clock clk_fpga_3 rise edge)
                                                      0.000     0.000 r  
    PS7_X0Y0             PS7                          0.000     0.000 r  ps/system_i/processing_system7/inst/PS7_i/FCLKCLK[3]
                         net (fo=1, routed)           1.207     1.207    ps/system_i/processing_system7/inst/FCLK_CLK_unbuffered[3]
    BUFGCTRL_X0Y2        BUFG (Prop_bufg_I_O)         0.101     1.308 r  ps/system_i/processing_system7/inst/buffer_fclk_clk_3.FCLK_CLK_3_BUFG/O
                         net (fo=965, routed)         1.699     3.007    ps/system_i/axi_protocol_converter_0/inst/gen_axilite.gen_b2s_conv.axilite_b2s/WR.aw_channel_0/cmd_translator_0/incr_cmd_0/aclk
    SLICE_X3Y73          FDRE                                         r  ps/system_i/axi_protocol_converter_0/inst/gen_axilite.gen_b2s_conv.axilite_b2s/WR.aw_channel_0/cmd_translator_0/incr_cmd_0/sel_first_reg/C
  -------------------------------------------------------------------    -------------------
    SLICE_X3Y73          FDRE (Prop_fdre_C_Q)         0.456     3.463 r  ps/system_i/axi_protocol_converter_0/inst/gen_axilite.gen_b2s_conv.axilite_b2s/WR.aw_channel_0/cmd_translator_0/incr_cmd_0/sel_first_reg/Q
                         net (fo=15, routed)          0.625     4.088    ps/system_i/axi_protocol_converter_0/inst/gen_axilite.gen_b2s_conv.axilite_b2s/WR.aw_channel_0/cmd_translator_0/incr_cmd_0/sel_first_reg_0
    SLICE_X3Y75          LUT2 (Prop_lut2_I0_O)        0.150     4.238 r  ps/system_i/axi_protocol_converter_0/inst/gen_axilite.gen_b2s_conv.axilite_b2s/WR.aw_channel_0/cmd_translator_0/incr_cmd_0/m_axi_awaddr[11]_INST_0_i_1/O
                         net (fo=8, routed)           0.731     4.969    ps/system_i/axi_protocol_converter_0/inst/gen_axilite.gen_b2s_conv.axilite_b2s/WR.aw_channel_0/cmd_translator_0/incr_cmd_0/m_axi_awaddr[11]_INST_0_i_1_n_0
    SLICE_X5Y76          LUT6 (Prop_lut6_I1_O)        0.332     5.301 r  ps/system_i/axi_protocol_converter_0/inst/gen_axilite.gen_b2s_conv.axilite_b2s/WR.aw_channel_0/cmd_translator_0/incr_cmd_0/m_axi_awaddr[3]_INST_0/O
                         net (fo=5, routed)           0.873     6.175    ps/system_i/xadc/inst/AXI_LITE_IPIF_I/I_SLAVE_ATTACHMENT/I_DECODER/s_axi_awaddr[1]
    SLICE_X11Y76         LUT5 (Prop_lut5_I0_O)        0.150     6.325 r  ps/system_i/xadc/inst/AXI_LITE_IPIF_I/I_SLAVE_ATTACHMENT/I_DECODER/GEN_BKEND_CE_REGISTERS[23].ce_out_i[23]_i_4/O
                         net (fo=6, routed)           1.030     7.354    ps/system_i/xadc/inst/AXI_LITE_IPIF_I/I_SLAVE_ATTACHMENT/I_DECODER/GEN_BKEND_CE_REGISTERS[23].ce_out_i[23]_i_4_n_0
    SLICE_X9Y77          LUT6 (Prop_lut6_I0_O)        0.326     7.680 r  ps/system_i/xadc/inst/AXI_LITE_IPIF_I/I_SLAVE_ATTACHMENT/I_DECODER/GEN_BKEND_CE_REGISTERS[7].ce_out_i[7]_i_1/O
                         net (fo=1, routed)           0.000     7.680    ps/system_i/xadc/inst/AXI_LITE_IPIF_I/I_SLAVE_ATTACHMENT/I_DECODER/ce_expnd_i_17
    SLICE_X9Y77          FDRE                                         r  ps/system_i/xadc/inst/AXI_LITE_IPIF_I/I_SLAVE_ATTACHMENT/I_DECODER/GEN_BKEND_CE_REGISTERS[7].ce_out_i_reg[7]/D
  -------------------------------------------------------------------    -------------------

                         (clock clk_fpga_3 rise edge)
                                                      5.000     5.000 r  
    PS7_X0Y0             PS7                          0.000     5.000 r  ps/system_i/processing_system7/inst/PS7_i/FCLKCLK[3]
                         net (fo=1, routed)           1.101     6.101    ps/system_i/processing_system7/inst/FCLK_CLK_unbuffered[3]
    BUFGCTRL_X0Y2        BUFG (Prop_bufg_I_O)         0.091     6.192 r  ps/system_i/processing_system7/inst/buffer_fclk_clk_3.FCLK_CLK_3_BUFG/O
                         net (fo=965, routed)         1.483     7.675    ps/system_i/xadc/inst/AXI_LITE_IPIF_I/I_SLAVE_ATTACHMENT/I_DECODER/s_axi_aclk
    SLICE_X9Y77          FDRE                                         r  ps/system_i/xadc/inst/AXI_LITE_IPIF_I/I_SLAVE_ATTACHMENT/I_DECODER/GEN_BKEND_CE_REGISTERS[7].ce_out_i_reg[7]/C
                         clock pessimism              0.230     7.905    
                         clock uncertainty           -0.083     7.822    
    SLICE_X9Y77          FDRE (Setup_fdre_C_D)        0.032     7.854    ps/system_i/xadc/inst/AXI_LITE_IPIF_I/I_SLAVE_ATTACHMENT/I_DECODER/GEN_BKEND_CE_REGISTERS[7].ce_out_i_reg[7]
  -------------------------------------------------------------------
                         required time                          7.854    
                         arrival time                          -7.680    
  -------------------------------------------------------------------
                         slack                                  0.174    

Slack (MET) :             0.201ns  (required time - arrival time)
  Source:                 ps/system_i/axi_protocol_converter_0/inst/gen_axilite.gen_b2s_conv.axilite_b2s/WR.aw_channel_0/aw_cmd_fsm_0/FSM_sequential_state_reg[0]/C
                            (rising edge-triggered cell FDSE clocked by clk_fpga_3  {rise@0.000ns fall@2.500ns period=5.000ns})
  Destination:            ps/system_i/axi_protocol_converter_0/inst/gen_axilite.gen_b2s_conv.axilite_b2s/WR.aw_channel_0/cmd_translator_0/wrap_cmd_0/wrap_cnt_r_reg[2]/D
                            (rising edge-triggered cell FDRE clocked by clk_fpga_3  {rise@0.000ns fall@2.500ns period=5.000ns})
  Path Group:             clk_fpga_3
  Path Type:              Setup (Max at Slow Process Corner)
  Requirement:            5.000ns  (clk_fpga_3 rise@5.000ns - clk_fpga_3 rise@0.000ns)
  Data Path Delay:        4.693ns  (logic 1.418ns (30.216%)  route 3.275ns (69.784%))
  Logic Levels:           4  (LUT3=2 LUT5=1 LUT6=1)
  Clock Path Skew:        -0.052ns (DCD - SCD + CPR)
    Destination Clock Delay (DCD):    2.723ns = ( 7.723 - 5.000 ) 
    Source Clock Delay      (SCD):    3.005ns
    Clock Pessimism Removal (CPR):    0.230ns
  Clock Uncertainty:      0.083ns  ((TSJ^2 + TIJ^2)^1/2 + DJ) / 2 + PE
    Total System Jitter     (TSJ):    0.071ns
    Total Input Jitter      (TIJ):    0.150ns
    Discrete Jitter          (DJ):    0.000ns
    Phase Error              (PE):    0.000ns

    Location             Delay type                Incr(ns)  Path(ns)    Netlist Resource(s)
  -------------------------------------------------------------------    -------------------
                         (clock clk_fpga_3 rise edge)
                                                      0.000     0.000 r  
    PS7_X0Y0             PS7                          0.000     0.000 r  ps/system_i/processing_system7/inst/PS7_i/FCLKCLK[3]
                         net (fo=1, routed)           1.207     1.207    ps/system_i/processing_system7/inst/FCLK_CLK_unbuffered[3]
    BUFGCTRL_X0Y2        BUFG (Prop_bufg_I_O)         0.101     1.308 r  ps/system_i/processing_system7/inst/buffer_fclk_clk_3.FCLK_CLK_3_BUFG/O
                         net (fo=965, routed)         1.697     3.005    ps/system_i/axi_protocol_converter_0/inst/gen_axilite.gen_b2s_conv.axilite_b2s/WR.aw_channel_0/aw_cmd_fsm_0/aclk
    SLICE_X3Y74          FDSE                                         r  ps/system_i/axi_protocol_converter_0/inst/gen_axilite.gen_b2s_conv.axilite_b2s/WR.aw_channel_0/aw_cmd_fsm_0/FSM_sequential_state_reg[0]/C
  -------------------------------------------------------------------    -------------------
    SLICE_X3Y74          FDSE (Prop_fdse_C_Q)         0.456     3.461 r  ps/system_i/axi_protocol_converter_0/inst/gen_axilite.gen_b2s_conv.axilite_b2s/WR.aw_channel_0/aw_cmd_fsm_0/FSM_sequential_state_reg[0]/Q
                         net (fo=18, routed)          0.911     4.372    ps/system_i/axi_protocol_converter_0/inst/gen_axilite.gen_b2s_conv.axilite_b2s/WR.aw_channel_0/aw_cmd_fsm_0/Q[0]
    SLICE_X3Y76          LUT3 (Prop_lut3_I2_O)        0.152     4.524 r  ps/system_i/axi_protocol_converter_0/inst/gen_axilite.gen_b2s_conv.axilite_b2s/WR.aw_channel_0/aw_cmd_fsm_0/wrap_boundary_axaddr_r[11]_i_1/O
                         net (fo=29, routed)          0.821     5.345    ps/system_i/axi_protocol_converter_0/inst/gen_axilite.gen_b2s_conv.axilite_b2s/SI_REG/aw.aw_pipe/axaddr_offset_r_reg[1]
    SLICE_X3Y80          LUT6 (Prop_lut6_I3_O)        0.326     5.671 r  ps/system_i/axi_protocol_converter_0/inst/gen_axilite.gen_b2s_conv.axilite_b2s/SI_REG/aw.aw_pipe/axaddr_offset_r[1]_i_1/O
                         net (fo=6, routed)           0.858     6.529    ps/system_i/axi_protocol_converter_0/inst/gen_axilite.gen_b2s_conv.axilite_b2s/WR.aw_channel_0/aw_cmd_fsm_0/wrap_second_len_r_reg[2]_0[0]
    SLICE_X3Y81          LUT5 (Prop_lut5_I2_O)        0.152     6.681 r  ps/system_i/axi_protocol_converter_0/inst/gen_axilite.gen_b2s_conv.axilite_b2s/WR.aw_channel_0/aw_cmd_fsm_0/wrap_cnt_r[3]_i_2/O
                         net (fo=3, routed)           0.685     7.366    ps/system_i/axi_protocol_converter_0/inst/gen_axilite.gen_b2s_conv.axilite_b2s/WR.aw_channel_0/aw_cmd_fsm_0/wrap_cnt_r[3]_i_2_n_0
    SLICE_X3Y81          LUT3 (Prop_lut3_I1_O)        0.332     7.698 r  ps/system_i/axi_protocol_converter_0/inst/gen_axilite.gen_b2s_conv.axilite_b2s/WR.aw_channel_0/aw_cmd_fsm_0/wrap_cnt_r[2]_i_1/O
                         net (fo=1, routed)           0.000     7.698    ps/system_i/axi_protocol_converter_0/inst/gen_axilite.gen_b2s_conv.axilite_b2s/WR.aw_channel_0/cmd_translator_0/wrap_cmd_0/wrap_cnt_r_reg[3]_0[2]
    SLICE_X3Y81          FDRE                                         r  ps/system_i/axi_protocol_converter_0/inst/gen_axilite.gen_b2s_conv.axilite_b2s/WR.aw_channel_0/cmd_translator_0/wrap_cmd_0/wrap_cnt_r_reg[2]/D
  -------------------------------------------------------------------    -------------------

                         (clock clk_fpga_3 rise edge)
                                                      5.000     5.000 r  
    PS7_X0Y0             PS7                          0.000     5.000 r  ps/system_i/processing_system7/inst/PS7_i/FCLKCLK[3]
                         net (fo=1, routed)           1.101     6.101    ps/system_i/processing_system7/inst/FCLK_CLK_unbuffered[3]
    BUFGCTRL_X0Y2        BUFG (Prop_bufg_I_O)         0.091     6.192 r  ps/system_i/processing_system7/inst/buffer_fclk_clk_3.FCLK_CLK_3_BUFG/O
                         net (fo=965, routed)         1.531     7.723    ps/system_i/axi_protocol_converter_0/inst/gen_axilite.gen_b2s_conv.axilite_b2s/WR.aw_channel_0/cmd_translator_0/wrap_cmd_0/aclk
    SLICE_X3Y81          FDRE                                         r  ps/system_i/axi_protocol_converter_0/inst/gen_axilite.gen_b2s_conv.axilite_b2s/WR.aw_channel_0/cmd_translator_0/wrap_cmd_0/wrap_cnt_r_reg[2]/C
                         clock pessimism              0.230     7.953    
                         clock uncertainty           -0.083     7.870    
    SLICE_X3Y81          FDRE (Setup_fdre_C_D)        0.029     7.899    ps/system_i/axi_protocol_converter_0/inst/gen_axilite.gen_b2s_conv.axilite_b2s/WR.aw_channel_0/cmd_translator_0/wrap_cmd_0/wrap_cnt_r_reg[2]
  -------------------------------------------------------------------
                         required time                          7.899    
                         arrival time                          -7.698    
  -------------------------------------------------------------------
                         slack                                  0.201    

Slack (MET) :             0.202ns  (required time - arrival time)
  Source:                 ps/system_i/xadc/inst/INTR_CTRLR_GEN_I.ip2bus_wrack_reg/C
                            (rising edge-triggered cell FDRE clocked by clk_fpga_3  {rise@0.000ns fall@2.500ns period=5.000ns})
  Destination:            ps/system_i/axi_protocol_converter_0/inst/gen_axilite.gen_b2s_conv.axilite_b2s/WR.aw_channel_0/cmd_translator_0/incr_cmd_0/axaddr_incr_reg[11]/D
                            (rising edge-triggered cell FDRE clocked by clk_fpga_3  {rise@0.000ns fall@2.500ns period=5.000ns})
  Path Group:             clk_fpga_3
  Path Type:              Setup (Max at Slow Process Corner)
  Requirement:            5.000ns  (clk_fpga_3 rise@5.000ns - clk_fpga_3 rise@0.000ns)
  Data Path Delay:        4.740ns  (logic 2.361ns (49.812%)  route 2.379ns (50.188%))
  Logic Levels:           7  (CARRY4=3 LUT2=1 LUT3=1 LUT4=1 LUT6=1)
  Clock Path Skew:        -0.006ns (DCD - SCD + CPR)
    Destination Clock Delay (DCD):    2.722ns = ( 7.722 - 5.000 ) 
    Source Clock Delay      (SCD):    2.958ns
    Clock Pessimism Removal (CPR):    0.230ns
  Clock Uncertainty:      0.083ns  ((TSJ^2 + TIJ^2)^1/2 + DJ) / 2 + PE
    Total System Jitter     (TSJ):    0.071ns
    Total Input Jitter      (TIJ):    0.150ns
    Discrete Jitter          (DJ):    0.000ns
    Phase Error              (PE):    0.000ns

    Location             Delay type                Incr(ns)  Path(ns)    Netlist Resource(s)
  -------------------------------------------------------------------    -------------------
                         (clock clk_fpga_3 rise edge)
                                                      0.000     0.000 r  
    PS7_X0Y0             PS7                          0.000     0.000 r  ps/system_i/processing_system7/inst/PS7_i/FCLKCLK[3]
                         net (fo=1, routed)           1.207     1.207    ps/system_i/processing_system7/inst/FCLK_CLK_unbuffered[3]
    BUFGCTRL_X0Y2        BUFG (Prop_bufg_I_O)         0.101     1.308 r  ps/system_i/processing_system7/inst/buffer_fclk_clk_3.FCLK_CLK_3_BUFG/O
                         net (fo=965, routed)         1.650     2.958    ps/system_i/xadc/inst/s_axi_aclk
    SLICE_X11Y75         FDRE                                         r  ps/system_i/xadc/inst/INTR_CTRLR_GEN_I.ip2bus_wrack_reg/C
  -------------------------------------------------------------------    -------------------
    SLICE_X11Y75         FDRE (Prop_fdre_C_Q)         0.456     3.414 f  ps/system_i/xadc/inst/INTR_CTRLR_GEN_I.ip2bus_wrack_reg/Q
                         net (fo=4, routed)           1.121     4.535    ps/system_i/xadc/inst/AXI_LITE_IPIF_I/I_SLAVE_ATTACHMENT/ip2bus_wrack
    SLICE_X0Y76          LUT2 (Prop_lut2_I1_O)        0.150     4.685 f  ps/system_i/xadc/inst/AXI_LITE_IPIF_I/I_SLAVE_ATTACHMENT/s_axi_wready_INST_0/O
                         net (fo=8, routed)           0.341     5.026    ps/system_i/axi_protocol_converter_0/inst/gen_axilite.gen_b2s_conv.axilite_b2s/WR.b_channel_0/bid_fifo_0/m_axi_awready
    SLICE_X0Y76          LUT6 (Prop_lut6_I0_O)        0.348     5.374 r  ps/system_i/axi_protocol_converter_0/inst/gen_axilite.gen_b2s_conv.axilite_b2s/WR.b_channel_0/bid_fifo_0/next_pending_r_i_3/O
                         net (fo=23, routed)          0.485     5.859    ps/system_i/axi_protocol_converter_0/inst/gen_axilite.gen_b2s_conv.axilite_b2s/WR.aw_channel_0/cmd_translator_0/incr_cmd_0/next_pending_r_reg_0
    SLICE_X3Y77          LUT4 (Prop_lut4_I1_O)        0.124     5.983 r  ps/system_i/axi_protocol_converter_0/inst/gen_axilite.gen_b2s_conv.axilite_b2s/WR.aw_channel_0/cmd_translator_0/incr_cmd_0/axaddr_incr[3]_i_9/O
                         net (fo=1, routed)           0.000     5.983    ps/system_i/axi_protocol_converter_0/inst/gen_axilite.gen_b2s_conv.axilite_b2s/SI_REG/aw.aw_pipe/S[1]
    SLICE_X3Y77          CARRY4 (Prop_carry4_S[1]_CO[3])
                                                      0.550     6.533 r  ps/system_i/axi_protocol_converter_0/inst/gen_axilite.gen_b2s_conv.axilite_b2s/SI_REG/aw.aw_pipe/axaddr_incr_reg[3]_i_2/CO[3]
                         net (fo=1, routed)           0.000     6.533    ps/system_i/axi_protocol_converter_0/inst/gen_axilite.gen_b2s_conv.axilite_b2s/SI_REG/aw.aw_pipe/axaddr_incr_reg[3]_i_2_n_0
    SLICE_X3Y78          CARRY4 (Prop_carry4_CI_CO[3])
                                                      0.114     6.647 r  ps/system_i/axi_protocol_converter_0/inst/gen_axilite.gen_b2s_conv.axilite_b2s/SI_REG/aw.aw_pipe/axaddr_incr_reg[7]_i_2/CO[3]
                         net (fo=1, routed)           0.000     6.647    ps/system_i/axi_protocol_converter_0/inst/gen_axilite.gen_b2s_conv.axilite_b2s/SI_REG/aw.aw_pipe/axaddr_incr_reg[7]_i_2_n_0
    SLICE_X3Y79          CARRY4 (Prop_carry4_CI_O[3])
                                                      0.313     6.960 r  ps/system_i/axi_protocol_converter_0/inst/gen_axilite.gen_b2s_conv.axilite_b2s/SI_REG/aw.aw_pipe/axaddr_incr_reg[11]_i_3/O[3]
                         net (fo=1, routed)           0.432     7.392    ps/system_i/axi_protocol_converter_0/inst/gen_axilite.gen_b2s_conv.axilite_b2s/WR.aw_channel_0/cmd_translator_0/incr_cmd_0/axaddr_incr[11]
    SLICE_X3Y80          LUT3 (Prop_lut3_I0_O)        0.306     7.698 r  ps/system_i/axi_protocol_converter_0/inst/gen_axilite.gen_b2s_conv.axilite_b2s/WR.aw_channel_0/cmd_translator_0/incr_cmd_0/axaddr_incr[11]_i_2/O
                         net (fo=1, routed)           0.000     7.698    ps/system_i/axi_protocol_converter_0/inst/gen_axilite.gen_b2s_conv.axilite_b2s/WR.aw_channel_0/cmd_translator_0/incr_cmd_0/p_1_in[11]
    SLICE_X3Y80          FDRE                                         r  ps/system_i/axi_protocol_converter_0/inst/gen_axilite.gen_b2s_conv.axilite_b2s/WR.aw_channel_0/cmd_translator_0/incr_cmd_0/axaddr_incr_reg[11]/D
  -------------------------------------------------------------------    -------------------

                         (clock clk_fpga_3 rise edge)
                                                      5.000     5.000 r  
    PS7_X0Y0             PS7                          0.000     5.000 r  ps/system_i/processing_system7/inst/PS7_i/FCLKCLK[3]
                         net (fo=1, routed)           1.101     6.101    ps/system_i/processing_system7/inst/FCLK_CLK_unbuffered[3]
    BUFGCTRL_X0Y2        BUFG (Prop_bufg_I_O)         0.091     6.192 r  ps/system_i/processing_system7/inst/buffer_fclk_clk_3.FCLK_CLK_3_BUFG/O
                         net (fo=965, routed)         1.530     7.722    ps/system_i/axi_protocol_converter_0/inst/gen_axilite.gen_b2s_conv.axilite_b2s/WR.aw_channel_0/cmd_translator_0/incr_cmd_0/aclk
    SLICE_X3Y80          FDRE                                         r  ps/system_i/axi_protocol_converter_0/inst/gen_axilite.gen_b2s_conv.axilite_b2s/WR.aw_channel_0/cmd_translator_0/incr_cmd_0/axaddr_incr_reg[11]/C
                         clock pessimism              0.230     7.952    
                         clock uncertainty           -0.083     7.869    
    SLICE_X3Y80          FDRE (Setup_fdre_C_D)        0.031     7.900    ps/system_i/axi_protocol_converter_0/inst/gen_axilite.gen_b2s_conv.axilite_b2s/WR.aw_channel_0/cmd_translator_0/incr_cmd_0/axaddr_incr_reg[11]
  -------------------------------------------------------------------
                         required time                          7.900    
                         arrival time                          -7.698    
  -------------------------------------------------------------------
                         slack                                  0.202    

Slack (MET) :             0.219ns  (required time - arrival time)
  Source:                 ps/system_i/axi_protocol_converter_0/inst/gen_axilite.gen_b2s_conv.axilite_b2s/WR.aw_channel_0/aw_cmd_fsm_0/FSM_sequential_state_reg[0]/C
                            (rising edge-triggered cell FDSE clocked by clk_fpga_3  {rise@0.000ns fall@2.500ns period=5.000ns})
  Destination:            ps/system_i/axi_protocol_converter_0/inst/gen_axilite.gen_b2s_conv.axilite_b2s/WR.aw_channel_0/cmd_translator_0/wrap_cmd_0/wrap_cnt_r_reg[3]/D
                            (rising edge-triggered cell FDRE clocked by clk_fpga_3  {rise@0.000ns fall@2.500ns period=5.000ns})
  Path Group:             clk_fpga_3
  Path Type:              Setup (Max at Slow Process Corner)
  Requirement:            5.000ns  (clk_fpga_3 rise@5.000ns - clk_fpga_3 rise@0.000ns)
  Data Path Delay:        4.721ns  (logic 1.446ns (30.629%)  route 3.275ns (69.370%))
  Logic Levels:           4  (LUT3=1 LUT4=1 LUT5=1 LUT6=1)
  Clock Path Skew:        -0.052ns (DCD - SCD + CPR)
    Destination Clock Delay (DCD):    2.723ns = ( 7.723 - 5.000 ) 
    Source Clock Delay      (SCD):    3.005ns
    Clock Pessimism Removal (CPR):    0.230ns
  Clock Uncertainty:      0.083ns  ((TSJ^2 + TIJ^2)^1/2 + DJ) / 2 + PE
    Total System Jitter     (TSJ):    0.071ns
    Total Input Jitter      (TIJ):    0.150ns
    Discrete Jitter          (DJ):    0.000ns
    Phase Error              (PE):    0.000ns

    Location             Delay type                Incr(ns)  Path(ns)    Netlist Resource(s)
  -------------------------------------------------------------------    -------------------
                         (clock clk_fpga_3 rise edge)
                                                      0.000     0.000 r  
    PS7_X0Y0             PS7                          0.000     0.000 r  ps/system_i/processing_system7/inst/PS7_i/FCLKCLK[3]
                         net (fo=1, routed)           1.207     1.207    ps/system_i/processing_system7/inst/FCLK_CLK_unbuffered[3]
    BUFGCTRL_X0Y2        BUFG (Prop_bufg_I_O)         0.101     1.308 r  ps/system_i/processing_system7/inst/buffer_fclk_clk_3.FCLK_CLK_3_BUFG/O
                         net (fo=965, routed)         1.697     3.005    ps/system_i/axi_protocol_converter_0/inst/gen_axilite.gen_b2s_conv.axilite_b2s/WR.aw_channel_0/aw_cmd_fsm_0/aclk
    SLICE_X3Y74          FDSE                                         r  ps/system_i/axi_protocol_converter_0/inst/gen_axilite.gen_b2s_conv.axilite_b2s/WR.aw_channel_0/aw_cmd_fsm_0/FSM_sequential_state_reg[0]/C
  -------------------------------------------------------------------    -------------------
    SLICE_X3Y74          FDSE (Prop_fdse_C_Q)         0.456     3.461 r  ps/system_i/axi_protocol_converter_0/inst/gen_axilite.gen_b2s_conv.axilite_b2s/WR.aw_channel_0/aw_cmd_fsm_0/FSM_sequential_state_reg[0]/Q
                         net (fo=18, routed)          0.911     4.372    ps/system_i/axi_protocol_converter_0/inst/gen_axilite.gen_b2s_conv.axilite_b2s/WR.aw_channel_0/aw_cmd_fsm_0/Q[0]
    SLICE_X3Y76          LUT3 (Prop_lut3_I2_O)        0.152     4.524 r  ps/system_i/axi_protocol_converter_0/inst/gen_axilite.gen_b2s_conv.axilite_b2s/WR.aw_channel_0/aw_cmd_fsm_0/wrap_boundary_axaddr_r[11]_i_1/O
                         net (fo=29, routed)          0.821     5.345    ps/system_i/axi_protocol_converter_0/inst/gen_axilite.gen_b2s_conv.axilite_b2s/SI_REG/aw.aw_pipe/axaddr_offset_r_reg[1]
    SLICE_X3Y80          LUT6 (Prop_lut6_I3_O)        0.326     5.671 r  ps/system_i/axi_protocol_converter_0/inst/gen_axilite.gen_b2s_conv.axilite_b2s/SI_REG/aw.aw_pipe/axaddr_offset_r[1]_i_1/O
                         net (fo=6, routed)           0.858     6.529    ps/system_i/axi_protocol_converter_0/inst/gen_axilite.gen_b2s_conv.axilite_b2s/WR.aw_channel_0/aw_cmd_fsm_0/wrap_second_len_r_reg[2]_0[0]
    SLICE_X3Y81          LUT5 (Prop_lut5_I2_O)        0.152     6.681 r  ps/system_i/axi_protocol_converter_0/inst/gen_axilite.gen_b2s_conv.axilite_b2s/WR.aw_channel_0/aw_cmd_fsm_0/wrap_cnt_r[3]_i_2/O
                         net (fo=3, routed)           0.685     7.366    ps/system_i/axi_protocol_converter_0/inst/gen_axilite.gen_b2s_conv.axilite_b2s/WR.aw_channel_0/aw_cmd_fsm_0/wrap_cnt_r[3]_i_2_n_0
    SLICE_X3Y81          LUT4 (Prop_lut4_I2_O)        0.360     7.726 r  ps/system_i/axi_protocol_converter_0/inst/gen_axilite.gen_b2s_conv.axilite_b2s/WR.aw_channel_0/aw_cmd_fsm_0/wrap_cnt_r[3]_i_1/O
                         net (fo=1, routed)           0.000     7.726    ps/system_i/axi_protocol_converter_0/inst/gen_axilite.gen_b2s_conv.axilite_b2s/WR.aw_channel_0/cmd_translator_0/wrap_cmd_0/wrap_cnt_r_reg[3]_0[3]
    SLICE_X3Y81          FDRE                                         r  ps/system_i/axi_protocol_converter_0/inst/gen_axilite.gen_b2s_conv.axilite_b2s/WR.aw_channel_0/cmd_translator_0/wrap_cmd_0/wrap_cnt_r_reg[3]/D
  -------------------------------------------------------------------    -------------------

                         (clock clk_fpga_3 rise edge)
                                                      5.000     5.000 r  
    PS7_X0Y0             PS7                          0.000     5.000 r  ps/system_i/processing_system7/inst/PS7_i/FCLKCLK[3]
                         net (fo=1, routed)           1.101     6.101    ps/system_i/processing_system7/inst/FCLK_CLK_unbuffered[3]
    BUFGCTRL_X0Y2        BUFG (Prop_bufg_I_O)         0.091     6.192 r  ps/system_i/processing_system7/inst/buffer_fclk_clk_3.FCLK_CLK_3_BUFG/O
                         net (fo=965, routed)         1.531     7.723    ps/system_i/axi_protocol_converter_0/inst/gen_axilite.gen_b2s_conv.axilite_b2s/WR.aw_channel_0/cmd_translator_0/wrap_cmd_0/aclk
    SLICE_X3Y81          FDRE                                         r  ps/system_i/axi_protocol_converter_0/inst/gen_axilite.gen_b2s_conv.axilite_b2s/WR.aw_channel_0/cmd_translator_0/wrap_cmd_0/wrap_cnt_r_reg[3]/C
                         clock pessimism              0.230     7.953    
                         clock uncertainty           -0.083     7.870    
    SLICE_X3Y81          FDRE (Setup_fdre_C_D)        0.075     7.945    ps/system_i/axi_protocol_converter_0/inst/gen_axilite.gen_b2s_conv.axilite_b2s/WR.aw_channel_0/cmd_translator_0/wrap_cmd_0/wrap_cnt_r_reg[3]
  -------------------------------------------------------------------
                         required time                          7.945    
                         arrival time                          -7.726    
  -------------------------------------------------------------------
                         slack                                  0.219    

Slack (MET) :             0.228ns  (required time - arrival time)
  Source:                 ps/system_i/axi_protocol_converter_0/inst/gen_axilite.gen_b2s_conv.axilite_b2s/RD.ar_channel_0/ar_cmd_fsm_0/FSM_sequential_state_reg[1]/C
                            (rising edge-triggered cell FDRE clocked by clk_fpga_3  {rise@0.000ns fall@2.500ns period=5.000ns})
  Destination:            ps/system_i/xadc/inst/AXI_LITE_IPIF_I/I_SLAVE_ATTACHMENT/I_DECODER/GEN_BKEND_CE_REGISTERS[11].ce_out_i_reg[11]/D
                            (rising edge-triggered cell FDRE clocked by clk_fpga_3  {rise@0.000ns fall@2.500ns period=5.000ns})
  Path Group:             clk_fpga_3
  Path Type:              Setup (Max at Slow Process Corner)
  Requirement:            5.000ns  (clk_fpga_3 rise@5.000ns - clk_fpga_3 rise@0.000ns)
  Data Path Delay:        4.710ns  (logic 0.952ns (20.211%)  route 3.758ns (79.789%))
  Logic Levels:           4  (LUT2=1 LUT4=1 LUT6=2)
  Clock Path Skew:        -0.060ns (DCD - SCD + CPR)
    Destination Clock Delay (DCD):    2.675ns = ( 7.675 - 5.000 ) 
    Source Clock Delay      (SCD):    2.965ns
    Clock Pessimism Removal (CPR):    0.230ns
  Clock Uncertainty:      0.083ns  ((TSJ^2 + TIJ^2)^1/2 + DJ) / 2 + PE
    Total System Jitter     (TSJ):    0.071ns
    Total Input Jitter      (TIJ):    0.150ns
    Discrete Jitter          (DJ):    0.000ns
    Phase Error              (PE):    0.000ns

    Location             Delay type                Incr(ns)  Path(ns)    Netlist Resource(s)
  -------------------------------------------------------------------    -------------------
                         (clock clk_fpga_3 rise edge)
                                                      0.000     0.000 r  
    PS7_X0Y0             PS7                          0.000     0.000 r  ps/system_i/processing_system7/inst/PS7_i/FCLKCLK[3]
                         net (fo=1, routed)           1.207     1.207    ps/system_i/processing_system7/inst/FCLK_CLK_unbuffered[3]
    BUFGCTRL_X0Y2        BUFG (Prop_bufg_I_O)         0.101     1.308 r  ps/system_i/processing_system7/inst/buffer_fclk_clk_3.FCLK_CLK_3_BUFG/O
                         net (fo=965, routed)         1.657     2.965    ps/system_i/axi_protocol_converter_0/inst/gen_axilite.gen_b2s_conv.axilite_b2s/RD.ar_channel_0/ar_cmd_fsm_0/aclk
    SLICE_X11Y70         FDRE                                         r  ps/system_i/axi_protocol_converter_0/inst/gen_axilite.gen_b2s_conv.axilite_b2s/RD.ar_channel_0/ar_cmd_fsm_0/FSM_sequential_state_reg[1]/C
  -------------------------------------------------------------------    -------------------
    SLICE_X11Y70         FDRE (Prop_fdre_C_Q)         0.456     3.421 r  ps/system_i/axi_protocol_converter_0/inst/gen_axilite.gen_b2s_conv.axilite_b2s/RD.ar_channel_0/ar_cmd_fsm_0/FSM_sequential_state_reg[1]/Q
                         net (fo=27, routed)          0.875     4.296    ps/system_i/axi_protocol_converter_0/inst/gen_axilite.gen_b2s_conv.axilite_b2s/RD.ar_channel_0/ar_cmd_fsm_0/FSM_sequential_state_reg[1]_1[1]
    SLICE_X14Y70         LUT2 (Prop_lut2_I0_O)        0.124     4.420 r  ps/system_i/axi_protocol_converter_0/inst/gen_axilite.gen_b2s_conv.axilite_b2s/RD.ar_channel_0/ar_cmd_fsm_0/m_axi_arvalid_INST_0/O
                         net (fo=29, routed)          0.788     5.207    ps/system_i/xadc/inst/AXI_LITE_IPIF_I/I_SLAVE_ATTACHMENT/I_DECODER/s_axi_arvalid
    SLICE_X9Y75          LUT4 (Prop_lut4_I3_O)        0.124     5.331 r  ps/system_i/xadc/inst/AXI_LITE_IPIF_I/I_SLAVE_ATTACHMENT/I_DECODER/GEN_BKEND_CE_REGISTERS[24].ce_out_i[24]_i_2/O
                         net (fo=26, routed)          0.904     6.235    ps/system_i/xadc/inst/AXI_LITE_IPIF_I/I_SLAVE_ATTACHMENT/I_DECODER/start
    SLICE_X9Y75          LUT6 (Prop_lut6_I0_O)        0.124     6.359 r  ps/system_i/xadc/inst/AXI_LITE_IPIF_I/I_SLAVE_ATTACHMENT/I_DECODER/GEN_BKEND_CE_REGISTERS[23].ce_out_i[23]_i_2/O
                         net (fo=24, routed)          1.192     7.551    ps/system_i/xadc/inst/AXI_LITE_IPIF_I/I_SLAVE_ATTACHMENT/I_DECODER/GEN_BKEND_CE_REGISTERS[23].ce_out_i[23]_i_2_n_0
    SLICE_X10Y77         LUT6 (Prop_lut6_I1_O)        0.124     7.675 r  ps/system_i/xadc/inst/AXI_LITE_IPIF_I/I_SLAVE_ATTACHMENT/I_DECODER/GEN_BKEND_CE_REGISTERS[11].ce_out_i[11]_i_1/O
                         net (fo=1, routed)           0.000     7.675    ps/system_i/xadc/inst/AXI_LITE_IPIF_I/I_SLAVE_ATTACHMENT/I_DECODER/ce_expnd_i_13
    SLICE_X10Y77         FDRE                                         r  ps/system_i/xadc/inst/AXI_LITE_IPIF_I/I_SLAVE_ATTACHMENT/I_DECODER/GEN_BKEND_CE_REGISTERS[11].ce_out_i_reg[11]/D
  -------------------------------------------------------------------    -------------------

                         (clock clk_fpga_3 rise edge)
                                                      5.000     5.000 r  
    PS7_X0Y0             PS7                          0.000     5.000 r  ps/system_i/processing_system7/inst/PS7_i/FCLKCLK[3]
                         net (fo=1, routed)           1.101     6.101    ps/system_i/processing_system7/inst/FCLK_CLK_unbuffered[3]
    BUFGCTRL_X0Y2        BUFG (Prop_bufg_I_O)         0.091     6.192 r  ps/system_i/processing_system7/inst/buffer_fclk_clk_3.FCLK_CLK_3_BUFG/O
                         net (fo=965, routed)         1.483     7.675    ps/system_i/xadc/inst/AXI_LITE_IPIF_I/I_SLAVE_ATTACHMENT/I_DECODER/s_axi_aclk
    SLICE_X10Y77         FDRE                                         r  ps/system_i/xadc/inst/AXI_LITE_IPIF_I/I_SLAVE_ATTACHMENT/I_DECODER/GEN_BKEND_CE_REGISTERS[11].ce_out_i_reg[11]/C
                         clock pessimism              0.230     7.905    
                         clock uncertainty           -0.083     7.822    
    SLICE_X10Y77         FDRE (Setup_fdre_C_D)        0.081     7.903    ps/system_i/xadc/inst/AXI_LITE_IPIF_I/I_SLAVE_ATTACHMENT/I_DECODER/GEN_BKEND_CE_REGISTERS[11].ce_out_i_reg[11]
  -------------------------------------------------------------------
                         required time                          7.903    
                         arrival time                          -7.675    
  -------------------------------------------------------------------
                         slack                                  0.228    

Slack (MET) :             0.235ns  (required time - arrival time)
  Source:                 ps/system_i/axi_protocol_converter_0/inst/gen_axilite.gen_b2s_conv.axilite_b2s/RD.ar_channel_0/ar_cmd_fsm_0/FSM_sequential_state_reg[1]/C
                            (rising edge-triggered cell FDRE clocked by clk_fpga_3  {rise@0.000ns fall@2.500ns period=5.000ns})
  Destination:            ps/system_i/xadc/inst/AXI_LITE_IPIF_I/I_SLAVE_ATTACHMENT/I_DECODER/GEN_BKEND_CE_REGISTERS[4].ce_out_i_reg[4]/D
                            (rising edge-triggered cell FDRE clocked by clk_fpga_3  {rise@0.000ns fall@2.500ns period=5.000ns})
  Path Group:             clk_fpga_3
  Path Type:              Setup (Max at Slow Process Corner)
  Requirement:            5.000ns  (clk_fpga_3 rise@5.000ns - clk_fpga_3 rise@0.000ns)
  Data Path Delay:        4.650ns  (logic 0.952ns (20.474%)  route 3.698ns (79.526%))
  Logic Levels:           4  (LUT2=1 LUT4=1 LUT6=2)
  Clock Path Skew:        -0.063ns (DCD - SCD + CPR)
    Destination Clock Delay (DCD):    2.672ns = ( 7.672 - 5.000 ) 
    Source Clock Delay      (SCD):    2.965ns
    Clock Pessimism Removal (CPR):    0.230ns
  Clock Uncertainty:      0.083ns  ((TSJ^2 + TIJ^2)^1/2 + DJ) / 2 + PE
    Total System Jitter     (TSJ):    0.071ns
    Total Input Jitter      (TIJ):    0.150ns
    Discrete Jitter          (DJ):    0.000ns
    Phase Error              (PE):    0.000ns

    Location             Delay type                Incr(ns)  Path(ns)    Netlist Resource(s)
  -------------------------------------------------------------------    -------------------
                         (clock clk_fpga_3 rise edge)
                                                      0.000     0.000 r  
    PS7_X0Y0             PS7                          0.000     0.000 r  ps/system_i/processing_system7/inst/PS7_i/FCLKCLK[3]
                         net (fo=1, routed)           1.207     1.207    ps/system_i/processing_system7/inst/FCLK_CLK_unbuffered[3]
    BUFGCTRL_X0Y2        BUFG (Prop_bufg_I_O)         0.101     1.308 r  ps/system_i/processing_system7/inst/buffer_fclk_clk_3.FCLK_CLK_3_BUFG/O
                         net (fo=965, routed)         1.657     2.965    ps/system_i/axi_protocol_converter_0/inst/gen_axilite.gen_b2s_conv.axilite_b2s/RD.ar_channel_0/ar_cmd_fsm_0/aclk
    SLICE_X11Y70         FDRE                                         r  ps/system_i/axi_protocol_converter_0/inst/gen_axilite.gen_b2s_conv.axilite_b2s/RD.ar_channel_0/ar_cmd_fsm_0/FSM_sequential_state_reg[1]/C
  -------------------------------------------------------------------    -------------------
    SLICE_X11Y70         FDRE (Prop_fdre_C_Q)         0.456     3.421 r  ps/system_i/axi_protocol_converter_0/inst/gen_axilite.gen_b2s_conv.axilite_b2s/RD.ar_channel_0/ar_cmd_fsm_0/FSM_sequential_state_reg[1]/Q
                         net (fo=27, routed)          0.875     4.296    ps/system_i/axi_protocol_converter_0/inst/gen_axilite.gen_b2s_conv.axilite_b2s/RD.ar_channel_0/ar_cmd_fsm_0/FSM_sequential_state_reg[1]_1[1]
    SLICE_X14Y70         LUT2 (Prop_lut2_I0_O)        0.124     4.420 r  ps/system_i/axi_protocol_converter_0/inst/gen_axilite.gen_b2s_conv.axilite_b2s/RD.ar_channel_0/ar_cmd_fsm_0/m_axi_arvalid_INST_0/O
                         net (fo=29, routed)          0.788     5.207    ps/system_i/xadc/inst/AXI_LITE_IPIF_I/I_SLAVE_ATTACHMENT/I_DECODER/s_axi_arvalid
    SLICE_X9Y75          LUT4 (Prop_lut4_I3_O)        0.124     5.331 r  ps/system_i/xadc/inst/AXI_LITE_IPIF_I/I_SLAVE_ATTACHMENT/I_DECODER/GEN_BKEND_CE_REGISTERS[24].ce_out_i[24]_i_2/O
                         net (fo=26, routed)          0.904     6.235    ps/system_i/xadc/inst/AXI_LITE_IPIF_I/I_SLAVE_ATTACHMENT/I_DECODER/start
    SLICE_X9Y75          LUT6 (Prop_lut6_I0_O)        0.124     6.359 r  ps/system_i/xadc/inst/AXI_LITE_IPIF_I/I_SLAVE_ATTACHMENT/I_DECODER/GEN_BKEND_CE_REGISTERS[23].ce_out_i[23]_i_2/O
                         net (fo=24, routed)          1.132     7.491    ps/system_i/xadc/inst/AXI_LITE_IPIF_I/I_SLAVE_ATTACHMENT/I_DECODER/GEN_BKEND_CE_REGISTERS[23].ce_out_i[23]_i_2_n_0
    SLICE_X9Y74          LUT6 (Prop_lut6_I1_O)        0.124     7.615 r  ps/system_i/xadc/inst/AXI_LITE_IPIF_I/I_SLAVE_ATTACHMENT/I_DECODER/GEN_BKEND_CE_REGISTERS[4].ce_out_i[4]_i_1/O
                         net (fo=1, routed)           0.000     7.615    ps/system_i/xadc/inst/AXI_LITE_IPIF_I/I_SLAVE_ATTACHMENT/I_DECODER/ce_expnd_i_20
    SLICE_X9Y74          FDRE                                         r  ps/system_i/xadc/inst/AXI_LITE_IPIF_I/I_SLAVE_ATTACHMENT/I_DECODER/GEN_BKEND_CE_REGISTERS[4].ce_out_i_reg[4]/D
  -------------------------------------------------------------------    -------------------

                         (clock clk_fpga_3 rise edge)
                                                      5.000     5.000 r  
    PS7_X0Y0             PS7                          0.000     5.000 r  ps/system_i/processing_system7/inst/PS7_i/FCLKCLK[3]
                         net (fo=1, routed)           1.101     6.101    ps/system_i/processing_system7/inst/FCLK_CLK_unbuffered[3]
    BUFGCTRL_X0Y2        BUFG (Prop_bufg_I_O)         0.091     6.192 r  ps/system_i/processing_system7/inst/buffer_fclk_clk_3.FCLK_CLK_3_BUFG/O
                         net (fo=965, routed)         1.480     7.672    ps/system_i/xadc/inst/AXI_LITE_IPIF_I/I_SLAVE_ATTACHMENT/I_DECODER/s_axi_aclk
    SLICE_X9Y74          FDRE                                         r  ps/system_i/xadc/inst/AXI_LITE_IPIF_I/I_SLAVE_ATTACHMENT/I_DECODER/GEN_BKEND_CE_REGISTERS[4].ce_out_i_reg[4]/C
                         clock pessimism              0.230     7.902    
                         clock uncertainty           -0.083     7.819    
    SLICE_X9Y74          FDRE (Setup_fdre_C_D)        0.031     7.850    ps/system_i/xadc/inst/AXI_LITE_IPIF_I/I_SLAVE_ATTACHMENT/I_DECODER/GEN_BKEND_CE_REGISTERS[4].ce_out_i_reg[4]
  -------------------------------------------------------------------
                         required time                          7.850    
                         arrival time                          -7.615    
  -------------------------------------------------------------------
                         slack                                  0.235    

Slack (MET) :             0.263ns  (required time - arrival time)
  Source:                 ps/system_i/axi_protocol_converter_0/inst/gen_axilite.gen_b2s_conv.axilite_b2s/RD.r_channel_0/rd_data_fifo_0/cnt_read_reg[1]/C
                            (rising edge-triggered cell FDSE clocked by clk_fpga_3  {rise@0.000ns fall@2.500ns period=5.000ns})
  Destination:            ps/system_i/axi_protocol_converter_0/inst/gen_axilite.gen_b2s_conv.axilite_b2s/RD.r_channel_0/transaction_fifo_0/cnt_read_reg[0]/CE
                            (rising edge-triggered cell FDSE clocked by clk_fpga_3  {rise@0.000ns fall@2.500ns period=5.000ns})
  Path Group:             clk_fpga_3
  Path Type:              Setup (Max at Slow Process Corner)
  Requirement:            5.000ns  (clk_fpga_3 rise@5.000ns - clk_fpga_3 rise@0.000ns)
  Data Path Delay:        4.217ns  (logic 1.175ns (27.866%)  route 3.042ns (72.134%))
  Logic Levels:           4  (LUT2=2 LUT5=1 LUT6=1)
  Clock Path Skew:        -0.024ns (DCD - SCD + CPR)
    Destination Clock Delay (DCD):    2.722ns = ( 7.722 - 5.000 ) 
    Source Clock Delay      (SCD):    3.013ns
    Clock Pessimism Removal (CPR):    0.267ns
  Clock Uncertainty:      0.083ns  ((TSJ^2 + TIJ^2)^1/2 + DJ) / 2 + PE
    Total System Jitter     (TSJ):    0.071ns
    Total Input Jitter      (TIJ):    0.150ns
    Discrete Jitter          (DJ):    0.000ns
    Phase Error              (PE):    0.000ns

    Location             Delay type                Incr(ns)  Path(ns)    Netlist Resource(s)
  -------------------------------------------------------------------    -------------------
                         (clock clk_fpga_3 rise edge)
                                                      0.000     0.000 r  
    PS7_X0Y0             PS7                          0.000     0.000 r  ps/system_i/processing_system7/inst/PS7_i/FCLKCLK[3]
                         net (fo=1, routed)           1.207     1.207    ps/system_i/processing_system7/inst/FCLK_CLK_unbuffered[3]
    BUFGCTRL_X0Y2        BUFG (Prop_bufg_I_O)         0.101     1.308 r  ps/system_i/processing_system7/inst/buffer_fclk_clk_3.FCLK_CLK_3_BUFG/O
                         net (fo=965, routed)         1.705     3.013    ps/system_i/axi_protocol_converter_0/inst/gen_axilite.gen_b2s_conv.axilite_b2s/RD.r_channel_0/rd_data_fifo_0/aclk
    SLICE_X5Y69          FDSE                                         r  ps/system_i/axi_protocol_converter_0/inst/gen_axilite.gen_b2s_conv.axilite_b2s/RD.r_channel_0/rd_data_fifo_0/cnt_read_reg[1]/C
  -------------------------------------------------------------------    -------------------
    SLICE_X5Y69          FDSE (Prop_fdse_C_Q)         0.456     3.469 f  ps/system_i/axi_protocol_converter_0/inst/gen_axilite.gen_b2s_conv.axilite_b2s/RD.r_channel_0/rd_data_fifo_0/cnt_read_reg[1]/Q
                         net (fo=28, routed)          1.036     4.505    ps/system_i/axi_protocol_converter_0/inst/gen_axilite.gen_b2s_conv.axilite_b2s/RD.r_channel_0/rd_data_fifo_0/cnt_read_reg[1]
    SLICE_X5Y71          LUT5 (Prop_lut5_I1_O)        0.152     4.657 f  ps/system_i/axi_protocol_converter_0/inst/gen_axilite.gen_b2s_conv.axilite_b2s/RD.r_channel_0/rd_data_fifo_0/m_valid_i_i_3/O
                         net (fo=1, routed)           0.436     5.093    ps/system_i/axi_protocol_converter_0/inst/gen_axilite.gen_b2s_conv.axilite_b2s/RD.r_channel_0/transaction_fifo_0/m_valid_i_reg
    SLICE_X5Y71          LUT6 (Prop_lut6_I5_O)        0.326     5.419 f  ps/system_i/axi_protocol_converter_0/inst/gen_axilite.gen_b2s_conv.axilite_b2s/RD.r_channel_0/transaction_fifo_0/m_valid_i_i_2/O
                         net (fo=5, routed)           0.561     5.980    ps/system_i/axi_protocol_converter_0/inst/gen_axilite.gen_b2s_conv.axilite_b2s/SI_REG/r.r_pipe/m_valid_i_reg_2
    SLICE_X3Y71          LUT2 (Prop_lut2_I1_O)        0.124     6.104 r  ps/system_i/axi_protocol_converter_0/inst/gen_axilite.gen_b2s_conv.axilite_b2s/SI_REG/r.r_pipe/cnt_read[4]_i_3__0/O
                         net (fo=8, routed)           0.426     6.530    ps/system_i/axi_protocol_converter_0/inst/gen_axilite.gen_b2s_conv.axilite_b2s/RD.r_channel_0/transaction_fifo_0/cnt_read_reg[4]_0
    SLICE_X5Y70          LUT2 (Prop_lut2_I1_O)        0.117     6.647 r  ps/system_i/axi_protocol_converter_0/inst/gen_axilite.gen_b2s_conv.axilite_b2s/RD.r_channel_0/transaction_fifo_0/cnt_read[4]_i_1__0/O
                         net (fo=5, routed)           0.583     7.230    ps/system_i/axi_protocol_converter_0/inst/gen_axilite.gen_b2s_conv.axilite_b2s/RD.r_channel_0/transaction_fifo_0/cnt_read[4]_i_1__0_n_0
    SLICE_X5Y70          FDSE                                         r  ps/system_i/axi_protocol_converter_0/inst/gen_axilite.gen_b2s_conv.axilite_b2s/RD.r_channel_0/transaction_fifo_0/cnt_read_reg[0]/CE
  -------------------------------------------------------------------    -------------------

                         (clock clk_fpga_3 rise edge)
                                                      5.000     5.000 r  
    PS7_X0Y0             PS7                          0.000     5.000 r  ps/system_i/processing_system7/inst/PS7_i/FCLKCLK[3]
                         net (fo=1, routed)           1.101     6.101    ps/system_i/processing_system7/inst/FCLK_CLK_unbuffered[3]
    BUFGCTRL_X0Y2        BUFG (Prop_bufg_I_O)         0.091     6.192 r  ps/system_i/processing_system7/inst/buffer_fclk_clk_3.FCLK_CLK_3_BUFG/O
                         net (fo=965, routed)         1.530     7.722    ps/system_i/axi_protocol_converter_0/inst/gen_axilite.gen_b2s_conv.axilite_b2s/RD.r_channel_0/transaction_fifo_0/aclk
    SLICE_X5Y70          FDSE                                         r  ps/system_i/axi_protocol_converter_0/inst/gen_axilite.gen_b2s_conv.axilite_b2s/RD.r_channel_0/transaction_fifo_0/cnt_read_reg[0]/C
                         clock pessimism              0.267     7.989    
                         clock uncertainty           -0.083     7.906    
    SLICE_X5Y70          FDSE (Setup_fdse_C_CE)      -0.413     7.493    ps/system_i/axi_protocol_converter_0/inst/gen_axilite.gen_b2s_conv.axilite_b2s/RD.r_channel_0/transaction_fifo_0/cnt_read_reg[0]
  -------------------------------------------------------------------
                         required time                          7.493    
                         arrival time                          -7.230    
  -------------------------------------------------------------------
                         slack                                  0.263    

Slack (MET) :             0.263ns  (required time - arrival time)
  Source:                 ps/system_i/axi_protocol_converter_0/inst/gen_axilite.gen_b2s_conv.axilite_b2s/RD.r_channel_0/rd_data_fifo_0/cnt_read_reg[1]/C
                            (rising edge-triggered cell FDSE clocked by clk_fpga_3  {rise@0.000ns fall@2.500ns period=5.000ns})
  Destination:            ps/system_i/axi_protocol_converter_0/inst/gen_axilite.gen_b2s_conv.axilite_b2s/RD.r_channel_0/transaction_fifo_0/cnt_read_reg[3]/CE
                            (rising edge-triggered cell FDSE clocked by clk_fpga_3  {rise@0.000ns fall@2.500ns period=5.000ns})
  Path Group:             clk_fpga_3
  Path Type:              Setup (Max at Slow Process Corner)
  Requirement:            5.000ns  (clk_fpga_3 rise@5.000ns - clk_fpga_3 rise@0.000ns)
  Data Path Delay:        4.217ns  (logic 1.175ns (27.866%)  route 3.042ns (72.134%))
  Logic Levels:           4  (LUT2=2 LUT5=1 LUT6=1)
  Clock Path Skew:        -0.024ns (DCD - SCD + CPR)
    Destination Clock Delay (DCD):    2.722ns = ( 7.722 - 5.000 ) 
    Source Clock Delay      (SCD):    3.013ns
    Clock Pessimism Removal (CPR):    0.267ns
  Clock Uncertainty:      0.083ns  ((TSJ^2 + TIJ^2)^1/2 + DJ) / 2 + PE
    Total System Jitter     (TSJ):    0.071ns
    Total Input Jitter      (TIJ):    0.150ns
    Discrete Jitter          (DJ):    0.000ns
    Phase Error              (PE):    0.000ns

    Location             Delay type                Incr(ns)  Path(ns)    Netlist Resource(s)
  -------------------------------------------------------------------    -------------------
                         (clock clk_fpga_3 rise edge)
                                                      0.000     0.000 r  
    PS7_X0Y0             PS7                          0.000     0.000 r  ps/system_i/processing_system7/inst/PS7_i/FCLKCLK[3]
                         net (fo=1, routed)           1.207     1.207    ps/system_i/processing_system7/inst/FCLK_CLK_unbuffered[3]
    BUFGCTRL_X0Y2        BUFG (Prop_bufg_I_O)         0.101     1.308 r  ps/system_i/processing_system7/inst/buffer_fclk_clk_3.FCLK_CLK_3_BUFG/O
                         net (fo=965, routed)         1.705     3.013    ps/system_i/axi_protocol_converter_0/inst/gen_axilite.gen_b2s_conv.axilite_b2s/RD.r_channel_0/rd_data_fifo_0/aclk
    SLICE_X5Y69          FDSE                                         r  ps/system_i/axi_protocol_converter_0/inst/gen_axilite.gen_b2s_conv.axilite_b2s/RD.r_channel_0/rd_data_fifo_0/cnt_read_reg[1]/C
  -------------------------------------------------------------------    -------------------
    SLICE_X5Y69          FDSE (Prop_fdse_C_Q)         0.456     3.469 f  ps/system_i/axi_protocol_converter_0/inst/gen_axilite.gen_b2s_conv.axilite_b2s/RD.r_channel_0/rd_data_fifo_0/cnt_read_reg[1]/Q
                         net (fo=28, routed)          1.036     4.505    ps/system_i/axi_protocol_converter_0/inst/gen_axilite.gen_b2s_conv.axilite_b2s/RD.r_channel_0/rd_data_fifo_0/cnt_read_reg[1]
    SLICE_X5Y71          LUT5 (Prop_lut5_I1_O)        0.152     4.657 f  ps/system_i/axi_protocol_converter_0/inst/gen_axilite.gen_b2s_conv.axilite_b2s/RD.r_channel_0/rd_data_fifo_0/m_valid_i_i_3/O
                         net (fo=1, routed)           0.436     5.093    ps/system_i/axi_protocol_converter_0/inst/gen_axilite.gen_b2s_conv.axilite_b2s/RD.r_channel_0/transaction_fifo_0/m_valid_i_reg
    SLICE_X5Y71          LUT6 (Prop_lut6_I5_O)        0.326     5.419 f  ps/system_i/axi_protocol_converter_0/inst/gen_axilite.gen_b2s_conv.axilite_b2s/RD.r_channel_0/transaction_fifo_0/m_valid_i_i_2/O
                         net (fo=5, routed)           0.561     5.980    ps/system_i/axi_protocol_converter_0/inst/gen_axilite.gen_b2s_conv.axilite_b2s/SI_REG/r.r_pipe/m_valid_i_reg_2
    SLICE_X3Y71          LUT2 (Prop_lut2_I1_O)        0.124     6.104 r  ps/system_i/axi_protocol_converter_0/inst/gen_axilite.gen_b2s_conv.axilite_b2s/SI_REG/r.r_pipe/cnt_read[4]_i_3__0/O
                         net (fo=8, routed)           0.426     6.530    ps/system_i/axi_protocol_converter_0/inst/gen_axilite.gen_b2s_conv.axilite_b2s/RD.r_channel_0/transaction_fifo_0/cnt_read_reg[4]_0
    SLICE_X5Y70          LUT2 (Prop_lut2_I1_O)        0.117     6.647 r  ps/system_i/axi_protocol_converter_0/inst/gen_axilite.gen_b2s_conv.axilite_b2s/RD.r_channel_0/transaction_fifo_0/cnt_read[4]_i_1__0/O
                         net (fo=5, routed)           0.583     7.230    ps/system_i/axi_protocol_converter_0/inst/gen_axilite.gen_b2s_conv.axilite_b2s/RD.r_channel_0/transaction_fifo_0/cnt_read[4]_i_1__0_n_0
    SLICE_X5Y70          FDSE                                         r  ps/system_i/axi_protocol_converter_0/inst/gen_axilite.gen_b2s_conv.axilite_b2s/RD.r_channel_0/transaction_fifo_0/cnt_read_reg[3]/CE
  -------------------------------------------------------------------    -------------------

                         (clock clk_fpga_3 rise edge)
                                                      5.000     5.000 r  
    PS7_X0Y0             PS7                          0.000     5.000 r  ps/system_i/processing_system7/inst/PS7_i/FCLKCLK[3]
                         net (fo=1, routed)           1.101     6.101    ps/system_i/processing_system7/inst/FCLK_CLK_unbuffered[3]
    BUFGCTRL_X0Y2        BUFG (Prop_bufg_I_O)         0.091     6.192 r  ps/system_i/processing_system7/inst/buffer_fclk_clk_3.FCLK_CLK_3_BUFG/O
                         net (fo=965, routed)         1.530     7.722    ps/system_i/axi_protocol_converter_0/inst/gen_axilite.gen_b2s_conv.axilite_b2s/RD.r_channel_0/transaction_fifo_0/aclk
    SLICE_X5Y70          FDSE                                         r  ps/system_i/axi_protocol_converter_0/inst/gen_axilite.gen_b2s_conv.axilite_b2s/RD.r_channel_0/transaction_fifo_0/cnt_read_reg[3]/C
                         clock pessimism              0.267     7.989    
                         clock uncertainty           -0.083     7.906    
    SLICE_X5Y70          FDSE (Setup_fdse_C_CE)      -0.413     7.493    ps/system_i/axi_protocol_converter_0/inst/gen_axilite.gen_b2s_conv.axilite_b2s/RD.r_channel_0/transaction_fifo_0/cnt_read_reg[3]
  -------------------------------------------------------------------
                         required time                          7.493    
                         arrival time                          -7.230    
  -------------------------------------------------------------------
                         slack                                  0.263    

Slack (MET) :             0.263ns  (required time - arrival time)
  Source:                 ps/system_i/axi_protocol_converter_0/inst/gen_axilite.gen_b2s_conv.axilite_b2s/RD.r_channel_0/rd_data_fifo_0/cnt_read_reg[1]/C
                            (rising edge-triggered cell FDSE clocked by clk_fpga_3  {rise@0.000ns fall@2.500ns period=5.000ns})
  Destination:            ps/system_i/axi_protocol_converter_0/inst/gen_axilite.gen_b2s_conv.axilite_b2s/RD.r_channel_0/transaction_fifo_0/cnt_read_reg[4]/CE
                            (rising edge-triggered cell FDSE clocked by clk_fpga_3  {rise@0.000ns fall@2.500ns period=5.000ns})
  Path Group:             clk_fpga_3
  Path Type:              Setup (Max at Slow Process Corner)
  Requirement:            5.000ns  (clk_fpga_3 rise@5.000ns - clk_fpga_3 rise@0.000ns)
  Data Path Delay:        4.217ns  (logic 1.175ns (27.866%)  route 3.042ns (72.134%))
  Logic Levels:           4  (LUT2=2 LUT5=1 LUT6=1)
  Clock Path Skew:        -0.024ns (DCD - SCD + CPR)
    Destination Clock Delay (DCD):    2.722ns = ( 7.722 - 5.000 ) 
    Source Clock Delay      (SCD):    3.013ns
    Clock Pessimism Removal (CPR):    0.267ns
  Clock Uncertainty:      0.083ns  ((TSJ^2 + TIJ^2)^1/2 + DJ) / 2 + PE
    Total System Jitter     (TSJ):    0.071ns
    Total Input Jitter      (TIJ):    0.150ns
    Discrete Jitter          (DJ):    0.000ns
    Phase Error              (PE):    0.000ns

    Location             Delay type                Incr(ns)  Path(ns)    Netlist Resource(s)
  -------------------------------------------------------------------    -------------------
                         (clock clk_fpga_3 rise edge)
                                                      0.000     0.000 r  
    PS7_X0Y0             PS7                          0.000     0.000 r  ps/system_i/processing_system7/inst/PS7_i/FCLKCLK[3]
                         net (fo=1, routed)           1.207     1.207    ps/system_i/processing_system7/inst/FCLK_CLK_unbuffered[3]
    BUFGCTRL_X0Y2        BUFG (Prop_bufg_I_O)         0.101     1.308 r  ps/system_i/processing_system7/inst/buffer_fclk_clk_3.FCLK_CLK_3_BUFG/O
                         net (fo=965, routed)         1.705     3.013    ps/system_i/axi_protocol_converter_0/inst/gen_axilite.gen_b2s_conv.axilite_b2s/RD.r_channel_0/rd_data_fifo_0/aclk
    SLICE_X5Y69          FDSE                                         r  ps/system_i/axi_protocol_converter_0/inst/gen_axilite.gen_b2s_conv.axilite_b2s/RD.r_channel_0/rd_data_fifo_0/cnt_read_reg[1]/C
  -------------------------------------------------------------------    -------------------
    SLICE_X5Y69          FDSE (Prop_fdse_C_Q)         0.456     3.469 f  ps/system_i/axi_protocol_converter_0/inst/gen_axilite.gen_b2s_conv.axilite_b2s/RD.r_channel_0/rd_data_fifo_0/cnt_read_reg[1]/Q
                         net (fo=28, routed)          1.036     4.505    ps/system_i/axi_protocol_converter_0/inst/gen_axilite.gen_b2s_conv.axilite_b2s/RD.r_channel_0/rd_data_fifo_0/cnt_read_reg[1]
    SLICE_X5Y71          LUT5 (Prop_lut5_I1_O)        0.152     4.657 f  ps/system_i/axi_protocol_converter_0/inst/gen_axilite.gen_b2s_conv.axilite_b2s/RD.r_channel_0/rd_data_fifo_0/m_valid_i_i_3/O
                         net (fo=1, routed)           0.436     5.093    ps/system_i/axi_protocol_converter_0/inst/gen_axilite.gen_b2s_conv.axilite_b2s/RD.r_channel_0/transaction_fifo_0/m_valid_i_reg
    SLICE_X5Y71          LUT6 (Prop_lut6_I5_O)        0.326     5.419 f  ps/system_i/axi_protocol_converter_0/inst/gen_axilite.gen_b2s_conv.axilite_b2s/RD.r_channel_0/transaction_fifo_0/m_valid_i_i_2/O
                         net (fo=5, routed)           0.561     5.980    ps/system_i/axi_protocol_converter_0/inst/gen_axilite.gen_b2s_conv.axilite_b2s/SI_REG/r.r_pipe/m_valid_i_reg_2
    SLICE_X3Y71          LUT2 (Prop_lut2_I1_O)        0.124     6.104 r  ps/system_i/axi_protocol_converter_0/inst/gen_axilite.gen_b2s_conv.axilite_b2s/SI_REG/r.r_pipe/cnt_read[4]_i_3__0/O
                         net (fo=8, routed)           0.426     6.530    ps/system_i/axi_protocol_converter_0/inst/gen_axilite.gen_b2s_conv.axilite_b2s/RD.r_channel_0/transaction_fifo_0/cnt_read_reg[4]_0
    SLICE_X5Y70          LUT2 (Prop_lut2_I1_O)        0.117     6.647 r  ps/system_i/axi_protocol_converter_0/inst/gen_axilite.gen_b2s_conv.axilite_b2s/RD.r_channel_0/transaction_fifo_0/cnt_read[4]_i_1__0/O
                         net (fo=5, routed)           0.583     7.230    ps/system_i/axi_protocol_converter_0/inst/gen_axilite.gen_b2s_conv.axilite_b2s/RD.r_channel_0/transaction_fifo_0/cnt_read[4]_i_1__0_n_0
    SLICE_X5Y70          FDSE                                         r  ps/system_i/axi_protocol_converter_0/inst/gen_axilite.gen_b2s_conv.axilite_b2s/RD.r_channel_0/transaction_fifo_0/cnt_read_reg[4]/CE
  -------------------------------------------------------------------    -------------------

                         (clock clk_fpga_3 rise edge)
                                                      5.000     5.000 r  
    PS7_X0Y0             PS7                          0.000     5.000 r  ps/system_i/processing_system7/inst/PS7_i/FCLKCLK[3]
                         net (fo=1, routed)           1.101     6.101    ps/system_i/processing_system7/inst/FCLK_CLK_unbuffered[3]
    BUFGCTRL_X0Y2        BUFG (Prop_bufg_I_O)         0.091     6.192 r  ps/system_i/processing_system7/inst/buffer_fclk_clk_3.FCLK_CLK_3_BUFG/O
                         net (fo=965, routed)         1.530     7.722    ps/system_i/axi_protocol_converter_0/inst/gen_axilite.gen_b2s_conv.axilite_b2s/RD.r_channel_0/transaction_fifo_0/aclk
    SLICE_X5Y70          FDSE                                         r  ps/system_i/axi_protocol_converter_0/inst/gen_axilite.gen_b2s_conv.axilite_b2s/RD.r_channel_0/transaction_fifo_0/cnt_read_reg[4]/C
                         clock pessimism              0.267     7.989    
                         clock uncertainty           -0.083     7.906    
    SLICE_X5Y70          FDSE (Setup_fdse_C_CE)      -0.413     7.493    ps/system_i/axi_protocol_converter_0/inst/gen_axilite.gen_b2s_conv.axilite_b2s/RD.r_channel_0/transaction_fifo_0/cnt_read_reg[4]
  -------------------------------------------------------------------
                         required time                          7.493    
                         arrival time                          -7.230    
  -------------------------------------------------------------------
                         slack                                  0.263    

Slack (MET) :             0.332ns  (required time - arrival time)
  Source:                 ps/system_i/axi_protocol_converter_0/inst/gen_axilite.gen_b2s_conv.axilite_b2s/WR.aw_channel_0/cmd_translator_0/incr_cmd_0/sel_first_reg/C
                            (rising edge-triggered cell FDRE clocked by clk_fpga_3  {rise@0.000ns fall@2.500ns period=5.000ns})
  Destination:            ps/system_i/xadc/inst/AXI_LITE_IPIF_I/I_SLAVE_ATTACHMENT/I_DECODER/GEN_BKEND_CE_REGISTERS[13].ce_out_i_reg[13]/D
                            (rising edge-triggered cell FDRE clocked by clk_fpga_3  {rise@0.000ns fall@2.500ns period=5.000ns})
  Path Group:             clk_fpga_3
  Path Type:              Setup (Max at Slow Process Corner)
  Requirement:            5.000ns  (clk_fpga_3 rise@5.000ns - clk_fpga_3 rise@0.000ns)
  Data Path Delay:        4.557ns  (logic 1.414ns (31.027%)  route 3.143ns (68.973%))
  Logic Levels:           4  (LUT2=1 LUT5=1 LUT6=2)
  Clock Path Skew:        -0.105ns (DCD - SCD + CPR)
    Destination Clock Delay (DCD):    2.672ns = ( 7.672 - 5.000 ) 
    Source Clock Delay      (SCD):    3.007ns
    Clock Pessimism Removal (CPR):    0.230ns
  Clock Uncertainty:      0.083ns  ((TSJ^2 + TIJ^2)^1/2 + DJ) / 2 + PE
    Total System Jitter     (TSJ):    0.071ns
    Total Input Jitter      (TIJ):    0.150ns
    Discrete Jitter          (DJ):    0.000ns
    Phase Error              (PE):    0.000ns

    Location             Delay type                Incr(ns)  Path(ns)    Netlist Resource(s)
  -------------------------------------------------------------------    -------------------
                         (clock clk_fpga_3 rise edge)
                                                      0.000     0.000 r  
    PS7_X0Y0             PS7                          0.000     0.000 r  ps/system_i/processing_system7/inst/PS7_i/FCLKCLK[3]
                         net (fo=1, routed)           1.207     1.207    ps/system_i/processing_system7/inst/FCLK_CLK_unbuffered[3]
    BUFGCTRL_X0Y2        BUFG (Prop_bufg_I_O)         0.101     1.308 r  ps/system_i/processing_system7/inst/buffer_fclk_clk_3.FCLK_CLK_3_BUFG/O
                         net (fo=965, routed)         1.699     3.007    ps/system_i/axi_protocol_converter_0/inst/gen_axilite.gen_b2s_conv.axilite_b2s/WR.aw_channel_0/cmd_translator_0/incr_cmd_0/aclk
    SLICE_X3Y73          FDRE                                         r  ps/system_i/axi_protocol_converter_0/inst/gen_axilite.gen_b2s_conv.axilite_b2s/WR.aw_channel_0/cmd_translator_0/incr_cmd_0/sel_first_reg/C
  -------------------------------------------------------------------    -------------------
    SLICE_X3Y73          FDRE (Prop_fdre_C_Q)         0.456     3.463 r  ps/system_i/axi_protocol_converter_0/inst/gen_axilite.gen_b2s_conv.axilite_b2s/WR.aw_channel_0/cmd_translator_0/incr_cmd_0/sel_first_reg/Q
                         net (fo=15, routed)          0.625     4.088    ps/system_i/axi_protocol_converter_0/inst/gen_axilite.gen_b2s_conv.axilite_b2s/WR.aw_channel_0/cmd_translator_0/incr_cmd_0/sel_first_reg_0
    SLICE_X3Y75          LUT2 (Prop_lut2_I0_O)        0.150     4.238 r  ps/system_i/axi_protocol_converter_0/inst/gen_axilite.gen_b2s_conv.axilite_b2s/WR.aw_channel_0/cmd_translator_0/incr_cmd_0/m_axi_awaddr[11]_INST_0_i_1/O
                         net (fo=8, routed)           0.731     4.969    ps/system_i/axi_protocol_converter_0/inst/gen_axilite.gen_b2s_conv.axilite_b2s/WR.aw_channel_0/cmd_translator_0/incr_cmd_0/m_axi_awaddr[11]_INST_0_i_1_n_0
    SLICE_X5Y76          LUT6 (Prop_lut6_I1_O)        0.332     5.301 f  ps/system_i/axi_protocol_converter_0/inst/gen_axilite.gen_b2s_conv.axilite_b2s/WR.aw_channel_0/cmd_translator_0/incr_cmd_0/m_axi_awaddr[3]_INST_0/O
                         net (fo=5, routed)           0.999     6.301    ps/system_i/xadc/inst/AXI_LITE_IPIF_I/I_SLAVE_ATTACHMENT/I_DECODER/s_axi_awaddr[1]
    SLICE_X9Y74          LUT5 (Prop_lut5_I2_O)        0.150     6.451 r  ps/system_i/xadc/inst/AXI_LITE_IPIF_I/I_SLAVE_ATTACHMENT/I_DECODER/GEN_BKEND_CE_REGISTERS[21].ce_out_i[21]_i_2/O
                         net (fo=6, routed)           0.788     7.238    ps/system_i/xadc/inst/AXI_LITE_IPIF_I/I_SLAVE_ATTACHMENT/I_DECODER/GEN_BKEND_CE_REGISTERS[21].ce_out_i[21]_i_2_n_0
    SLICE_X8Y75          LUT6 (Prop_lut6_I1_O)        0.326     7.564 r  ps/system_i/xadc/inst/AXI_LITE_IPIF_I/I_SLAVE_ATTACHMENT/I_DECODER/GEN_BKEND_CE_REGISTERS[13].ce_out_i[13]_i_1/O
                         net (fo=1, routed)           0.000     7.564    ps/system_i/xadc/inst/AXI_LITE_IPIF_I/I_SLAVE_ATTACHMENT/I_DECODER/ce_expnd_i_11
    SLICE_X8Y75          FDRE                                         r  ps/system_i/xadc/inst/AXI_LITE_IPIF_I/I_SLAVE_ATTACHMENT/I_DECODER/GEN_BKEND_CE_REGISTERS[13].ce_out_i_reg[13]/D
  -------------------------------------------------------------------    -------------------

                         (clock clk_fpga_3 rise edge)
                                                      5.000     5.000 r  
    PS7_X0Y0             PS7                          0.000     5.000 r  ps/system_i/processing_system7/inst/PS7_i/FCLKCLK[3]
                         net (fo=1, routed)           1.101     6.101    ps/system_i/processing_system7/inst/FCLK_CLK_unbuffered[3]
    BUFGCTRL_X0Y2        BUFG (Prop_bufg_I_O)         0.091     6.192 r  ps/system_i/processing_system7/inst/buffer_fclk_clk_3.FCLK_CLK_3_BUFG/O
                         net (fo=965, routed)         1.480     7.672    ps/system_i/xadc/inst/AXI_LITE_IPIF_I/I_SLAVE_ATTACHMENT/I_DECODER/s_axi_aclk
    SLICE_X8Y75          FDRE                                         r  ps/system_i/xadc/inst/AXI_LITE_IPIF_I/I_SLAVE_ATTACHMENT/I_DECODER/GEN_BKEND_CE_REGISTERS[13].ce_out_i_reg[13]/C
                         clock pessimism              0.230     7.902    
                         clock uncertainty           -0.083     7.819    
    SLICE_X8Y75          FDRE (Setup_fdre_C_D)        0.077     7.896    ps/system_i/xadc/inst/AXI_LITE_IPIF_I/I_SLAVE_ATTACHMENT/I_DECODER/GEN_BKEND_CE_REGISTERS[13].ce_out_i_reg[13]
  -------------------------------------------------------------------
                         required time                          7.896    
                         arrival time                          -7.564    
  -------------------------------------------------------------------
                         slack                                  0.332    





Min Delay Paths
--------------------------------------------------------------------------------------
Slack (MET) :             0.085ns  (arrival time - required time)
  Source:                 ps/system_i/xadc/inst/AXI_LITE_IPIF_I/I_SLAVE_ATTACHMENT/s_axi_rresp_i_reg[1]/C
                            (rising edge-triggered cell FDRE clocked by clk_fpga_3  {rise@0.000ns fall@2.500ns period=5.000ns})
  Destination:            ps/system_i/axi_protocol_converter_0/inst/gen_axilite.gen_b2s_conv.axilite_b2s/RD.r_channel_0/rd_data_fifo_0/memory_reg[31][33]_srl32/D
                            (rising edge-triggered cell SRLC32E clocked by clk_fpga_3  {rise@0.000ns fall@2.500ns period=5.000ns})
  Path Group:             clk_fpga_3
  Path Type:              Hold (Min at Fast Process Corner)
  Requirement:            0.000ns  (clk_fpga_3 rise@0.000ns - clk_fpga_3 rise@0.000ns)
  Data Path Delay:        0.284ns  (logic 0.141ns (49.624%)  route 0.143ns (50.376%))
  Logic Levels:           0  
  Clock Path Skew:        0.016ns (DCD - SCD - CPR)
    Destination Clock Delay (DCD):    1.191ns
    Source Clock Delay      (SCD):    0.893ns
    Clock Pessimism Removal (CPR):    0.282ns

    Location             Delay type                Incr(ns)  Path(ns)    Netlist Resource(s)
  -------------------------------------------------------------------    -------------------
                         (clock clk_fpga_3 rise edge)
                                                      0.000     0.000 r  
    PS7_X0Y0             PS7                          0.000     0.000 r  ps/system_i/processing_system7/inst/PS7_i/FCLKCLK[3]
                         net (fo=1, routed)           0.315     0.315    ps/system_i/processing_system7/inst/FCLK_CLK_unbuffered[3]
    BUFGCTRL_X0Y2        BUFG (Prop_bufg_I_O)         0.026     0.341 r  ps/system_i/processing_system7/inst/buffer_fclk_clk_3.FCLK_CLK_3_BUFG/O
                         net (fo=965, routed)         0.552     0.893    ps/system_i/xadc/inst/AXI_LITE_IPIF_I/I_SLAVE_ATTACHMENT/s_axi_aclk
    SLICE_X9Y73          FDRE                                         r  ps/system_i/xadc/inst/AXI_LITE_IPIF_I/I_SLAVE_ATTACHMENT/s_axi_rresp_i_reg[1]/C
  -------------------------------------------------------------------    -------------------
    SLICE_X9Y73          FDRE (Prop_fdre_C_Q)         0.141     1.034 r  ps/system_i/xadc/inst/AXI_LITE_IPIF_I/I_SLAVE_ATTACHMENT/s_axi_rresp_i_reg[1]/Q
                         net (fo=1, routed)           0.143     1.177    ps/system_i/axi_protocol_converter_0/inst/gen_axilite.gen_b2s_conv.axilite_b2s/RD.r_channel_0/rd_data_fifo_0/in[33]
    SLICE_X8Y71          SRLC32E                                      r  ps/system_i/axi_protocol_converter_0/inst/gen_axilite.gen_b2s_conv.axilite_b2s/RD.r_channel_0/rd_data_fifo_0/memory_reg[31][33]_srl32/D
  -------------------------------------------------------------------    -------------------

                         (clock clk_fpga_3 rise edge)
                                                      0.000     0.000 r  
    PS7_X0Y0             PS7                          0.000     0.000 r  ps/system_i/processing_system7/inst/PS7_i/FCLKCLK[3]
                         net (fo=1, routed)           0.341     0.341    ps/system_i/processing_system7/inst/FCLK_CLK_unbuffered[3]
    BUFGCTRL_X0Y2        BUFG (Prop_bufg_I_O)         0.029     0.370 r  ps/system_i/processing_system7/inst/buffer_fclk_clk_3.FCLK_CLK_3_BUFG/O
                         net (fo=965, routed)         0.821     1.191    ps/system_i/axi_protocol_converter_0/inst/gen_axilite.gen_b2s_conv.axilite_b2s/RD.r_channel_0/rd_data_fifo_0/aclk
    SLICE_X8Y71          SRLC32E                                      r  ps/system_i/axi_protocol_converter_0/inst/gen_axilite.gen_b2s_conv.axilite_b2s/RD.r_channel_0/rd_data_fifo_0/memory_reg[31][33]_srl32/CLK
                         clock pessimism             -0.282     0.909    
    SLICE_X8Y71          SRLC32E (Hold_srlc32e_CLK_D)
                                                      0.183     1.092    ps/system_i/axi_protocol_converter_0/inst/gen_axilite.gen_b2s_conv.axilite_b2s/RD.r_channel_0/rd_data_fifo_0/memory_reg[31][33]_srl32
  -------------------------------------------------------------------
                         required time                         -1.092    
                         arrival time                           1.177    
  -------------------------------------------------------------------
                         slack                                  0.085    

Slack (MET) :             0.104ns  (arrival time - required time)
  Source:                 ps/system_i/axi_protocol_converter_0/inst/gen_axilite.gen_b2s_conv.axilite_b2s/RD.r_channel_0/r_arid_r_reg[11]/C
                            (rising edge-triggered cell FDRE clocked by clk_fpga_3  {rise@0.000ns fall@2.500ns period=5.000ns})
  Destination:            ps/system_i/axi_protocol_converter_0/inst/gen_axilite.gen_b2s_conv.axilite_b2s/RD.r_channel_0/transaction_fifo_0/memory_reg[31][12]_srl32/D
                            (rising edge-triggered cell SRLC32E clocked by clk_fpga_3  {rise@0.000ns fall@2.500ns period=5.000ns})
  Path Group:             clk_fpga_3
  Path Type:              Hold (Min at Fast Process Corner)
  Requirement:            0.000ns  (clk_fpga_3 rise@0.000ns - clk_fpga_3 rise@0.000ns)
  Data Path Delay:        0.254ns  (logic 0.141ns (55.522%)  route 0.113ns (44.478%))
  Logic Levels:           0  
  Clock Path Skew:        0.033ns (DCD - SCD - CPR)
    Destination Clock Delay (DCD):    1.196ns
    Source Clock Delay      (SCD):    0.900ns
    Clock Pessimism Removal (CPR):    0.263ns

    Location             Delay type                Incr(ns)  Path(ns)    Netlist Resource(s)
  -------------------------------------------------------------------    -------------------
                         (clock clk_fpga_3 rise edge)
                                                      0.000     0.000 r  
    PS7_X0Y0             PS7                          0.000     0.000 r  ps/system_i/processing_system7/inst/PS7_i/FCLKCLK[3]
                         net (fo=1, routed)           0.315     0.315    ps/system_i/processing_system7/inst/FCLK_CLK_unbuffered[3]
    BUFGCTRL_X0Y2        BUFG (Prop_bufg_I_O)         0.026     0.341 r  ps/system_i/processing_system7/inst/buffer_fclk_clk_3.FCLK_CLK_3_BUFG/O
                         net (fo=965, routed)         0.559     0.900    ps/system_i/axi_protocol_converter_0/inst/gen_axilite.gen_b2s_conv.axilite_b2s/RD.r_channel_0/aclk
    SLICE_X7Y66          FDRE                                         r  ps/system_i/axi_protocol_converter_0/inst/gen_axilite.gen_b2s_conv.axilite_b2s/RD.r_channel_0/r_arid_r_reg[11]/C
  -------------------------------------------------------------------    -------------------
    SLICE_X7Y66          FDRE (Prop_fdre_C_Q)         0.141     1.041 r  ps/system_i/axi_protocol_converter_0/inst/gen_axilite.gen_b2s_conv.axilite_b2s/RD.r_channel_0/r_arid_r_reg[11]/Q
                         net (fo=1, routed)           0.113     1.154    ps/system_i/axi_protocol_converter_0/inst/gen_axilite.gen_b2s_conv.axilite_b2s/RD.r_channel_0/transaction_fifo_0/in[12]
    SLICE_X8Y66          SRLC32E                                      r  ps/system_i/axi_protocol_converter_0/inst/gen_axilite.gen_b2s_conv.axilite_b2s/RD.r_channel_0/transaction_fifo_0/memory_reg[31][12]_srl32/D
  -------------------------------------------------------------------    -------------------

                         (clock clk_fpga_3 rise edge)
                                                      0.000     0.000 r  
    PS7_X0Y0             PS7                          0.000     0.000 r  ps/system_i/processing_system7/inst/PS7_i/FCLKCLK[3]
                         net (fo=1, routed)           0.341     0.341    ps/system_i/processing_system7/inst/FCLK_CLK_unbuffered[3]
    BUFGCTRL_X0Y2        BUFG (Prop_bufg_I_O)         0.029     0.370 r  ps/system_i/processing_system7/inst/buffer_fclk_clk_3.FCLK_CLK_3_BUFG/O
                         net (fo=965, routed)         0.826     1.196    ps/system_i/axi_protocol_converter_0/inst/gen_axilite.gen_b2s_conv.axilite_b2s/RD.r_channel_0/transaction_fifo_0/aclk
    SLICE_X8Y66          SRLC32E                                      r  ps/system_i/axi_protocol_converter_0/inst/gen_axilite.gen_b2s_conv.axilite_b2s/RD.r_channel_0/transaction_fifo_0/memory_reg[31][12]_srl32/CLK
                         clock pessimism             -0.263     0.933    
    SLICE_X8Y66          SRLC32E (Hold_srlc32e_CLK_D)
                                                      0.117     1.050    ps/system_i/axi_protocol_converter_0/inst/gen_axilite.gen_b2s_conv.axilite_b2s/RD.r_channel_0/transaction_fifo_0/memory_reg[31][12]_srl32
  -------------------------------------------------------------------
                         required time                         -1.050    
                         arrival time                           1.154    
  -------------------------------------------------------------------
                         slack                                  0.104    

Slack (MET) :             0.106ns  (arrival time - required time)
  Source:                 ps/system_i/axi_protocol_converter_0/inst/gen_axilite.gen_b2s_conv.axilite_b2s/RD.r_channel_0/r_arid_r_reg[4]/C
                            (rising edge-triggered cell FDRE clocked by clk_fpga_3  {rise@0.000ns fall@2.500ns period=5.000ns})
  Destination:            ps/system_i/axi_protocol_converter_0/inst/gen_axilite.gen_b2s_conv.axilite_b2s/RD.r_channel_0/transaction_fifo_0/memory_reg[31][5]_srl32/D
                            (rising edge-triggered cell SRLC32E clocked by clk_fpga_3  {rise@0.000ns fall@2.500ns period=5.000ns})
  Path Group:             clk_fpga_3
  Path Type:              Hold (Min at Fast Process Corner)
  Requirement:            0.000ns  (clk_fpga_3 rise@0.000ns - clk_fpga_3 rise@0.000ns)
  Data Path Delay:        0.254ns  (logic 0.141ns (55.522%)  route 0.113ns (44.478%))
  Logic Levels:           0  
  Clock Path Skew:        0.033ns (DCD - SCD - CPR)
    Destination Clock Delay (DCD):    1.196ns
    Source Clock Delay      (SCD):    0.900ns
    Clock Pessimism Removal (CPR):    0.263ns

    Location             Delay type                Incr(ns)  Path(ns)    Netlist Resource(s)
  -------------------------------------------------------------------    -------------------
                         (clock clk_fpga_3 rise edge)
                                                      0.000     0.000 r  
    PS7_X0Y0             PS7                          0.000     0.000 r  ps/system_i/processing_system7/inst/PS7_i/FCLKCLK[3]
                         net (fo=1, routed)           0.315     0.315    ps/system_i/processing_system7/inst/FCLK_CLK_unbuffered[3]
    BUFGCTRL_X0Y2        BUFG (Prop_bufg_I_O)         0.026     0.341 r  ps/system_i/processing_system7/inst/buffer_fclk_clk_3.FCLK_CLK_3_BUFG/O
                         net (fo=965, routed)         0.559     0.900    ps/system_i/axi_protocol_converter_0/inst/gen_axilite.gen_b2s_conv.axilite_b2s/RD.r_channel_0/aclk
    SLICE_X7Y66          FDRE                                         r  ps/system_i/axi_protocol_converter_0/inst/gen_axilite.gen_b2s_conv.axilite_b2s/RD.r_channel_0/r_arid_r_reg[4]/C
  -------------------------------------------------------------------    -------------------
    SLICE_X7Y66          FDRE (Prop_fdre_C_Q)         0.141     1.041 r  ps/system_i/axi_protocol_converter_0/inst/gen_axilite.gen_b2s_conv.axilite_b2s/RD.r_channel_0/r_arid_r_reg[4]/Q
                         net (fo=1, routed)           0.113     1.154    ps/system_i/axi_protocol_converter_0/inst/gen_axilite.gen_b2s_conv.axilite_b2s/RD.r_channel_0/transaction_fifo_0/in[5]
    SLICE_X8Y66          SRLC32E                                      r  ps/system_i/axi_protocol_converter_0/inst/gen_axilite.gen_b2s_conv.axilite_b2s/RD.r_channel_0/transaction_fifo_0/memory_reg[31][5]_srl32/D
  -------------------------------------------------------------------    -------------------

                         (clock clk_fpga_3 rise edge)
                                                      0.000     0.000 r  
    PS7_X0Y0             PS7                          0.000     0.000 r  ps/system_i/processing_system7/inst/PS7_i/FCLKCLK[3]
                         net (fo=1, routed)           0.341     0.341    ps/system_i/processing_system7/inst/FCLK_CLK_unbuffered[3]
    BUFGCTRL_X0Y2        BUFG (Prop_bufg_I_O)         0.029     0.370 r  ps/system_i/processing_system7/inst/buffer_fclk_clk_3.FCLK_CLK_3_BUFG/O
                         net (fo=965, routed)         0.826     1.196    ps/system_i/axi_protocol_converter_0/inst/gen_axilite.gen_b2s_conv.axilite_b2s/RD.r_channel_0/transaction_fifo_0/aclk
    SLICE_X8Y66          SRLC32E                                      r  ps/system_i/axi_protocol_converter_0/inst/gen_axilite.gen_b2s_conv.axilite_b2s/RD.r_channel_0/transaction_fifo_0/memory_reg[31][5]_srl32/CLK
                         clock pessimism             -0.263     0.933    
    SLICE_X8Y66          SRLC32E (Hold_srlc32e_CLK_D)
                                                      0.115     1.048    ps/system_i/axi_protocol_converter_0/inst/gen_axilite.gen_b2s_conv.axilite_b2s/RD.r_channel_0/transaction_fifo_0/memory_reg[31][5]_srl32
  -------------------------------------------------------------------
                         required time                         -1.048    
                         arrival time                           1.154    
  -------------------------------------------------------------------
                         slack                                  0.106    

Slack (MET) :             0.115ns  (arrival time - required time)
  Source:                 ps/system_i/axi_protocol_converter_0/inst/gen_axilite.gen_b2s_conv.axilite_b2s/WR.aw_channel_0/s_awlen_r_reg[3]/C
                            (rising edge-triggered cell FDRE clocked by clk_fpga_3  {rise@0.000ns fall@2.500ns period=5.000ns})
  Destination:            ps/system_i/axi_protocol_converter_0/inst/gen_axilite.gen_b2s_conv.axilite_b2s/WR.b_channel_0/bid_fifo_0/memory_reg[3][3]_srl4/D
                            (rising edge-triggered cell SRL16E clocked by clk_fpga_3  {rise@0.000ns fall@2.500ns period=5.000ns})
  Path Group:             clk_fpga_3
  Path Type:              Hold (Min at Fast Process Corner)
  Requirement:            0.000ns  (clk_fpga_3 rise@0.000ns - clk_fpga_3 rise@0.000ns)
  Data Path Delay:        0.257ns  (logic 0.141ns (54.812%)  route 0.116ns (45.188%))
  Logic Levels:           0  
  Clock Path Skew:        0.034ns (DCD - SCD - CPR)
    Destination Clock Delay (DCD):    1.206ns
    Source Clock Delay      (SCD):    0.909ns
    Clock Pessimism Removal (CPR):    0.263ns

    Location             Delay type                Incr(ns)  Path(ns)    Netlist Resource(s)
  -------------------------------------------------------------------    -------------------
                         (clock clk_fpga_3 rise edge)
                                                      0.000     0.000 r  
    PS7_X0Y0             PS7                          0.000     0.000 r  ps/system_i/processing_system7/inst/PS7_i/FCLKCLK[3]
                         net (fo=1, routed)           0.315     0.315    ps/system_i/processing_system7/inst/FCLK_CLK_unbuffered[3]
    BUFGCTRL_X0Y2        BUFG (Prop_bufg_I_O)         0.026     0.341 r  ps/system_i/processing_system7/inst/buffer_fclk_clk_3.FCLK_CLK_3_BUFG/O
                         net (fo=965, routed)         0.568     0.909    ps/system_i/axi_protocol_converter_0/inst/gen_axilite.gen_b2s_conv.axilite_b2s/WR.aw_channel_0/aclk
    SLICE_X1Y75          FDRE                                         r  ps/system_i/axi_protocol_converter_0/inst/gen_axilite.gen_b2s_conv.axilite_b2s/WR.aw_channel_0/s_awlen_r_reg[3]/C
  -------------------------------------------------------------------    -------------------
    SLICE_X1Y75          FDRE (Prop_fdre_C_Q)         0.141     1.050 r  ps/system_i/axi_protocol_converter_0/inst/gen_axilite.gen_b2s_conv.axilite_b2s/WR.aw_channel_0/s_awlen_r_reg[3]/Q
                         net (fo=1, routed)           0.116     1.166    ps/system_i/axi_protocol_converter_0/inst/gen_axilite.gen_b2s_conv.axilite_b2s/WR.b_channel_0/bid_fifo_0/in[3]
    SLICE_X4Y75          SRL16E                                       r  ps/system_i/axi_protocol_converter_0/inst/gen_axilite.gen_b2s_conv.axilite_b2s/WR.b_channel_0/bid_fifo_0/memory_reg[3][3]_srl4/D
  -------------------------------------------------------------------    -------------------

                         (clock clk_fpga_3 rise edge)
                                                      0.000     0.000 r  
    PS7_X0Y0             PS7                          0.000     0.000 r  ps/system_i/processing_system7/inst/PS7_i/FCLKCLK[3]
                         net (fo=1, routed)           0.341     0.341    ps/system_i/processing_system7/inst/FCLK_CLK_unbuffered[3]
    BUFGCTRL_X0Y2        BUFG (Prop_bufg_I_O)         0.029     0.370 r  ps/system_i/processing_system7/inst/buffer_fclk_clk_3.FCLK_CLK_3_BUFG/O
                         net (fo=965, routed)         0.836     1.206    ps/system_i/axi_protocol_converter_0/inst/gen_axilite.gen_b2s_conv.axilite_b2s/WR.b_channel_0/bid_fifo_0/aclk
    SLICE_X4Y75          SRL16E                                       r  ps/system_i/axi_protocol_converter_0/inst/gen_axilite.gen_b2s_conv.axilite_b2s/WR.b_channel_0/bid_fifo_0/memory_reg[3][3]_srl4/CLK
                         clock pessimism             -0.263     0.943    
    SLICE_X4Y75          SRL16E (Hold_srl16e_CLK_D)
                                                      0.108     1.051    ps/system_i/axi_protocol_converter_0/inst/gen_axilite.gen_b2s_conv.axilite_b2s/WR.b_channel_0/bid_fifo_0/memory_reg[3][3]_srl4
  -------------------------------------------------------------------
                         required time                         -1.051    
                         arrival time                           1.166    
  -------------------------------------------------------------------
                         slack                                  0.115    

Slack (MET) :             0.122ns  (arrival time - required time)
  Source:                 ps/system_i/proc_sys_reset/U0/EXT_LPF/ACTIVE_LOW_EXT.ACT_LO_EXT/GENERATE_LEVEL_P_S_CDC.SINGLE_BIT.CROSS_PLEVEL_IN2SCNDRY_IN_cdc_to/C
                            (rising edge-triggered cell FDRE clocked by clk_fpga_3  {rise@0.000ns fall@2.500ns period=5.000ns})
  Destination:            ps/system_i/proc_sys_reset/U0/EXT_LPF/ACTIVE_LOW_EXT.ACT_LO_EXT/GENERATE_LEVEL_P_S_CDC.SINGLE_BIT.CROSS_PLEVEL_IN2SCNDRY_s_level_out_d2/D
                            (rising edge-triggered cell FDRE clocked by clk_fpga_3  {rise@0.000ns fall@2.500ns period=5.000ns})
  Path Group:             clk_fpga_3
  Path Type:              Hold (Min at Fast Process Corner)
  Requirement:            0.000ns  (clk_fpga_3 rise@0.000ns - clk_fpga_3 rise@0.000ns)
  Data Path Delay:        0.197ns  (logic 0.141ns (71.611%)  route 0.056ns (28.389%))
  Logic Levels:           0  
  Clock Path Skew:        0.000ns (DCD - SCD - CPR)
    Destination Clock Delay (DCD):    1.185ns
    Source Clock Delay      (SCD):    0.890ns
    Clock Pessimism Removal (CPR):    0.295ns

    Location             Delay type                Incr(ns)  Path(ns)    Netlist Resource(s)
  -------------------------------------------------------------------    -------------------
                         (clock clk_fpga_3 rise edge)
                                                      0.000     0.000 r  
    PS7_X0Y0             PS7                          0.000     0.000 r  ps/system_i/processing_system7/inst/PS7_i/FCLKCLK[3]
                         net (fo=1, routed)           0.315     0.315    ps/system_i/processing_system7/inst/FCLK_CLK_unbuffered[3]
    BUFGCTRL_X0Y2        BUFG (Prop_bufg_I_O)         0.026     0.341 r  ps/system_i/processing_system7/inst/buffer_fclk_clk_3.FCLK_CLK_3_BUFG/O
                         net (fo=965, routed)         0.549     0.890    ps/system_i/proc_sys_reset/U0/EXT_LPF/ACTIVE_LOW_EXT.ACT_LO_EXT/slowest_sync_clk
    SLICE_X19Y76         FDRE                                         r  ps/system_i/proc_sys_reset/U0/EXT_LPF/ACTIVE_LOW_EXT.ACT_LO_EXT/GENERATE_LEVEL_P_S_CDC.SINGLE_BIT.CROSS_PLEVEL_IN2SCNDRY_IN_cdc_to/C
  -------------------------------------------------------------------    -------------------
    SLICE_X19Y76         FDRE (Prop_fdre_C_Q)         0.141     1.031 r  ps/system_i/proc_sys_reset/U0/EXT_LPF/ACTIVE_LOW_EXT.ACT_LO_EXT/GENERATE_LEVEL_P_S_CDC.SINGLE_BIT.CROSS_PLEVEL_IN2SCNDRY_IN_cdc_to/Q
                         net (fo=1, routed)           0.056     1.086    ps/system_i/proc_sys_reset/U0/EXT_LPF/ACTIVE_LOW_EXT.ACT_LO_EXT/s_level_out_d1_cdc_to
    SLICE_X19Y76         FDRE                                         r  ps/system_i/proc_sys_reset/U0/EXT_LPF/ACTIVE_LOW_EXT.ACT_LO_EXT/GENERATE_LEVEL_P_S_CDC.SINGLE_BIT.CROSS_PLEVEL_IN2SCNDRY_s_level_out_d2/D
  -------------------------------------------------------------------    -------------------

                         (clock clk_fpga_3 rise edge)
                                                      0.000     0.000 r  
    PS7_X0Y0             PS7                          0.000     0.000 r  ps/system_i/processing_system7/inst/PS7_i/FCLKCLK[3]
                         net (fo=1, routed)           0.341     0.341    ps/system_i/processing_system7/inst/FCLK_CLK_unbuffered[3]
    BUFGCTRL_X0Y2        BUFG (Prop_bufg_I_O)         0.029     0.370 r  ps/system_i/processing_system7/inst/buffer_fclk_clk_3.FCLK_CLK_3_BUFG/O
                         net (fo=965, routed)         0.815     1.185    ps/system_i/proc_sys_reset/U0/EXT_LPF/ACTIVE_LOW_EXT.ACT_LO_EXT/slowest_sync_clk
    SLICE_X19Y76         FDRE                                         r  ps/system_i/proc_sys_reset/U0/EXT_LPF/ACTIVE_LOW_EXT.ACT_LO_EXT/GENERATE_LEVEL_P_S_CDC.SINGLE_BIT.CROSS_PLEVEL_IN2SCNDRY_s_level_out_d2/C
                         clock pessimism             -0.295     0.890    
    SLICE_X19Y76         FDRE (Hold_fdre_C_D)         0.075     0.965    ps/system_i/proc_sys_reset/U0/EXT_LPF/ACTIVE_LOW_EXT.ACT_LO_EXT/GENERATE_LEVEL_P_S_CDC.SINGLE_BIT.CROSS_PLEVEL_IN2SCNDRY_s_level_out_d2
  -------------------------------------------------------------------
                         required time                         -0.965    
                         arrival time                           1.086    
  -------------------------------------------------------------------
                         slack                                  0.122    

Slack (MET) :             0.129ns  (arrival time - required time)
  Source:                 ps/system_i/axi_protocol_converter_0/inst/gen_axilite.gen_b2s_conv.axilite_b2s/WR.aw_channel_0/s_awlen_r_reg[2]/C
                            (rising edge-triggered cell FDRE clocked by clk_fpga_3  {rise@0.000ns fall@2.500ns period=5.000ns})
  Destination:            ps/system_i/axi_protocol_converter_0/inst/gen_axilite.gen_b2s_conv.axilite_b2s/WR.b_channel_0/bid_fifo_0/memory_reg[3][2]_srl4/D
                            (rising edge-triggered cell SRL16E clocked by clk_fpga_3  {rise@0.000ns fall@2.500ns period=5.000ns})
  Path Group:             clk_fpga_3
  Path Type:              Hold (Min at Fast Process Corner)
  Requirement:            0.000ns  (clk_fpga_3 rise@0.000ns - clk_fpga_3 rise@0.000ns)
  Data Path Delay:        0.257ns  (logic 0.141ns (54.812%)  route 0.116ns (45.188%))
  Logic Levels:           0  
  Clock Path Skew:        0.034ns (DCD - SCD - CPR)
    Destination Clock Delay (DCD):    1.206ns
    Source Clock Delay      (SCD):    0.909ns
    Clock Pessimism Removal (CPR):    0.263ns

    Location             Delay type                Incr(ns)  Path(ns)    Netlist Resource(s)
  -------------------------------------------------------------------    -------------------
                         (clock clk_fpga_3 rise edge)
                                                      0.000     0.000 r  
    PS7_X0Y0             PS7                          0.000     0.000 r  ps/system_i/processing_system7/inst/PS7_i/FCLKCLK[3]
                         net (fo=1, routed)           0.315     0.315    ps/system_i/processing_system7/inst/FCLK_CLK_unbuffered[3]
    BUFGCTRL_X0Y2        BUFG (Prop_bufg_I_O)         0.026     0.341 r  ps/system_i/processing_system7/inst/buffer_fclk_clk_3.FCLK_CLK_3_BUFG/O
                         net (fo=965, routed)         0.568     0.909    ps/system_i/axi_protocol_converter_0/inst/gen_axilite.gen_b2s_conv.axilite_b2s/WR.aw_channel_0/aclk
    SLICE_X1Y75          FDRE                                         r  ps/system_i/axi_protocol_converter_0/inst/gen_axilite.gen_b2s_conv.axilite_b2s/WR.aw_channel_0/s_awlen_r_reg[2]/C
  -------------------------------------------------------------------    -------------------
    SLICE_X1Y75          FDRE (Prop_fdre_C_Q)         0.141     1.050 r  ps/system_i/axi_protocol_converter_0/inst/gen_axilite.gen_b2s_conv.axilite_b2s/WR.aw_channel_0/s_awlen_r_reg[2]/Q
                         net (fo=1, routed)           0.116     1.166    ps/system_i/axi_protocol_converter_0/inst/gen_axilite.gen_b2s_conv.axilite_b2s/WR.b_channel_0/bid_fifo_0/in[2]
    SLICE_X4Y75          SRL16E                                       r  ps/system_i/axi_protocol_converter_0/inst/gen_axilite.gen_b2s_conv.axilite_b2s/WR.b_channel_0/bid_fifo_0/memory_reg[3][2]_srl4/D
  -------------------------------------------------------------------    -------------------

                         (clock clk_fpga_3 rise edge)
                                                      0.000     0.000 r  
    PS7_X0Y0             PS7                          0.000     0.000 r  ps/system_i/processing_system7/inst/PS7_i/FCLKCLK[3]
                         net (fo=1, routed)           0.341     0.341    ps/system_i/processing_system7/inst/FCLK_CLK_unbuffered[3]
    BUFGCTRL_X0Y2        BUFG (Prop_bufg_I_O)         0.029     0.370 r  ps/system_i/processing_system7/inst/buffer_fclk_clk_3.FCLK_CLK_3_BUFG/O
                         net (fo=965, routed)         0.836     1.206    ps/system_i/axi_protocol_converter_0/inst/gen_axilite.gen_b2s_conv.axilite_b2s/WR.b_channel_0/bid_fifo_0/aclk
    SLICE_X4Y75          SRL16E                                       r  ps/system_i/axi_protocol_converter_0/inst/gen_axilite.gen_b2s_conv.axilite_b2s/WR.b_channel_0/bid_fifo_0/memory_reg[3][2]_srl4/CLK
                         clock pessimism             -0.263     0.943    
    SLICE_X4Y75          SRL16E (Hold_srl16e_CLK_D)
                                                      0.094     1.037    ps/system_i/axi_protocol_converter_0/inst/gen_axilite.gen_b2s_conv.axilite_b2s/WR.b_channel_0/bid_fifo_0/memory_reg[3][2]_srl4
  -------------------------------------------------------------------
                         required time                         -1.037    
                         arrival time                           1.166    
  -------------------------------------------------------------------
                         slack                                  0.129    

Slack (MET) :             0.131ns  (arrival time - required time)
  Source:                 ps/system_i/axi_protocol_converter_0/inst/gen_axilite.gen_b2s_conv.axilite_b2s/WR.aw_channel_0/s_awid_r_reg[11]/C
                            (rising edge-triggered cell FDRE clocked by clk_fpga_3  {rise@0.000ns fall@2.500ns period=5.000ns})
  Destination:            ps/system_i/axi_protocol_converter_0/inst/gen_axilite.gen_b2s_conv.axilite_b2s/WR.b_channel_0/bid_fifo_0/memory_reg[3][19]_srl4/D
                            (rising edge-triggered cell SRL16E clocked by clk_fpga_3  {rise@0.000ns fall@2.500ns period=5.000ns})
  Path Group:             clk_fpga_3
  Path Type:              Hold (Min at Fast Process Corner)
  Requirement:            0.000ns  (clk_fpga_3 rise@0.000ns - clk_fpga_3 rise@0.000ns)
  Data Path Delay:        0.254ns  (logic 0.141ns (55.511%)  route 0.113ns (44.489%))
  Logic Levels:           0  
  Clock Path Skew:        0.015ns (DCD - SCD - CPR)
    Destination Clock Delay (DCD):    1.216ns
    Source Clock Delay      (SCD):    0.919ns
    Clock Pessimism Removal (CPR):    0.282ns

    Location             Delay type                Incr(ns)  Path(ns)    Netlist Resource(s)
  -------------------------------------------------------------------    -------------------
                         (clock clk_fpga_3 rise edge)
                                                      0.000     0.000 r  
    PS7_X0Y0             PS7                          0.000     0.000 r  ps/system_i/processing_system7/inst/PS7_i/FCLKCLK[3]
                         net (fo=1, routed)           0.315     0.315    ps/system_i/processing_system7/inst/FCLK_CLK_unbuffered[3]
    BUFGCTRL_X0Y2        BUFG (Prop_bufg_I_O)         0.026     0.341 r  ps/system_i/processing_system7/inst/buffer_fclk_clk_3.FCLK_CLK_3_BUFG/O
                         net (fo=965, routed)         0.578     0.919    ps/system_i/axi_protocol_converter_0/inst/gen_axilite.gen_b2s_conv.axilite_b2s/WR.aw_channel_0/aclk
    SLICE_X5Y66          FDRE                                         r  ps/system_i/axi_protocol_converter_0/inst/gen_axilite.gen_b2s_conv.axilite_b2s/WR.aw_channel_0/s_awid_r_reg[11]/C
  -------------------------------------------------------------------    -------------------
    SLICE_X5Y66          FDRE (Prop_fdre_C_Q)         0.141     1.060 r  ps/system_i/axi_protocol_converter_0/inst/gen_axilite.gen_b2s_conv.axilite_b2s/WR.aw_channel_0/s_awid_r_reg[11]/Q
                         net (fo=1, routed)           0.113     1.173    ps/system_i/axi_protocol_converter_0/inst/gen_axilite.gen_b2s_conv.axilite_b2s/WR.b_channel_0/bid_fifo_0/in[15]
    SLICE_X4Y65          SRL16E                                       r  ps/system_i/axi_protocol_converter_0/inst/gen_axilite.gen_b2s_conv.axilite_b2s/WR.b_channel_0/bid_fifo_0/memory_reg[3][19]_srl4/D
  -------------------------------------------------------------------    -------------------

                         (clock clk_fpga_3 rise edge)
                                                      0.000     0.000 r  
    PS7_X0Y0             PS7                          0.000     0.000 r  ps/system_i/processing_system7/inst/PS7_i/FCLKCLK[3]
                         net (fo=1, routed)           0.341     0.341    ps/system_i/processing_system7/inst/FCLK_CLK_unbuffered[3]
    BUFGCTRL_X0Y2        BUFG (Prop_bufg_I_O)         0.029     0.370 r  ps/system_i/processing_system7/inst/buffer_fclk_clk_3.FCLK_CLK_3_BUFG/O
                         net (fo=965, routed)         0.846     1.216    ps/system_i/axi_protocol_converter_0/inst/gen_axilite.gen_b2s_conv.axilite_b2s/WR.b_channel_0/bid_fifo_0/aclk
    SLICE_X4Y65          SRL16E                                       r  ps/system_i/axi_protocol_converter_0/inst/gen_axilite.gen_b2s_conv.axilite_b2s/WR.b_channel_0/bid_fifo_0/memory_reg[3][19]_srl4/CLK
                         clock pessimism             -0.282     0.934    
    SLICE_X4Y65          SRL16E (Hold_srl16e_CLK_D)
                                                      0.108     1.042    ps/system_i/axi_protocol_converter_0/inst/gen_axilite.gen_b2s_conv.axilite_b2s/WR.b_channel_0/bid_fifo_0/memory_reg[3][19]_srl4
  -------------------------------------------------------------------
                         required time                         -1.042    
                         arrival time                           1.173    
  -------------------------------------------------------------------
                         slack                                  0.131    

Slack (MET) :             0.140ns  (arrival time - required time)
  Source:                 ps/system_i/axi_protocol_converter_0/inst/gen_axilite.gen_b2s_conv.axilite_b2s/SI_REG/r.r_pipe/skid_buffer_reg[35]/C
                            (rising edge-triggered cell FDRE clocked by clk_fpga_3  {rise@0.000ns fall@2.500ns period=5.000ns})
  Destination:            ps/system_i/axi_protocol_converter_0/inst/gen_axilite.gen_b2s_conv.axilite_b2s/SI_REG/r.r_pipe/m_payload_i_reg[35]/D
                            (rising edge-triggered cell FDRE clocked by clk_fpga_3  {rise@0.000ns fall@2.500ns period=5.000ns})
  Path Group:             clk_fpga_3
  Path Type:              Hold (Min at Fast Process Corner)
  Requirement:            0.000ns  (clk_fpga_3 rise@0.000ns - clk_fpga_3 rise@0.000ns)
  Data Path Delay:        0.273ns  (logic 0.186ns (68.106%)  route 0.087ns (31.894%))
  Logic Levels:           1  (LUT3=1)
  Clock Path Skew:        0.013ns (DCD - SCD - CPR)
    Destination Clock Delay (DCD):    1.198ns
    Source Clock Delay      (SCD):    0.901ns
    Clock Pessimism Removal (CPR):    0.284ns

    Location             Delay type                Incr(ns)  Path(ns)    Netlist Resource(s)
  -------------------------------------------------------------------    -------------------
                         (clock clk_fpga_3 rise edge)
                                                      0.000     0.000 r  
    PS7_X0Y0             PS7                          0.000     0.000 r  ps/system_i/processing_system7/inst/PS7_i/FCLKCLK[3]
                         net (fo=1, routed)           0.315     0.315    ps/system_i/processing_system7/inst/FCLK_CLK_unbuffered[3]
    BUFGCTRL_X0Y2        BUFG (Prop_bufg_I_O)         0.026     0.341 r  ps/system_i/processing_system7/inst/buffer_fclk_clk_3.FCLK_CLK_3_BUFG/O
                         net (fo=965, routed)         0.560     0.901    ps/system_i/axi_protocol_converter_0/inst/gen_axilite.gen_b2s_conv.axilite_b2s/SI_REG/r.r_pipe/aclk
    SLICE_X7Y63          FDRE                                         r  ps/system_i/axi_protocol_converter_0/inst/gen_axilite.gen_b2s_conv.axilite_b2s/SI_REG/r.r_pipe/skid_buffer_reg[35]/C
  -------------------------------------------------------------------    -------------------
    SLICE_X7Y63          FDRE (Prop_fdre_C_Q)         0.141     1.042 r  ps/system_i/axi_protocol_converter_0/inst/gen_axilite.gen_b2s_conv.axilite_b2s/SI_REG/r.r_pipe/skid_buffer_reg[35]/Q
                         net (fo=1, routed)           0.087     1.129    ps/system_i/axi_protocol_converter_0/inst/gen_axilite.gen_b2s_conv.axilite_b2s/SI_REG/r.r_pipe/skid_buffer_reg_n_0_[35]
    SLICE_X6Y63          LUT3 (Prop_lut3_I2_O)        0.045     1.174 r  ps/system_i/axi_protocol_converter_0/inst/gen_axilite.gen_b2s_conv.axilite_b2s/SI_REG/r.r_pipe/m_payload_i[35]_i_1__1/O
                         net (fo=1, routed)           0.000     1.174    ps/system_i/axi_protocol_converter_0/inst/gen_axilite.gen_b2s_conv.axilite_b2s/SI_REG/r.r_pipe/m_payload_i[35]_i_1__1_n_0
    SLICE_X6Y63          FDRE                                         r  ps/system_i/axi_protocol_converter_0/inst/gen_axilite.gen_b2s_conv.axilite_b2s/SI_REG/r.r_pipe/m_payload_i_reg[35]/D
  -------------------------------------------------------------------    -------------------

                         (clock clk_fpga_3 rise edge)
                                                      0.000     0.000 r  
    PS7_X0Y0             PS7                          0.000     0.000 r  ps/system_i/processing_system7/inst/PS7_i/FCLKCLK[3]
                         net (fo=1, routed)           0.341     0.341    ps/system_i/processing_system7/inst/FCLK_CLK_unbuffered[3]
    BUFGCTRL_X0Y2        BUFG (Prop_bufg_I_O)         0.029     0.370 r  ps/system_i/processing_system7/inst/buffer_fclk_clk_3.FCLK_CLK_3_BUFG/O
                         net (fo=965, routed)         0.828     1.198    ps/system_i/axi_protocol_converter_0/inst/gen_axilite.gen_b2s_conv.axilite_b2s/SI_REG/r.r_pipe/aclk
    SLICE_X6Y63          FDRE                                         r  ps/system_i/axi_protocol_converter_0/inst/gen_axilite.gen_b2s_conv.axilite_b2s/SI_REG/r.r_pipe/m_payload_i_reg[35]/C
                         clock pessimism             -0.284     0.914    
    SLICE_X6Y63          FDRE (Hold_fdre_C_D)         0.120     1.034    ps/system_i/axi_protocol_converter_0/inst/gen_axilite.gen_b2s_conv.axilite_b2s/SI_REG/r.r_pipe/m_payload_i_reg[35]
  -------------------------------------------------------------------
                         required time                         -1.034    
                         arrival time                           1.174    
  -------------------------------------------------------------------
                         slack                                  0.140    

Slack (MET) :             0.140ns  (arrival time - required time)
  Source:                 ps/system_i/axi_protocol_converter_0/inst/gen_axilite.gen_b2s_conv.axilite_b2s/SI_REG/r.r_pipe/skid_buffer_reg[37]/C
                            (rising edge-triggered cell FDRE clocked by clk_fpga_3  {rise@0.000ns fall@2.500ns period=5.000ns})
  Destination:            ps/system_i/axi_protocol_converter_0/inst/gen_axilite.gen_b2s_conv.axilite_b2s/SI_REG/r.r_pipe/m_payload_i_reg[37]/D
                            (rising edge-triggered cell FDRE clocked by clk_fpga_3  {rise@0.000ns fall@2.500ns period=5.000ns})
  Path Group:             clk_fpga_3
  Path Type:              Hold (Min at Fast Process Corner)
  Requirement:            0.000ns  (clk_fpga_3 rise@0.000ns - clk_fpga_3 rise@0.000ns)
  Data Path Delay:        0.273ns  (logic 0.186ns (68.106%)  route 0.087ns (31.894%))
  Logic Levels:           1  (LUT3=1)
  Clock Path Skew:        0.013ns (DCD - SCD - CPR)
    Destination Clock Delay (DCD):    1.217ns
    Source Clock Delay      (SCD):    0.920ns
    Clock Pessimism Removal (CPR):    0.284ns

    Location             Delay type                Incr(ns)  Path(ns)    Netlist Resource(s)
  -------------------------------------------------------------------    -------------------
                         (clock clk_fpga_3 rise edge)
                                                      0.000     0.000 r  
    PS7_X0Y0             PS7                          0.000     0.000 r  ps/system_i/processing_system7/inst/PS7_i/FCLKCLK[3]
                         net (fo=1, routed)           0.315     0.315    ps/system_i/processing_system7/inst/FCLK_CLK_unbuffered[3]
    BUFGCTRL_X0Y2        BUFG (Prop_bufg_I_O)         0.026     0.341 r  ps/system_i/processing_system7/inst/buffer_fclk_clk_3.FCLK_CLK_3_BUFG/O
                         net (fo=965, routed)         0.579     0.920    ps/system_i/axi_protocol_converter_0/inst/gen_axilite.gen_b2s_conv.axilite_b2s/SI_REG/r.r_pipe/aclk
    SLICE_X5Y63          FDRE                                         r  ps/system_i/axi_protocol_converter_0/inst/gen_axilite.gen_b2s_conv.axilite_b2s/SI_REG/r.r_pipe/skid_buffer_reg[37]/C
  -------------------------------------------------------------------    -------------------
    SLICE_X5Y63          FDRE (Prop_fdre_C_Q)         0.141     1.061 r  ps/system_i/axi_protocol_converter_0/inst/gen_axilite.gen_b2s_conv.axilite_b2s/SI_REG/r.r_pipe/skid_buffer_reg[37]/Q
                         net (fo=1, routed)           0.087     1.148    ps/system_i/axi_protocol_converter_0/inst/gen_axilite.gen_b2s_conv.axilite_b2s/SI_REG/r.r_pipe/skid_buffer_reg_n_0_[37]
    SLICE_X4Y63          LUT3 (Prop_lut3_I2_O)        0.045     1.193 r  ps/system_i/axi_protocol_converter_0/inst/gen_axilite.gen_b2s_conv.axilite_b2s/SI_REG/r.r_pipe/m_payload_i[37]_i_1/O
                         net (fo=1, routed)           0.000     1.193    ps/system_i/axi_protocol_converter_0/inst/gen_axilite.gen_b2s_conv.axilite_b2s/SI_REG/r.r_pipe/m_payload_i[37]_i_1_n_0
    SLICE_X4Y63          FDRE                                         r  ps/system_i/axi_protocol_converter_0/inst/gen_axilite.gen_b2s_conv.axilite_b2s/SI_REG/r.r_pipe/m_payload_i_reg[37]/D
  -------------------------------------------------------------------    -------------------

                         (clock clk_fpga_3 rise edge)
                                                      0.000     0.000 r  
    PS7_X0Y0             PS7                          0.000     0.000 r  ps/system_i/processing_system7/inst/PS7_i/FCLKCLK[3]
                         net (fo=1, routed)           0.341     0.341    ps/system_i/processing_system7/inst/FCLK_CLK_unbuffered[3]
    BUFGCTRL_X0Y2        BUFG (Prop_bufg_I_O)         0.029     0.370 r  ps/system_i/processing_system7/inst/buffer_fclk_clk_3.FCLK_CLK_3_BUFG/O
                         net (fo=965, routed)         0.847     1.217    ps/system_i/axi_protocol_converter_0/inst/gen_axilite.gen_b2s_conv.axilite_b2s/SI_REG/r.r_pipe/aclk
    SLICE_X4Y63          FDRE                                         r  ps/system_i/axi_protocol_converter_0/inst/gen_axilite.gen_b2s_conv.axilite_b2s/SI_REG/r.r_pipe/m_payload_i_reg[37]/C
                         clock pessimism             -0.284     0.933    
    SLICE_X4Y63          FDRE (Hold_fdre_C_D)         0.120     1.053    ps/system_i/axi_protocol_converter_0/inst/gen_axilite.gen_b2s_conv.axilite_b2s/SI_REG/r.r_pipe/m_payload_i_reg[37]
  -------------------------------------------------------------------
                         required time                         -1.053    
                         arrival time                           1.193    
  -------------------------------------------------------------------
                         slack                                  0.140    

Slack (MET) :             0.140ns  (arrival time - required time)
  Source:                 ps/system_i/axi_register_slice_0/inst/w.w_pipe/skid_buffer_reg[14]/C
                            (rising edge-triggered cell FDRE clocked by clk_fpga_3  {rise@0.000ns fall@2.500ns period=5.000ns})
  Destination:            ps/system_i/axi_register_slice_0/inst/w.w_pipe/m_payload_i_reg[14]/D
                            (rising edge-triggered cell FDRE clocked by clk_fpga_3  {rise@0.000ns fall@2.500ns period=5.000ns})
  Path Group:             clk_fpga_3
  Path Type:              Hold (Min at Fast Process Corner)
  Requirement:            0.000ns  (clk_fpga_3 rise@0.000ns - clk_fpga_3 rise@0.000ns)
  Data Path Delay:        0.273ns  (logic 0.186ns (68.106%)  route 0.087ns (31.894%))
  Logic Levels:           1  (LUT3=1)
  Clock Path Skew:        0.013ns (DCD - SCD - CPR)
    Destination Clock Delay (DCD):    1.188ns
    Source Clock Delay      (SCD):    0.893ns
    Clock Pessimism Removal (CPR):    0.282ns

    Location             Delay type                Incr(ns)  Path(ns)    Netlist Resource(s)
  -------------------------------------------------------------------    -------------------
                         (clock clk_fpga_3 rise edge)
                                                      0.000     0.000 r  
    PS7_X0Y0             PS7                          0.000     0.000 r  ps/system_i/processing_system7/inst/PS7_i/FCLKCLK[3]
                         net (fo=1, routed)           0.315     0.315    ps/system_i/processing_system7/inst/FCLK_CLK_unbuffered[3]
    BUFGCTRL_X0Y2        BUFG (Prop_bufg_I_O)         0.026     0.341 r  ps/system_i/processing_system7/inst/buffer_fclk_clk_3.FCLK_CLK_3_BUFG/O
                         net (fo=965, routed)         0.552     0.893    ps/system_i/axi_register_slice_0/inst/w.w_pipe/aclk
    SLICE_X13Y73         FDRE                                         r  ps/system_i/axi_register_slice_0/inst/w.w_pipe/skid_buffer_reg[14]/C
  -------------------------------------------------------------------    -------------------
    SLICE_X13Y73         FDRE (Prop_fdre_C_Q)         0.141     1.034 r  ps/system_i/axi_register_slice_0/inst/w.w_pipe/skid_buffer_reg[14]/Q
                         net (fo=1, routed)           0.087     1.121    ps/system_i/axi_register_slice_0/inst/w.w_pipe/skid_buffer_reg_n_0_[14]
    SLICE_X12Y73         LUT3 (Prop_lut3_I1_O)        0.045     1.166 r  ps/system_i/axi_register_slice_0/inst/w.w_pipe/m_payload_i[14]_i_1/O
                         net (fo=1, routed)           0.000     1.166    ps/system_i/axi_register_slice_0/inst/w.w_pipe/skid_buffer[14]
    SLICE_X12Y73         FDRE                                         r  ps/system_i/axi_register_slice_0/inst/w.w_pipe/m_payload_i_reg[14]/D
  -------------------------------------------------------------------    -------------------

                         (clock clk_fpga_3 rise edge)
                                                      0.000     0.000 r  
    PS7_X0Y0             PS7                          0.000     0.000 r  ps/system_i/processing_system7/inst/PS7_i/FCLKCLK[3]
                         net (fo=1, routed)           0.341     0.341    ps/system_i/processing_system7/inst/FCLK_CLK_unbuffered[3]
    BUFGCTRL_X0Y2        BUFG (Prop_bufg_I_O)         0.029     0.370 r  ps/system_i/processing_system7/inst/buffer_fclk_clk_3.FCLK_CLK_3_BUFG/O
                         net (fo=965, routed)         0.818     1.188    ps/system_i/axi_register_slice_0/inst/w.w_pipe/aclk
    SLICE_X12Y73         FDRE                                         r  ps/system_i/axi_register_slice_0/inst/w.w_pipe/m_payload_i_reg[14]/C
                         clock pessimism             -0.282     0.906    
    SLICE_X12Y73         FDRE (Hold_fdre_C_D)         0.120     1.026    ps/system_i/axi_register_slice_0/inst/w.w_pipe/m_payload_i_reg[14]
  -------------------------------------------------------------------
                         required time                         -1.026    
                         arrival time                           1.166    
  -------------------------------------------------------------------
                         slack                                  0.140    





Pulse Width Checks
--------------------------------------------------------------------------------------
Clock Name:         clk_fpga_3
Waveform(ns):       { 0.000 2.500 }
Period(ns):         5.000
Sources:            { ps/system_i/processing_system7/inst/PS7_i/FCLKCLK[3] }

Check Type        Corner  Lib Pin      Reference Pin  Required(ns)  Actual(ns)  Slack(ns)  Location       Pin
Min Period        n/a     XADC/DCLK    n/a            4.000         5.000       1.000      XADC_X0Y0      ps/system_i/xadc/inst/AXI_XADC_CORE_I/XADC_INST/DCLK
Min Period        n/a     BUFG/I       n/a            2.155         5.000       2.845      BUFGCTRL_X0Y2  ps/system_i/processing_system7/inst/buffer_fclk_clk_3.FCLK_CLK_3_BUFG/I
Min Period        n/a     FDSE/C       n/a            1.000         5.000       4.000      SLICE_X11Y70   ps/system_i/axi_protocol_converter_0/inst/gen_axilite.gen_b2s_conv.axilite_b2s/RD.ar_channel_0/ar_cmd_fsm_0/FSM_sequential_state_reg[0]/C
Min Period        n/a     FDRE/C       n/a            1.000         5.000       4.000      SLICE_X11Y70   ps/system_i/axi_protocol_converter_0/inst/gen_axilite.gen_b2s_conv.axilite_b2s/RD.ar_channel_0/ar_cmd_fsm_0/FSM_sequential_state_reg[1]/C
Min Period        n/a     FDRE/C       n/a            1.000         5.000       4.000      SLICE_X7Y71    ps/system_i/axi_protocol_converter_0/inst/gen_axilite.gen_b2s_conv.axilite_b2s/RD.ar_channel_0/cmd_translator_0/incr_cmd_0/axaddr_incr_reg[0]/C
Min Period        n/a     FDRE/C       n/a            1.000         5.000       4.000      SLICE_X8Y73    ps/system_i/axi_protocol_converter_0/inst/gen_axilite.gen_b2s_conv.axilite_b2s/RD.ar_channel_0/cmd_translator_0/incr_cmd_0/axaddr_incr_reg[10]/C
Min Period        n/a     FDRE/C       n/a            1.000         5.000       4.000      SLICE_X8Y73    ps/system_i/axi_protocol_converter_0/inst/gen_axilite.gen_b2s_conv.axilite_b2s/RD.ar_channel_0/cmd_translator_0/incr_cmd_0/axaddr_incr_reg[11]/C
Min Period        n/a     FDRE/C       n/a            1.000         5.000       4.000      SLICE_X7Y71    ps/system_i/axi_protocol_converter_0/inst/gen_axilite.gen_b2s_conv.axilite_b2s/RD.ar_channel_0/cmd_translator_0/incr_cmd_0/axaddr_incr_reg[1]/C
Min Period        n/a     FDRE/C       n/a            1.000         5.000       4.000      SLICE_X7Y71    ps/system_i/axi_protocol_converter_0/inst/gen_axilite.gen_b2s_conv.axilite_b2s/RD.ar_channel_0/cmd_translator_0/incr_cmd_0/axaddr_incr_reg[2]/C
Min Period        n/a     FDRE/C       n/a            1.000         5.000       4.000      SLICE_X7Y71    ps/system_i/axi_protocol_converter_0/inst/gen_axilite.gen_b2s_conv.axilite_b2s/RD.ar_channel_0/cmd_translator_0/incr_cmd_0/axaddr_incr_reg[3]/C
Low Pulse Width   Slow    SRLC32E/CLK  n/a            0.980         2.500       1.520      SLICE_X10Y72   ps/system_i/axi_protocol_converter_0/inst/gen_axilite.gen_b2s_conv.axilite_b2s/RD.r_channel_0/rd_data_fifo_0/memory_reg[31][11]_srl32/CLK
Low Pulse Width   Slow    SRLC32E/CLK  n/a            0.980         2.500       1.520      SLICE_X10Y72   ps/system_i/axi_protocol_converter_0/inst/gen_axilite.gen_b2s_conv.axilite_b2s/RD.r_channel_0/rd_data_fifo_0/memory_reg[31][12]_srl32/CLK
Low Pulse Width   Slow    SRLC32E/CLK  n/a            0.980         2.500       1.520      SLICE_X8Y72    ps/system_i/axi_protocol_converter_0/inst/gen_axilite.gen_b2s_conv.axilite_b2s/RD.r_channel_0/rd_data_fifo_0/memory_reg[31][14]_srl32/CLK
Low Pulse Width   Slow    SRLC32E/CLK  n/a            0.980         2.500       1.520      SLICE_X10Y72   ps/system_i/axi_protocol_converter_0/inst/gen_axilite.gen_b2s_conv.axilite_b2s/RD.r_channel_0/rd_data_fifo_0/memory_reg[31][1]_srl32/CLK
Low Pulse Width   Slow    SRLC32E/CLK  n/a            0.980         2.500       1.520      SLICE_X10Y72   ps/system_i/axi_protocol_converter_0/inst/gen_axilite.gen_b2s_conv.axilite_b2s/RD.r_channel_0/rd_data_fifo_0/memory_reg[31][2]_srl32/CLK
Low Pulse Width   Slow    SRLC32E/CLK  n/a            0.980         2.500       1.520      SLICE_X8Y72    ps/system_i/axi_protocol_converter_0/inst/gen_axilite.gen_b2s_conv.axilite_b2s/RD.r_channel_0/rd_data_fifo_0/memory_reg[31][31]_srl32/CLK
Low Pulse Width   Slow    SRLC32E/CLK  n/a            0.980         2.500       1.520      SLICE_X8Y72    ps/system_i/axi_protocol_converter_0/inst/gen_axilite.gen_b2s_conv.axilite_b2s/RD.r_channel_0/rd_data_fifo_0/memory_reg[31][3]_srl32/CLK
Low Pulse Width   Slow    SRLC32E/CLK  n/a            0.980         2.500       1.520      SLICE_X8Y72    ps/system_i/axi_protocol_converter_0/inst/gen_axilite.gen_b2s_conv.axilite_b2s/RD.r_channel_0/rd_data_fifo_0/memory_reg[31][8]_srl32/CLK
Low Pulse Width   Slow    SRLC32E/CLK  n/a            0.980         2.500       1.520      SLICE_X8Y71    ps/system_i/axi_protocol_converter_0/inst/gen_axilite.gen_b2s_conv.axilite_b2s/RD.r_channel_0/rd_data_fifo_0/memory_reg[31][13]_srl32/CLK
Low Pulse Width   Slow    SRLC32E/CLK  n/a            0.980         2.500       1.520      SLICE_X8Y71    ps/system_i/axi_protocol_converter_0/inst/gen_axilite.gen_b2s_conv.axilite_b2s/RD.r_channel_0/rd_data_fifo_0/memory_reg[31][15]_srl32/CLK
High Pulse Width  Fast    SRLC32E/CLK  n/a            0.980         2.500       1.520      SLICE_X4Y71    ps/system_i/axi_protocol_converter_0/inst/gen_axilite.gen_b2s_conv.axilite_b2s/RD.r_channel_0/rd_data_fifo_0/memory_reg[31][0]_srl32/CLK
High Pulse Width  Fast    SRLC32E/CLK  n/a            0.980         2.500       1.520      SLICE_X4Y71    ps/system_i/axi_protocol_converter_0/inst/gen_axilite.gen_b2s_conv.axilite_b2s/RD.r_channel_0/rd_data_fifo_0/memory_reg[31][10]_srl32/CLK
High Pulse Width  Fast    SRLC32E/CLK  n/a            0.980         2.500       1.520      SLICE_X10Y72   ps/system_i/axi_protocol_converter_0/inst/gen_axilite.gen_b2s_conv.axilite_b2s/RD.r_channel_0/rd_data_fifo_0/memory_reg[31][11]_srl32/CLK
High Pulse Width  Fast    SRLC32E/CLK  n/a            0.980         2.500       1.520      SLICE_X10Y72   ps/system_i/axi_protocol_converter_0/inst/gen_axilite.gen_b2s_conv.axilite_b2s/RD.r_channel_0/rd_data_fifo_0/memory_reg[31][12]_srl32/CLK
High Pulse Width  Fast    SRLC32E/CLK  n/a            0.980         2.500       1.520      SLICE_X8Y71    ps/system_i/axi_protocol_converter_0/inst/gen_axilite.gen_b2s_conv.axilite_b2s/RD.r_channel_0/rd_data_fifo_0/memory_reg[31][13]_srl32/CLK
High Pulse Width  Fast    SRLC32E/CLK  n/a            0.980         2.500       1.520      SLICE_X8Y72    ps/system_i/axi_protocol_converter_0/inst/gen_axilite.gen_b2s_conv.axilite_b2s/RD.r_channel_0/rd_data_fifo_0/memory_reg[31][14]_srl32/CLK
High Pulse Width  Fast    SRLC32E/CLK  n/a            0.980         2.500       1.520      SLICE_X8Y71    ps/system_i/axi_protocol_converter_0/inst/gen_axilite.gen_b2s_conv.axilite_b2s/RD.r_channel_0/rd_data_fifo_0/memory_reg[31][15]_srl32/CLK
High Pulse Width  Fast    SRLC32E/CLK  n/a            0.980         2.500       1.520      SLICE_X8Y71    ps/system_i/axi_protocol_converter_0/inst/gen_axilite.gen_b2s_conv.axilite_b2s/RD.r_channel_0/rd_data_fifo_0/memory_reg[31][16]_srl32/CLK
High Pulse Width  Fast    SRLC32E/CLK  n/a            0.980         2.500       1.520      SLICE_X8Y74    ps/system_i/axi_protocol_converter_0/inst/gen_axilite.gen_b2s_conv.axilite_b2s/RD.r_channel_0/rd_data_fifo_0/memory_reg[31][17]_srl32/CLK
High Pulse Width  Fast    SRLC32E/CLK  n/a            0.980         2.500       1.520      SLICE_X10Y72   ps/system_i/axi_protocol_converter_0/inst/gen_axilite.gen_b2s_conv.axilite_b2s/RD.r_channel_0/rd_data_fifo_0/memory_reg[31][1]_srl32/CLK



---------------------------------------------------------------------------------------------------
From Clock:  rx_clk
  To Clock:  rx_clk

Setup :           NA  Failing Endpoints,  Worst Slack           NA  ,  Total Violation           NA
Hold  :           NA  Failing Endpoints,  Worst Slack           NA  ,  Total Violation           NA
PW    :            0  Failing Endpoints,  Worst Slack        2.333ns,  Total Violation        0.000ns
---------------------------------------------------------------------------------------------------


Pulse Width Checks
--------------------------------------------------------------------------------------
Clock Name:         rx_clk
Waveform(ns):       { 0.000 2.000 }
Period(ns):         4.000
Sources:            { daisy_p_i[1] }

Check Type  Corner  Lib Pin         Reference Pin  Required(ns)  Actual(ns)  Slack(ns)  Location      Pin
Min Period  n/a     ISERDESE2/CLK   n/a            1.667         4.000       2.333      ILOGIC_X0Y38  i_daisy/i_rx/genblk1[0].i_iserdese/CLK
Min Period  n/a     ISERDESE2/CLKB  n/a            1.667         4.000       2.333      ILOGIC_X0Y38  i_daisy/i_rx/genblk1[0].i_iserdese/CLKB
Min Period  n/a     BUFIO/I         n/a            1.666         4.000       2.334      BUFIO_X0Y1    i_daisy/i_rx/i_BUFIO_clk/I
Min Period  n/a     BUFR/I          n/a            1.666         4.000       2.334      BUFR_X0Y1     i_daisy/i_rx/i_BUFR_clk/I



---------------------------------------------------------------------------------------------------
From Clock:  par_clk
  To Clock:  par_clk

Setup :            0  Failing Endpoints,  Worst Slack        4.051ns,  Total Violation        0.000ns
Hold  :            0  Failing Endpoints,  Worst Slack        0.118ns,  Total Violation        0.000ns
PW    :            0  Failing Endpoints,  Worst Slack        3.020ns,  Total Violation        0.000ns
---------------------------------------------------------------------------------------------------


Max Delay Paths
--------------------------------------------------------------------------------------
Slack (MET) :             4.051ns  (required time - arrival time)
  Source:                 i_daisy/genblk3[0].i_test/rx_dat_inc_reg/C
                            (rising edge-triggered cell FDRE clocked by par_clk  {rise@0.000ns fall@4.000ns period=8.000ns})
  Destination:            i_daisy/genblk3[0].i_test/rx_dat_cnt_reg[0]/R
                            (rising edge-triggered cell FDRE clocked by par_clk  {rise@0.000ns fall@4.000ns period=8.000ns})
  Path Group:             par_clk
  Path Type:              Setup (Max at Slow Process Corner)
  Requirement:            8.000ns  (par_clk rise@8.000ns - par_clk rise@0.000ns)
  Data Path Delay:        3.349ns  (logic 0.642ns (19.170%)  route 2.707ns (80.830%))
  Logic Levels:           1  (LUT3=1)
  Clock Path Skew:        -0.136ns (DCD - SCD + CPR)
    Destination Clock Delay (DCD):    4.598ns = ( 12.598 - 8.000 ) 
    Source Clock Delay      (SCD):    5.147ns
    Clock Pessimism Removal (CPR):    0.413ns
  Clock Uncertainty:      0.035ns  ((TSJ^2 + TIJ^2)^1/2 + DJ) / 2 + PE
    Total System Jitter     (TSJ):    0.071ns
    Total Input Jitter      (TIJ):    0.000ns
    Discrete Jitter          (DJ):    0.000ns
    Phase Error              (PE):    0.000ns

    Location             Delay type                Incr(ns)  Path(ns)    Netlist Resource(s)
  -------------------------------------------------------------------    -------------------
                         (clock par_clk rise edge)    0.000     0.000 r  
    N18                                               0.000     0.000 r  daisy_p_i[1] (IN)
                         net (fo=0)                   0.000     0.000    i_daisy/daisy_p_i[1]
    N18                  IBUFDS (Prop_ibufds_I_O)     0.945     0.945 r  i_daisy/i_IBUFGDS_clk/O
                         net (fo=2, routed)           0.510     1.455    i_daisy/i_rx/rxs_clk
    BUFR_X0Y1            BUFR (Prop_bufr_I_O)         1.032     2.487 r  i_daisy/i_rx/i_BUFR_clk/O
                         net (fo=39, routed)          0.814     3.301    i_daisy/i_rx/par_clk
    BUFGCTRL_X0Y4        BUFG (Prop_bufg_I_O)         0.101     3.402 r  i_daisy/i_rx/i_parclk_buf/O
                         net (fo=233, routed)         1.745     5.147    i_daisy/genblk3[0].i_test/rx_dat_cnt_reg[0]_0
    SLICE_X38Y34         FDRE                                         r  i_daisy/genblk3[0].i_test/rx_dat_inc_reg/C
  -------------------------------------------------------------------    -------------------
    SLICE_X38Y34         FDRE (Prop_fdre_C_Q)         0.518     5.665 f  i_daisy/genblk3[0].i_test/rx_dat_inc_reg/Q
                         net (fo=33, routed)          1.515     7.180    i_daisy/genblk3[0].i_test/rx_dat_inc
    SLICE_X37Y38         LUT3 (Prop_lut3_I0_O)        0.124     7.304 r  i_daisy/genblk3[0].i_test/rx_dat_cnt[0]_i_1/O
                         net (fo=32, routed)          1.192     8.496    i_daisy/genblk3[0].i_test/rx_dat_cnt[0]_i_1_n_0
    SLICE_X35Y34         FDRE                                         r  i_daisy/genblk3[0].i_test/rx_dat_cnt_reg[0]/R
  -------------------------------------------------------------------    -------------------

                         (clock par_clk rise edge)    8.000     8.000 r  
    N18                                               0.000     8.000 r  daisy_p_i[1] (IN)
                         net (fo=0)                   0.000     8.000    i_daisy/daisy_p_i[1]
    N18                  IBUFDS (Prop_ibufds_I_O)     0.902     8.902 r  i_daisy/i_IBUFGDS_clk/O
                         net (fo=2, routed)           0.459     9.361    i_daisy/i_rx/rxs_clk
    BUFR_X0Y1            BUFR (Prop_bufr_I_O)         0.919    10.280 r  i_daisy/i_rx/i_BUFR_clk/O
                         net (fo=39, routed)          0.732    11.012    i_daisy/i_rx/par_clk
    BUFGCTRL_X0Y4        BUFG (Prop_bufg_I_O)         0.091    11.103 r  i_daisy/i_rx/i_parclk_buf/O
                         net (fo=233, routed)         1.494    12.598    i_daisy/genblk3[0].i_test/rx_dat_cnt_reg[0]_0
    SLICE_X35Y34         FDRE                                         r  i_daisy/genblk3[0].i_test/rx_dat_cnt_reg[0]/C
                         clock pessimism              0.413    13.011    
                         clock uncertainty           -0.035    12.976    
    SLICE_X35Y34         FDRE (Setup_fdre_C_R)       -0.429    12.547    i_daisy/genblk3[0].i_test/rx_dat_cnt_reg[0]
  -------------------------------------------------------------------
                         required time                         12.547    
                         arrival time                          -8.496    
  -------------------------------------------------------------------
                         slack                                  4.051    

Slack (MET) :             4.051ns  (required time - arrival time)
  Source:                 i_daisy/genblk3[0].i_test/rx_dat_inc_reg/C
                            (rising edge-triggered cell FDRE clocked by par_clk  {rise@0.000ns fall@4.000ns period=8.000ns})
  Destination:            i_daisy/genblk3[0].i_test/rx_dat_cnt_reg[1]/R
                            (rising edge-triggered cell FDRE clocked by par_clk  {rise@0.000ns fall@4.000ns period=8.000ns})
  Path Group:             par_clk
  Path Type:              Setup (Max at Slow Process Corner)
  Requirement:            8.000ns  (par_clk rise@8.000ns - par_clk rise@0.000ns)
  Data Path Delay:        3.349ns  (logic 0.642ns (19.170%)  route 2.707ns (80.830%))
  Logic Levels:           1  (LUT3=1)
  Clock Path Skew:        -0.136ns (DCD - SCD + CPR)
    Destination Clock Delay (DCD):    4.598ns = ( 12.598 - 8.000 ) 
    Source Clock Delay      (SCD):    5.147ns
    Clock Pessimism Removal (CPR):    0.413ns
  Clock Uncertainty:      0.035ns  ((TSJ^2 + TIJ^2)^1/2 + DJ) / 2 + PE
    Total System Jitter     (TSJ):    0.071ns
    Total Input Jitter      (TIJ):    0.000ns
    Discrete Jitter          (DJ):    0.000ns
    Phase Error              (PE):    0.000ns

    Location             Delay type                Incr(ns)  Path(ns)    Netlist Resource(s)
  -------------------------------------------------------------------    -------------------
                         (clock par_clk rise edge)    0.000     0.000 r  
    N18                                               0.000     0.000 r  daisy_p_i[1] (IN)
                         net (fo=0)                   0.000     0.000    i_daisy/daisy_p_i[1]
    N18                  IBUFDS (Prop_ibufds_I_O)     0.945     0.945 r  i_daisy/i_IBUFGDS_clk/O
                         net (fo=2, routed)           0.510     1.455    i_daisy/i_rx/rxs_clk
    BUFR_X0Y1            BUFR (Prop_bufr_I_O)         1.032     2.487 r  i_daisy/i_rx/i_BUFR_clk/O
                         net (fo=39, routed)          0.814     3.301    i_daisy/i_rx/par_clk
    BUFGCTRL_X0Y4        BUFG (Prop_bufg_I_O)         0.101     3.402 r  i_daisy/i_rx/i_parclk_buf/O
                         net (fo=233, routed)         1.745     5.147    i_daisy/genblk3[0].i_test/rx_dat_cnt_reg[0]_0
    SLICE_X38Y34         FDRE                                         r  i_daisy/genblk3[0].i_test/rx_dat_inc_reg/C
  -------------------------------------------------------------------    -------------------
    SLICE_X38Y34         FDRE (Prop_fdre_C_Q)         0.518     5.665 f  i_daisy/genblk3[0].i_test/rx_dat_inc_reg/Q
                         net (fo=33, routed)          1.515     7.180    i_daisy/genblk3[0].i_test/rx_dat_inc
    SLICE_X37Y38         LUT3 (Prop_lut3_I0_O)        0.124     7.304 r  i_daisy/genblk3[0].i_test/rx_dat_cnt[0]_i_1/O
                         net (fo=32, routed)          1.192     8.496    i_daisy/genblk3[0].i_test/rx_dat_cnt[0]_i_1_n_0
    SLICE_X35Y34         FDRE                                         r  i_daisy/genblk3[0].i_test/rx_dat_cnt_reg[1]/R
  -------------------------------------------------------------------    -------------------

                         (clock par_clk rise edge)    8.000     8.000 r  
    N18                                               0.000     8.000 r  daisy_p_i[1] (IN)
                         net (fo=0)                   0.000     8.000    i_daisy/daisy_p_i[1]
    N18                  IBUFDS (Prop_ibufds_I_O)     0.902     8.902 r  i_daisy/i_IBUFGDS_clk/O
                         net (fo=2, routed)           0.459     9.361    i_daisy/i_rx/rxs_clk
    BUFR_X0Y1            BUFR (Prop_bufr_I_O)         0.919    10.280 r  i_daisy/i_rx/i_BUFR_clk/O
                         net (fo=39, routed)          0.732    11.012    i_daisy/i_rx/par_clk
    BUFGCTRL_X0Y4        BUFG (Prop_bufg_I_O)         0.091    11.103 r  i_daisy/i_rx/i_parclk_buf/O
                         net (fo=233, routed)         1.494    12.598    i_daisy/genblk3[0].i_test/rx_dat_cnt_reg[0]_0
    SLICE_X35Y34         FDRE                                         r  i_daisy/genblk3[0].i_test/rx_dat_cnt_reg[1]/C
                         clock pessimism              0.413    13.011    
                         clock uncertainty           -0.035    12.976    
    SLICE_X35Y34         FDRE (Setup_fdre_C_R)       -0.429    12.547    i_daisy/genblk3[0].i_test/rx_dat_cnt_reg[1]
  -------------------------------------------------------------------
                         required time                         12.547    
                         arrival time                          -8.496    
  -------------------------------------------------------------------
                         slack                                  4.051    

Slack (MET) :             4.051ns  (required time - arrival time)
  Source:                 i_daisy/genblk3[0].i_test/rx_dat_inc_reg/C
                            (rising edge-triggered cell FDRE clocked by par_clk  {rise@0.000ns fall@4.000ns period=8.000ns})
  Destination:            i_daisy/genblk3[0].i_test/rx_dat_cnt_reg[2]/R
                            (rising edge-triggered cell FDRE clocked by par_clk  {rise@0.000ns fall@4.000ns period=8.000ns})
  Path Group:             par_clk
  Path Type:              Setup (Max at Slow Process Corner)
  Requirement:            8.000ns  (par_clk rise@8.000ns - par_clk rise@0.000ns)
  Data Path Delay:        3.349ns  (logic 0.642ns (19.170%)  route 2.707ns (80.830%))
  Logic Levels:           1  (LUT3=1)
  Clock Path Skew:        -0.136ns (DCD - SCD + CPR)
    Destination Clock Delay (DCD):    4.598ns = ( 12.598 - 8.000 ) 
    Source Clock Delay      (SCD):    5.147ns
    Clock Pessimism Removal (CPR):    0.413ns
  Clock Uncertainty:      0.035ns  ((TSJ^2 + TIJ^2)^1/2 + DJ) / 2 + PE
    Total System Jitter     (TSJ):    0.071ns
    Total Input Jitter      (TIJ):    0.000ns
    Discrete Jitter          (DJ):    0.000ns
    Phase Error              (PE):    0.000ns

    Location             Delay type                Incr(ns)  Path(ns)    Netlist Resource(s)
  -------------------------------------------------------------------    -------------------
                         (clock par_clk rise edge)    0.000     0.000 r  
    N18                                               0.000     0.000 r  daisy_p_i[1] (IN)
                         net (fo=0)                   0.000     0.000    i_daisy/daisy_p_i[1]
    N18                  IBUFDS (Prop_ibufds_I_O)     0.945     0.945 r  i_daisy/i_IBUFGDS_clk/O
                         net (fo=2, routed)           0.510     1.455    i_daisy/i_rx/rxs_clk
    BUFR_X0Y1            BUFR (Prop_bufr_I_O)         1.032     2.487 r  i_daisy/i_rx/i_BUFR_clk/O
                         net (fo=39, routed)          0.814     3.301    i_daisy/i_rx/par_clk
    BUFGCTRL_X0Y4        BUFG (Prop_bufg_I_O)         0.101     3.402 r  i_daisy/i_rx/i_parclk_buf/O
                         net (fo=233, routed)         1.745     5.147    i_daisy/genblk3[0].i_test/rx_dat_cnt_reg[0]_0
    SLICE_X38Y34         FDRE                                         r  i_daisy/genblk3[0].i_test/rx_dat_inc_reg/C
  -------------------------------------------------------------------    -------------------
    SLICE_X38Y34         FDRE (Prop_fdre_C_Q)         0.518     5.665 f  i_daisy/genblk3[0].i_test/rx_dat_inc_reg/Q
                         net (fo=33, routed)          1.515     7.180    i_daisy/genblk3[0].i_test/rx_dat_inc
    SLICE_X37Y38         LUT3 (Prop_lut3_I0_O)        0.124     7.304 r  i_daisy/genblk3[0].i_test/rx_dat_cnt[0]_i_1/O
                         net (fo=32, routed)          1.192     8.496    i_daisy/genblk3[0].i_test/rx_dat_cnt[0]_i_1_n_0
    SLICE_X35Y34         FDRE                                         r  i_daisy/genblk3[0].i_test/rx_dat_cnt_reg[2]/R
  -------------------------------------------------------------------    -------------------

                         (clock par_clk rise edge)    8.000     8.000 r  
    N18                                               0.000     8.000 r  daisy_p_i[1] (IN)
                         net (fo=0)                   0.000     8.000    i_daisy/daisy_p_i[1]
    N18                  IBUFDS (Prop_ibufds_I_O)     0.902     8.902 r  i_daisy/i_IBUFGDS_clk/O
                         net (fo=2, routed)           0.459     9.361    i_daisy/i_rx/rxs_clk
    BUFR_X0Y1            BUFR (Prop_bufr_I_O)         0.919    10.280 r  i_daisy/i_rx/i_BUFR_clk/O
                         net (fo=39, routed)          0.732    11.012    i_daisy/i_rx/par_clk
    BUFGCTRL_X0Y4        BUFG (Prop_bufg_I_O)         0.091    11.103 r  i_daisy/i_rx/i_parclk_buf/O
                         net (fo=233, routed)         1.494    12.598    i_daisy/genblk3[0].i_test/rx_dat_cnt_reg[0]_0
    SLICE_X35Y34         FDRE                                         r  i_daisy/genblk3[0].i_test/rx_dat_cnt_reg[2]/C
                         clock pessimism              0.413    13.011    
                         clock uncertainty           -0.035    12.976    
    SLICE_X35Y34         FDRE (Setup_fdre_C_R)       -0.429    12.547    i_daisy/genblk3[0].i_test/rx_dat_cnt_reg[2]
  -------------------------------------------------------------------
                         required time                         12.547    
                         arrival time                          -8.496    
  -------------------------------------------------------------------
                         slack                                  4.051    

Slack (MET) :             4.051ns  (required time - arrival time)
  Source:                 i_daisy/genblk3[0].i_test/rx_dat_inc_reg/C
                            (rising edge-triggered cell FDRE clocked by par_clk  {rise@0.000ns fall@4.000ns period=8.000ns})
  Destination:            i_daisy/genblk3[0].i_test/rx_dat_cnt_reg[3]/R
                            (rising edge-triggered cell FDRE clocked by par_clk  {rise@0.000ns fall@4.000ns period=8.000ns})
  Path Group:             par_clk
  Path Type:              Setup (Max at Slow Process Corner)
  Requirement:            8.000ns  (par_clk rise@8.000ns - par_clk rise@0.000ns)
  Data Path Delay:        3.349ns  (logic 0.642ns (19.170%)  route 2.707ns (80.830%))
  Logic Levels:           1  (LUT3=1)
  Clock Path Skew:        -0.136ns (DCD - SCD + CPR)
    Destination Clock Delay (DCD):    4.598ns = ( 12.598 - 8.000 ) 
    Source Clock Delay      (SCD):    5.147ns
    Clock Pessimism Removal (CPR):    0.413ns
  Clock Uncertainty:      0.035ns  ((TSJ^2 + TIJ^2)^1/2 + DJ) / 2 + PE
    Total System Jitter     (TSJ):    0.071ns
    Total Input Jitter      (TIJ):    0.000ns
    Discrete Jitter          (DJ):    0.000ns
    Phase Error              (PE):    0.000ns

    Location             Delay type                Incr(ns)  Path(ns)    Netlist Resource(s)
  -------------------------------------------------------------------    -------------------
                         (clock par_clk rise edge)    0.000     0.000 r  
    N18                                               0.000     0.000 r  daisy_p_i[1] (IN)
                         net (fo=0)                   0.000     0.000    i_daisy/daisy_p_i[1]
    N18                  IBUFDS (Prop_ibufds_I_O)     0.945     0.945 r  i_daisy/i_IBUFGDS_clk/O
                         net (fo=2, routed)           0.510     1.455    i_daisy/i_rx/rxs_clk
    BUFR_X0Y1            BUFR (Prop_bufr_I_O)         1.032     2.487 r  i_daisy/i_rx/i_BUFR_clk/O
                         net (fo=39, routed)          0.814     3.301    i_daisy/i_rx/par_clk
    BUFGCTRL_X0Y4        BUFG (Prop_bufg_I_O)         0.101     3.402 r  i_daisy/i_rx/i_parclk_buf/O
                         net (fo=233, routed)         1.745     5.147    i_daisy/genblk3[0].i_test/rx_dat_cnt_reg[0]_0
    SLICE_X38Y34         FDRE                                         r  i_daisy/genblk3[0].i_test/rx_dat_inc_reg/C
  -------------------------------------------------------------------    -------------------
    SLICE_X38Y34         FDRE (Prop_fdre_C_Q)         0.518     5.665 f  i_daisy/genblk3[0].i_test/rx_dat_inc_reg/Q
                         net (fo=33, routed)          1.515     7.180    i_daisy/genblk3[0].i_test/rx_dat_inc
    SLICE_X37Y38         LUT3 (Prop_lut3_I0_O)        0.124     7.304 r  i_daisy/genblk3[0].i_test/rx_dat_cnt[0]_i_1/O
                         net (fo=32, routed)          1.192     8.496    i_daisy/genblk3[0].i_test/rx_dat_cnt[0]_i_1_n_0
    SLICE_X35Y34         FDRE                                         r  i_daisy/genblk3[0].i_test/rx_dat_cnt_reg[3]/R
  -------------------------------------------------------------------    -------------------

                         (clock par_clk rise edge)    8.000     8.000 r  
    N18                                               0.000     8.000 r  daisy_p_i[1] (IN)
                         net (fo=0)                   0.000     8.000    i_daisy/daisy_p_i[1]
    N18                  IBUFDS (Prop_ibufds_I_O)     0.902     8.902 r  i_daisy/i_IBUFGDS_clk/O
                         net (fo=2, routed)           0.459     9.361    i_daisy/i_rx/rxs_clk
    BUFR_X0Y1            BUFR (Prop_bufr_I_O)         0.919    10.280 r  i_daisy/i_rx/i_BUFR_clk/O
                         net (fo=39, routed)          0.732    11.012    i_daisy/i_rx/par_clk
    BUFGCTRL_X0Y4        BUFG (Prop_bufg_I_O)         0.091    11.103 r  i_daisy/i_rx/i_parclk_buf/O
                         net (fo=233, routed)         1.494    12.598    i_daisy/genblk3[0].i_test/rx_dat_cnt_reg[0]_0
    SLICE_X35Y34         FDRE                                         r  i_daisy/genblk3[0].i_test/rx_dat_cnt_reg[3]/C
                         clock pessimism              0.413    13.011    
                         clock uncertainty           -0.035    12.976    
    SLICE_X35Y34         FDRE (Setup_fdre_C_R)       -0.429    12.547    i_daisy/genblk3[0].i_test/rx_dat_cnt_reg[3]
  -------------------------------------------------------------------
                         required time                         12.547    
                         arrival time                          -8.496    
  -------------------------------------------------------------------
                         slack                                  4.051    

Slack (MET) :             4.144ns  (required time - arrival time)
  Source:                 i_daisy/genblk3[0].i_test/rx_dat_inc_reg/C
                            (rising edge-triggered cell FDRE clocked by par_clk  {rise@0.000ns fall@4.000ns period=8.000ns})
  Destination:            i_daisy/genblk3[0].i_test/rx_dat_cnt_reg[4]/R
                            (rising edge-triggered cell FDRE clocked by par_clk  {rise@0.000ns fall@4.000ns period=8.000ns})
  Path Group:             par_clk
  Path Type:              Setup (Max at Slow Process Corner)
  Requirement:            8.000ns  (par_clk rise@8.000ns - par_clk rise@0.000ns)
  Data Path Delay:        3.257ns  (logic 0.642ns (19.712%)  route 2.615ns (80.288%))
  Logic Levels:           1  (LUT3=1)
  Clock Path Skew:        -0.135ns (DCD - SCD + CPR)
    Destination Clock Delay (DCD):    4.599ns = ( 12.599 - 8.000 ) 
    Source Clock Delay      (SCD):    5.147ns
    Clock Pessimism Removal (CPR):    0.413ns
  Clock Uncertainty:      0.035ns  ((TSJ^2 + TIJ^2)^1/2 + DJ) / 2 + PE
    Total System Jitter     (TSJ):    0.071ns
    Total Input Jitter      (TIJ):    0.000ns
    Discrete Jitter          (DJ):    0.000ns
    Phase Error              (PE):    0.000ns

    Location             Delay type                Incr(ns)  Path(ns)    Netlist Resource(s)
  -------------------------------------------------------------------    -------------------
                         (clock par_clk rise edge)    0.000     0.000 r  
    N18                                               0.000     0.000 r  daisy_p_i[1] (IN)
                         net (fo=0)                   0.000     0.000    i_daisy/daisy_p_i[1]
    N18                  IBUFDS (Prop_ibufds_I_O)     0.945     0.945 r  i_daisy/i_IBUFGDS_clk/O
                         net (fo=2, routed)           0.510     1.455    i_daisy/i_rx/rxs_clk
    BUFR_X0Y1            BUFR (Prop_bufr_I_O)         1.032     2.487 r  i_daisy/i_rx/i_BUFR_clk/O
                         net (fo=39, routed)          0.814     3.301    i_daisy/i_rx/par_clk
    BUFGCTRL_X0Y4        BUFG (Prop_bufg_I_O)         0.101     3.402 r  i_daisy/i_rx/i_parclk_buf/O
                         net (fo=233, routed)         1.745     5.147    i_daisy/genblk3[0].i_test/rx_dat_cnt_reg[0]_0
    SLICE_X38Y34         FDRE                                         r  i_daisy/genblk3[0].i_test/rx_dat_inc_reg/C
  -------------------------------------------------------------------    -------------------
    SLICE_X38Y34         FDRE (Prop_fdre_C_Q)         0.518     5.665 f  i_daisy/genblk3[0].i_test/rx_dat_inc_reg/Q
                         net (fo=33, routed)          1.515     7.180    i_daisy/genblk3[0].i_test/rx_dat_inc
    SLICE_X37Y38         LUT3 (Prop_lut3_I0_O)        0.124     7.304 r  i_daisy/genblk3[0].i_test/rx_dat_cnt[0]_i_1/O
                         net (fo=32, routed)          1.100     8.404    i_daisy/genblk3[0].i_test/rx_dat_cnt[0]_i_1_n_0
    SLICE_X35Y35         FDRE                                         r  i_daisy/genblk3[0].i_test/rx_dat_cnt_reg[4]/R
  -------------------------------------------------------------------    -------------------

                         (clock par_clk rise edge)    8.000     8.000 r  
    N18                                               0.000     8.000 r  daisy_p_i[1] (IN)
                         net (fo=0)                   0.000     8.000    i_daisy/daisy_p_i[1]
    N18                  IBUFDS (Prop_ibufds_I_O)     0.902     8.902 r  i_daisy/i_IBUFGDS_clk/O
                         net (fo=2, routed)           0.459     9.361    i_daisy/i_rx/rxs_clk
    BUFR_X0Y1            BUFR (Prop_bufr_I_O)         0.919    10.280 r  i_daisy/i_rx/i_BUFR_clk/O
                         net (fo=39, routed)          0.732    11.012    i_daisy/i_rx/par_clk
    BUFGCTRL_X0Y4        BUFG (Prop_bufg_I_O)         0.091    11.103 r  i_daisy/i_rx/i_parclk_buf/O
                         net (fo=233, routed)         1.495    12.599    i_daisy/genblk3[0].i_test/rx_dat_cnt_reg[0]_0
    SLICE_X35Y35         FDRE                                         r  i_daisy/genblk3[0].i_test/rx_dat_cnt_reg[4]/C
                         clock pessimism              0.413    13.012    
                         clock uncertainty           -0.035    12.977    
    SLICE_X35Y35         FDRE (Setup_fdre_C_R)       -0.429    12.548    i_daisy/genblk3[0].i_test/rx_dat_cnt_reg[4]
  -------------------------------------------------------------------
                         required time                         12.548    
                         arrival time                          -8.404    
  -------------------------------------------------------------------
                         slack                                  4.144    

Slack (MET) :             4.144ns  (required time - arrival time)
  Source:                 i_daisy/genblk3[0].i_test/rx_dat_inc_reg/C
                            (rising edge-triggered cell FDRE clocked by par_clk  {rise@0.000ns fall@4.000ns period=8.000ns})
  Destination:            i_daisy/genblk3[0].i_test/rx_dat_cnt_reg[5]/R
                            (rising edge-triggered cell FDRE clocked by par_clk  {rise@0.000ns fall@4.000ns period=8.000ns})
  Path Group:             par_clk
  Path Type:              Setup (Max at Slow Process Corner)
  Requirement:            8.000ns  (par_clk rise@8.000ns - par_clk rise@0.000ns)
  Data Path Delay:        3.257ns  (logic 0.642ns (19.712%)  route 2.615ns (80.288%))
  Logic Levels:           1  (LUT3=1)
  Clock Path Skew:        -0.135ns (DCD - SCD + CPR)
    Destination Clock Delay (DCD):    4.599ns = ( 12.599 - 8.000 ) 
    Source Clock Delay      (SCD):    5.147ns
    Clock Pessimism Removal (CPR):    0.413ns
  Clock Uncertainty:      0.035ns  ((TSJ^2 + TIJ^2)^1/2 + DJ) / 2 + PE
    Total System Jitter     (TSJ):    0.071ns
    Total Input Jitter      (TIJ):    0.000ns
    Discrete Jitter          (DJ):    0.000ns
    Phase Error              (PE):    0.000ns

    Location             Delay type                Incr(ns)  Path(ns)    Netlist Resource(s)
  -------------------------------------------------------------------    -------------------
                         (clock par_clk rise edge)    0.000     0.000 r  
    N18                                               0.000     0.000 r  daisy_p_i[1] (IN)
                         net (fo=0)                   0.000     0.000    i_daisy/daisy_p_i[1]
    N18                  IBUFDS (Prop_ibufds_I_O)     0.945     0.945 r  i_daisy/i_IBUFGDS_clk/O
                         net (fo=2, routed)           0.510     1.455    i_daisy/i_rx/rxs_clk
    BUFR_X0Y1            BUFR (Prop_bufr_I_O)         1.032     2.487 r  i_daisy/i_rx/i_BUFR_clk/O
                         net (fo=39, routed)          0.814     3.301    i_daisy/i_rx/par_clk
    BUFGCTRL_X0Y4        BUFG (Prop_bufg_I_O)         0.101     3.402 r  i_daisy/i_rx/i_parclk_buf/O
                         net (fo=233, routed)         1.745     5.147    i_daisy/genblk3[0].i_test/rx_dat_cnt_reg[0]_0
    SLICE_X38Y34         FDRE                                         r  i_daisy/genblk3[0].i_test/rx_dat_inc_reg/C
  -------------------------------------------------------------------    -------------------
    SLICE_X38Y34         FDRE (Prop_fdre_C_Q)         0.518     5.665 f  i_daisy/genblk3[0].i_test/rx_dat_inc_reg/Q
                         net (fo=33, routed)          1.515     7.180    i_daisy/genblk3[0].i_test/rx_dat_inc
    SLICE_X37Y38         LUT3 (Prop_lut3_I0_O)        0.124     7.304 r  i_daisy/genblk3[0].i_test/rx_dat_cnt[0]_i_1/O
                         net (fo=32, routed)          1.100     8.404    i_daisy/genblk3[0].i_test/rx_dat_cnt[0]_i_1_n_0
    SLICE_X35Y35         FDRE                                         r  i_daisy/genblk3[0].i_test/rx_dat_cnt_reg[5]/R
  -------------------------------------------------------------------    -------------------

                         (clock par_clk rise edge)    8.000     8.000 r  
    N18                                               0.000     8.000 r  daisy_p_i[1] (IN)
                         net (fo=0)                   0.000     8.000    i_daisy/daisy_p_i[1]
    N18                  IBUFDS (Prop_ibufds_I_O)     0.902     8.902 r  i_daisy/i_IBUFGDS_clk/O
                         net (fo=2, routed)           0.459     9.361    i_daisy/i_rx/rxs_clk
    BUFR_X0Y1            BUFR (Prop_bufr_I_O)         0.919    10.280 r  i_daisy/i_rx/i_BUFR_clk/O
                         net (fo=39, routed)          0.732    11.012    i_daisy/i_rx/par_clk
    BUFGCTRL_X0Y4        BUFG (Prop_bufg_I_O)         0.091    11.103 r  i_daisy/i_rx/i_parclk_buf/O
                         net (fo=233, routed)         1.495    12.599    i_daisy/genblk3[0].i_test/rx_dat_cnt_reg[0]_0
    SLICE_X35Y35         FDRE                                         r  i_daisy/genblk3[0].i_test/rx_dat_cnt_reg[5]/C
                         clock pessimism              0.413    13.012    
                         clock uncertainty           -0.035    12.977    
    SLICE_X35Y35         FDRE (Setup_fdre_C_R)       -0.429    12.548    i_daisy/genblk3[0].i_test/rx_dat_cnt_reg[5]
  -------------------------------------------------------------------
                         required time                         12.548    
                         arrival time                          -8.404    
  -------------------------------------------------------------------
                         slack                                  4.144    

Slack (MET) :             4.144ns  (required time - arrival time)
  Source:                 i_daisy/genblk3[0].i_test/rx_dat_inc_reg/C
                            (rising edge-triggered cell FDRE clocked by par_clk  {rise@0.000ns fall@4.000ns period=8.000ns})
  Destination:            i_daisy/genblk3[0].i_test/rx_dat_cnt_reg[6]/R
                            (rising edge-triggered cell FDRE clocked by par_clk  {rise@0.000ns fall@4.000ns period=8.000ns})
  Path Group:             par_clk
  Path Type:              Setup (Max at Slow Process Corner)
  Requirement:            8.000ns  (par_clk rise@8.000ns - par_clk rise@0.000ns)
  Data Path Delay:        3.257ns  (logic 0.642ns (19.712%)  route 2.615ns (80.288%))
  Logic Levels:           1  (LUT3=1)
  Clock Path Skew:        -0.135ns (DCD - SCD + CPR)
    Destination Clock Delay (DCD):    4.599ns = ( 12.599 - 8.000 ) 
    Source Clock Delay      (SCD):    5.147ns
    Clock Pessimism Removal (CPR):    0.413ns
  Clock Uncertainty:      0.035ns  ((TSJ^2 + TIJ^2)^1/2 + DJ) / 2 + PE
    Total System Jitter     (TSJ):    0.071ns
    Total Input Jitter      (TIJ):    0.000ns
    Discrete Jitter          (DJ):    0.000ns
    Phase Error              (PE):    0.000ns

    Location             Delay type                Incr(ns)  Path(ns)    Netlist Resource(s)
  -------------------------------------------------------------------    -------------------
                         (clock par_clk rise edge)    0.000     0.000 r  
    N18                                               0.000     0.000 r  daisy_p_i[1] (IN)
                         net (fo=0)                   0.000     0.000    i_daisy/daisy_p_i[1]
    N18                  IBUFDS (Prop_ibufds_I_O)     0.945     0.945 r  i_daisy/i_IBUFGDS_clk/O
                         net (fo=2, routed)           0.510     1.455    i_daisy/i_rx/rxs_clk
    BUFR_X0Y1            BUFR (Prop_bufr_I_O)         1.032     2.487 r  i_daisy/i_rx/i_BUFR_clk/O
                         net (fo=39, routed)          0.814     3.301    i_daisy/i_rx/par_clk
    BUFGCTRL_X0Y4        BUFG (Prop_bufg_I_O)         0.101     3.402 r  i_daisy/i_rx/i_parclk_buf/O
                         net (fo=233, routed)         1.745     5.147    i_daisy/genblk3[0].i_test/rx_dat_cnt_reg[0]_0
    SLICE_X38Y34         FDRE                                         r  i_daisy/genblk3[0].i_test/rx_dat_inc_reg/C
  -------------------------------------------------------------------    -------------------
    SLICE_X38Y34         FDRE (Prop_fdre_C_Q)         0.518     5.665 f  i_daisy/genblk3[0].i_test/rx_dat_inc_reg/Q
                         net (fo=33, routed)          1.515     7.180    i_daisy/genblk3[0].i_test/rx_dat_inc
    SLICE_X37Y38         LUT3 (Prop_lut3_I0_O)        0.124     7.304 r  i_daisy/genblk3[0].i_test/rx_dat_cnt[0]_i_1/O
                         net (fo=32, routed)          1.100     8.404    i_daisy/genblk3[0].i_test/rx_dat_cnt[0]_i_1_n_0
    SLICE_X35Y35         FDRE                                         r  i_daisy/genblk3[0].i_test/rx_dat_cnt_reg[6]/R
  -------------------------------------------------------------------    -------------------

                         (clock par_clk rise edge)    8.000     8.000 r  
    N18                                               0.000     8.000 r  daisy_p_i[1] (IN)
                         net (fo=0)                   0.000     8.000    i_daisy/daisy_p_i[1]
    N18                  IBUFDS (Prop_ibufds_I_O)     0.902     8.902 r  i_daisy/i_IBUFGDS_clk/O
                         net (fo=2, routed)           0.459     9.361    i_daisy/i_rx/rxs_clk
    BUFR_X0Y1            BUFR (Prop_bufr_I_O)         0.919    10.280 r  i_daisy/i_rx/i_BUFR_clk/O
                         net (fo=39, routed)          0.732    11.012    i_daisy/i_rx/par_clk
    BUFGCTRL_X0Y4        BUFG (Prop_bufg_I_O)         0.091    11.103 r  i_daisy/i_rx/i_parclk_buf/O
                         net (fo=233, routed)         1.495    12.599    i_daisy/genblk3[0].i_test/rx_dat_cnt_reg[0]_0
    SLICE_X35Y35         FDRE                                         r  i_daisy/genblk3[0].i_test/rx_dat_cnt_reg[6]/C
                         clock pessimism              0.413    13.012    
                         clock uncertainty           -0.035    12.977    
    SLICE_X35Y35         FDRE (Setup_fdre_C_R)       -0.429    12.548    i_daisy/genblk3[0].i_test/rx_dat_cnt_reg[6]
  -------------------------------------------------------------------
                         required time                         12.548    
                         arrival time                          -8.404    
  -------------------------------------------------------------------
                         slack                                  4.144    

Slack (MET) :             4.144ns  (required time - arrival time)
  Source:                 i_daisy/genblk3[0].i_test/rx_dat_inc_reg/C
                            (rising edge-triggered cell FDRE clocked by par_clk  {rise@0.000ns fall@4.000ns period=8.000ns})
  Destination:            i_daisy/genblk3[0].i_test/rx_dat_cnt_reg[7]/R
                            (rising edge-triggered cell FDRE clocked by par_clk  {rise@0.000ns fall@4.000ns period=8.000ns})
  Path Group:             par_clk
  Path Type:              Setup (Max at Slow Process Corner)
  Requirement:            8.000ns  (par_clk rise@8.000ns - par_clk rise@0.000ns)
  Data Path Delay:        3.257ns  (logic 0.642ns (19.712%)  route 2.615ns (80.288%))
  Logic Levels:           1  (LUT3=1)
  Clock Path Skew:        -0.135ns (DCD - SCD + CPR)
    Destination Clock Delay (DCD):    4.599ns = ( 12.599 - 8.000 ) 
    Source Clock Delay      (SCD):    5.147ns
    Clock Pessimism Removal (CPR):    0.413ns
  Clock Uncertainty:      0.035ns  ((TSJ^2 + TIJ^2)^1/2 + DJ) / 2 + PE
    Total System Jitter     (TSJ):    0.071ns
    Total Input Jitter      (TIJ):    0.000ns
    Discrete Jitter          (DJ):    0.000ns
    Phase Error              (PE):    0.000ns

    Location             Delay type                Incr(ns)  Path(ns)    Netlist Resource(s)
  -------------------------------------------------------------------    -------------------
                         (clock par_clk rise edge)    0.000     0.000 r  
    N18                                               0.000     0.000 r  daisy_p_i[1] (IN)
                         net (fo=0)                   0.000     0.000    i_daisy/daisy_p_i[1]
    N18                  IBUFDS (Prop_ibufds_I_O)     0.945     0.945 r  i_daisy/i_IBUFGDS_clk/O
                         net (fo=2, routed)           0.510     1.455    i_daisy/i_rx/rxs_clk
    BUFR_X0Y1            BUFR (Prop_bufr_I_O)         1.032     2.487 r  i_daisy/i_rx/i_BUFR_clk/O
                         net (fo=39, routed)          0.814     3.301    i_daisy/i_rx/par_clk
    BUFGCTRL_X0Y4        BUFG (Prop_bufg_I_O)         0.101     3.402 r  i_daisy/i_rx/i_parclk_buf/O
                         net (fo=233, routed)         1.745     5.147    i_daisy/genblk3[0].i_test/rx_dat_cnt_reg[0]_0
    SLICE_X38Y34         FDRE                                         r  i_daisy/genblk3[0].i_test/rx_dat_inc_reg/C
  -------------------------------------------------------------------    -------------------
    SLICE_X38Y34         FDRE (Prop_fdre_C_Q)         0.518     5.665 f  i_daisy/genblk3[0].i_test/rx_dat_inc_reg/Q
                         net (fo=33, routed)          1.515     7.180    i_daisy/genblk3[0].i_test/rx_dat_inc
    SLICE_X37Y38         LUT3 (Prop_lut3_I0_O)        0.124     7.304 r  i_daisy/genblk3[0].i_test/rx_dat_cnt[0]_i_1/O
                         net (fo=32, routed)          1.100     8.404    i_daisy/genblk3[0].i_test/rx_dat_cnt[0]_i_1_n_0
    SLICE_X35Y35         FDRE                                         r  i_daisy/genblk3[0].i_test/rx_dat_cnt_reg[7]/R
  -------------------------------------------------------------------    -------------------

                         (clock par_clk rise edge)    8.000     8.000 r  
    N18                                               0.000     8.000 r  daisy_p_i[1] (IN)
                         net (fo=0)                   0.000     8.000    i_daisy/daisy_p_i[1]
    N18                  IBUFDS (Prop_ibufds_I_O)     0.902     8.902 r  i_daisy/i_IBUFGDS_clk/O
                         net (fo=2, routed)           0.459     9.361    i_daisy/i_rx/rxs_clk
    BUFR_X0Y1            BUFR (Prop_bufr_I_O)         0.919    10.280 r  i_daisy/i_rx/i_BUFR_clk/O
                         net (fo=39, routed)          0.732    11.012    i_daisy/i_rx/par_clk
    BUFGCTRL_X0Y4        BUFG (Prop_bufg_I_O)         0.091    11.103 r  i_daisy/i_rx/i_parclk_buf/O
                         net (fo=233, routed)         1.495    12.599    i_daisy/genblk3[0].i_test/rx_dat_cnt_reg[0]_0
    SLICE_X35Y35         FDRE                                         r  i_daisy/genblk3[0].i_test/rx_dat_cnt_reg[7]/C
                         clock pessimism              0.413    13.012    
                         clock uncertainty           -0.035    12.977    
    SLICE_X35Y35         FDRE (Setup_fdre_C_R)       -0.429    12.548    i_daisy/genblk3[0].i_test/rx_dat_cnt_reg[7]
  -------------------------------------------------------------------
                         required time                         12.548    
                         arrival time                          -8.404    
  -------------------------------------------------------------------
                         slack                                  4.144    

Slack (MET) :             4.193ns  (required time - arrival time)
  Source:                 i_daisy/genblk3[0].i_test/rx_dat_inc_reg/C
                            (rising edge-triggered cell FDRE clocked by par_clk  {rise@0.000ns fall@4.000ns period=8.000ns})
  Destination:            i_daisy/genblk3[0].i_test/rx_dat_cnt_reg[10]/R
                            (rising edge-triggered cell FDRE clocked by par_clk  {rise@0.000ns fall@4.000ns period=8.000ns})
  Path Group:             par_clk
  Path Type:              Setup (Max at Slow Process Corner)
  Requirement:            8.000ns  (par_clk rise@8.000ns - par_clk rise@0.000ns)
  Data Path Delay:        3.208ns  (logic 0.642ns (20.013%)  route 2.566ns (79.987%))
  Logic Levels:           1  (LUT3=1)
  Clock Path Skew:        -0.135ns (DCD - SCD + CPR)
    Destination Clock Delay (DCD):    4.599ns = ( 12.599 - 8.000 ) 
    Source Clock Delay      (SCD):    5.147ns
    Clock Pessimism Removal (CPR):    0.413ns
  Clock Uncertainty:      0.035ns  ((TSJ^2 + TIJ^2)^1/2 + DJ) / 2 + PE
    Total System Jitter     (TSJ):    0.071ns
    Total Input Jitter      (TIJ):    0.000ns
    Discrete Jitter          (DJ):    0.000ns
    Phase Error              (PE):    0.000ns

    Location             Delay type                Incr(ns)  Path(ns)    Netlist Resource(s)
  -------------------------------------------------------------------    -------------------
                         (clock par_clk rise edge)    0.000     0.000 r  
    N18                                               0.000     0.000 r  daisy_p_i[1] (IN)
                         net (fo=0)                   0.000     0.000    i_daisy/daisy_p_i[1]
    N18                  IBUFDS (Prop_ibufds_I_O)     0.945     0.945 r  i_daisy/i_IBUFGDS_clk/O
                         net (fo=2, routed)           0.510     1.455    i_daisy/i_rx/rxs_clk
    BUFR_X0Y1            BUFR (Prop_bufr_I_O)         1.032     2.487 r  i_daisy/i_rx/i_BUFR_clk/O
                         net (fo=39, routed)          0.814     3.301    i_daisy/i_rx/par_clk
    BUFGCTRL_X0Y4        BUFG (Prop_bufg_I_O)         0.101     3.402 r  i_daisy/i_rx/i_parclk_buf/O
                         net (fo=233, routed)         1.745     5.147    i_daisy/genblk3[0].i_test/rx_dat_cnt_reg[0]_0
    SLICE_X38Y34         FDRE                                         r  i_daisy/genblk3[0].i_test/rx_dat_inc_reg/C
  -------------------------------------------------------------------    -------------------
    SLICE_X38Y34         FDRE (Prop_fdre_C_Q)         0.518     5.665 f  i_daisy/genblk3[0].i_test/rx_dat_inc_reg/Q
                         net (fo=33, routed)          1.515     7.180    i_daisy/genblk3[0].i_test/rx_dat_inc
    SLICE_X37Y38         LUT3 (Prop_lut3_I0_O)        0.124     7.304 r  i_daisy/genblk3[0].i_test/rx_dat_cnt[0]_i_1/O
                         net (fo=32, routed)          1.051     8.355    i_daisy/genblk3[0].i_test/rx_dat_cnt[0]_i_1_n_0
    SLICE_X35Y36         FDRE                                         r  i_daisy/genblk3[0].i_test/rx_dat_cnt_reg[10]/R
  -------------------------------------------------------------------    -------------------

                         (clock par_clk rise edge)    8.000     8.000 r  
    N18                                               0.000     8.000 r  daisy_p_i[1] (IN)
                         net (fo=0)                   0.000     8.000    i_daisy/daisy_p_i[1]
    N18                  IBUFDS (Prop_ibufds_I_O)     0.902     8.902 r  i_daisy/i_IBUFGDS_clk/O
                         net (fo=2, routed)           0.459     9.361    i_daisy/i_rx/rxs_clk
    BUFR_X0Y1            BUFR (Prop_bufr_I_O)         0.919    10.280 r  i_daisy/i_rx/i_BUFR_clk/O
                         net (fo=39, routed)          0.732    11.012    i_daisy/i_rx/par_clk
    BUFGCTRL_X0Y4        BUFG (Prop_bufg_I_O)         0.091    11.103 r  i_daisy/i_rx/i_parclk_buf/O
                         net (fo=233, routed)         1.495    12.599    i_daisy/genblk3[0].i_test/rx_dat_cnt_reg[0]_0
    SLICE_X35Y36         FDRE                                         r  i_daisy/genblk3[0].i_test/rx_dat_cnt_reg[10]/C
                         clock pessimism              0.413    13.012    
                         clock uncertainty           -0.035    12.977    
    SLICE_X35Y36         FDRE (Setup_fdre_C_R)       -0.429    12.548    i_daisy/genblk3[0].i_test/rx_dat_cnt_reg[10]
  -------------------------------------------------------------------
                         required time                         12.548    
                         arrival time                          -8.355    
  -------------------------------------------------------------------
                         slack                                  4.193    

Slack (MET) :             4.193ns  (required time - arrival time)
  Source:                 i_daisy/genblk3[0].i_test/rx_dat_inc_reg/C
                            (rising edge-triggered cell FDRE clocked by par_clk  {rise@0.000ns fall@4.000ns period=8.000ns})
  Destination:            i_daisy/genblk3[0].i_test/rx_dat_cnt_reg[11]/R
                            (rising edge-triggered cell FDRE clocked by par_clk  {rise@0.000ns fall@4.000ns period=8.000ns})
  Path Group:             par_clk
  Path Type:              Setup (Max at Slow Process Corner)
  Requirement:            8.000ns  (par_clk rise@8.000ns - par_clk rise@0.000ns)
  Data Path Delay:        3.208ns  (logic 0.642ns (20.013%)  route 2.566ns (79.987%))
  Logic Levels:           1  (LUT3=1)
  Clock Path Skew:        -0.135ns (DCD - SCD + CPR)
    Destination Clock Delay (DCD):    4.599ns = ( 12.599 - 8.000 ) 
    Source Clock Delay      (SCD):    5.147ns
    Clock Pessimism Removal (CPR):    0.413ns
  Clock Uncertainty:      0.035ns  ((TSJ^2 + TIJ^2)^1/2 + DJ) / 2 + PE
    Total System Jitter     (TSJ):    0.071ns
    Total Input Jitter      (TIJ):    0.000ns
    Discrete Jitter          (DJ):    0.000ns
    Phase Error              (PE):    0.000ns

    Location             Delay type                Incr(ns)  Path(ns)    Netlist Resource(s)
  -------------------------------------------------------------------    -------------------
                         (clock par_clk rise edge)    0.000     0.000 r  
    N18                                               0.000     0.000 r  daisy_p_i[1] (IN)
                         net (fo=0)                   0.000     0.000    i_daisy/daisy_p_i[1]
    N18                  IBUFDS (Prop_ibufds_I_O)     0.945     0.945 r  i_daisy/i_IBUFGDS_clk/O
                         net (fo=2, routed)           0.510     1.455    i_daisy/i_rx/rxs_clk
    BUFR_X0Y1            BUFR (Prop_bufr_I_O)         1.032     2.487 r  i_daisy/i_rx/i_BUFR_clk/O
                         net (fo=39, routed)          0.814     3.301    i_daisy/i_rx/par_clk
    BUFGCTRL_X0Y4        BUFG (Prop_bufg_I_O)         0.101     3.402 r  i_daisy/i_rx/i_parclk_buf/O
                         net (fo=233, routed)         1.745     5.147    i_daisy/genblk3[0].i_test/rx_dat_cnt_reg[0]_0
    SLICE_X38Y34         FDRE                                         r  i_daisy/genblk3[0].i_test/rx_dat_inc_reg/C
  -------------------------------------------------------------------    -------------------
    SLICE_X38Y34         FDRE (Prop_fdre_C_Q)         0.518     5.665 f  i_daisy/genblk3[0].i_test/rx_dat_inc_reg/Q
                         net (fo=33, routed)          1.515     7.180    i_daisy/genblk3[0].i_test/rx_dat_inc
    SLICE_X37Y38         LUT3 (Prop_lut3_I0_O)        0.124     7.304 r  i_daisy/genblk3[0].i_test/rx_dat_cnt[0]_i_1/O
                         net (fo=32, routed)          1.051     8.355    i_daisy/genblk3[0].i_test/rx_dat_cnt[0]_i_1_n_0
    SLICE_X35Y36         FDRE                                         r  i_daisy/genblk3[0].i_test/rx_dat_cnt_reg[11]/R
  -------------------------------------------------------------------    -------------------

                         (clock par_clk rise edge)    8.000     8.000 r  
    N18                                               0.000     8.000 r  daisy_p_i[1] (IN)
                         net (fo=0)                   0.000     8.000    i_daisy/daisy_p_i[1]
    N18                  IBUFDS (Prop_ibufds_I_O)     0.902     8.902 r  i_daisy/i_IBUFGDS_clk/O
                         net (fo=2, routed)           0.459     9.361    i_daisy/i_rx/rxs_clk
    BUFR_X0Y1            BUFR (Prop_bufr_I_O)         0.919    10.280 r  i_daisy/i_rx/i_BUFR_clk/O
                         net (fo=39, routed)          0.732    11.012    i_daisy/i_rx/par_clk
    BUFGCTRL_X0Y4        BUFG (Prop_bufg_I_O)         0.091    11.103 r  i_daisy/i_rx/i_parclk_buf/O
                         net (fo=233, routed)         1.495    12.599    i_daisy/genblk3[0].i_test/rx_dat_cnt_reg[0]_0
    SLICE_X35Y36         FDRE                                         r  i_daisy/genblk3[0].i_test/rx_dat_cnt_reg[11]/C
                         clock pessimism              0.413    13.012    
                         clock uncertainty           -0.035    12.977    
    SLICE_X35Y36         FDRE (Setup_fdre_C_R)       -0.429    12.548    i_daisy/genblk3[0].i_test/rx_dat_cnt_reg[11]
  -------------------------------------------------------------------
                         required time                         12.548    
                         arrival time                          -8.355    
  -------------------------------------------------------------------
                         slack                                  4.193    





Min Delay Paths
--------------------------------------------------------------------------------------
Slack (MET) :             0.118ns  (arrival time - required time)
  Source:                 i_daisy/genblk3[0].i_test/rx_dat_cnt_reg[17]/C
                            (rising edge-triggered cell FDRE clocked by par_clk  {rise@0.000ns fall@4.000ns period=8.000ns})
  Destination:            i_daisy/genblk3[0].i_test/stat_dat_o_reg[17]/D
                            (rising edge-triggered cell FDRE clocked by par_clk  {rise@0.000ns fall@4.000ns period=8.000ns})
  Path Group:             par_clk
  Path Type:              Hold (Min at Fast Process Corner)
  Requirement:            0.000ns  (par_clk rise@0.000ns - par_clk rise@0.000ns)
  Data Path Delay:        0.207ns  (logic 0.141ns (68.017%)  route 0.066ns (31.983%))
  Logic Levels:           0  
  Clock Path Skew:        0.013ns (DCD - SCD - CPR)
    Destination Clock Delay (DCD):    2.278ns
    Source Clock Delay      (SCD):    1.672ns
    Clock Pessimism Removal (CPR):    0.592ns

    Location             Delay type                Incr(ns)  Path(ns)    Netlist Resource(s)
  -------------------------------------------------------------------    -------------------
                         (clock par_clk rise edge)    0.000     0.000 r  
    N18                                               0.000     0.000 r  daisy_p_i[1] (IN)
                         net (fo=0)                   0.000     0.000    i_daisy/daisy_p_i[1]
    N18                  IBUFDS (Prop_ibufds_I_O)     0.364     0.364 r  i_daisy/i_IBUFGDS_clk/O
                         net (fo=2, routed)           0.206     0.570    i_daisy/i_rx/rxs_clk
    BUFR_X0Y1            BUFR (Prop_bufr_I_O)         0.271     0.841 r  i_daisy/i_rx/i_BUFR_clk/O
                         net (fo=39, routed)          0.245     1.086    i_daisy/i_rx/par_clk
    BUFGCTRL_X0Y4        BUFG (Prop_bufg_I_O)         0.026     1.112 r  i_daisy/i_rx/i_parclk_buf/O
                         net (fo=233, routed)         0.561     1.672    i_daisy/genblk3[0].i_test/rx_dat_cnt_reg[0]_0
    SLICE_X35Y38         FDRE                                         r  i_daisy/genblk3[0].i_test/rx_dat_cnt_reg[17]/C
  -------------------------------------------------------------------    -------------------
    SLICE_X35Y38         FDRE (Prop_fdre_C_Q)         0.141     1.813 r  i_daisy/genblk3[0].i_test/rx_dat_cnt_reg[17]/Q
                         net (fo=2, routed)           0.066     1.880    i_daisy/genblk3[0].i_test/rx_dat_cnt_reg[17]
    SLICE_X34Y38         FDRE                                         r  i_daisy/genblk3[0].i_test/stat_dat_o_reg[17]/D
  -------------------------------------------------------------------    -------------------

                         (clock par_clk rise edge)    0.000     0.000 r  
    N18                                               0.000     0.000 r  daisy_p_i[1] (IN)
                         net (fo=0)                   0.000     0.000    i_daisy/daisy_p_i[1]
    N18                  IBUFDS (Prop_ibufds_I_O)     0.395     0.395 r  i_daisy/i_IBUFGDS_clk/O
                         net (fo=2, routed)           0.311     0.706    i_daisy/i_rx/rxs_clk
    BUFR_X0Y1            BUFR (Prop_bufr_I_O)         0.432     1.138 r  i_daisy/i_rx/i_BUFR_clk/O
                         net (fo=39, routed)          0.281     1.419    i_daisy/i_rx/par_clk
    BUFGCTRL_X0Y4        BUFG (Prop_bufg_I_O)         0.029     1.448 r  i_daisy/i_rx/i_parclk_buf/O
                         net (fo=233, routed)         0.830     2.278    i_daisy/genblk3[0].i_test/rx_dat_cnt_reg[0]_0
    SLICE_X34Y38         FDRE                                         r  i_daisy/genblk3[0].i_test/stat_dat_o_reg[17]/C
                         clock pessimism             -0.592     1.685    
    SLICE_X34Y38         FDRE (Hold_fdre_C_D)         0.076     1.761    i_daisy/genblk3[0].i_test/stat_dat_o_reg[17]
  -------------------------------------------------------------------
                         required time                         -1.761    
                         arrival time                           1.880    
  -------------------------------------------------------------------
                         slack                                  0.118    

Slack (MET) :             0.137ns  (arrival time - required time)
  Source:                 i_daisy/i_rx/genblk1[0].par_dat_reg[1]/C
                            (rising edge-triggered cell FDRE clocked by par_clk  {rise@0.000ns fall@4.000ns period=8.000ns})
  Destination:            i_daisy/i_rx/genblk1[0].par_dat_r_reg[1]/D
                            (rising edge-triggered cell FDRE clocked by par_clk  {rise@0.000ns fall@4.000ns period=8.000ns})
  Path Group:             par_clk
  Path Type:              Hold (Min at Slow Process Corner)
  Requirement:            0.000ns  (par_clk rise@0.000ns - par_clk rise@0.000ns)
  Data Path Delay:        2.235ns  (logic 0.418ns (18.701%)  route 1.817ns (81.299%))
  Logic Levels:           0  
  Clock Path Skew:        1.907ns (DCD - SCD - CPR)
    Destination Clock Delay (DCD):    5.153ns
    Source Clock Delay      (SCD):    3.039ns
    Clock Pessimism Removal (CPR):    0.207ns

    Location             Delay type                Incr(ns)  Path(ns)    Netlist Resource(s)
  -------------------------------------------------------------------    -------------------
                         (clock par_clk rise edge)    0.000     0.000 r  
    N18                                               0.000     0.000 r  daisy_p_i[1] (IN)
                         net (fo=0)                   0.000     0.000    i_daisy/daisy_p_i[1]
    N18                  IBUFDS (Prop_ibufds_I_O)     0.902     0.902 r  i_daisy/i_IBUFGDS_clk/O
                         net (fo=2, routed)           0.459     1.361    i_daisy/i_rx/rxs_clk
    BUFR_X0Y1            BUFR (Prop_bufr_I_O)         0.919     2.280 r  i_daisy/i_rx/i_BUFR_clk/O
                         net (fo=39, routed)          0.759     3.039    i_daisy/i_rx/par_clk
    SLICE_X42Y38         FDRE                                         r  i_daisy/i_rx/genblk1[0].par_dat_reg[1]/C
  -------------------------------------------------------------------    -------------------
    SLICE_X42Y38         FDRE (Prop_fdre_C_Q)         0.418     3.457 r  i_daisy/i_rx/genblk1[0].par_dat_reg[1]/Q
                         net (fo=1, routed)           1.817     5.275    i_daisy/i_rx/genblk1[0].par_dat_reg_n_0_[1]
    SLICE_X41Y38         FDRE                                         r  i_daisy/i_rx/genblk1[0].par_dat_r_reg[1]/D
  -------------------------------------------------------------------    -------------------

                         (clock par_clk rise edge)    0.000     0.000 r  
    N18                                               0.000     0.000 r  daisy_p_i[1] (IN)
                         net (fo=0)                   0.000     0.000    i_daisy/daisy_p_i[1]
    N18                  IBUFDS (Prop_ibufds_I_O)     0.945     0.945 r  i_daisy/i_IBUFGDS_clk/O
                         net (fo=2, routed)           0.510     1.455    i_daisy/i_rx/rxs_clk
    BUFR_X0Y1            BUFR (Prop_bufr_I_O)         1.032     2.487 r  i_daisy/i_rx/i_BUFR_clk/O
                         net (fo=39, routed)          0.814     3.301    i_daisy/i_rx/par_clk
    BUFGCTRL_X0Y4        BUFG (Prop_bufg_I_O)         0.101     3.402 r  i_daisy/i_rx/i_parclk_buf/O
                         net (fo=233, routed)         1.751     5.153    i_daisy/i_rx/i_BUFR_clk_0
    SLICE_X41Y38         FDRE                                         r  i_daisy/i_rx/genblk1[0].par_dat_r_reg[1]/C
                         clock pessimism             -0.207     4.946    
    SLICE_X41Y38         FDRE (Hold_fdre_C_D)         0.191     5.137    i_daisy/i_rx/genblk1[0].par_dat_r_reg[1]
  -------------------------------------------------------------------
                         required time                         -5.137    
                         arrival time                           5.275    
  -------------------------------------------------------------------
                         slack                                  0.137    

Slack (MET) :             0.140ns  (arrival time - required time)
  Source:                 i_daisy/i_rx/genblk1[0].bitslip_r_reg[3]/C
                            (rising edge-triggered cell FDRE clocked by par_clk  {rise@0.000ns fall@4.000ns period=8.000ns})
  Destination:            i_daisy/i_rx/genblk1[0].bitslip_reg/D
                            (rising edge-triggered cell FDRE clocked by par_clk  {rise@0.000ns fall@4.000ns period=8.000ns})
  Path Group:             par_clk
  Path Type:              Hold (Min at Fast Process Corner)
  Requirement:            0.000ns  (par_clk rise@0.000ns - par_clk rise@0.000ns)
  Data Path Delay:        0.273ns  (logic 0.186ns (68.106%)  route 0.087ns (31.894%))
  Logic Levels:           1  (LUT2=1)
  Clock Path Skew:        0.013ns (DCD - SCD - CPR)
    Destination Clock Delay (DCD):    1.436ns
    Source Clock Delay      (SCD):    1.102ns
    Clock Pessimism Removal (CPR):    0.321ns

    Location             Delay type                Incr(ns)  Path(ns)    Netlist Resource(s)
  -------------------------------------------------------------------    -------------------
                         (clock par_clk rise edge)    0.000     0.000 r  
    N18                                               0.000     0.000 r  daisy_p_i[1] (IN)
                         net (fo=0)                   0.000     0.000    i_daisy/daisy_p_i[1]
    N18                  IBUFDS (Prop_ibufds_I_O)     0.364     0.364 r  i_daisy/i_IBUFGDS_clk/O
                         net (fo=2, routed)           0.206     0.570    i_daisy/i_rx/rxs_clk
    BUFR_X0Y1            BUFR (Prop_bufr_I_O)         0.271     0.841 r  i_daisy/i_rx/i_BUFR_clk/O
                         net (fo=39, routed)          0.261     1.102    i_daisy/i_rx/par_clk
    SLICE_X43Y39         FDRE                                         r  i_daisy/i_rx/genblk1[0].bitslip_r_reg[3]/C
  -------------------------------------------------------------------    -------------------
    SLICE_X43Y39         FDRE (Prop_fdre_C_Q)         0.141     1.243 r  i_daisy/i_rx/genblk1[0].bitslip_r_reg[3]/Q
                         net (fo=1, routed)           0.087     1.330    i_daisy/i_rx/genblk1[0].bitslip_r[3]
    SLICE_X42Y39         LUT2 (Prop_lut2_I0_O)        0.045     1.375 r  i_daisy/i_rx/genblk1[0].bitslip_i_1/O
                         net (fo=1, routed)           0.000     1.375    i_daisy/i_rx/genblk1[0].bitslip_i_1_n_0
    SLICE_X42Y39         FDRE                                         r  i_daisy/i_rx/genblk1[0].bitslip_reg/D
  -------------------------------------------------------------------    -------------------

                         (clock par_clk rise edge)    0.000     0.000 r  
    N18                                               0.000     0.000 r  daisy_p_i[1] (IN)
                         net (fo=0)                   0.000     0.000    i_daisy/daisy_p_i[1]
    N18                  IBUFDS (Prop_ibufds_I_O)     0.395     0.395 r  i_daisy/i_IBUFGDS_clk/O
                         net (fo=2, routed)           0.311     0.706    i_daisy/i_rx/rxs_clk
    BUFR_X0Y1            BUFR (Prop_bufr_I_O)         0.432     1.138 r  i_daisy/i_rx/i_BUFR_clk/O
                         net (fo=39, routed)          0.298     1.436    i_daisy/i_rx/par_clk
    SLICE_X42Y39         FDRE                                         r  i_daisy/i_rx/genblk1[0].bitslip_reg/C
                         clock pessimism             -0.321     1.115    
    SLICE_X42Y39         FDRE (Hold_fdre_C_D)         0.120     1.235    i_daisy/i_rx/genblk1[0].bitslip_reg
  -------------------------------------------------------------------
                         required time                         -1.235    
                         arrival time                           1.375    
  -------------------------------------------------------------------
                         slack                                  0.140    

Slack (MET) :             0.145ns  (arrival time - required time)
  Source:                 i_daisy/genblk3[0].i_test/rx_err_cnt_reg[10]/C
                            (rising edge-triggered cell FDRE clocked by par_clk  {rise@0.000ns fall@4.000ns period=8.000ns})
  Destination:            i_daisy/genblk3[0].i_test/stat_err_o_reg[10]/D
                            (rising edge-triggered cell FDRE clocked by par_clk  {rise@0.000ns fall@4.000ns period=8.000ns})
  Path Group:             par_clk
  Path Type:              Hold (Min at Fast Process Corner)
  Requirement:            0.000ns  (par_clk rise@0.000ns - par_clk rise@0.000ns)
  Data Path Delay:        0.205ns  (logic 0.141ns (68.830%)  route 0.064ns (31.170%))
  Logic Levels:           0  
  Clock Path Skew:        0.013ns (DCD - SCD - CPR)
    Destination Clock Delay (DCD):    2.302ns
    Source Clock Delay      (SCD):    1.697ns
    Clock Pessimism Removal (CPR):    0.591ns

    Location             Delay type                Incr(ns)  Path(ns)    Netlist Resource(s)
  -------------------------------------------------------------------    -------------------
                         (clock par_clk rise edge)    0.000     0.000 r  
    N18                                               0.000     0.000 r  daisy_p_i[1] (IN)
                         net (fo=0)                   0.000     0.000    i_daisy/daisy_p_i[1]
    N18                  IBUFDS (Prop_ibufds_I_O)     0.364     0.364 r  i_daisy/i_IBUFGDS_clk/O
                         net (fo=2, routed)           0.206     0.570    i_daisy/i_rx/rxs_clk
    BUFR_X0Y1            BUFR (Prop_bufr_I_O)         0.271     0.841 r  i_daisy/i_rx/i_BUFR_clk/O
                         net (fo=39, routed)          0.245     1.086    i_daisy/i_rx/par_clk
    BUFGCTRL_X0Y4        BUFG (Prop_bufg_I_O)         0.026     1.112 r  i_daisy/i_rx/i_parclk_buf/O
                         net (fo=233, routed)         0.586     1.697    i_daisy/genblk3[0].i_test/rx_dat_cnt_reg[0]_0
    SLICE_X36Y36         FDRE                                         r  i_daisy/genblk3[0].i_test/rx_err_cnt_reg[10]/C
  -------------------------------------------------------------------    -------------------
    SLICE_X36Y36         FDRE (Prop_fdre_C_Q)         0.141     1.838 r  i_daisy/genblk3[0].i_test/rx_err_cnt_reg[10]/Q
                         net (fo=2, routed)           0.064     1.902    i_daisy/genblk3[0].i_test/rx_err_cnt_reg[10]
    SLICE_X37Y36         FDRE                                         r  i_daisy/genblk3[0].i_test/stat_err_o_reg[10]/D
  -------------------------------------------------------------------    -------------------

                         (clock par_clk rise edge)    0.000     0.000 r  
    N18                                               0.000     0.000 r  daisy_p_i[1] (IN)
                         net (fo=0)                   0.000     0.000    i_daisy/daisy_p_i[1]
    N18                  IBUFDS (Prop_ibufds_I_O)     0.395     0.395 r  i_daisy/i_IBUFGDS_clk/O
                         net (fo=2, routed)           0.311     0.706    i_daisy/i_rx/rxs_clk
    BUFR_X0Y1            BUFR (Prop_bufr_I_O)         0.432     1.138 r  i_daisy/i_rx/i_BUFR_clk/O
                         net (fo=39, routed)          0.281     1.419    i_daisy/i_rx/par_clk
    BUFGCTRL_X0Y4        BUFG (Prop_bufg_I_O)         0.029     1.448 r  i_daisy/i_rx/i_parclk_buf/O
                         net (fo=233, routed)         0.854     2.302    i_daisy/genblk3[0].i_test/rx_dat_cnt_reg[0]_0
    SLICE_X37Y36         FDRE                                         r  i_daisy/genblk3[0].i_test/stat_err_o_reg[10]/C
                         clock pessimism             -0.591     1.710    
    SLICE_X37Y36         FDRE (Hold_fdre_C_D)         0.047     1.757    i_daisy/genblk3[0].i_test/stat_err_o_reg[10]
  -------------------------------------------------------------------
                         required time                         -1.757    
                         arrival time                           1.902    
  -------------------------------------------------------------------
                         slack                                  0.145    

Slack (MET) :             0.148ns  (arrival time - required time)
  Source:                 i_daisy/i_rx/genblk1[0].bitslip_reg/C
                            (rising edge-triggered cell FDRE clocked by par_clk  {rise@0.000ns fall@4.000ns period=8.000ns})
  Destination:            i_daisy/i_rx/genblk1[0].par_cnt_reg[0]/D
                            (rising edge-triggered cell FDRE clocked by par_clk  {rise@0.000ns fall@4.000ns period=8.000ns})
  Path Group:             par_clk
  Path Type:              Hold (Min at Fast Process Corner)
  Requirement:            0.000ns  (par_clk rise@0.000ns - par_clk rise@0.000ns)
  Data Path Delay:        1.147ns  (logic 0.209ns (18.222%)  route 0.938ns (81.778%))
  Logic Levels:           1  (LUT5=1)
  Clock Path Skew:        0.908ns (DCD - SCD - CPR)
    Destination Clock Delay (DCD):    2.307ns
    Source Clock Delay      (SCD):    1.102ns
    Clock Pessimism Removal (CPR):    0.297ns

    Location             Delay type                Incr(ns)  Path(ns)    Netlist Resource(s)
  -------------------------------------------------------------------    -------------------
                         (clock par_clk rise edge)    0.000     0.000 r  
    N18                                               0.000     0.000 r  daisy_p_i[1] (IN)
                         net (fo=0)                   0.000     0.000    i_daisy/daisy_p_i[1]
    N18                  IBUFDS (Prop_ibufds_I_O)     0.364     0.364 r  i_daisy/i_IBUFGDS_clk/O
                         net (fo=2, routed)           0.206     0.570    i_daisy/i_rx/rxs_clk
    BUFR_X0Y1            BUFR (Prop_bufr_I_O)         0.271     0.841 r  i_daisy/i_rx/i_BUFR_clk/O
                         net (fo=39, routed)          0.261     1.102    i_daisy/i_rx/par_clk
    SLICE_X42Y39         FDRE                                         r  i_daisy/i_rx/genblk1[0].bitslip_reg/C
  -------------------------------------------------------------------    -------------------
    SLICE_X42Y39         FDRE (Prop_fdre_C_Q)         0.164     1.266 r  i_daisy/i_rx/genblk1[0].bitslip_reg/Q
                         net (fo=6, routed)           0.938     2.204    i_daisy/i_rx/genblk1[0].bitslip
    SLICE_X40Y38         LUT5 (Prop_lut5_I0_O)        0.045     2.249 r  i_daisy/i_rx/genblk1[0].par_cnt[0]_i_1/O
                         net (fo=1, routed)           0.000     2.249    i_daisy/i_rx/genblk1[0].par_cnt[0]_i_1_n_0
    SLICE_X40Y38         FDRE                                         r  i_daisy/i_rx/genblk1[0].par_cnt_reg[0]/D
  -------------------------------------------------------------------    -------------------

                         (clock par_clk rise edge)    0.000     0.000 r  
    N18                                               0.000     0.000 r  daisy_p_i[1] (IN)
                         net (fo=0)                   0.000     0.000    i_daisy/daisy_p_i[1]
    N18                  IBUFDS (Prop_ibufds_I_O)     0.395     0.395 r  i_daisy/i_IBUFGDS_clk/O
                         net (fo=2, routed)           0.311     0.706    i_daisy/i_rx/rxs_clk
    BUFR_X0Y1            BUFR (Prop_bufr_I_O)         0.432     1.138 r  i_daisy/i_rx/i_BUFR_clk/O
                         net (fo=39, routed)          0.281     1.419    i_daisy/i_rx/par_clk
    BUFGCTRL_X0Y4        BUFG (Prop_bufg_I_O)         0.029     1.448 r  i_daisy/i_rx/i_parclk_buf/O
                         net (fo=233, routed)         0.859     2.307    i_daisy/i_rx/i_BUFR_clk_0
    SLICE_X40Y38         FDRE                                         r  i_daisy/i_rx/genblk1[0].par_cnt_reg[0]/C
                         clock pessimism             -0.297     2.010    
    SLICE_X40Y38         FDRE (Hold_fdre_C_D)         0.091     2.101    i_daisy/i_rx/genblk1[0].par_cnt_reg[0]
  -------------------------------------------------------------------
                         required time                         -2.101    
                         arrival time                           2.249    
  -------------------------------------------------------------------
                         slack                                  0.148    

Slack (MET) :             0.155ns  (arrival time - required time)
  Source:                 i_daisy/i_rx/genblk1[0].par_dat_reg[9]/C
                            (rising edge-triggered cell FDRE clocked by par_clk  {rise@0.000ns fall@4.000ns period=8.000ns})
  Destination:            i_daisy/i_rx/genblk1[0].par_dat_r_reg[9]/D
                            (rising edge-triggered cell FDRE clocked by par_clk  {rise@0.000ns fall@4.000ns period=8.000ns})
  Path Group:             par_clk
  Path Type:              Hold (Min at Slow Process Corner)
  Requirement:            0.000ns  (par_clk rise@0.000ns - par_clk rise@0.000ns)
  Data Path Delay:        2.261ns  (logic 0.418ns (18.484%)  route 1.843ns (81.516%))
  Logic Levels:           0  
  Clock Path Skew:        1.907ns (DCD - SCD - CPR)
    Destination Clock Delay (DCD):    5.154ns
    Source Clock Delay      (SCD):    3.040ns
    Clock Pessimism Removal (CPR):    0.207ns

    Location             Delay type                Incr(ns)  Path(ns)    Netlist Resource(s)
  -------------------------------------------------------------------    -------------------
                         (clock par_clk rise edge)    0.000     0.000 r  
    N18                                               0.000     0.000 r  daisy_p_i[1] (IN)
                         net (fo=0)                   0.000     0.000    i_daisy/daisy_p_i[1]
    N18                  IBUFDS (Prop_ibufds_I_O)     0.902     0.902 r  i_daisy/i_IBUFGDS_clk/O
                         net (fo=2, routed)           0.459     1.361    i_daisy/i_rx/rxs_clk
    BUFR_X0Y1            BUFR (Prop_bufr_I_O)         0.919     2.280 r  i_daisy/i_rx/i_BUFR_clk/O
                         net (fo=39, routed)          0.760     3.040    i_daisy/i_rx/par_clk
    SLICE_X42Y39         FDRE                                         r  i_daisy/i_rx/genblk1[0].par_dat_reg[9]/C
  -------------------------------------------------------------------    -------------------
    SLICE_X42Y39         FDRE (Prop_fdre_C_Q)         0.418     3.458 r  i_daisy/i_rx/genblk1[0].par_dat_reg[9]/Q
                         net (fo=2, routed)           1.843     5.302    i_daisy/i_rx/genblk1[0].par_dat_reg_n_0_[9]
    SLICE_X41Y39         FDRE                                         r  i_daisy/i_rx/genblk1[0].par_dat_r_reg[9]/D
  -------------------------------------------------------------------    -------------------

                         (clock par_clk rise edge)    0.000     0.000 r  
    N18                                               0.000     0.000 r  daisy_p_i[1] (IN)
                         net (fo=0)                   0.000     0.000    i_daisy/daisy_p_i[1]
    N18                  IBUFDS (Prop_ibufds_I_O)     0.945     0.945 r  i_daisy/i_IBUFGDS_clk/O
                         net (fo=2, routed)           0.510     1.455    i_daisy/i_rx/rxs_clk
    BUFR_X0Y1            BUFR (Prop_bufr_I_O)         1.032     2.487 r  i_daisy/i_rx/i_BUFR_clk/O
                         net (fo=39, routed)          0.814     3.301    i_daisy/i_rx/par_clk
    BUFGCTRL_X0Y4        BUFG (Prop_bufg_I_O)         0.101     3.402 r  i_daisy/i_rx/i_parclk_buf/O
                         net (fo=233, routed)         1.752     5.154    i_daisy/i_rx/i_BUFR_clk_0
    SLICE_X41Y39         FDRE                                         r  i_daisy/i_rx/genblk1[0].par_dat_r_reg[9]/C
                         clock pessimism             -0.207     4.947    
    SLICE_X41Y39         FDRE (Hold_fdre_C_D)         0.199     5.146    i_daisy/i_rx/genblk1[0].par_dat_r_reg[9]
  -------------------------------------------------------------------
                         required time                         -5.146    
                         arrival time                           5.302    
  -------------------------------------------------------------------
                         slack                                  0.155    

Slack (MET) :             0.159ns  (arrival time - required time)
  Source:                 i_daisy/i_rx/genblk1[0].par_dat_r_reg[11]/C
                            (rising edge-triggered cell FDRE clocked by par_clk  {rise@0.000ns fall@4.000ns period=8.000ns})
  Destination:            i_daisy/i_rx/genblk1[0].par_dat_or_reg[11]/D
                            (rising edge-triggered cell FDRE clocked by par_clk  {rise@0.000ns fall@4.000ns period=8.000ns})
  Path Group:             par_clk
  Path Type:              Hold (Min at Fast Process Corner)
  Requirement:            0.000ns  (par_clk rise@0.000ns - par_clk rise@0.000ns)
  Data Path Delay:        0.268ns  (logic 0.141ns (52.702%)  route 0.127ns (47.298%))
  Logic Levels:           0  
  Clock Path Skew:        0.034ns (DCD - SCD - CPR)
    Destination Clock Delay (DCD):    2.305ns
    Source Clock Delay      (SCD):    1.701ns
    Clock Pessimism Removal (CPR):    0.569ns

    Location             Delay type                Incr(ns)  Path(ns)    Netlist Resource(s)
  -------------------------------------------------------------------    -------------------
                         (clock par_clk rise edge)    0.000     0.000 r  
    N18                                               0.000     0.000 r  daisy_p_i[1] (IN)
                         net (fo=0)                   0.000     0.000    i_daisy/daisy_p_i[1]
    N18                  IBUFDS (Prop_ibufds_I_O)     0.364     0.364 r  i_daisy/i_IBUFGDS_clk/O
                         net (fo=2, routed)           0.206     0.570    i_daisy/i_rx/rxs_clk
    BUFR_X0Y1            BUFR (Prop_bufr_I_O)         0.271     0.841 r  i_daisy/i_rx/i_BUFR_clk/O
                         net (fo=39, routed)          0.245     1.086    i_daisy/i_rx/par_clk
    BUFGCTRL_X0Y4        BUFG (Prop_bufg_I_O)         0.026     1.112 r  i_daisy/i_rx/i_parclk_buf/O
                         net (fo=233, routed)         0.590     1.701    i_daisy/i_rx/i_BUFR_clk_0
    SLICE_X41Y38         FDRE                                         r  i_daisy/i_rx/genblk1[0].par_dat_r_reg[11]/C
  -------------------------------------------------------------------    -------------------
    SLICE_X41Y38         FDRE (Prop_fdre_C_Q)         0.141     1.842 r  i_daisy/i_rx/genblk1[0].par_dat_r_reg[11]/Q
                         net (fo=2, routed)           0.127     1.969    i_daisy/i_rx/genblk1[0].par_dat_r[11]
    SLICE_X39Y38         FDRE                                         r  i_daisy/i_rx/genblk1[0].par_dat_or_reg[11]/D
  -------------------------------------------------------------------    -------------------

                         (clock par_clk rise edge)    0.000     0.000 r  
    N18                                               0.000     0.000 r  daisy_p_i[1] (IN)
                         net (fo=0)                   0.000     0.000    i_daisy/daisy_p_i[1]
    N18                  IBUFDS (Prop_ibufds_I_O)     0.395     0.395 r  i_daisy/i_IBUFGDS_clk/O
                         net (fo=2, routed)           0.311     0.706    i_daisy/i_rx/rxs_clk
    BUFR_X0Y1            BUFR (Prop_bufr_I_O)         0.432     1.138 r  i_daisy/i_rx/i_BUFR_clk/O
                         net (fo=39, routed)          0.281     1.419    i_daisy/i_rx/par_clk
    BUFGCTRL_X0Y4        BUFG (Prop_bufg_I_O)         0.029     1.448 r  i_daisy/i_rx/i_parclk_buf/O
                         net (fo=233, routed)         0.857     2.305    i_daisy/i_rx/i_BUFR_clk_0
    SLICE_X39Y38         FDRE                                         r  i_daisy/i_rx/genblk1[0].par_dat_or_reg[11]/C
                         clock pessimism             -0.569     1.735    
    SLICE_X39Y38         FDRE (Hold_fdre_C_D)         0.075     1.810    i_daisy/i_rx/genblk1[0].par_dat_or_reg[11]
  -------------------------------------------------------------------
                         required time                         -1.810    
                         arrival time                           1.969    
  -------------------------------------------------------------------
                         slack                                  0.159    

Slack (MET) :             0.159ns  (arrival time - required time)
  Source:                 i_daisy/i_rx/genblk1[0].par_dat_r_reg[12]/C
                            (rising edge-triggered cell FDRE clocked by par_clk  {rise@0.000ns fall@4.000ns period=8.000ns})
  Destination:            i_daisy/i_rx/genblk1[0].par_dat_or_reg[12]/D
                            (rising edge-triggered cell FDRE clocked by par_clk  {rise@0.000ns fall@4.000ns period=8.000ns})
  Path Group:             par_clk
  Path Type:              Hold (Min at Fast Process Corner)
  Requirement:            0.000ns  (par_clk rise@0.000ns - par_clk rise@0.000ns)
  Data Path Delay:        0.268ns  (logic 0.141ns (52.702%)  route 0.127ns (47.298%))
  Logic Levels:           0  
  Clock Path Skew:        0.034ns (DCD - SCD - CPR)
    Destination Clock Delay (DCD):    2.305ns
    Source Clock Delay      (SCD):    1.701ns
    Clock Pessimism Removal (CPR):    0.569ns

    Location             Delay type                Incr(ns)  Path(ns)    Netlist Resource(s)
  -------------------------------------------------------------------    -------------------
                         (clock par_clk rise edge)    0.000     0.000 r  
    N18                                               0.000     0.000 r  daisy_p_i[1] (IN)
                         net (fo=0)                   0.000     0.000    i_daisy/daisy_p_i[1]
    N18                  IBUFDS (Prop_ibufds_I_O)     0.364     0.364 r  i_daisy/i_IBUFGDS_clk/O
                         net (fo=2, routed)           0.206     0.570    i_daisy/i_rx/rxs_clk
    BUFR_X0Y1            BUFR (Prop_bufr_I_O)         0.271     0.841 r  i_daisy/i_rx/i_BUFR_clk/O
                         net (fo=39, routed)          0.245     1.086    i_daisy/i_rx/par_clk
    BUFGCTRL_X0Y4        BUFG (Prop_bufg_I_O)         0.026     1.112 r  i_daisy/i_rx/i_parclk_buf/O
                         net (fo=233, routed)         0.590     1.701    i_daisy/i_rx/i_BUFR_clk_0
    SLICE_X41Y39         FDRE                                         r  i_daisy/i_rx/genblk1[0].par_dat_r_reg[12]/C
  -------------------------------------------------------------------    -------------------
    SLICE_X41Y39         FDRE (Prop_fdre_C_Q)         0.141     1.842 r  i_daisy/i_rx/genblk1[0].par_dat_r_reg[12]/Q
                         net (fo=2, routed)           0.127     1.969    i_daisy/i_rx/genblk1[0].par_dat_r[12]
    SLICE_X39Y39         FDRE                                         r  i_daisy/i_rx/genblk1[0].par_dat_or_reg[12]/D
  -------------------------------------------------------------------    -------------------

                         (clock par_clk rise edge)    0.000     0.000 r  
    N18                                               0.000     0.000 r  daisy_p_i[1] (IN)
                         net (fo=0)                   0.000     0.000    i_daisy/daisy_p_i[1]
    N18                  IBUFDS (Prop_ibufds_I_O)     0.395     0.395 r  i_daisy/i_IBUFGDS_clk/O
                         net (fo=2, routed)           0.311     0.706    i_daisy/i_rx/rxs_clk
    BUFR_X0Y1            BUFR (Prop_bufr_I_O)         0.432     1.138 r  i_daisy/i_rx/i_BUFR_clk/O
                         net (fo=39, routed)          0.281     1.419    i_daisy/i_rx/par_clk
    BUFGCTRL_X0Y4        BUFG (Prop_bufg_I_O)         0.029     1.448 r  i_daisy/i_rx/i_parclk_buf/O
                         net (fo=233, routed)         0.857     2.305    i_daisy/i_rx/i_BUFR_clk_0
    SLICE_X39Y39         FDRE                                         r  i_daisy/i_rx/genblk1[0].par_dat_or_reg[12]/C
                         clock pessimism             -0.569     1.735    
    SLICE_X39Y39         FDRE (Hold_fdre_C_D)         0.075     1.810    i_daisy/i_rx/genblk1[0].par_dat_or_reg[12]
  -------------------------------------------------------------------
                         required time                         -1.810    
                         arrival time                           1.969    
  -------------------------------------------------------------------
                         slack                                  0.159    

Slack (MET) :             0.164ns  (arrival time - required time)
  Source:                 i_daisy/i_rx/genblk1[0].par_dat_r_reg[9]/C
                            (rising edge-triggered cell FDRE clocked by par_clk  {rise@0.000ns fall@4.000ns period=8.000ns})
  Destination:            i_daisy/i_rx/genblk1[0].par_dat_or_reg[9]/D
                            (rising edge-triggered cell FDRE clocked by par_clk  {rise@0.000ns fall@4.000ns period=8.000ns})
  Path Group:             par_clk
  Path Type:              Hold (Min at Fast Process Corner)
  Requirement:            0.000ns  (par_clk rise@0.000ns - par_clk rise@0.000ns)
  Data Path Delay:        0.268ns  (logic 0.141ns (52.702%)  route 0.127ns (47.298%))
  Logic Levels:           0  
  Clock Path Skew:        0.034ns (DCD - SCD - CPR)
    Destination Clock Delay (DCD):    2.305ns
    Source Clock Delay      (SCD):    1.701ns
    Clock Pessimism Removal (CPR):    0.569ns

    Location             Delay type                Incr(ns)  Path(ns)    Netlist Resource(s)
  -------------------------------------------------------------------    -------------------
                         (clock par_clk rise edge)    0.000     0.000 r  
    N18                                               0.000     0.000 r  daisy_p_i[1] (IN)
                         net (fo=0)                   0.000     0.000    i_daisy/daisy_p_i[1]
    N18                  IBUFDS (Prop_ibufds_I_O)     0.364     0.364 r  i_daisy/i_IBUFGDS_clk/O
                         net (fo=2, routed)           0.206     0.570    i_daisy/i_rx/rxs_clk
    BUFR_X0Y1            BUFR (Prop_bufr_I_O)         0.271     0.841 r  i_daisy/i_rx/i_BUFR_clk/O
                         net (fo=39, routed)          0.245     1.086    i_daisy/i_rx/par_clk
    BUFGCTRL_X0Y4        BUFG (Prop_bufg_I_O)         0.026     1.112 r  i_daisy/i_rx/i_parclk_buf/O
                         net (fo=233, routed)         0.590     1.701    i_daisy/i_rx/i_BUFR_clk_0
    SLICE_X41Y39         FDRE                                         r  i_daisy/i_rx/genblk1[0].par_dat_r_reg[9]/C
  -------------------------------------------------------------------    -------------------
    SLICE_X41Y39         FDRE (Prop_fdre_C_Q)         0.141     1.842 r  i_daisy/i_rx/genblk1[0].par_dat_r_reg[9]/Q
                         net (fo=2, routed)           0.127     1.969    i_daisy/i_rx/genblk1[0].par_dat_r[9]
    SLICE_X39Y39         FDRE                                         r  i_daisy/i_rx/genblk1[0].par_dat_or_reg[9]/D
  -------------------------------------------------------------------    -------------------

                         (clock par_clk rise edge)    0.000     0.000 r  
    N18                                               0.000     0.000 r  daisy_p_i[1] (IN)
                         net (fo=0)                   0.000     0.000    i_daisy/daisy_p_i[1]
    N18                  IBUFDS (Prop_ibufds_I_O)     0.395     0.395 r  i_daisy/i_IBUFGDS_clk/O
                         net (fo=2, routed)           0.311     0.706    i_daisy/i_rx/rxs_clk
    BUFR_X0Y1            BUFR (Prop_bufr_I_O)         0.432     1.138 r  i_daisy/i_rx/i_BUFR_clk/O
                         net (fo=39, routed)          0.281     1.419    i_daisy/i_rx/par_clk
    BUFGCTRL_X0Y4        BUFG (Prop_bufg_I_O)         0.029     1.448 r  i_daisy/i_rx/i_parclk_buf/O
                         net (fo=233, routed)         0.857     2.305    i_daisy/i_rx/i_BUFR_clk_0
    SLICE_X39Y39         FDRE                                         r  i_daisy/i_rx/genblk1[0].par_dat_or_reg[9]/C
                         clock pessimism             -0.569     1.735    
    SLICE_X39Y39         FDRE (Hold_fdre_C_D)         0.070     1.805    i_daisy/i_rx/genblk1[0].par_dat_or_reg[9]
  -------------------------------------------------------------------
                         required time                         -1.805    
                         arrival time                           1.969    
  -------------------------------------------------------------------
                         slack                                  0.164    

Slack (MET) :             0.168ns  (arrival time - required time)
  Source:                 i_daisy/i_rx/genblk1[0].par_dat_r_reg[13]/C
                            (rising edge-triggered cell FDRE clocked by par_clk  {rise@0.000ns fall@4.000ns period=8.000ns})
  Destination:            i_daisy/i_rx/genblk1[0].par_dat_or_reg[13]/D
                            (rising edge-triggered cell FDRE clocked by par_clk  {rise@0.000ns fall@4.000ns period=8.000ns})
  Path Group:             par_clk
  Path Type:              Hold (Min at Fast Process Corner)
  Requirement:            0.000ns  (par_clk rise@0.000ns - par_clk rise@0.000ns)
  Data Path Delay:        0.268ns  (logic 0.141ns (52.702%)  route 0.127ns (47.298%))
  Logic Levels:           0  
  Clock Path Skew:        0.034ns (DCD - SCD - CPR)
    Destination Clock Delay (DCD):    2.305ns
    Source Clock Delay      (SCD):    1.701ns
    Clock Pessimism Removal (CPR):    0.569ns

    Location             Delay type                Incr(ns)  Path(ns)    Netlist Resource(s)
  -------------------------------------------------------------------    -------------------
                         (clock par_clk rise edge)    0.000     0.000 r  
    N18                                               0.000     0.000 r  daisy_p_i[1] (IN)
                         net (fo=0)                   0.000     0.000    i_daisy/daisy_p_i[1]
    N18                  IBUFDS (Prop_ibufds_I_O)     0.364     0.364 r  i_daisy/i_IBUFGDS_clk/O
                         net (fo=2, routed)           0.206     0.570    i_daisy/i_rx/rxs_clk
    BUFR_X0Y1            BUFR (Prop_bufr_I_O)         0.271     0.841 r  i_daisy/i_rx/i_BUFR_clk/O
                         net (fo=39, routed)          0.245     1.086    i_daisy/i_rx/par_clk
    BUFGCTRL_X0Y4        BUFG (Prop_bufg_I_O)         0.026     1.112 r  i_daisy/i_rx/i_parclk_buf/O
                         net (fo=233, routed)         0.590     1.701    i_daisy/i_rx/i_BUFR_clk_0
    SLICE_X41Y39         FDRE                                         r  i_daisy/i_rx/genblk1[0].par_dat_r_reg[13]/C
  -------------------------------------------------------------------    -------------------
    SLICE_X41Y39         FDRE (Prop_fdre_C_Q)         0.141     1.842 r  i_daisy/i_rx/genblk1[0].par_dat_r_reg[13]/Q
                         net (fo=2, routed)           0.127     1.969    i_daisy/i_rx/genblk1[0].par_dat_r[13]
    SLICE_X39Y39         FDRE                                         r  i_daisy/i_rx/genblk1[0].par_dat_or_reg[13]/D
  -------------------------------------------------------------------    -------------------

                         (clock par_clk rise edge)    0.000     0.000 r  
    N18                                               0.000     0.000 r  daisy_p_i[1] (IN)
                         net (fo=0)                   0.000     0.000    i_daisy/daisy_p_i[1]
    N18                  IBUFDS (Prop_ibufds_I_O)     0.395     0.395 r  i_daisy/i_IBUFGDS_clk/O
                         net (fo=2, routed)           0.311     0.706    i_daisy/i_rx/rxs_clk
    BUFR_X0Y1            BUFR (Prop_bufr_I_O)         0.432     1.138 r  i_daisy/i_rx/i_BUFR_clk/O
                         net (fo=39, routed)          0.281     1.419    i_daisy/i_rx/par_clk
    BUFGCTRL_X0Y4        BUFG (Prop_bufg_I_O)         0.029     1.448 r  i_daisy/i_rx/i_parclk_buf/O
                         net (fo=233, routed)         0.857     2.305    i_daisy/i_rx/i_BUFR_clk_0
    SLICE_X39Y39         FDRE                                         r  i_daisy/i_rx/genblk1[0].par_dat_or_reg[13]/C
                         clock pessimism             -0.569     1.735    
    SLICE_X39Y39         FDRE (Hold_fdre_C_D)         0.066     1.801    i_daisy/i_rx/genblk1[0].par_dat_or_reg[13]
  -------------------------------------------------------------------
                         required time                         -1.801    
                         arrival time                           1.969    
  -------------------------------------------------------------------
                         slack                                  0.168    





Pulse Width Checks
--------------------------------------------------------------------------------------
Clock Name:         par_clk
Waveform(ns):       { 0.000 4.000 }
Period(ns):         8.000
Sources:            { i_daisy/i_rx/i_BUFR_clk/O }

Check Type        Corner  Lib Pin           Reference Pin  Required(ns)  Actual(ns)  Slack(ns)  Location       Pin
Min Period        n/a     BUFG/I            n/a            2.155         8.000       5.845      BUFGCTRL_X0Y4  i_daisy/i_rx/i_parclk_buf/I
Min Period        n/a     ISERDESE2/CLKDIV  n/a            1.667         8.000       6.333      ILOGIC_X0Y38   i_daisy/i_rx/genblk1[0].i_iserdese/CLKDIV
Min Period        n/a     ODDR/C            n/a            1.474         8.000       6.526      OLOGIC_X0Y21   i_adc_clk_n/C
Min Period        n/a     ODDR/C            n/a            1.474         8.000       6.526      OLOGIC_X0Y22   i_adc_clk_p/C
Min Period        n/a     FDRE/C            n/a            1.000         8.000       7.000      SLICE_X35Y34   i_daisy/genblk3[0].i_test/rx_dat_cnt_reg[0]/C
Min Period        n/a     FDRE/C            n/a            1.000         8.000       7.000      SLICE_X35Y36   i_daisy/genblk3[0].i_test/rx_dat_cnt_reg[10]/C
Min Period        n/a     FDRE/C            n/a            1.000         8.000       7.000      SLICE_X35Y36   i_daisy/genblk3[0].i_test/rx_dat_cnt_reg[11]/C
Min Period        n/a     FDRE/C            n/a            1.000         8.000       7.000      SLICE_X35Y37   i_daisy/genblk3[0].i_test/rx_dat_cnt_reg[12]/C
Min Period        n/a     FDRE/C            n/a            1.000         8.000       7.000      SLICE_X35Y37   i_daisy/genblk3[0].i_test/rx_dat_cnt_reg[13]/C
Min Period        n/a     FDRE/C            n/a            1.000         8.000       7.000      SLICE_X35Y37   i_daisy/genblk3[0].i_test/rx_dat_cnt_reg[14]/C
Low Pulse Width   Slow    SRL16E/CLK        n/a            0.980         4.000       3.020      SLICE_X42Y40   i_daisy/i_rx/genblk1[0].bitslip_r_reg[1]_srl2/CLK
Low Pulse Width   Fast    SRL16E/CLK        n/a            0.980         4.000       3.020      SLICE_X42Y40   i_daisy/i_rx/genblk1[0].bitslip_r_reg[1]_srl2/CLK
Low Pulse Width   Fast    FDRE/C            n/a            0.500         4.000       3.500      SLICE_X35Y34   i_daisy/genblk3[0].i_test/rx_dat_cnt_reg[0]/C
Low Pulse Width   Fast    FDRE/C            n/a            0.500         4.000       3.500      SLICE_X35Y36   i_daisy/genblk3[0].i_test/rx_dat_cnt_reg[10]/C
Low Pulse Width   Fast    FDRE/C            n/a            0.500         4.000       3.500      SLICE_X35Y36   i_daisy/genblk3[0].i_test/rx_dat_cnt_reg[11]/C
Low Pulse Width   Fast    FDRE/C            n/a            0.500         4.000       3.500      SLICE_X35Y34   i_daisy/genblk3[0].i_test/rx_dat_cnt_reg[1]/C
Low Pulse Width   Slow    FDRE/C            n/a            0.500         4.000       3.500      SLICE_X35Y39   i_daisy/genblk3[0].i_test/rx_dat_cnt_reg[20]/C
Low Pulse Width   Slow    FDRE/C            n/a            0.500         4.000       3.500      SLICE_X35Y39   i_daisy/genblk3[0].i_test/rx_dat_cnt_reg[21]/C
Low Pulse Width   Slow    FDRE/C            n/a            0.500         4.000       3.500      SLICE_X35Y39   i_daisy/genblk3[0].i_test/rx_dat_cnt_reg[22]/C
Low Pulse Width   Slow    FDRE/C            n/a            0.500         4.000       3.500      SLICE_X35Y39   i_daisy/genblk3[0].i_test/rx_dat_cnt_reg[23]/C
High Pulse Width  Fast    SRL16E/CLK        n/a            0.980         4.000       3.020      SLICE_X42Y40   i_daisy/i_rx/genblk1[0].bitslip_r_reg[1]_srl2/CLK
High Pulse Width  Slow    SRL16E/CLK        n/a            0.980         4.000       3.020      SLICE_X42Y40   i_daisy/i_rx/genblk1[0].bitslip_r_reg[1]_srl2/CLK
High Pulse Width  Slow    FDRE/C            n/a            0.500         4.000       3.500      SLICE_X35Y34   i_daisy/genblk3[0].i_test/rx_dat_cnt_reg[0]/C
High Pulse Width  Fast    FDRE/C            n/a            0.500         4.000       3.500      SLICE_X35Y37   i_daisy/genblk3[0].i_test/rx_dat_cnt_reg[12]/C
High Pulse Width  Fast    FDRE/C            n/a            0.500         4.000       3.500      SLICE_X35Y37   i_daisy/genblk3[0].i_test/rx_dat_cnt_reg[13]/C
High Pulse Width  Fast    FDRE/C            n/a            0.500         4.000       3.500      SLICE_X35Y37   i_daisy/genblk3[0].i_test/rx_dat_cnt_reg[14]/C
High Pulse Width  Fast    FDRE/C            n/a            0.500         4.000       3.500      SLICE_X35Y37   i_daisy/genblk3[0].i_test/rx_dat_cnt_reg[15]/C
High Pulse Width  Slow    FDRE/C            n/a            0.500         4.000       3.500      SLICE_X35Y34   i_daisy/genblk3[0].i_test/rx_dat_cnt_reg[1]/C
High Pulse Width  Slow    FDRE/C            n/a            0.500         4.000       3.500      SLICE_X35Y34   i_daisy/genblk3[0].i_test/rx_dat_cnt_reg[2]/C
High Pulse Width  Slow    FDRE/C            n/a            0.500         4.000       3.500      SLICE_X35Y34   i_daisy/genblk3[0].i_test/rx_dat_cnt_reg[3]/C



---------------------------------------------------------------------------------------------------
From Clock:  pll_dac_clk_2x
  To Clock:  pll_adc_clk

Setup :            0  Failing Endpoints,  Worst Slack        2.062ns,  Total Violation        0.000ns
Hold  :           NA  Failing Endpoints,  Worst Slack           NA  ,  Total Violation           NA
---------------------------------------------------------------------------------------------------


Max Delay Paths
--------------------------------------------------------------------------------------
Slack (MET) :             2.062ns  (required time - arrival time)
  Source:                 i_asg/chB/inst_axi_dac/inst_asg_dat_fifo/U0/inst_fifo_gen/gconvfifo.rf/grf.rf/gntv_or_sync_fifo.gcx.clkx/wr_pntr_cdc_inst/src_gray_ff_reg[1]/C
                            (rising edge-triggered cell FDRE clocked by pll_dac_clk_2x  {rise@0.000ns fall@2.000ns period=4.000ns})
  Destination:            i_asg/chB/inst_axi_dac/inst_asg_dat_fifo/U0/inst_fifo_gen/gconvfifo.rf/grf.rf/gntv_or_sync_fifo.gcx.clkx/wr_pntr_cdc_inst/dest_graysync_ff_reg[0][1]/D
                            (rising edge-triggered cell FDRE clocked by pll_adc_clk  {rise@0.000ns fall@4.000ns period=8.000ns})
  Path Group:             pll_adc_clk
  Path Type:              Setup (Max at Slow Process Corner)
  Requirement:            4.000ns  (MaxDelay Path 4.000ns)
  Data Path Delay:        1.664ns  (logic 0.478ns (28.726%)  route 1.186ns (71.274%))
  Logic Levels:           0  
  Timing Exception:       MaxDelay Path 4.000ns -datapath_only

    Location             Delay type                Incr(ns)  Path(ns)    Netlist Resource(s)
  -------------------------------------------------------------------    -------------------
    SLICE_X10Y31                                      0.000     0.000 r  i_asg/chB/inst_axi_dac/inst_asg_dat_fifo/U0/inst_fifo_gen/gconvfifo.rf/grf.rf/gntv_or_sync_fifo.gcx.clkx/wr_pntr_cdc_inst/src_gray_ff_reg[1]/C
    SLICE_X10Y31         FDRE (Prop_fdre_C_Q)         0.478     0.478 r  i_asg/chB/inst_axi_dac/inst_asg_dat_fifo/U0/inst_fifo_gen/gconvfifo.rf/grf.rf/gntv_or_sync_fifo.gcx.clkx/wr_pntr_cdc_inst/src_gray_ff_reg[1]/Q
                         net (fo=1, routed)           1.186     1.664    i_asg/chB/inst_axi_dac/inst_asg_dat_fifo/U0/inst_fifo_gen/gconvfifo.rf/grf.rf/gntv_or_sync_fifo.gcx.clkx/wr_pntr_cdc_inst/async_path[1]
    SLICE_X17Y33         FDRE                                         r  i_asg/chB/inst_axi_dac/inst_asg_dat_fifo/U0/inst_fifo_gen/gconvfifo.rf/grf.rf/gntv_or_sync_fifo.gcx.clkx/wr_pntr_cdc_inst/dest_graysync_ff_reg[0][1]/D
  -------------------------------------------------------------------    -------------------

                         max delay                    4.000     4.000    
    SLICE_X17Y33         FDRE (Setup_fdre_C_D)       -0.274     3.726    i_asg/chB/inst_axi_dac/inst_asg_dat_fifo/U0/inst_fifo_gen/gconvfifo.rf/grf.rf/gntv_or_sync_fifo.gcx.clkx/wr_pntr_cdc_inst/dest_graysync_ff_reg[0][1]
  -------------------------------------------------------------------
                         required time                          3.726    
                         arrival time                          -1.664    
  -------------------------------------------------------------------
                         slack                                  2.062    

Slack (MET) :             2.063ns  (required time - arrival time)
  Source:                 i_asg/chB/inst_axi_dac/inst_asg_dat_fifo/U0/inst_fifo_gen/gconvfifo.rf/grf.rf/gntv_or_sync_fifo.gcx.clkx/wr_pntr_cdc_inst/src_gray_ff_reg[0]/C
                            (rising edge-triggered cell FDRE clocked by pll_dac_clk_2x  {rise@0.000ns fall@2.000ns period=4.000ns})
  Destination:            i_asg/chB/inst_axi_dac/inst_asg_dat_fifo/U0/inst_fifo_gen/gconvfifo.rf/grf.rf/gntv_or_sync_fifo.gcx.clkx/wr_pntr_cdc_inst/dest_graysync_ff_reg[0][0]/D
                            (rising edge-triggered cell FDRE clocked by pll_adc_clk  {rise@0.000ns fall@4.000ns period=8.000ns})
  Path Group:             pll_adc_clk
  Path Type:              Setup (Max at Slow Process Corner)
  Requirement:            4.000ns  (MaxDelay Path 4.000ns)
  Data Path Delay:        1.883ns  (logic 0.518ns (27.514%)  route 1.365ns (72.486%))
  Logic Levels:           0  
  Timing Exception:       MaxDelay Path 4.000ns -datapath_only

    Location             Delay type                Incr(ns)  Path(ns)    Netlist Resource(s)
  -------------------------------------------------------------------    -------------------
    SLICE_X10Y31                                      0.000     0.000 r  i_asg/chB/inst_axi_dac/inst_asg_dat_fifo/U0/inst_fifo_gen/gconvfifo.rf/grf.rf/gntv_or_sync_fifo.gcx.clkx/wr_pntr_cdc_inst/src_gray_ff_reg[0]/C
    SLICE_X10Y31         FDRE (Prop_fdre_C_Q)         0.518     0.518 r  i_asg/chB/inst_axi_dac/inst_asg_dat_fifo/U0/inst_fifo_gen/gconvfifo.rf/grf.rf/gntv_or_sync_fifo.gcx.clkx/wr_pntr_cdc_inst/src_gray_ff_reg[0]/Q
                         net (fo=1, routed)           1.365     1.883    i_asg/chB/inst_axi_dac/inst_asg_dat_fifo/U0/inst_fifo_gen/gconvfifo.rf/grf.rf/gntv_or_sync_fifo.gcx.clkx/wr_pntr_cdc_inst/async_path[0]
    SLICE_X12Y33         FDRE                                         r  i_asg/chB/inst_axi_dac/inst_asg_dat_fifo/U0/inst_fifo_gen/gconvfifo.rf/grf.rf/gntv_or_sync_fifo.gcx.clkx/wr_pntr_cdc_inst/dest_graysync_ff_reg[0][0]/D
  -------------------------------------------------------------------    -------------------

                         max delay                    4.000     4.000    
    SLICE_X12Y33         FDRE (Setup_fdre_C_D)       -0.054     3.946    i_asg/chB/inst_axi_dac/inst_asg_dat_fifo/U0/inst_fifo_gen/gconvfifo.rf/grf.rf/gntv_or_sync_fifo.gcx.clkx/wr_pntr_cdc_inst/dest_graysync_ff_reg[0][0]
  -------------------------------------------------------------------
                         required time                          3.946    
                         arrival time                          -1.883    
  -------------------------------------------------------------------
                         slack                                  2.063    

Slack (MET) :             2.657ns  (required time - arrival time)
  Source:                 i_asg/chB/inst_axi_dac/inst_asg_dat_fifo/U0/inst_fifo_gen/gconvfifo.rf/grf.rf/gntv_or_sync_fifo.gcx.clkx/wr_pntr_cdc_inst/src_gray_ff_reg[3]/C
                            (rising edge-triggered cell FDRE clocked by pll_dac_clk_2x  {rise@0.000ns fall@2.000ns period=4.000ns})
  Destination:            i_asg/chB/inst_axi_dac/inst_asg_dat_fifo/U0/inst_fifo_gen/gconvfifo.rf/grf.rf/gntv_or_sync_fifo.gcx.clkx/wr_pntr_cdc_inst/dest_graysync_ff_reg[0][3]/D
                            (rising edge-triggered cell FDRE clocked by pll_adc_clk  {rise@0.000ns fall@4.000ns period=8.000ns})
  Path Group:             pll_adc_clk
  Path Type:              Setup (Max at Slow Process Corner)
  Requirement:            4.000ns  (MaxDelay Path 4.000ns)
  Data Path Delay:        1.119ns  (logic 0.478ns (42.730%)  route 0.641ns (57.270%))
  Logic Levels:           0  
  Timing Exception:       MaxDelay Path 4.000ns -datapath_only

    Location             Delay type                Incr(ns)  Path(ns)    Netlist Resource(s)
  -------------------------------------------------------------------    -------------------
    SLICE_X10Y31                                      0.000     0.000 r  i_asg/chB/inst_axi_dac/inst_asg_dat_fifo/U0/inst_fifo_gen/gconvfifo.rf/grf.rf/gntv_or_sync_fifo.gcx.clkx/wr_pntr_cdc_inst/src_gray_ff_reg[3]/C
    SLICE_X10Y31         FDRE (Prop_fdre_C_Q)         0.478     0.478 r  i_asg/chB/inst_axi_dac/inst_asg_dat_fifo/U0/inst_fifo_gen/gconvfifo.rf/grf.rf/gntv_or_sync_fifo.gcx.clkx/wr_pntr_cdc_inst/src_gray_ff_reg[3]/Q
                         net (fo=1, routed)           0.641     1.119    i_asg/chB/inst_axi_dac/inst_asg_dat_fifo/U0/inst_fifo_gen/gconvfifo.rf/grf.rf/gntv_or_sync_fifo.gcx.clkx/wr_pntr_cdc_inst/async_path[3]
    SLICE_X10Y30         FDRE                                         r  i_asg/chB/inst_axi_dac/inst_asg_dat_fifo/U0/inst_fifo_gen/gconvfifo.rf/grf.rf/gntv_or_sync_fifo.gcx.clkx/wr_pntr_cdc_inst/dest_graysync_ff_reg[0][3]/D
  -------------------------------------------------------------------    -------------------

                         max delay                    4.000     4.000    
    SLICE_X10Y30         FDRE (Setup_fdre_C_D)       -0.224     3.776    i_asg/chB/inst_axi_dac/inst_asg_dat_fifo/U0/inst_fifo_gen/gconvfifo.rf/grf.rf/gntv_or_sync_fifo.gcx.clkx/wr_pntr_cdc_inst/dest_graysync_ff_reg[0][3]
  -------------------------------------------------------------------
                         required time                          3.776    
                         arrival time                          -1.119    
  -------------------------------------------------------------------
                         slack                                  2.657    

Slack (MET) :             2.720ns  (required time - arrival time)
  Source:                 i_asg/chB/inst_axi_dac/inst_asg_dat_fifo/U0/inst_fifo_gen/gconvfifo.rf/grf.rf/gntv_or_sync_fifo.gcx.clkx/wr_pntr_cdc_inst/src_gray_ff_reg[2]/C
                            (rising edge-triggered cell FDRE clocked by pll_dac_clk_2x  {rise@0.000ns fall@2.000ns period=4.000ns})
  Destination:            i_asg/chB/inst_axi_dac/inst_asg_dat_fifo/U0/inst_fifo_gen/gconvfifo.rf/grf.rf/gntv_or_sync_fifo.gcx.clkx/wr_pntr_cdc_inst/dest_graysync_ff_reg[0][2]/D
                            (rising edge-triggered cell FDRE clocked by pll_adc_clk  {rise@0.000ns fall@4.000ns period=8.000ns})
  Path Group:             pll_adc_clk
  Path Type:              Setup (Max at Slow Process Corner)
  Requirement:            4.000ns  (MaxDelay Path 4.000ns)
  Data Path Delay:        1.233ns  (logic 0.518ns (42.024%)  route 0.715ns (57.976%))
  Logic Levels:           0  
  Timing Exception:       MaxDelay Path 4.000ns -datapath_only

    Location             Delay type                Incr(ns)  Path(ns)    Netlist Resource(s)
  -------------------------------------------------------------------    -------------------
    SLICE_X10Y31                                      0.000     0.000 r  i_asg/chB/inst_axi_dac/inst_asg_dat_fifo/U0/inst_fifo_gen/gconvfifo.rf/grf.rf/gntv_or_sync_fifo.gcx.clkx/wr_pntr_cdc_inst/src_gray_ff_reg[2]/C
    SLICE_X10Y31         FDRE (Prop_fdre_C_Q)         0.518     0.518 r  i_asg/chB/inst_axi_dac/inst_asg_dat_fifo/U0/inst_fifo_gen/gconvfifo.rf/grf.rf/gntv_or_sync_fifo.gcx.clkx/wr_pntr_cdc_inst/src_gray_ff_reg[2]/Q
                         net (fo=1, routed)           0.715     1.233    i_asg/chB/inst_axi_dac/inst_asg_dat_fifo/U0/inst_fifo_gen/gconvfifo.rf/grf.rf/gntv_or_sync_fifo.gcx.clkx/wr_pntr_cdc_inst/async_path[2]
    SLICE_X12Y31         FDRE                                         r  i_asg/chB/inst_axi_dac/inst_asg_dat_fifo/U0/inst_fifo_gen/gconvfifo.rf/grf.rf/gntv_or_sync_fifo.gcx.clkx/wr_pntr_cdc_inst/dest_graysync_ff_reg[0][2]/D
  -------------------------------------------------------------------    -------------------

                         max delay                    4.000     4.000    
    SLICE_X12Y31         FDRE (Setup_fdre_C_D)       -0.047     3.953    i_asg/chB/inst_axi_dac/inst_asg_dat_fifo/U0/inst_fifo_gen/gconvfifo.rf/grf.rf/gntv_or_sync_fifo.gcx.clkx/wr_pntr_cdc_inst/dest_graysync_ff_reg[0][2]
  -------------------------------------------------------------------
                         required time                          3.953    
                         arrival time                          -1.233    
  -------------------------------------------------------------------
                         slack                                  2.720    

Slack (MET) :             2.755ns  (required time - arrival time)
  Source:                 i_asg/chA/inst_axi_dac/inst_sync_fifo/U0/inst_fifo_gen/gconvfifo.rf/grf.rf/gntv_or_sync_fifo.gcx.clkx/rd_pntr_cdc_inst/src_gray_ff_reg[1]/C
                            (rising edge-triggered cell FDRE clocked by pll_dac_clk_2x  {rise@0.000ns fall@2.000ns period=4.000ns})
  Destination:            i_asg/chA/inst_axi_dac/inst_sync_fifo/U0/inst_fifo_gen/gconvfifo.rf/grf.rf/gntv_or_sync_fifo.gcx.clkx/rd_pntr_cdc_inst/dest_graysync_ff_reg[0][1]/D
                            (rising edge-triggered cell FDRE clocked by pll_adc_clk  {rise@0.000ns fall@4.000ns period=8.000ns})
  Path Group:             pll_adc_clk
  Path Type:              Setup (Max at Slow Process Corner)
  Requirement:            4.000ns  (MaxDelay Path 4.000ns)
  Data Path Delay:        1.023ns  (logic 0.419ns (40.973%)  route 0.604ns (59.027%))
  Logic Levels:           0  
  Timing Exception:       MaxDelay Path 4.000ns -datapath_only

    Location             Delay type                Incr(ns)  Path(ns)    Netlist Resource(s)
  -------------------------------------------------------------------    -------------------
    SLICE_X23Y30                                      0.000     0.000 r  i_asg/chA/inst_axi_dac/inst_sync_fifo/U0/inst_fifo_gen/gconvfifo.rf/grf.rf/gntv_or_sync_fifo.gcx.clkx/rd_pntr_cdc_inst/src_gray_ff_reg[1]/C
    SLICE_X23Y30         FDRE (Prop_fdre_C_Q)         0.419     0.419 r  i_asg/chA/inst_axi_dac/inst_sync_fifo/U0/inst_fifo_gen/gconvfifo.rf/grf.rf/gntv_or_sync_fifo.gcx.clkx/rd_pntr_cdc_inst/src_gray_ff_reg[1]/Q
                         net (fo=1, routed)           0.604     1.023    i_asg/chA/inst_axi_dac/inst_sync_fifo/U0/inst_fifo_gen/gconvfifo.rf/grf.rf/gntv_or_sync_fifo.gcx.clkx/rd_pntr_cdc_inst/async_path[1]
    SLICE_X20Y30         FDRE                                         r  i_asg/chA/inst_axi_dac/inst_sync_fifo/U0/inst_fifo_gen/gconvfifo.rf/grf.rf/gntv_or_sync_fifo.gcx.clkx/rd_pntr_cdc_inst/dest_graysync_ff_reg[0][1]/D
  -------------------------------------------------------------------    -------------------

                         max delay                    4.000     4.000    
    SLICE_X20Y30         FDRE (Setup_fdre_C_D)       -0.222     3.778    i_asg/chA/inst_axi_dac/inst_sync_fifo/U0/inst_fifo_gen/gconvfifo.rf/grf.rf/gntv_or_sync_fifo.gcx.clkx/rd_pntr_cdc_inst/dest_graysync_ff_reg[0][1]
  -------------------------------------------------------------------
                         required time                          3.778    
                         arrival time                          -1.023    
  -------------------------------------------------------------------
                         slack                                  2.755    

Slack (MET) :             2.766ns  (required time - arrival time)
  Source:                 i_asg/chB/inst_axi_dac/inst_sync_fifo/U0/inst_fifo_gen/gconvfifo.rf/grf.rf/gntv_or_sync_fifo.gcx.clkx/rd_pntr_cdc_inst/src_gray_ff_reg[2]/C
                            (rising edge-triggered cell FDRE clocked by pll_dac_clk_2x  {rise@0.000ns fall@2.000ns period=4.000ns})
  Destination:            i_asg/chB/inst_axi_dac/inst_sync_fifo/U0/inst_fifo_gen/gconvfifo.rf/grf.rf/gntv_or_sync_fifo.gcx.clkx/rd_pntr_cdc_inst/dest_graysync_ff_reg[0][2]/D
                            (rising edge-triggered cell FDRE clocked by pll_adc_clk  {rise@0.000ns fall@4.000ns period=8.000ns})
  Path Group:             pll_adc_clk
  Path Type:              Setup (Max at Slow Process Corner)
  Requirement:            4.000ns  (MaxDelay Path 4.000ns)
  Data Path Delay:        1.139ns  (logic 0.518ns (45.493%)  route 0.621ns (54.507%))
  Logic Levels:           0  
  Timing Exception:       MaxDelay Path 4.000ns -datapath_only

    Location             Delay type                Incr(ns)  Path(ns)    Netlist Resource(s)
  -------------------------------------------------------------------    -------------------
    SLICE_X4Y36                                       0.000     0.000 r  i_asg/chB/inst_axi_dac/inst_sync_fifo/U0/inst_fifo_gen/gconvfifo.rf/grf.rf/gntv_or_sync_fifo.gcx.clkx/rd_pntr_cdc_inst/src_gray_ff_reg[2]/C
    SLICE_X4Y36          FDRE (Prop_fdre_C_Q)         0.518     0.518 r  i_asg/chB/inst_axi_dac/inst_sync_fifo/U0/inst_fifo_gen/gconvfifo.rf/grf.rf/gntv_or_sync_fifo.gcx.clkx/rd_pntr_cdc_inst/src_gray_ff_reg[2]/Q
                         net (fo=1, routed)           0.621     1.139    i_asg/chB/inst_axi_dac/inst_sync_fifo/U0/inst_fifo_gen/gconvfifo.rf/grf.rf/gntv_or_sync_fifo.gcx.clkx/rd_pntr_cdc_inst/async_path[2]
    SLICE_X3Y36          FDRE                                         r  i_asg/chB/inst_axi_dac/inst_sync_fifo/U0/inst_fifo_gen/gconvfifo.rf/grf.rf/gntv_or_sync_fifo.gcx.clkx/rd_pntr_cdc_inst/dest_graysync_ff_reg[0][2]/D
  -------------------------------------------------------------------    -------------------

                         max delay                    4.000     4.000    
    SLICE_X3Y36          FDRE (Setup_fdre_C_D)       -0.095     3.905    i_asg/chB/inst_axi_dac/inst_sync_fifo/U0/inst_fifo_gen/gconvfifo.rf/grf.rf/gntv_or_sync_fifo.gcx.clkx/rd_pntr_cdc_inst/dest_graysync_ff_reg[0][2]
  -------------------------------------------------------------------
                         required time                          3.905    
                         arrival time                          -1.139    
  -------------------------------------------------------------------
                         slack                                  2.766    

Slack (MET) :             2.774ns  (required time - arrival time)
  Source:                 i_asg/chB/inst_axi_dac/inst_sync_fifo/U0/inst_fifo_gen/gconvfifo.rf/grf.rf/gntv_or_sync_fifo.gcx.clkx/rd_pntr_cdc_inst/src_gray_ff_reg[1]/C
                            (rising edge-triggered cell FDRE clocked by pll_dac_clk_2x  {rise@0.000ns fall@2.000ns period=4.000ns})
  Destination:            i_asg/chB/inst_axi_dac/inst_sync_fifo/U0/inst_fifo_gen/gconvfifo.rf/grf.rf/gntv_or_sync_fifo.gcx.clkx/rd_pntr_cdc_inst/dest_graysync_ff_reg[0][1]/D
                            (rising edge-triggered cell FDRE clocked by pll_adc_clk  {rise@0.000ns fall@4.000ns period=8.000ns})
  Path Group:             pll_adc_clk
  Path Type:              Setup (Max at Slow Process Corner)
  Requirement:            4.000ns  (MaxDelay Path 4.000ns)
  Data Path Delay:        1.008ns  (logic 0.419ns (41.575%)  route 0.589ns (58.425%))
  Logic Levels:           0  
  Timing Exception:       MaxDelay Path 4.000ns -datapath_only

    Location             Delay type                Incr(ns)  Path(ns)    Netlist Resource(s)
  -------------------------------------------------------------------    -------------------
    SLICE_X5Y35                                       0.000     0.000 r  i_asg/chB/inst_axi_dac/inst_sync_fifo/U0/inst_fifo_gen/gconvfifo.rf/grf.rf/gntv_or_sync_fifo.gcx.clkx/rd_pntr_cdc_inst/src_gray_ff_reg[1]/C
    SLICE_X5Y35          FDRE (Prop_fdre_C_Q)         0.419     0.419 r  i_asg/chB/inst_axi_dac/inst_sync_fifo/U0/inst_fifo_gen/gconvfifo.rf/grf.rf/gntv_or_sync_fifo.gcx.clkx/rd_pntr_cdc_inst/src_gray_ff_reg[1]/Q
                         net (fo=1, routed)           0.589     1.008    i_asg/chB/inst_axi_dac/inst_sync_fifo/U0/inst_fifo_gen/gconvfifo.rf/grf.rf/gntv_or_sync_fifo.gcx.clkx/rd_pntr_cdc_inst/async_path[1]
    SLICE_X4Y35          FDRE                                         r  i_asg/chB/inst_axi_dac/inst_sync_fifo/U0/inst_fifo_gen/gconvfifo.rf/grf.rf/gntv_or_sync_fifo.gcx.clkx/rd_pntr_cdc_inst/dest_graysync_ff_reg[0][1]/D
  -------------------------------------------------------------------    -------------------

                         max delay                    4.000     4.000    
    SLICE_X4Y35          FDRE (Setup_fdre_C_D)       -0.218     3.782    i_asg/chB/inst_axi_dac/inst_sync_fifo/U0/inst_fifo_gen/gconvfifo.rf/grf.rf/gntv_or_sync_fifo.gcx.clkx/rd_pntr_cdc_inst/dest_graysync_ff_reg[0][1]
  -------------------------------------------------------------------
                         required time                          3.782    
                         arrival time                          -1.008    
  -------------------------------------------------------------------
                         slack                                  2.774    

Slack (MET) :             2.811ns  (required time - arrival time)
  Source:                 i_asg/chB/inst_axi_dac/inst_asg_dat_fifo/U0/inst_fifo_gen/gconvfifo.rf/grf.rf/gntv_or_sync_fifo.gcx.clkx/wr_pntr_cdc_inst/src_gray_ff_reg[5]/C
                            (rising edge-triggered cell FDRE clocked by pll_dac_clk_2x  {rise@0.000ns fall@2.000ns period=4.000ns})
  Destination:            i_asg/chB/inst_axi_dac/inst_asg_dat_fifo/U0/inst_fifo_gen/gconvfifo.rf/grf.rf/gntv_or_sync_fifo.gcx.clkx/wr_pntr_cdc_inst/dest_graysync_ff_reg[0][5]/D
                            (rising edge-triggered cell FDRE clocked by pll_adc_clk  {rise@0.000ns fall@4.000ns period=8.000ns})
  Path Group:             pll_adc_clk
  Path Type:              Setup (Max at Slow Process Corner)
  Requirement:            4.000ns  (MaxDelay Path 4.000ns)
  Data Path Delay:        0.972ns  (logic 0.478ns (49.164%)  route 0.494ns (50.836%))
  Logic Levels:           0  
  Timing Exception:       MaxDelay Path 4.000ns -datapath_only

    Location             Delay type                Incr(ns)  Path(ns)    Netlist Resource(s)
  -------------------------------------------------------------------    -------------------
    SLICE_X10Y31                                      0.000     0.000 r  i_asg/chB/inst_axi_dac/inst_asg_dat_fifo/U0/inst_fifo_gen/gconvfifo.rf/grf.rf/gntv_or_sync_fifo.gcx.clkx/wr_pntr_cdc_inst/src_gray_ff_reg[5]/C
    SLICE_X10Y31         FDRE (Prop_fdre_C_Q)         0.478     0.478 r  i_asg/chB/inst_axi_dac/inst_asg_dat_fifo/U0/inst_fifo_gen/gconvfifo.rf/grf.rf/gntv_or_sync_fifo.gcx.clkx/wr_pntr_cdc_inst/src_gray_ff_reg[5]/Q
                         net (fo=1, routed)           0.494     0.972    i_asg/chB/inst_axi_dac/inst_asg_dat_fifo/U0/inst_fifo_gen/gconvfifo.rf/grf.rf/gntv_or_sync_fifo.gcx.clkx/wr_pntr_cdc_inst/async_path[5]
    SLICE_X10Y30         FDRE                                         r  i_asg/chB/inst_axi_dac/inst_asg_dat_fifo/U0/inst_fifo_gen/gconvfifo.rf/grf.rf/gntv_or_sync_fifo.gcx.clkx/wr_pntr_cdc_inst/dest_graysync_ff_reg[0][5]/D
  -------------------------------------------------------------------    -------------------

                         max delay                    4.000     4.000    
    SLICE_X10Y30         FDRE (Setup_fdre_C_D)       -0.217     3.783    i_asg/chB/inst_axi_dac/inst_asg_dat_fifo/U0/inst_fifo_gen/gconvfifo.rf/grf.rf/gntv_or_sync_fifo.gcx.clkx/wr_pntr_cdc_inst/dest_graysync_ff_reg[0][5]
  -------------------------------------------------------------------
                         required time                          3.783    
                         arrival time                          -0.972    
  -------------------------------------------------------------------
                         slack                                  2.811    

Slack (MET) :             2.816ns  (required time - arrival time)
  Source:                 i_asg/chA/inst_axi_dac/inst_asg_dat_fifo/U0/inst_fifo_gen/gconvfifo.rf/grf.rf/gntv_or_sync_fifo.gcx.clkx/wr_pntr_cdc_inst/src_gray_ff_reg[5]/C
                            (rising edge-triggered cell FDRE clocked by pll_dac_clk_2x  {rise@0.000ns fall@2.000ns period=4.000ns})
  Destination:            i_asg/chA/inst_axi_dac/inst_asg_dat_fifo/U0/inst_fifo_gen/gconvfifo.rf/grf.rf/gntv_or_sync_fifo.gcx.clkx/wr_pntr_cdc_inst/dest_graysync_ff_reg[0][5]/D
                            (rising edge-triggered cell FDRE clocked by pll_adc_clk  {rise@0.000ns fall@4.000ns period=8.000ns})
  Path Group:             pll_adc_clk
  Path Type:              Setup (Max at Slow Process Corner)
  Requirement:            4.000ns  (MaxDelay Path 4.000ns)
  Data Path Delay:        0.918ns  (logic 0.419ns (45.629%)  route 0.499ns (54.371%))
  Logic Levels:           0  
  Timing Exception:       MaxDelay Path 4.000ns -datapath_only

    Location             Delay type                Incr(ns)  Path(ns)    Netlist Resource(s)
  -------------------------------------------------------------------    -------------------
    SLICE_X7Y23                                       0.000     0.000 r  i_asg/chA/inst_axi_dac/inst_asg_dat_fifo/U0/inst_fifo_gen/gconvfifo.rf/grf.rf/gntv_or_sync_fifo.gcx.clkx/wr_pntr_cdc_inst/src_gray_ff_reg[5]/C
    SLICE_X7Y23          FDRE (Prop_fdre_C_Q)         0.419     0.419 r  i_asg/chA/inst_axi_dac/inst_asg_dat_fifo/U0/inst_fifo_gen/gconvfifo.rf/grf.rf/gntv_or_sync_fifo.gcx.clkx/wr_pntr_cdc_inst/src_gray_ff_reg[5]/Q
                         net (fo=1, routed)           0.499     0.918    i_asg/chA/inst_axi_dac/inst_asg_dat_fifo/U0/inst_fifo_gen/gconvfifo.rf/grf.rf/gntv_or_sync_fifo.gcx.clkx/wr_pntr_cdc_inst/async_path[5]
    SLICE_X7Y24          FDRE                                         r  i_asg/chA/inst_axi_dac/inst_asg_dat_fifo/U0/inst_fifo_gen/gconvfifo.rf/grf.rf/gntv_or_sync_fifo.gcx.clkx/wr_pntr_cdc_inst/dest_graysync_ff_reg[0][5]/D
  -------------------------------------------------------------------    -------------------

                         max delay                    4.000     4.000    
    SLICE_X7Y24          FDRE (Setup_fdre_C_D)       -0.266     3.734    i_asg/chA/inst_axi_dac/inst_asg_dat_fifo/U0/inst_fifo_gen/gconvfifo.rf/grf.rf/gntv_or_sync_fifo.gcx.clkx/wr_pntr_cdc_inst/dest_graysync_ff_reg[0][5]
  -------------------------------------------------------------------
                         required time                          3.734    
                         arrival time                          -0.918    
  -------------------------------------------------------------------
                         slack                                  2.816    

Slack (MET) :             2.832ns  (required time - arrival time)
  Source:                 i_asg/chA/inst_axi_dac/inst_asg_dat_fifo/U0/inst_fifo_gen/gconvfifo.rf/grf.rf/gntv_or_sync_fifo.gcx.clkx/wr_pntr_cdc_inst/src_gray_ff_reg[7]/C
                            (rising edge-triggered cell FDRE clocked by pll_dac_clk_2x  {rise@0.000ns fall@2.000ns period=4.000ns})
  Destination:            i_asg/chA/inst_axi_dac/inst_asg_dat_fifo/U0/inst_fifo_gen/gconvfifo.rf/grf.rf/gntv_or_sync_fifo.gcx.clkx/wr_pntr_cdc_inst/dest_graysync_ff_reg[0][7]/D
                            (rising edge-triggered cell FDRE clocked by pll_adc_clk  {rise@0.000ns fall@4.000ns period=8.000ns})
  Path Group:             pll_adc_clk
  Path Type:              Setup (Max at Slow Process Corner)
  Requirement:            4.000ns  (MaxDelay Path 4.000ns)
  Data Path Delay:        0.901ns  (logic 0.419ns (46.500%)  route 0.482ns (53.500%))
  Logic Levels:           0  
  Timing Exception:       MaxDelay Path 4.000ns -datapath_only

    Location             Delay type                Incr(ns)  Path(ns)    Netlist Resource(s)
  -------------------------------------------------------------------    -------------------
    SLICE_X7Y23                                       0.000     0.000 r  i_asg/chA/inst_axi_dac/inst_asg_dat_fifo/U0/inst_fifo_gen/gconvfifo.rf/grf.rf/gntv_or_sync_fifo.gcx.clkx/wr_pntr_cdc_inst/src_gray_ff_reg[7]/C
    SLICE_X7Y23          FDRE (Prop_fdre_C_Q)         0.419     0.419 r  i_asg/chA/inst_axi_dac/inst_asg_dat_fifo/U0/inst_fifo_gen/gconvfifo.rf/grf.rf/gntv_or_sync_fifo.gcx.clkx/wr_pntr_cdc_inst/src_gray_ff_reg[7]/Q
                         net (fo=1, routed)           0.482     0.901    i_asg/chA/inst_axi_dac/inst_asg_dat_fifo/U0/inst_fifo_gen/gconvfifo.rf/grf.rf/gntv_or_sync_fifo.gcx.clkx/wr_pntr_cdc_inst/async_path[7]
    SLICE_X7Y24          FDRE                                         r  i_asg/chA/inst_axi_dac/inst_asg_dat_fifo/U0/inst_fifo_gen/gconvfifo.rf/grf.rf/gntv_or_sync_fifo.gcx.clkx/wr_pntr_cdc_inst/dest_graysync_ff_reg[0][7]/D
  -------------------------------------------------------------------    -------------------

                         max delay                    4.000     4.000    
    SLICE_X7Y24          FDRE (Setup_fdre_C_D)       -0.267     3.733    i_asg/chA/inst_axi_dac/inst_asg_dat_fifo/U0/inst_fifo_gen/gconvfifo.rf/grf.rf/gntv_or_sync_fifo.gcx.clkx/wr_pntr_cdc_inst/dest_graysync_ff_reg[0][7]
  -------------------------------------------------------------------
                         required time                          3.733    
                         arrival time                          -0.901    
  -------------------------------------------------------------------
                         slack                                  2.832    





---------------------------------------------------------------------------------------------------
From Clock:  clk_fpga_0
  To Clock:  pll_adc_clk

Setup :            0  Failing Endpoints,  Worst Slack        1.923ns,  Total Violation        0.000ns
Hold  :           NA  Failing Endpoints,  Worst Slack           NA  ,  Total Violation           NA
---------------------------------------------------------------------------------------------------


Max Delay Paths
--------------------------------------------------------------------------------------
Slack (MET) :             1.923ns  (required time - arrival time)
  Source:                 ps/axi_slave_gp0/rd_do_reg/C
                            (rising edge-triggered cell FDRE clocked by clk_fpga_0  {rise@0.000ns fall@4.000ns period=8.000ns})
  Destination:            sys_bus_interconnect/for_bus[3].inst_sys_bus_cdc/bus_m\\.addr_reg[1]/D
                            (rising edge-triggered cell FDRE clocked by pll_adc_clk  {rise@0.000ns fall@4.000ns period=8.000ns})
  Path Group:             pll_adc_clk
  Path Type:              Setup (Max at Slow Process Corner)
  Requirement:            8.000ns  (MaxDelay Path 8.000ns)
  Data Path Delay:        5.830ns  (logic 0.606ns (10.395%)  route 5.224ns (89.605%))
  Logic Levels:           1  (LUT3=1)
  Timing Exception:       MaxDelay Path 8.000ns -datapath_only

    Location             Delay type                Incr(ns)  Path(ns)    Netlist Resource(s)
  -------------------------------------------------------------------    -------------------
    SLICE_X2Y44                                       0.000     0.000 r  ps/axi_slave_gp0/rd_do_reg/C
    SLICE_X2Y44          FDRE (Prop_fdre_C_Q)         0.456     0.456 r  ps/axi_slave_gp0/rd_do_reg/Q
                         net (fo=37, routed)          1.322     1.778    ps/axi_slave_gp0/rd_do
    SLICE_X3Y41          LUT3 (Prop_lut3_I2_O)        0.150     1.928 r  ps/axi_slave_gp0/bus_m\\.addr[1]_i_1/O
                         net (fo=6, routed)           3.902     5.830    sys_bus_interconnect/for_bus[3].inst_sys_bus_cdc/bus_m\\.addr_reg[19]_0[1]
    SLICE_X38Y69         FDRE                                         r  sys_bus_interconnect/for_bus[3].inst_sys_bus_cdc/bus_m\\.addr_reg[1]/D
  -------------------------------------------------------------------    -------------------

                         max delay                    8.000     8.000    
    SLICE_X38Y69         FDRE (Setup_fdre_C_D)       -0.247     7.753    sys_bus_interconnect/for_bus[3].inst_sys_bus_cdc/bus_m\\.addr_reg[1]
  -------------------------------------------------------------------
                         required time                          7.753    
                         arrival time                          -5.830    
  -------------------------------------------------------------------
                         slack                                  1.923    

Slack (MET) :             2.001ns  (required time - arrival time)
  Source:                 ps/axi_slave_gp0/rd_do_reg/C
                            (rising edge-triggered cell FDRE clocked by clk_fpga_0  {rise@0.000ns fall@4.000ns period=8.000ns})
  Destination:            sys_bus_interconnect/for_bus[3].inst_sys_bus_cdc/bus_m\\.addr_reg[8]/D
                            (rising edge-triggered cell FDRE clocked by pll_adc_clk  {rise@0.000ns fall@4.000ns period=8.000ns})
  Path Group:             pll_adc_clk
  Path Type:              Setup (Max at Slow Process Corner)
  Requirement:            8.000ns  (MaxDelay Path 8.000ns)
  Data Path Delay:        5.941ns  (logic 0.580ns (9.763%)  route 5.361ns (90.237%))
  Logic Levels:           1  (LUT3=1)
  Timing Exception:       MaxDelay Path 8.000ns -datapath_only

    Location             Delay type                Incr(ns)  Path(ns)    Netlist Resource(s)
  -------------------------------------------------------------------    -------------------
    SLICE_X2Y44                                       0.000     0.000 r  ps/axi_slave_gp0/rd_do_reg/C
    SLICE_X2Y44          FDRE (Prop_fdre_C_Q)         0.456     0.456 r  ps/axi_slave_gp0/rd_do_reg/Q
                         net (fo=37, routed)          1.388     1.844    ps/axi_slave_gp0/rd_do
    SLICE_X2Y43          LUT3 (Prop_lut3_I2_O)        0.124     1.968 r  ps/axi_slave_gp0/bus_m\\.addr[8]_i_1/O
                         net (fo=8, routed)           3.973     5.941    sys_bus_interconnect/for_bus[3].inst_sys_bus_cdc/bus_m\\.addr_reg[19]_0[8]
    SLICE_X39Y69         FDRE                                         r  sys_bus_interconnect/for_bus[3].inst_sys_bus_cdc/bus_m\\.addr_reg[8]/D
  -------------------------------------------------------------------    -------------------

                         max delay                    8.000     8.000    
    SLICE_X39Y69         FDRE (Setup_fdre_C_D)       -0.058     7.942    sys_bus_interconnect/for_bus[3].inst_sys_bus_cdc/bus_m\\.addr_reg[8]
  -------------------------------------------------------------------
                         required time                          7.942    
                         arrival time                          -5.941    
  -------------------------------------------------------------------
                         slack                                  2.001    

Slack (MET) :             2.149ns  (required time - arrival time)
  Source:                 ps/axi_slave_gp0/rd_do_reg/C
                            (rising edge-triggered cell FDRE clocked by clk_fpga_0  {rise@0.000ns fall@4.000ns period=8.000ns})
  Destination:            sys_bus_interconnect/for_bus[3].inst_sys_bus_cdc/bus_m\\.addr_reg[5]/D
                            (rising edge-triggered cell FDRE clocked by pll_adc_clk  {rise@0.000ns fall@4.000ns period=8.000ns})
  Path Group:             pll_adc_clk
  Path Type:              Setup (Max at Slow Process Corner)
  Requirement:            8.000ns  (MaxDelay Path 8.000ns)
  Data Path Delay:        5.588ns  (logic 0.606ns (10.845%)  route 4.982ns (89.155%))
  Logic Levels:           1  (LUT3=1)
  Timing Exception:       MaxDelay Path 8.000ns -datapath_only

    Location             Delay type                Incr(ns)  Path(ns)    Netlist Resource(s)
  -------------------------------------------------------------------    -------------------
    SLICE_X2Y44                                       0.000     0.000 r  ps/axi_slave_gp0/rd_do_reg/C
    SLICE_X2Y44          FDRE (Prop_fdre_C_Q)         0.456     0.456 r  ps/axi_slave_gp0/rd_do_reg/Q
                         net (fo=37, routed)          1.139     1.595    ps/axi_slave_gp0/rd_do
    SLICE_X1Y41          LUT3 (Prop_lut3_I2_O)        0.150     1.745 r  ps/axi_slave_gp0/bus_m\\.addr[5]_i_1/O
                         net (fo=12, routed)          3.842     5.588    sys_bus_interconnect/for_bus[3].inst_sys_bus_cdc/bus_m\\.addr_reg[19]_0[5]
    SLICE_X39Y69         FDRE                                         r  sys_bus_interconnect/for_bus[3].inst_sys_bus_cdc/bus_m\\.addr_reg[5]/D
  -------------------------------------------------------------------    -------------------

                         max delay                    8.000     8.000    
    SLICE_X39Y69         FDRE (Setup_fdre_C_D)       -0.263     7.737    sys_bus_interconnect/for_bus[3].inst_sys_bus_cdc/bus_m\\.addr_reg[5]
  -------------------------------------------------------------------
                         required time                          7.737    
                         arrival time                          -5.588    
  -------------------------------------------------------------------
                         slack                                  2.149    

Slack (MET) :             2.333ns  (required time - arrival time)
  Source:                 ps/axi_slave_gp0/rd_do_reg/C
                            (rising edge-triggered cell FDRE clocked by clk_fpga_0  {rise@0.000ns fall@4.000ns period=8.000ns})
  Destination:            sys_bus_interconnect/for_bus[0].inst_sys_bus_cdc/bus_m\\.addr_reg[1]/D
                            (rising edge-triggered cell FDRE clocked by pll_adc_clk  {rise@0.000ns fall@4.000ns period=8.000ns})
  Path Group:             pll_adc_clk
  Path Type:              Setup (Max at Slow Process Corner)
  Requirement:            8.000ns  (MaxDelay Path 8.000ns)
  Data Path Delay:        5.404ns  (logic 0.606ns (11.214%)  route 4.798ns (88.786%))
  Logic Levels:           1  (LUT3=1)
  Timing Exception:       MaxDelay Path 8.000ns -datapath_only

    Location             Delay type                Incr(ns)  Path(ns)    Netlist Resource(s)
  -------------------------------------------------------------------    -------------------
    SLICE_X2Y44                                       0.000     0.000 r  ps/axi_slave_gp0/rd_do_reg/C
    SLICE_X2Y44          FDRE (Prop_fdre_C_Q)         0.456     0.456 r  ps/axi_slave_gp0/rd_do_reg/Q
                         net (fo=37, routed)          1.322     1.778    ps/axi_slave_gp0/rd_do
    SLICE_X3Y41          LUT3 (Prop_lut3_I2_O)        0.150     1.928 r  ps/axi_slave_gp0/bus_m\\.addr[1]_i_1/O
                         net (fo=6, routed)           3.476     5.404    sys_bus_interconnect/for_bus[0].inst_sys_bus_cdc/bus_m\\.addr_reg[19]_0[1]
    SLICE_X39Y65         FDRE                                         r  sys_bus_interconnect/for_bus[0].inst_sys_bus_cdc/bus_m\\.addr_reg[1]/D
  -------------------------------------------------------------------    -------------------

                         max delay                    8.000     8.000    
    SLICE_X39Y65         FDRE (Setup_fdre_C_D)       -0.263     7.737    sys_bus_interconnect/for_bus[0].inst_sys_bus_cdc/bus_m\\.addr_reg[1]
  -------------------------------------------------------------------
                         required time                          7.737    
                         arrival time                          -5.404    
  -------------------------------------------------------------------
                         slack                                  2.333    

Slack (MET) :             2.349ns  (required time - arrival time)
  Source:                 ps/axi_slave_gp0/rd_do_reg/C
                            (rising edge-triggered cell FDRE clocked by clk_fpga_0  {rise@0.000ns fall@4.000ns period=8.000ns})
  Destination:            sys_bus_interconnect/for_bus[0].inst_sys_bus_cdc/bus_m\\.addr_reg[8]/D
                            (rising edge-triggered cell FDRE clocked by pll_adc_clk  {rise@0.000ns fall@4.000ns period=8.000ns})
  Path Group:             pll_adc_clk
  Path Type:              Setup (Max at Slow Process Corner)
  Requirement:            8.000ns  (MaxDelay Path 8.000ns)
  Data Path Delay:        5.593ns  (logic 0.580ns (10.371%)  route 5.013ns (89.629%))
  Logic Levels:           1  (LUT3=1)
  Timing Exception:       MaxDelay Path 8.000ns -datapath_only

    Location             Delay type                Incr(ns)  Path(ns)    Netlist Resource(s)
  -------------------------------------------------------------------    -------------------
    SLICE_X2Y44                                       0.000     0.000 r  ps/axi_slave_gp0/rd_do_reg/C
    SLICE_X2Y44          FDRE (Prop_fdre_C_Q)         0.456     0.456 r  ps/axi_slave_gp0/rd_do_reg/Q
                         net (fo=37, routed)          1.388     1.844    ps/axi_slave_gp0/rd_do
    SLICE_X2Y43          LUT3 (Prop_lut3_I2_O)        0.124     1.968 r  ps/axi_slave_gp0/bus_m\\.addr[8]_i_1/O
                         net (fo=8, routed)           3.625     5.593    sys_bus_interconnect/for_bus[0].inst_sys_bus_cdc/bus_m\\.addr_reg[19]_0[8]
    SLICE_X39Y64         FDRE                                         r  sys_bus_interconnect/for_bus[0].inst_sys_bus_cdc/bus_m\\.addr_reg[8]/D
  -------------------------------------------------------------------    -------------------

                         max delay                    8.000     8.000    
    SLICE_X39Y64         FDRE (Setup_fdre_C_D)       -0.058     7.942    sys_bus_interconnect/for_bus[0].inst_sys_bus_cdc/bus_m\\.addr_reg[8]
  -------------------------------------------------------------------
                         required time                          7.942    
                         arrival time                          -5.593    
  -------------------------------------------------------------------
                         slack                                  2.349    

Slack (MET) :             2.486ns  (required time - arrival time)
  Source:                 ps/axi_slave_gp0/rd_do_reg/C
                            (rising edge-triggered cell FDRE clocked by clk_fpga_0  {rise@0.000ns fall@4.000ns period=8.000ns})
  Destination:            sys_bus_interconnect/for_bus[3].inst_sys_bus_cdc/bus_m\\.addr_reg[4]/D
                            (rising edge-triggered cell FDRE clocked by pll_adc_clk  {rise@0.000ns fall@4.000ns period=8.000ns})
  Path Group:             pll_adc_clk
  Path Type:              Setup (Max at Slow Process Corner)
  Requirement:            8.000ns  (MaxDelay Path 8.000ns)
  Data Path Delay:        5.433ns  (logic 0.580ns (10.676%)  route 4.853ns (89.324%))
  Logic Levels:           1  (LUT3=1)
  Timing Exception:       MaxDelay Path 8.000ns -datapath_only

    Location             Delay type                Incr(ns)  Path(ns)    Netlist Resource(s)
  -------------------------------------------------------------------    -------------------
    SLICE_X2Y44                                       0.000     0.000 r  ps/axi_slave_gp0/rd_do_reg/C
    SLICE_X2Y44          FDRE (Prop_fdre_C_Q)         0.456     0.456 r  ps/axi_slave_gp0/rd_do_reg/Q
                         net (fo=37, routed)          1.139     1.595    ps/axi_slave_gp0/rd_do
    SLICE_X1Y41          LUT3 (Prop_lut3_I2_O)        0.124     1.719 r  ps/axi_slave_gp0/bus_m\\.addr[4]_i_1/O
                         net (fo=11, routed)          3.713     5.433    sys_bus_interconnect/for_bus[3].inst_sys_bus_cdc/bus_m\\.addr_reg[19]_0[4]
    SLICE_X39Y69         FDRE                                         r  sys_bus_interconnect/for_bus[3].inst_sys_bus_cdc/bus_m\\.addr_reg[4]/D
  -------------------------------------------------------------------    -------------------

                         max delay                    8.000     8.000    
    SLICE_X39Y69         FDRE (Setup_fdre_C_D)       -0.081     7.919    sys_bus_interconnect/for_bus[3].inst_sys_bus_cdc/bus_m\\.addr_reg[4]
  -------------------------------------------------------------------
                         required time                          7.919    
                         arrival time                          -5.433    
  -------------------------------------------------------------------
                         slack                                  2.486    

Slack (MET) :             2.487ns  (required time - arrival time)
  Source:                 ps/axi_slave_gp0/rd_do_reg/C
                            (rising edge-triggered cell FDRE clocked by clk_fpga_0  {rise@0.000ns fall@4.000ns period=8.000ns})
  Destination:            sys_bus_interconnect/for_bus[1].inst_sys_bus_cdc/bus_m\\.addr_reg[4]_rep__0/D
                            (rising edge-triggered cell FDRE clocked by pll_adc_clk  {rise@0.000ns fall@4.000ns period=8.000ns})
  Path Group:             pll_adc_clk
  Path Type:              Setup (Max at Slow Process Corner)
  Requirement:            8.000ns  (MaxDelay Path 8.000ns)
  Data Path Delay:        5.468ns  (logic 0.580ns (10.608%)  route 4.888ns (89.392%))
  Logic Levels:           1  (LUT3=1)
  Timing Exception:       MaxDelay Path 8.000ns -datapath_only

    Location             Delay type                Incr(ns)  Path(ns)    Netlist Resource(s)
  -------------------------------------------------------------------    -------------------
    SLICE_X2Y44                                       0.000     0.000 r  ps/axi_slave_gp0/rd_do_reg/C
    SLICE_X2Y44          FDRE (Prop_fdre_C_Q)         0.456     0.456 r  ps/axi_slave_gp0/rd_do_reg/Q
                         net (fo=37, routed)          1.139     1.595    ps/axi_slave_gp0/rd_do
    SLICE_X1Y41          LUT3 (Prop_lut3_I2_O)        0.124     1.719 r  ps/axi_slave_gp0/bus_m\\.addr[4]_i_1/O
                         net (fo=11, routed)          3.748     5.468    sys_bus_interconnect/for_bus[1].inst_sys_bus_cdc/bus_m\\.addr_reg[19]_0[4]
    SLICE_X16Y22         FDRE                                         r  sys_bus_interconnect/for_bus[1].inst_sys_bus_cdc/bus_m\\.addr_reg[4]_rep__0/D
  -------------------------------------------------------------------    -------------------

                         max delay                    8.000     8.000    
    SLICE_X16Y22         FDRE (Setup_fdre_C_D)       -0.045     7.955    sys_bus_interconnect/for_bus[1].inst_sys_bus_cdc/bus_m\\.addr_reg[4]_rep__0
  -------------------------------------------------------------------
                         required time                          7.955    
                         arrival time                          -5.468    
  -------------------------------------------------------------------
                         slack                                  2.487    

Slack (MET) :             2.498ns  (required time - arrival time)
  Source:                 ps/axi_slave_gp0/rd_do_reg/C
                            (rising edge-triggered cell FDRE clocked by clk_fpga_0  {rise@0.000ns fall@4.000ns period=8.000ns})
  Destination:            sys_bus_interconnect/for_bus[2].inst_sys_bus_cdc/bus_m\\.addr_reg[5]_rep__1/D
                            (rising edge-triggered cell FDRE clocked by pll_adc_clk  {rise@0.000ns fall@4.000ns period=8.000ns})
  Path Group:             pll_adc_clk
  Path Type:              Setup (Max at Slow Process Corner)
  Requirement:            8.000ns  (MaxDelay Path 8.000ns)
  Data Path Delay:        5.233ns  (logic 0.606ns (11.581%)  route 4.627ns (88.419%))
  Logic Levels:           1  (LUT3=1)
  Timing Exception:       MaxDelay Path 8.000ns -datapath_only

    Location             Delay type                Incr(ns)  Path(ns)    Netlist Resource(s)
  -------------------------------------------------------------------    -------------------
    SLICE_X2Y44                                       0.000     0.000 r  ps/axi_slave_gp0/rd_do_reg/C
    SLICE_X2Y44          FDRE (Prop_fdre_C_Q)         0.456     0.456 r  ps/axi_slave_gp0/rd_do_reg/Q
                         net (fo=37, routed)          1.139     1.595    ps/axi_slave_gp0/rd_do
    SLICE_X1Y41          LUT3 (Prop_lut3_I2_O)        0.150     1.745 r  ps/axi_slave_gp0/bus_m\\.addr[5]_i_1/O
                         net (fo=12, routed)          3.487     5.233    sys_bus_interconnect/for_bus[2].inst_sys_bus_cdc/bus_m\\.addr_reg[19]_0[5]
    SLICE_X21Y64         FDRE                                         r  sys_bus_interconnect/for_bus[2].inst_sys_bus_cdc/bus_m\\.addr_reg[5]_rep__1/D
  -------------------------------------------------------------------    -------------------

                         max delay                    8.000     8.000    
    SLICE_X21Y64         FDRE (Setup_fdre_C_D)       -0.269     7.731    sys_bus_interconnect/for_bus[2].inst_sys_bus_cdc/bus_m\\.addr_reg[5]_rep__1
  -------------------------------------------------------------------
                         required time                          7.731    
                         arrival time                          -5.233    
  -------------------------------------------------------------------
                         slack                                  2.498    

Slack (MET) :             2.529ns  (required time - arrival time)
  Source:                 ps/axi_slave_gp0/rd_do_reg/C
                            (rising edge-triggered cell FDRE clocked by clk_fpga_0  {rise@0.000ns fall@4.000ns period=8.000ns})
  Destination:            sys_bus_interconnect/for_bus[3].inst_sys_bus_cdc/bus_m\\.addr_reg[0]/D
                            (rising edge-triggered cell FDRE clocked by pll_adc_clk  {rise@0.000ns fall@4.000ns period=8.000ns})
  Path Group:             pll_adc_clk
  Path Type:              Setup (Max at Slow Process Corner)
  Requirement:            8.000ns  (MaxDelay Path 8.000ns)
  Data Path Delay:        5.440ns  (logic 0.580ns (10.662%)  route 4.860ns (89.338%))
  Logic Levels:           1  (LUT3=1)
  Timing Exception:       MaxDelay Path 8.000ns -datapath_only

    Location             Delay type                Incr(ns)  Path(ns)    Netlist Resource(s)
  -------------------------------------------------------------------    -------------------
    SLICE_X2Y44                                       0.000     0.000 r  ps/axi_slave_gp0/rd_do_reg/C
    SLICE_X2Y44          FDRE (Prop_fdre_C_Q)         0.456     0.456 r  ps/axi_slave_gp0/rd_do_reg/Q
                         net (fo=37, routed)          1.322     1.778    ps/axi_slave_gp0/rd_do
    SLICE_X3Y41          LUT3 (Prop_lut3_I2_O)        0.124     1.902 r  ps/axi_slave_gp0/bus_m\\.addr[0]_i_1/O
                         net (fo=6, routed)           3.538     5.440    sys_bus_interconnect/for_bus[3].inst_sys_bus_cdc/bus_m\\.addr_reg[19]_0[0]
    SLICE_X38Y69         FDRE                                         r  sys_bus_interconnect/for_bus[3].inst_sys_bus_cdc/bus_m\\.addr_reg[0]/D
  -------------------------------------------------------------------    -------------------

                         max delay                    8.000     8.000    
    SLICE_X38Y69         FDRE (Setup_fdre_C_D)       -0.031     7.969    sys_bus_interconnect/for_bus[3].inst_sys_bus_cdc/bus_m\\.addr_reg[0]
  -------------------------------------------------------------------
                         required time                          7.969    
                         arrival time                          -5.440    
  -------------------------------------------------------------------
                         slack                                  2.529    

Slack (MET) :             2.540ns  (required time - arrival time)
  Source:                 ps/axi_slave_gp0/rd_do_reg/C
                            (rising edge-triggered cell FDRE clocked by clk_fpga_0  {rise@0.000ns fall@4.000ns period=8.000ns})
  Destination:            sys_bus_interconnect/for_bus[1].inst_sys_bus_cdc/bus_m\\.addr_reg[3]/D
                            (rising edge-triggered cell FDRE clocked by pll_adc_clk  {rise@0.000ns fall@4.000ns period=8.000ns})
  Path Group:             pll_adc_clk
  Path Type:              Setup (Max at Slow Process Corner)
  Requirement:            8.000ns  (MaxDelay Path 8.000ns)
  Data Path Delay:        5.191ns  (logic 0.606ns (11.674%)  route 4.585ns (88.326%))
  Logic Levels:           1  (LUT3=1)
  Timing Exception:       MaxDelay Path 8.000ns -datapath_only

    Location             Delay type                Incr(ns)  Path(ns)    Netlist Resource(s)
  -------------------------------------------------------------------    -------------------
    SLICE_X2Y44                                       0.000     0.000 r  ps/axi_slave_gp0/rd_do_reg/C
    SLICE_X2Y44          FDRE (Prop_fdre_C_Q)         0.456     0.456 r  ps/axi_slave_gp0/rd_do_reg/Q
                         net (fo=37, routed)          1.289     1.745    ps/axi_slave_gp0/rd_do
    SLICE_X1Y40          LUT3 (Prop_lut3_I2_O)        0.150     1.895 r  ps/axi_slave_gp0/bus_m\\.addr[3]_i_1/O
                         net (fo=8, routed)           3.297     5.191    sys_bus_interconnect/for_bus[1].inst_sys_bus_cdc/bus_m\\.addr_reg[19]_0[3]
    SLICE_X29Y24         FDRE                                         r  sys_bus_interconnect/for_bus[1].inst_sys_bus_cdc/bus_m\\.addr_reg[3]/D
  -------------------------------------------------------------------    -------------------

                         max delay                    8.000     8.000    
    SLICE_X29Y24         FDRE (Setup_fdre_C_D)       -0.269     7.731    sys_bus_interconnect/for_bus[1].inst_sys_bus_cdc/bus_m\\.addr_reg[3]
  -------------------------------------------------------------------
                         required time                          7.731    
                         arrival time                          -5.191    
  -------------------------------------------------------------------
                         slack                                  2.540    





---------------------------------------------------------------------------------------------------
From Clock:  pll_adc_clk
  To Clock:  pll_dac_clk_1x

Setup :            0  Failing Endpoints,  Worst Slack        2.940ns,  Total Violation        0.000ns
Hold  :            0  Failing Endpoints,  Worst Slack        0.135ns,  Total Violation        0.000ns
---------------------------------------------------------------------------------------------------


Max Delay Paths
--------------------------------------------------------------------------------------
Slack (MET) :             2.940ns  (required time - arrival time)
  Source:                 i_asg/chB/dac_o_reg[1]/C
                            (rising edge-triggered cell FDSE clocked by pll_adc_clk  {rise@0.000ns fall@4.000ns period=8.000ns})
  Destination:            dac_dat_b_reg[6]/D
                            (rising edge-triggered cell FDRE clocked by pll_dac_clk_1x  {rise@0.000ns fall@4.000ns period=8.000ns})
  Path Group:             pll_dac_clk_1x
  Path Type:              Setup (Max at Slow Process Corner)
  Requirement:            8.000ns  (pll_dac_clk_1x rise@8.000ns - pll_adc_clk rise@0.000ns)
  Data Path Delay:        4.687ns  (logic 2.114ns (45.108%)  route 2.573ns (54.892%))
  Logic Levels:           6  (CARRY4=4 LUT2=1 LUT5=1)
  Clock Path Skew:        -0.263ns (DCD - SCD + CPR)
    Destination Clock Delay (DCD):    5.447ns = ( 13.447 - 8.000 ) 
    Source Clock Delay      (SCD):    5.883ns
    Clock Pessimism Removal (CPR):    0.173ns
  Clock Uncertainty:      0.189ns  ((TSJ^2 + DJ^2)^1/2) / 2 + PE
    Total System Jitter     (TSJ):    0.071ns
    Discrete Jitter          (DJ):    0.118ns
    Phase Error              (PE):    0.120ns

    Location             Delay type                Incr(ns)  Path(ns)    Netlist Resource(s)
  -------------------------------------------------------------------    -------------------
                         (clock pll_adc_clk rise edge)
                                                      0.000     0.000 r  
    U18                                               0.000     0.000 r  adc_clk_i[1] (IN)
                         net (fo=0)                   0.000     0.000    adc_clk_i[1]
    U18                  IBUFDS (Prop_ibufds_I_O)     0.983     0.983 r  i_clk/O
                         net (fo=1, routed)           1.306     2.289    pll/adc_clk_in
    PLLE2_ADV_X0Y0       PLLE2_ADV (Prop_plle2_adv_CLKIN1_CLKOUT0)
                                                      0.089     2.378 r  pll/pll/CLKOUT0
                         net (fo=1, routed)           1.754     4.132    pll_adc_clk
    BUFGCTRL_X0Y0        BUFG (Prop_bufg_I_O)         0.101     4.233 r  bufg_adc_clk/O
                         net (fo=9778, routed)        1.650     5.883    i_asg/chB/adc_clk
    SLICE_X31Y70         FDSE                                         r  i_asg/chB/dac_o_reg[1]/C
  -------------------------------------------------------------------    -------------------
    SLICE_X31Y70         FDSE (Prop_fdse_C_Q)         0.419     6.302 r  i_asg/chB/dac_o_reg[1]/Q
                         net (fo=2, routed)           0.631     6.933    i_asg/chB/asg_dat[1][1]
    SLICE_X30Y69         LUT2 (Prop_lut2_I0_O)        0.299     7.232 r  i_asg/chB/int_sum_i_85__0/O
                         net (fo=1, routed)           0.000     7.232    i_asg/chB/int_sum_i_85__0_n_0
    SLICE_X30Y69         CARRY4 (Prop_carry4_S[1]_CO[3])
                                                      0.533     7.765 r  i_asg/chB/int_sum_i_68__0/CO[3]
                         net (fo=1, routed)           0.000     7.765    i_asg/chB/int_sum_i_68__0_n_0
    SLICE_X30Y70         CARRY4 (Prop_carry4_CI_CO[3])
                                                      0.117     7.882 r  i_asg/chB/int_sum_i_63__0/CO[3]
                         net (fo=1, routed)           0.000     7.882    i_asg/chB/int_sum_i_63__0_n_0
    SLICE_X30Y71         CARRY4 (Prop_carry4_CI_CO[3])
                                                      0.117     7.999 r  i_asg/chB/int_sum_i_58__0/CO[3]
                         net (fo=1, routed)           0.000     7.999    i_asg/chB/int_sum_i_58__0_n_0
    SLICE_X30Y72         CARRY4 (Prop_carry4_CI_O[1])
                                                      0.323     8.322 f  i_asg/chB/int_sum_i_54__0/O[1]
                         net (fo=26, routed)          1.941    10.264    i_asg/chB/O[1]
    SLICE_X38Y67         LUT5 (Prop_lut5_I3_O)        0.306    10.570 r  i_asg/chB/dac_dat_b[6]_i_1/O
                         net (fo=1, routed)           0.000    10.570    i_asg_n_473
    SLICE_X38Y67         FDRE                                         r  dac_dat_b_reg[6]/D
  -------------------------------------------------------------------    -------------------

                         (clock pll_dac_clk_1x rise edge)
                                                      8.000     8.000 r  
    U18                                               0.000     8.000 r  adc_clk_i[1] (IN)
                         net (fo=0)                   0.000     8.000    adc_clk_i[1]
    U18                  IBUFDS (Prop_ibufds_I_O)     0.940     8.940 r  i_clk/O
                         net (fo=1, routed)           1.181    10.121    pll/adc_clk_in
    PLLE2_ADV_X0Y0       PLLE2_ADV (Prop_plle2_adv_CLKIN1_CLKOUT1)
                                                      0.084    10.205 r  pll/pll/CLKOUT1
                         net (fo=1, routed)           1.594    11.799    pll_dac_clk_1x
    BUFGCTRL_X0Y5        BUFG (Prop_bufg_I_O)         0.091    11.890 r  bufg_dac_clk_1x/O
                         net (fo=45, routed)          1.557    13.447    dac_clk_1x
    SLICE_X38Y67         FDRE                                         r  dac_dat_b_reg[6]/C
                         clock pessimism              0.173    13.620    
                         clock uncertainty           -0.189    13.431    
    SLICE_X38Y67         FDRE (Setup_fdre_C_D)        0.079    13.510    dac_dat_b_reg[6]
  -------------------------------------------------------------------
                         required time                         13.510    
                         arrival time                         -10.570    
  -------------------------------------------------------------------
                         slack                                  2.940    

Slack (MET) :             3.053ns  (required time - arrival time)
  Source:                 i_asg/chB/dac_o_reg[1]/C
                            (rising edge-triggered cell FDSE clocked by pll_adc_clk  {rise@0.000ns fall@4.000ns period=8.000ns})
  Destination:            dac_dat_b_reg[13]/D
                            (rising edge-triggered cell FDRE clocked by pll_dac_clk_1x  {rise@0.000ns fall@4.000ns period=8.000ns})
  Path Group:             pll_dac_clk_1x
  Path Type:              Setup (Max at Slow Process Corner)
  Requirement:            8.000ns  (pll_dac_clk_1x rise@8.000ns - pll_adc_clk rise@0.000ns)
  Data Path Delay:        4.568ns  (logic 2.054ns (44.967%)  route 2.514ns (55.033%))
  Logic Levels:           6  (CARRY4=4 LUT2=1 LUT3=1)
  Clock Path Skew:        -0.265ns (DCD - SCD + CPR)
    Destination Clock Delay (DCD):    5.445ns = ( 13.445 - 8.000 ) 
    Source Clock Delay      (SCD):    5.883ns
    Clock Pessimism Removal (CPR):    0.173ns
  Clock Uncertainty:      0.189ns  ((TSJ^2 + DJ^2)^1/2) / 2 + PE
    Total System Jitter     (TSJ):    0.071ns
    Discrete Jitter          (DJ):    0.118ns
    Phase Error              (PE):    0.120ns

    Location             Delay type                Incr(ns)  Path(ns)    Netlist Resource(s)
  -------------------------------------------------------------------    -------------------
                         (clock pll_adc_clk rise edge)
                                                      0.000     0.000 r  
    U18                                               0.000     0.000 r  adc_clk_i[1] (IN)
                         net (fo=0)                   0.000     0.000    adc_clk_i[1]
    U18                  IBUFDS (Prop_ibufds_I_O)     0.983     0.983 r  i_clk/O
                         net (fo=1, routed)           1.306     2.289    pll/adc_clk_in
    PLLE2_ADV_X0Y0       PLLE2_ADV (Prop_plle2_adv_CLKIN1_CLKOUT0)
                                                      0.089     2.378 r  pll/pll/CLKOUT0
                         net (fo=1, routed)           1.754     4.132    pll_adc_clk
    BUFGCTRL_X0Y0        BUFG (Prop_bufg_I_O)         0.101     4.233 r  bufg_adc_clk/O
                         net (fo=9778, routed)        1.650     5.883    i_asg/chB/adc_clk
    SLICE_X31Y70         FDSE                                         r  i_asg/chB/dac_o_reg[1]/C
  -------------------------------------------------------------------    -------------------
    SLICE_X31Y70         FDSE (Prop_fdse_C_Q)         0.419     6.302 r  i_asg/chB/dac_o_reg[1]/Q
                         net (fo=2, routed)           0.631     6.933    i_asg/chB/asg_dat[1][1]
    SLICE_X30Y69         LUT2 (Prop_lut2_I0_O)        0.299     7.232 r  i_asg/chB/int_sum_i_85__0/O
                         net (fo=1, routed)           0.000     7.232    i_asg/chB/int_sum_i_85__0_n_0
    SLICE_X30Y69         CARRY4 (Prop_carry4_S[1]_CO[3])
                                                      0.533     7.765 r  i_asg/chB/int_sum_i_68__0/CO[3]
                         net (fo=1, routed)           0.000     7.765    i_asg/chB/int_sum_i_68__0_n_0
    SLICE_X30Y70         CARRY4 (Prop_carry4_CI_CO[3])
                                                      0.117     7.882 r  i_asg/chB/int_sum_i_63__0/CO[3]
                         net (fo=1, routed)           0.000     7.882    i_asg/chB/int_sum_i_63__0_n_0
    SLICE_X30Y71         CARRY4 (Prop_carry4_CI_CO[3])
                                                      0.117     7.999 r  i_asg/chB/int_sum_i_58__0/CO[3]
                         net (fo=1, routed)           0.000     7.999    i_asg/chB/int_sum_i_58__0_n_0
    SLICE_X30Y72         CARRY4 (Prop_carry4_CI_CO[2])
                                                      0.229     8.228 f  i_asg/chB/int_sum_i_54__0/CO[2]
                         net (fo=39, routed)          1.882    10.111    i_hk/dac_dat_b_reg[13]_0[0]
    SLICE_X39Y68         LUT3 (Prop_lut3_I2_O)        0.340    10.451 r  i_hk/dac_dat_b[13]_i_1/O
                         net (fo=1, routed)           0.000    10.451    i_hk_n_65
    SLICE_X39Y68         FDRE                                         r  dac_dat_b_reg[13]/D
  -------------------------------------------------------------------    -------------------

                         (clock pll_dac_clk_1x rise edge)
                                                      8.000     8.000 r  
    U18                                               0.000     8.000 r  adc_clk_i[1] (IN)
                         net (fo=0)                   0.000     8.000    adc_clk_i[1]
    U18                  IBUFDS (Prop_ibufds_I_O)     0.940     8.940 r  i_clk/O
                         net (fo=1, routed)           1.181    10.121    pll/adc_clk_in
    PLLE2_ADV_X0Y0       PLLE2_ADV (Prop_plle2_adv_CLKIN1_CLKOUT1)
                                                      0.084    10.205 r  pll/pll/CLKOUT1
                         net (fo=1, routed)           1.594    11.799    pll_dac_clk_1x
    BUFGCTRL_X0Y5        BUFG (Prop_bufg_I_O)         0.091    11.890 r  bufg_dac_clk_1x/O
                         net (fo=45, routed)          1.555    13.445    dac_clk_1x
    SLICE_X39Y68         FDRE                                         r  dac_dat_b_reg[13]/C
                         clock pessimism              0.173    13.618    
                         clock uncertainty           -0.189    13.429    
    SLICE_X39Y68         FDRE (Setup_fdre_C_D)        0.075    13.504    dac_dat_b_reg[13]
  -------------------------------------------------------------------
                         required time                         13.504    
                         arrival time                         -10.451    
  -------------------------------------------------------------------
                         slack                                  3.053    

Slack (MET) :             3.075ns  (required time - arrival time)
  Source:                 i_asg/chB/dac_o_reg[1]/C
                            (rising edge-triggered cell FDSE clocked by pll_adc_clk  {rise@0.000ns fall@4.000ns period=8.000ns})
  Destination:            dac_dat_b_reg[7]/D
                            (rising edge-triggered cell FDRE clocked by pll_dac_clk_1x  {rise@0.000ns fall@4.000ns period=8.000ns})
  Path Group:             pll_dac_clk_1x
  Path Type:              Setup (Max at Slow Process Corner)
  Requirement:            8.000ns  (pll_dac_clk_1x rise@8.000ns - pll_adc_clk rise@0.000ns)
  Data Path Delay:        4.553ns  (logic 2.114ns (46.430%)  route 2.439ns (53.570%))
  Logic Levels:           6  (CARRY4=4 LUT2=1 LUT5=1)
  Clock Path Skew:        -0.260ns (DCD - SCD + CPR)
    Destination Clock Delay (DCD):    5.450ns = ( 13.450 - 8.000 ) 
    Source Clock Delay      (SCD):    5.883ns
    Clock Pessimism Removal (CPR):    0.173ns
  Clock Uncertainty:      0.189ns  ((TSJ^2 + DJ^2)^1/2) / 2 + PE
    Total System Jitter     (TSJ):    0.071ns
    Discrete Jitter          (DJ):    0.118ns
    Phase Error              (PE):    0.120ns

    Location             Delay type                Incr(ns)  Path(ns)    Netlist Resource(s)
  -------------------------------------------------------------------    -------------------
                         (clock pll_adc_clk rise edge)
                                                      0.000     0.000 r  
    U18                                               0.000     0.000 r  adc_clk_i[1] (IN)
                         net (fo=0)                   0.000     0.000    adc_clk_i[1]
    U18                  IBUFDS (Prop_ibufds_I_O)     0.983     0.983 r  i_clk/O
                         net (fo=1, routed)           1.306     2.289    pll/adc_clk_in
    PLLE2_ADV_X0Y0       PLLE2_ADV (Prop_plle2_adv_CLKIN1_CLKOUT0)
                                                      0.089     2.378 r  pll/pll/CLKOUT0
                         net (fo=1, routed)           1.754     4.132    pll_adc_clk
    BUFGCTRL_X0Y0        BUFG (Prop_bufg_I_O)         0.101     4.233 r  bufg_adc_clk/O
                         net (fo=9778, routed)        1.650     5.883    i_asg/chB/adc_clk
    SLICE_X31Y70         FDSE                                         r  i_asg/chB/dac_o_reg[1]/C
  -------------------------------------------------------------------    -------------------
    SLICE_X31Y70         FDSE (Prop_fdse_C_Q)         0.419     6.302 r  i_asg/chB/dac_o_reg[1]/Q
                         net (fo=2, routed)           0.631     6.933    i_asg/chB/asg_dat[1][1]
    SLICE_X30Y69         LUT2 (Prop_lut2_I0_O)        0.299     7.232 r  i_asg/chB/int_sum_i_85__0/O
                         net (fo=1, routed)           0.000     7.232    i_asg/chB/int_sum_i_85__0_n_0
    SLICE_X30Y69         CARRY4 (Prop_carry4_S[1]_CO[3])
                                                      0.533     7.765 r  i_asg/chB/int_sum_i_68__0/CO[3]
                         net (fo=1, routed)           0.000     7.765    i_asg/chB/int_sum_i_68__0_n_0
    SLICE_X30Y70         CARRY4 (Prop_carry4_CI_CO[3])
                                                      0.117     7.882 r  i_asg/chB/int_sum_i_63__0/CO[3]
                         net (fo=1, routed)           0.000     7.882    i_asg/chB/int_sum_i_63__0_n_0
    SLICE_X30Y71         CARRY4 (Prop_carry4_CI_CO[3])
                                                      0.117     7.999 r  i_asg/chB/int_sum_i_58__0/CO[3]
                         net (fo=1, routed)           0.000     7.999    i_asg/chB/int_sum_i_58__0_n_0
    SLICE_X30Y72         CARRY4 (Prop_carry4_CI_O[1])
                                                      0.323     8.322 f  i_asg/chB/int_sum_i_54__0/O[1]
                         net (fo=26, routed)          1.808    10.130    i_asg/chB/O[1]
    SLICE_X38Y64         LUT5 (Prop_lut5_I3_O)        0.306    10.436 r  i_asg/chB/dac_dat_b[7]_i_1/O
                         net (fo=1, routed)           0.000    10.436    i_asg_n_472
    SLICE_X38Y64         FDRE                                         r  dac_dat_b_reg[7]/D
  -------------------------------------------------------------------    -------------------

                         (clock pll_dac_clk_1x rise edge)
                                                      8.000     8.000 r  
    U18                                               0.000     8.000 r  adc_clk_i[1] (IN)
                         net (fo=0)                   0.000     8.000    adc_clk_i[1]
    U18                  IBUFDS (Prop_ibufds_I_O)     0.940     8.940 r  i_clk/O
                         net (fo=1, routed)           1.181    10.121    pll/adc_clk_in
    PLLE2_ADV_X0Y0       PLLE2_ADV (Prop_plle2_adv_CLKIN1_CLKOUT1)
                                                      0.084    10.205 r  pll/pll/CLKOUT1
                         net (fo=1, routed)           1.594    11.799    pll_dac_clk_1x
    BUFGCTRL_X0Y5        BUFG (Prop_bufg_I_O)         0.091    11.890 r  bufg_dac_clk_1x/O
                         net (fo=45, routed)          1.560    13.450    dac_clk_1x
    SLICE_X38Y64         FDRE                                         r  dac_dat_b_reg[7]/C
                         clock pessimism              0.173    13.623    
                         clock uncertainty           -0.189    13.434    
    SLICE_X38Y64         FDRE (Setup_fdre_C_D)        0.077    13.511    dac_dat_b_reg[7]
  -------------------------------------------------------------------
                         required time                         13.511    
                         arrival time                         -10.436    
  -------------------------------------------------------------------
                         slack                                  3.075    

Slack (MET) :             3.089ns  (required time - arrival time)
  Source:                 i_asg/chB/dac_o_reg[1]/C
                            (rising edge-triggered cell FDSE clocked by pll_adc_clk  {rise@0.000ns fall@4.000ns period=8.000ns})
  Destination:            dac_dat_b_reg[8]/D
                            (rising edge-triggered cell FDRE clocked by pll_dac_clk_1x  {rise@0.000ns fall@4.000ns period=8.000ns})
  Path Group:             pll_dac_clk_1x
  Path Type:              Setup (Max at Slow Process Corner)
  Requirement:            8.000ns  (pll_dac_clk_1x rise@8.000ns - pll_adc_clk rise@0.000ns)
  Data Path Delay:        4.543ns  (logic 2.114ns (46.532%)  route 2.429ns (53.468%))
  Logic Levels:           6  (CARRY4=4 LUT2=1 LUT5=1)
  Clock Path Skew:        -0.260ns (DCD - SCD + CPR)
    Destination Clock Delay (DCD):    5.450ns = ( 13.450 - 8.000 ) 
    Source Clock Delay      (SCD):    5.883ns
    Clock Pessimism Removal (CPR):    0.173ns
  Clock Uncertainty:      0.189ns  ((TSJ^2 + DJ^2)^1/2) / 2 + PE
    Total System Jitter     (TSJ):    0.071ns
    Discrete Jitter          (DJ):    0.118ns
    Phase Error              (PE):    0.120ns

    Location             Delay type                Incr(ns)  Path(ns)    Netlist Resource(s)
  -------------------------------------------------------------------    -------------------
                         (clock pll_adc_clk rise edge)
                                                      0.000     0.000 r  
    U18                                               0.000     0.000 r  adc_clk_i[1] (IN)
                         net (fo=0)                   0.000     0.000    adc_clk_i[1]
    U18                  IBUFDS (Prop_ibufds_I_O)     0.983     0.983 r  i_clk/O
                         net (fo=1, routed)           1.306     2.289    pll/adc_clk_in
    PLLE2_ADV_X0Y0       PLLE2_ADV (Prop_plle2_adv_CLKIN1_CLKOUT0)
                                                      0.089     2.378 r  pll/pll/CLKOUT0
                         net (fo=1, routed)           1.754     4.132    pll_adc_clk
    BUFGCTRL_X0Y0        BUFG (Prop_bufg_I_O)         0.101     4.233 r  bufg_adc_clk/O
                         net (fo=9778, routed)        1.650     5.883    i_asg/chB/adc_clk
    SLICE_X31Y70         FDSE                                         r  i_asg/chB/dac_o_reg[1]/C
  -------------------------------------------------------------------    -------------------
    SLICE_X31Y70         FDSE (Prop_fdse_C_Q)         0.419     6.302 r  i_asg/chB/dac_o_reg[1]/Q
                         net (fo=2, routed)           0.631     6.933    i_asg/chB/asg_dat[1][1]
    SLICE_X30Y69         LUT2 (Prop_lut2_I0_O)        0.299     7.232 r  i_asg/chB/int_sum_i_85__0/O
                         net (fo=1, routed)           0.000     7.232    i_asg/chB/int_sum_i_85__0_n_0
    SLICE_X30Y69         CARRY4 (Prop_carry4_S[1]_CO[3])
                                                      0.533     7.765 r  i_asg/chB/int_sum_i_68__0/CO[3]
                         net (fo=1, routed)           0.000     7.765    i_asg/chB/int_sum_i_68__0_n_0
    SLICE_X30Y70         CARRY4 (Prop_carry4_CI_CO[3])
                                                      0.117     7.882 r  i_asg/chB/int_sum_i_63__0/CO[3]
                         net (fo=1, routed)           0.000     7.882    i_asg/chB/int_sum_i_63__0_n_0
    SLICE_X30Y71         CARRY4 (Prop_carry4_CI_CO[3])
                                                      0.117     7.999 r  i_asg/chB/int_sum_i_58__0/CO[3]
                         net (fo=1, routed)           0.000     7.999    i_asg/chB/int_sum_i_58__0_n_0
    SLICE_X30Y72         CARRY4 (Prop_carry4_CI_O[1])
                                                      0.323     8.322 f  i_asg/chB/int_sum_i_54__0/O[1]
                         net (fo=26, routed)          1.798    10.120    i_asg/chB/O[1]
    SLICE_X38Y64         LUT5 (Prop_lut5_I3_O)        0.306    10.426 r  i_asg/chB/dac_dat_b[8]_i_1/O
                         net (fo=1, routed)           0.000    10.426    i_asg_n_471
    SLICE_X38Y64         FDRE                                         r  dac_dat_b_reg[8]/D
  -------------------------------------------------------------------    -------------------

                         (clock pll_dac_clk_1x rise edge)
                                                      8.000     8.000 r  
    U18                                               0.000     8.000 r  adc_clk_i[1] (IN)
                         net (fo=0)                   0.000     8.000    adc_clk_i[1]
    U18                  IBUFDS (Prop_ibufds_I_O)     0.940     8.940 r  i_clk/O
                         net (fo=1, routed)           1.181    10.121    pll/adc_clk_in
    PLLE2_ADV_X0Y0       PLLE2_ADV (Prop_plle2_adv_CLKIN1_CLKOUT1)
                                                      0.084    10.205 r  pll/pll/CLKOUT1
                         net (fo=1, routed)           1.594    11.799    pll_dac_clk_1x
    BUFGCTRL_X0Y5        BUFG (Prop_bufg_I_O)         0.091    11.890 r  bufg_dac_clk_1x/O
                         net (fo=45, routed)          1.560    13.450    dac_clk_1x
    SLICE_X38Y64         FDRE                                         r  dac_dat_b_reg[8]/C
                         clock pessimism              0.173    13.623    
                         clock uncertainty           -0.189    13.434    
    SLICE_X38Y64         FDRE (Setup_fdre_C_D)        0.081    13.515    dac_dat_b_reg[8]
  -------------------------------------------------------------------
                         required time                         13.515    
                         arrival time                         -10.426    
  -------------------------------------------------------------------
                         slack                                  3.089    

Slack (MET) :             3.126ns  (required time - arrival time)
  Source:                 i_asg/chB/dac_o_reg[1]/C
                            (rising edge-triggered cell FDSE clocked by pll_adc_clk  {rise@0.000ns fall@4.000ns period=8.000ns})
  Destination:            dac_dat_b_reg[1]/D
                            (rising edge-triggered cell FDRE clocked by pll_dac_clk_1x  {rise@0.000ns fall@4.000ns period=8.000ns})
  Path Group:             pll_dac_clk_1x
  Path Type:              Setup (Max at Slow Process Corner)
  Requirement:            8.000ns  (pll_dac_clk_1x rise@8.000ns - pll_adc_clk rise@0.000ns)
  Data Path Delay:        4.448ns  (logic 2.114ns (47.527%)  route 2.334ns (52.473%))
  Logic Levels:           6  (CARRY4=4 LUT2=1 LUT5=1)
  Clock Path Skew:        -0.266ns (DCD - SCD + CPR)
    Destination Clock Delay (DCD):    5.444ns = ( 13.444 - 8.000 ) 
    Source Clock Delay      (SCD):    5.883ns
    Clock Pessimism Removal (CPR):    0.173ns
  Clock Uncertainty:      0.189ns  ((TSJ^2 + DJ^2)^1/2) / 2 + PE
    Total System Jitter     (TSJ):    0.071ns
    Discrete Jitter          (DJ):    0.118ns
    Phase Error              (PE):    0.120ns

    Location             Delay type                Incr(ns)  Path(ns)    Netlist Resource(s)
  -------------------------------------------------------------------    -------------------
                         (clock pll_adc_clk rise edge)
                                                      0.000     0.000 r  
    U18                                               0.000     0.000 r  adc_clk_i[1] (IN)
                         net (fo=0)                   0.000     0.000    adc_clk_i[1]
    U18                  IBUFDS (Prop_ibufds_I_O)     0.983     0.983 r  i_clk/O
                         net (fo=1, routed)           1.306     2.289    pll/adc_clk_in
    PLLE2_ADV_X0Y0       PLLE2_ADV (Prop_plle2_adv_CLKIN1_CLKOUT0)
                                                      0.089     2.378 r  pll/pll/CLKOUT0
                         net (fo=1, routed)           1.754     4.132    pll_adc_clk
    BUFGCTRL_X0Y0        BUFG (Prop_bufg_I_O)         0.101     4.233 r  bufg_adc_clk/O
                         net (fo=9778, routed)        1.650     5.883    i_asg/chB/adc_clk
    SLICE_X31Y70         FDSE                                         r  i_asg/chB/dac_o_reg[1]/C
  -------------------------------------------------------------------    -------------------
    SLICE_X31Y70         FDSE (Prop_fdse_C_Q)         0.419     6.302 r  i_asg/chB/dac_o_reg[1]/Q
                         net (fo=2, routed)           0.631     6.933    i_asg/chB/asg_dat[1][1]
    SLICE_X30Y69         LUT2 (Prop_lut2_I0_O)        0.299     7.232 r  i_asg/chB/int_sum_i_85__0/O
                         net (fo=1, routed)           0.000     7.232    i_asg/chB/int_sum_i_85__0_n_0
    SLICE_X30Y69         CARRY4 (Prop_carry4_S[1]_CO[3])
                                                      0.533     7.765 r  i_asg/chB/int_sum_i_68__0/CO[3]
                         net (fo=1, routed)           0.000     7.765    i_asg/chB/int_sum_i_68__0_n_0
    SLICE_X30Y70         CARRY4 (Prop_carry4_CI_CO[3])
                                                      0.117     7.882 r  i_asg/chB/int_sum_i_63__0/CO[3]
                         net (fo=1, routed)           0.000     7.882    i_asg/chB/int_sum_i_63__0_n_0
    SLICE_X30Y71         CARRY4 (Prop_carry4_CI_CO[3])
                                                      0.117     7.999 r  i_asg/chB/int_sum_i_58__0/CO[3]
                         net (fo=1, routed)           0.000     7.999    i_asg/chB/int_sum_i_58__0_n_0
    SLICE_X30Y72         CARRY4 (Prop_carry4_CI_O[1])
                                                      0.323     8.322 f  i_asg/chB/int_sum_i_54__0/O[1]
                         net (fo=26, routed)          1.703    10.025    i_asg/chB/O[1]
    SLICE_X37Y69         LUT5 (Prop_lut5_I3_O)        0.306    10.331 r  i_asg/chB/dac_dat_b[1]_i_1/O
                         net (fo=1, routed)           0.000    10.331    i_asg_n_478
    SLICE_X37Y69         FDRE                                         r  dac_dat_b_reg[1]/D
  -------------------------------------------------------------------    -------------------

                         (clock pll_dac_clk_1x rise edge)
                                                      8.000     8.000 r  
    U18                                               0.000     8.000 r  adc_clk_i[1] (IN)
                         net (fo=0)                   0.000     8.000    adc_clk_i[1]
    U18                  IBUFDS (Prop_ibufds_I_O)     0.940     8.940 r  i_clk/O
                         net (fo=1, routed)           1.181    10.121    pll/adc_clk_in
    PLLE2_ADV_X0Y0       PLLE2_ADV (Prop_plle2_adv_CLKIN1_CLKOUT1)
                                                      0.084    10.205 r  pll/pll/CLKOUT1
                         net (fo=1, routed)           1.594    11.799    pll_dac_clk_1x
    BUFGCTRL_X0Y5        BUFG (Prop_bufg_I_O)         0.091    11.890 r  bufg_dac_clk_1x/O
                         net (fo=45, routed)          1.554    13.444    dac_clk_1x
    SLICE_X37Y69         FDRE                                         r  dac_dat_b_reg[1]/C
                         clock pessimism              0.173    13.617    
                         clock uncertainty           -0.189    13.428    
    SLICE_X37Y69         FDRE (Setup_fdre_C_D)        0.029    13.457    dac_dat_b_reg[1]
  -------------------------------------------------------------------
                         required time                         13.457    
                         arrival time                         -10.331    
  -------------------------------------------------------------------
                         slack                                  3.126    

Slack (MET) :             3.139ns  (required time - arrival time)
  Source:                 i_asg/chA/dac_o_reg[1]/C
                            (rising edge-triggered cell FDSE clocked by pll_adc_clk  {rise@0.000ns fall@4.000ns period=8.000ns})
  Destination:            dac_dat_a_reg[7]/D
                            (rising edge-triggered cell FDRE clocked by pll_dac_clk_1x  {rise@0.000ns fall@4.000ns period=8.000ns})
  Path Group:             pll_dac_clk_1x
  Path Type:              Setup (Max at Slow Process Corner)
  Requirement:            8.000ns  (pll_dac_clk_1x rise@8.000ns - pll_adc_clk rise@0.000ns)
  Data Path Delay:        4.483ns  (logic 2.114ns (47.152%)  route 2.369ns (52.848%))
  Logic Levels:           6  (CARRY4=4 LUT2=1 LUT5=1)
  Clock Path Skew:        -0.265ns (DCD - SCD + CPR)
    Destination Clock Delay (DCD):    5.447ns = ( 13.447 - 8.000 ) 
    Source Clock Delay      (SCD):    5.885ns
    Clock Pessimism Removal (CPR):    0.173ns
  Clock Uncertainty:      0.189ns  ((TSJ^2 + DJ^2)^1/2) / 2 + PE
    Total System Jitter     (TSJ):    0.071ns
    Discrete Jitter          (DJ):    0.118ns
    Phase Error              (PE):    0.120ns

    Location             Delay type                Incr(ns)  Path(ns)    Netlist Resource(s)
  -------------------------------------------------------------------    -------------------
                         (clock pll_adc_clk rise edge)
                                                      0.000     0.000 r  
    U18                                               0.000     0.000 r  adc_clk_i[1] (IN)
                         net (fo=0)                   0.000     0.000    adc_clk_i[1]
    U18                  IBUFDS (Prop_ibufds_I_O)     0.983     0.983 r  i_clk/O
                         net (fo=1, routed)           1.306     2.289    pll/adc_clk_in
    PLLE2_ADV_X0Y0       PLLE2_ADV (Prop_plle2_adv_CLKIN1_CLKOUT0)
                                                      0.089     2.378 r  pll/pll/CLKOUT0
                         net (fo=1, routed)           1.754     4.132    pll_adc_clk
    BUFGCTRL_X0Y0        BUFG (Prop_bufg_I_O)         0.101     4.233 r  bufg_adc_clk/O
                         net (fo=9778, routed)        1.652     5.885    i_asg/chA/adc_clk
    SLICE_X33Y68         FDSE                                         r  i_asg/chA/dac_o_reg[1]/C
  -------------------------------------------------------------------    -------------------
    SLICE_X33Y68         FDSE (Prop_fdse_C_Q)         0.419     6.304 r  i_asg/chA/dac_o_reg[1]/Q
                         net (fo=2, routed)           0.812     7.116    i_asg/chA/asg_dat[0][1]
    SLICE_X34Y68         LUT2 (Prop_lut2_I0_O)        0.299     7.415 r  i_asg/chA/int_sum_i_88/O
                         net (fo=1, routed)           0.000     7.415    i_asg/chA/int_sum_i_88_n_0
    SLICE_X34Y68         CARRY4 (Prop_carry4_S[1]_CO[3])
                                                      0.533     7.948 r  i_asg/chA/int_sum_i_68/CO[3]
                         net (fo=1, routed)           0.000     7.948    i_asg/chA/int_sum_i_68_n_0
    SLICE_X34Y69         CARRY4 (Prop_carry4_CI_CO[3])
                                                      0.117     8.065 r  i_asg/chA/int_sum_i_63/CO[3]
                         net (fo=1, routed)           0.000     8.065    i_asg/chA/int_sum_i_63_n_0
    SLICE_X34Y70         CARRY4 (Prop_carry4_CI_CO[3])
                                                      0.117     8.182 r  i_asg/chA/int_sum_i_58/CO[3]
                         net (fo=1, routed)           0.000     8.182    i_asg/chA/int_sum_i_58_n_0
    SLICE_X34Y71         CARRY4 (Prop_carry4_CI_O[1])
                                                      0.323     8.505 f  i_asg/chA/int_sum_i_54/O[1]
                         net (fo=26, routed)          1.557    10.063    i_asg/chA/O[1]
    SLICE_X38Y67         LUT5 (Prop_lut5_I3_O)        0.306    10.369 r  i_asg/chA/dac_dat_a[7]_i_1/O
                         net (fo=1, routed)           0.000    10.369    i_asg_n_445
    SLICE_X38Y67         FDRE                                         r  dac_dat_a_reg[7]/D
  -------------------------------------------------------------------    -------------------

                         (clock pll_dac_clk_1x rise edge)
                                                      8.000     8.000 r  
    U18                                               0.000     8.000 r  adc_clk_i[1] (IN)
                         net (fo=0)                   0.000     8.000    adc_clk_i[1]
    U18                  IBUFDS (Prop_ibufds_I_O)     0.940     8.940 r  i_clk/O
                         net (fo=1, routed)           1.181    10.121    pll/adc_clk_in
    PLLE2_ADV_X0Y0       PLLE2_ADV (Prop_plle2_adv_CLKIN1_CLKOUT1)
                                                      0.084    10.205 r  pll/pll/CLKOUT1
                         net (fo=1, routed)           1.594    11.799    pll_dac_clk_1x
    BUFGCTRL_X0Y5        BUFG (Prop_bufg_I_O)         0.091    11.890 r  bufg_dac_clk_1x/O
                         net (fo=45, routed)          1.557    13.447    dac_clk_1x
    SLICE_X38Y67         FDRE                                         r  dac_dat_a_reg[7]/C
                         clock pessimism              0.173    13.620    
                         clock uncertainty           -0.189    13.431    
    SLICE_X38Y67         FDRE (Setup_fdre_C_D)        0.077    13.508    dac_dat_a_reg[7]
  -------------------------------------------------------------------
                         required time                         13.508    
                         arrival time                         -10.369    
  -------------------------------------------------------------------
                         slack                                  3.139    

Slack (MET) :             3.149ns  (required time - arrival time)
  Source:                 i_asg/chB/dac_o_reg[1]/C
                            (rising edge-triggered cell FDSE clocked by pll_adc_clk  {rise@0.000ns fall@4.000ns period=8.000ns})
  Destination:            dac_dat_b_reg[4]/D
                            (rising edge-triggered cell FDRE clocked by pll_dac_clk_1x  {rise@0.000ns fall@4.000ns period=8.000ns})
  Path Group:             pll_dac_clk_1x
  Path Type:              Setup (Max at Slow Process Corner)
  Requirement:            8.000ns  (pll_dac_clk_1x rise@8.000ns - pll_adc_clk rise@0.000ns)
  Data Path Delay:        4.427ns  (logic 2.024ns (45.721%)  route 2.403ns (54.279%))
  Logic Levels:           6  (CARRY4=4 LUT2=1 LUT5=1)
  Clock Path Skew:        -0.266ns (DCD - SCD + CPR)
    Destination Clock Delay (DCD):    5.444ns = ( 13.444 - 8.000 ) 
    Source Clock Delay      (SCD):    5.883ns
    Clock Pessimism Removal (CPR):    0.173ns
  Clock Uncertainty:      0.189ns  ((TSJ^2 + DJ^2)^1/2) / 2 + PE
    Total System Jitter     (TSJ):    0.071ns
    Discrete Jitter          (DJ):    0.118ns
    Phase Error              (PE):    0.120ns

    Location             Delay type                Incr(ns)  Path(ns)    Netlist Resource(s)
  -------------------------------------------------------------------    -------------------
                         (clock pll_adc_clk rise edge)
                                                      0.000     0.000 r  
    U18                                               0.000     0.000 r  adc_clk_i[1] (IN)
                         net (fo=0)                   0.000     0.000    adc_clk_i[1]
    U18                  IBUFDS (Prop_ibufds_I_O)     0.983     0.983 r  i_clk/O
                         net (fo=1, routed)           1.306     2.289    pll/adc_clk_in
    PLLE2_ADV_X0Y0       PLLE2_ADV (Prop_plle2_adv_CLKIN1_CLKOUT0)
                                                      0.089     2.378 r  pll/pll/CLKOUT0
                         net (fo=1, routed)           1.754     4.132    pll_adc_clk
    BUFGCTRL_X0Y0        BUFG (Prop_bufg_I_O)         0.101     4.233 r  bufg_adc_clk/O
                         net (fo=9778, routed)        1.650     5.883    i_asg/chB/adc_clk
    SLICE_X31Y70         FDSE                                         r  i_asg/chB/dac_o_reg[1]/C
  -------------------------------------------------------------------    -------------------
    SLICE_X31Y70         FDSE (Prop_fdse_C_Q)         0.419     6.302 r  i_asg/chB/dac_o_reg[1]/Q
                         net (fo=2, routed)           0.631     6.933    i_asg/chB/asg_dat[1][1]
    SLICE_X30Y69         LUT2 (Prop_lut2_I0_O)        0.299     7.232 r  i_asg/chB/int_sum_i_85__0/O
                         net (fo=1, routed)           0.000     7.232    i_asg/chB/int_sum_i_85__0_n_0
    SLICE_X30Y69         CARRY4 (Prop_carry4_S[1]_CO[3])
                                                      0.533     7.765 r  i_asg/chB/int_sum_i_68__0/CO[3]
                         net (fo=1, routed)           0.000     7.765    i_asg/chB/int_sum_i_68__0_n_0
    SLICE_X30Y70         CARRY4 (Prop_carry4_CI_CO[3])
                                                      0.117     7.882 r  i_asg/chB/int_sum_i_63__0/CO[3]
                         net (fo=1, routed)           0.000     7.882    i_asg/chB/int_sum_i_63__0_n_0
    SLICE_X30Y71         CARRY4 (Prop_carry4_CI_CO[3])
                                                      0.117     7.999 r  i_asg/chB/int_sum_i_58__0/CO[3]
                         net (fo=1, routed)           0.000     7.999    i_asg/chB/int_sum_i_58__0_n_0
    SLICE_X30Y72         CARRY4 (Prop_carry4_CI_CO[2])
                                                      0.229     8.228 f  i_asg/chB/int_sum_i_54__0/CO[2]
                         net (fo=39, routed)          1.772    10.000    i_asg/chB/CO[0]
    SLICE_X37Y69         LUT5 (Prop_lut5_I2_O)        0.310    10.310 r  i_asg/chB/dac_dat_b[4]_i_1/O
                         net (fo=1, routed)           0.000    10.310    i_asg_n_475
    SLICE_X37Y69         FDRE                                         r  dac_dat_b_reg[4]/D
  -------------------------------------------------------------------    -------------------

                         (clock pll_dac_clk_1x rise edge)
                                                      8.000     8.000 r  
    U18                                               0.000     8.000 r  adc_clk_i[1] (IN)
                         net (fo=0)                   0.000     8.000    adc_clk_i[1]
    U18                  IBUFDS (Prop_ibufds_I_O)     0.940     8.940 r  i_clk/O
                         net (fo=1, routed)           1.181    10.121    pll/adc_clk_in
    PLLE2_ADV_X0Y0       PLLE2_ADV (Prop_plle2_adv_CLKIN1_CLKOUT1)
                                                      0.084    10.205 r  pll/pll/CLKOUT1
                         net (fo=1, routed)           1.594    11.799    pll_dac_clk_1x
    BUFGCTRL_X0Y5        BUFG (Prop_bufg_I_O)         0.091    11.890 r  bufg_dac_clk_1x/O
                         net (fo=45, routed)          1.554    13.444    dac_clk_1x
    SLICE_X37Y69         FDRE                                         r  dac_dat_b_reg[4]/C
                         clock pessimism              0.173    13.617    
                         clock uncertainty           -0.189    13.428    
    SLICE_X37Y69         FDRE (Setup_fdre_C_D)        0.031    13.459    dac_dat_b_reg[4]
  -------------------------------------------------------------------
                         required time                         13.459    
                         arrival time                         -10.310    
  -------------------------------------------------------------------
                         slack                                  3.149    

Slack (MET) :             3.183ns  (required time - arrival time)
  Source:                 i_asg/chB/dac_o_reg[1]/C
                            (rising edge-triggered cell FDSE clocked by pll_adc_clk  {rise@0.000ns fall@4.000ns period=8.000ns})
  Destination:            dac_dat_b_reg[5]/D
                            (rising edge-triggered cell FDRE clocked by pll_dac_clk_1x  {rise@0.000ns fall@4.000ns period=8.000ns})
  Path Group:             pll_dac_clk_1x
  Path Type:              Setup (Max at Slow Process Corner)
  Requirement:            8.000ns  (pll_dac_clk_1x rise@8.000ns - pll_adc_clk rise@0.000ns)
  Data Path Delay:        4.444ns  (logic 2.114ns (47.574%)  route 2.330ns (52.426%))
  Logic Levels:           6  (CARRY4=4 LUT2=1 LUT5=1)
  Clock Path Skew:        -0.265ns (DCD - SCD + CPR)
    Destination Clock Delay (DCD):    5.445ns = ( 13.445 - 8.000 ) 
    Source Clock Delay      (SCD):    5.883ns
    Clock Pessimism Removal (CPR):    0.173ns
  Clock Uncertainty:      0.189ns  ((TSJ^2 + DJ^2)^1/2) / 2 + PE
    Total System Jitter     (TSJ):    0.071ns
    Discrete Jitter          (DJ):    0.118ns
    Phase Error              (PE):    0.120ns

    Location             Delay type                Incr(ns)  Path(ns)    Netlist Resource(s)
  -------------------------------------------------------------------    -------------------
                         (clock pll_adc_clk rise edge)
                                                      0.000     0.000 r  
    U18                                               0.000     0.000 r  adc_clk_i[1] (IN)
                         net (fo=0)                   0.000     0.000    adc_clk_i[1]
    U18                  IBUFDS (Prop_ibufds_I_O)     0.983     0.983 r  i_clk/O
                         net (fo=1, routed)           1.306     2.289    pll/adc_clk_in
    PLLE2_ADV_X0Y0       PLLE2_ADV (Prop_plle2_adv_CLKIN1_CLKOUT0)
                                                      0.089     2.378 r  pll/pll/CLKOUT0
                         net (fo=1, routed)           1.754     4.132    pll_adc_clk
    BUFGCTRL_X0Y0        BUFG (Prop_bufg_I_O)         0.101     4.233 r  bufg_adc_clk/O
                         net (fo=9778, routed)        1.650     5.883    i_asg/chB/adc_clk
    SLICE_X31Y70         FDSE                                         r  i_asg/chB/dac_o_reg[1]/C
  -------------------------------------------------------------------    -------------------
    SLICE_X31Y70         FDSE (Prop_fdse_C_Q)         0.419     6.302 r  i_asg/chB/dac_o_reg[1]/Q
                         net (fo=2, routed)           0.631     6.933    i_asg/chB/asg_dat[1][1]
    SLICE_X30Y69         LUT2 (Prop_lut2_I0_O)        0.299     7.232 r  i_asg/chB/int_sum_i_85__0/O
                         net (fo=1, routed)           0.000     7.232    i_asg/chB/int_sum_i_85__0_n_0
    SLICE_X30Y69         CARRY4 (Prop_carry4_S[1]_CO[3])
                                                      0.533     7.765 r  i_asg/chB/int_sum_i_68__0/CO[3]
                         net (fo=1, routed)           0.000     7.765    i_asg/chB/int_sum_i_68__0_n_0
    SLICE_X30Y70         CARRY4 (Prop_carry4_CI_CO[3])
                                                      0.117     7.882 r  i_asg/chB/int_sum_i_63__0/CO[3]
                         net (fo=1, routed)           0.000     7.882    i_asg/chB/int_sum_i_63__0_n_0
    SLICE_X30Y71         CARRY4 (Prop_carry4_CI_CO[3])
                                                      0.117     7.999 r  i_asg/chB/int_sum_i_58__0/CO[3]
                         net (fo=1, routed)           0.000     7.999    i_asg/chB/int_sum_i_58__0_n_0
    SLICE_X30Y72         CARRY4 (Prop_carry4_CI_O[1])
                                                      0.323     8.322 f  i_asg/chB/int_sum_i_54__0/O[1]
                         net (fo=26, routed)          1.698    10.021    i_asg/chB/O[1]
    SLICE_X38Y68         LUT5 (Prop_lut5_I3_O)        0.306    10.327 r  i_asg/chB/dac_dat_b[5]_i_1/O
                         net (fo=1, routed)           0.000    10.327    i_asg_n_474
    SLICE_X38Y68         FDRE                                         r  dac_dat_b_reg[5]/D
  -------------------------------------------------------------------    -------------------

                         (clock pll_dac_clk_1x rise edge)
                                                      8.000     8.000 r  
    U18                                               0.000     8.000 r  adc_clk_i[1] (IN)
                         net (fo=0)                   0.000     8.000    adc_clk_i[1]
    U18                  IBUFDS (Prop_ibufds_I_O)     0.940     8.940 r  i_clk/O
                         net (fo=1, routed)           1.181    10.121    pll/adc_clk_in
    PLLE2_ADV_X0Y0       PLLE2_ADV (Prop_plle2_adv_CLKIN1_CLKOUT1)
                                                      0.084    10.205 r  pll/pll/CLKOUT1
                         net (fo=1, routed)           1.594    11.799    pll_dac_clk_1x
    BUFGCTRL_X0Y5        BUFG (Prop_bufg_I_O)         0.091    11.890 r  bufg_dac_clk_1x/O
                         net (fo=45, routed)          1.555    13.445    dac_clk_1x
    SLICE_X38Y68         FDRE                                         r  dac_dat_b_reg[5]/C
                         clock pessimism              0.173    13.618    
                         clock uncertainty           -0.189    13.429    
    SLICE_X38Y68         FDRE (Setup_fdre_C_D)        0.081    13.510    dac_dat_b_reg[5]
  -------------------------------------------------------------------
                         required time                         13.510    
                         arrival time                         -10.327    
  -------------------------------------------------------------------
                         slack                                  3.183    

Slack (MET) :             3.241ns  (required time - arrival time)
  Source:                 i_asg/chB/dac_o_reg[1]/C
                            (rising edge-triggered cell FDSE clocked by pll_adc_clk  {rise@0.000ns fall@4.000ns period=8.000ns})
  Destination:            dac_dat_b_reg[9]/D
                            (rising edge-triggered cell FDRE clocked by pll_dac_clk_1x  {rise@0.000ns fall@4.000ns period=8.000ns})
  Path Group:             pll_dac_clk_1x
  Path Type:              Setup (Max at Slow Process Corner)
  Requirement:            8.000ns  (pll_dac_clk_1x rise@8.000ns - pll_adc_clk rise@0.000ns)
  Data Path Delay:        4.389ns  (logic 2.024ns (46.118%)  route 2.365ns (53.882%))
  Logic Levels:           6  (CARRY4=4 LUT2=1 LUT5=1)
  Clock Path Skew:        -0.260ns (DCD - SCD + CPR)
    Destination Clock Delay (DCD):    5.450ns = ( 13.450 - 8.000 ) 
    Source Clock Delay      (SCD):    5.883ns
    Clock Pessimism Removal (CPR):    0.173ns
  Clock Uncertainty:      0.189ns  ((TSJ^2 + DJ^2)^1/2) / 2 + PE
    Total System Jitter     (TSJ):    0.071ns
    Discrete Jitter          (DJ):    0.118ns
    Phase Error              (PE):    0.120ns

    Location             Delay type                Incr(ns)  Path(ns)    Netlist Resource(s)
  -------------------------------------------------------------------    -------------------
                         (clock pll_adc_clk rise edge)
                                                      0.000     0.000 r  
    U18                                               0.000     0.000 r  adc_clk_i[1] (IN)
                         net (fo=0)                   0.000     0.000    adc_clk_i[1]
    U18                  IBUFDS (Prop_ibufds_I_O)     0.983     0.983 r  i_clk/O
                         net (fo=1, routed)           1.306     2.289    pll/adc_clk_in
    PLLE2_ADV_X0Y0       PLLE2_ADV (Prop_plle2_adv_CLKIN1_CLKOUT0)
                                                      0.089     2.378 r  pll/pll/CLKOUT0
                         net (fo=1, routed)           1.754     4.132    pll_adc_clk
    BUFGCTRL_X0Y0        BUFG (Prop_bufg_I_O)         0.101     4.233 r  bufg_adc_clk/O
                         net (fo=9778, routed)        1.650     5.883    i_asg/chB/adc_clk
    SLICE_X31Y70         FDSE                                         r  i_asg/chB/dac_o_reg[1]/C
  -------------------------------------------------------------------    -------------------
    SLICE_X31Y70         FDSE (Prop_fdse_C_Q)         0.419     6.302 r  i_asg/chB/dac_o_reg[1]/Q
                         net (fo=2, routed)           0.631     6.933    i_asg/chB/asg_dat[1][1]
    SLICE_X30Y69         LUT2 (Prop_lut2_I0_O)        0.299     7.232 r  i_asg/chB/int_sum_i_85__0/O
                         net (fo=1, routed)           0.000     7.232    i_asg/chB/int_sum_i_85__0_n_0
    SLICE_X30Y69         CARRY4 (Prop_carry4_S[1]_CO[3])
                                                      0.533     7.765 r  i_asg/chB/int_sum_i_68__0/CO[3]
                         net (fo=1, routed)           0.000     7.765    i_asg/chB/int_sum_i_68__0_n_0
    SLICE_X30Y70         CARRY4 (Prop_carry4_CI_CO[3])
                                                      0.117     7.882 r  i_asg/chB/int_sum_i_63__0/CO[3]
                         net (fo=1, routed)           0.000     7.882    i_asg/chB/int_sum_i_63__0_n_0
    SLICE_X30Y71         CARRY4 (Prop_carry4_CI_CO[3])
                                                      0.117     7.999 r  i_asg/chB/int_sum_i_58__0/CO[3]
                         net (fo=1, routed)           0.000     7.999    i_asg/chB/int_sum_i_58__0_n_0
    SLICE_X30Y72         CARRY4 (Prop_carry4_CI_CO[2])
                                                      0.229     8.228 f  i_asg/chB/int_sum_i_54__0/CO[2]
                         net (fo=39, routed)          1.733     9.962    i_asg/chB/CO[0]
    SLICE_X38Y64         LUT5 (Prop_lut5_I2_O)        0.310    10.272 r  i_asg/chB/dac_dat_b[9]_i_1/O
                         net (fo=1, routed)           0.000    10.272    i_asg_n_470
    SLICE_X38Y64         FDRE                                         r  dac_dat_b_reg[9]/D
  -------------------------------------------------------------------    -------------------

                         (clock pll_dac_clk_1x rise edge)
                                                      8.000     8.000 r  
    U18                                               0.000     8.000 r  adc_clk_i[1] (IN)
                         net (fo=0)                   0.000     8.000    adc_clk_i[1]
    U18                  IBUFDS (Prop_ibufds_I_O)     0.940     8.940 r  i_clk/O
                         net (fo=1, routed)           1.181    10.121    pll/adc_clk_in
    PLLE2_ADV_X0Y0       PLLE2_ADV (Prop_plle2_adv_CLKIN1_CLKOUT1)
                                                      0.084    10.205 r  pll/pll/CLKOUT1
                         net (fo=1, routed)           1.594    11.799    pll_dac_clk_1x
    BUFGCTRL_X0Y5        BUFG (Prop_bufg_I_O)         0.091    11.890 r  bufg_dac_clk_1x/O
                         net (fo=45, routed)          1.560    13.450    dac_clk_1x
    SLICE_X38Y64         FDRE                                         r  dac_dat_b_reg[9]/C
                         clock pessimism              0.173    13.623    
                         clock uncertainty           -0.189    13.434    
    SLICE_X38Y64         FDRE (Setup_fdre_C_D)        0.079    13.513    dac_dat_b_reg[9]
  -------------------------------------------------------------------
                         required time                         13.513    
                         arrival time                         -10.272    
  -------------------------------------------------------------------
                         slack                                  3.241    

Slack (MET) :             3.255ns  (required time - arrival time)
  Source:                 i_asg/chA/dac_o_reg[1]/C
                            (rising edge-triggered cell FDSE clocked by pll_adc_clk  {rise@0.000ns fall@4.000ns period=8.000ns})
  Destination:            dac_dat_a_reg[6]/D
                            (rising edge-triggered cell FDRE clocked by pll_dac_clk_1x  {rise@0.000ns fall@4.000ns period=8.000ns})
  Path Group:             pll_dac_clk_1x
  Path Type:              Setup (Max at Slow Process Corner)
  Requirement:            8.000ns  (pll_dac_clk_1x rise@8.000ns - pll_adc_clk rise@0.000ns)
  Data Path Delay:        4.320ns  (logic 2.024ns (46.853%)  route 2.296ns (53.147%))
  Logic Levels:           6  (CARRY4=4 LUT2=1 LUT5=1)
  Clock Path Skew:        -0.267ns (DCD - SCD + CPR)
    Destination Clock Delay (DCD):    5.445ns = ( 13.445 - 8.000 ) 
    Source Clock Delay      (SCD):    5.885ns
    Clock Pessimism Removal (CPR):    0.173ns
  Clock Uncertainty:      0.189ns  ((TSJ^2 + DJ^2)^1/2) / 2 + PE
    Total System Jitter     (TSJ):    0.071ns
    Discrete Jitter          (DJ):    0.118ns
    Phase Error              (PE):    0.120ns

    Location             Delay type                Incr(ns)  Path(ns)    Netlist Resource(s)
  -------------------------------------------------------------------    -------------------
                         (clock pll_adc_clk rise edge)
                                                      0.000     0.000 r  
    U18                                               0.000     0.000 r  adc_clk_i[1] (IN)
                         net (fo=0)                   0.000     0.000    adc_clk_i[1]
    U18                  IBUFDS (Prop_ibufds_I_O)     0.983     0.983 r  i_clk/O
                         net (fo=1, routed)           1.306     2.289    pll/adc_clk_in
    PLLE2_ADV_X0Y0       PLLE2_ADV (Prop_plle2_adv_CLKIN1_CLKOUT0)
                                                      0.089     2.378 r  pll/pll/CLKOUT0
                         net (fo=1, routed)           1.754     4.132    pll_adc_clk
    BUFGCTRL_X0Y0        BUFG (Prop_bufg_I_O)         0.101     4.233 r  bufg_adc_clk/O
                         net (fo=9778, routed)        1.652     5.885    i_asg/chA/adc_clk
    SLICE_X33Y68         FDSE                                         r  i_asg/chA/dac_o_reg[1]/C
  -------------------------------------------------------------------    -------------------
    SLICE_X33Y68         FDSE (Prop_fdse_C_Q)         0.419     6.304 r  i_asg/chA/dac_o_reg[1]/Q
                         net (fo=2, routed)           0.812     7.116    i_asg/chA/asg_dat[0][1]
    SLICE_X34Y68         LUT2 (Prop_lut2_I0_O)        0.299     7.415 r  i_asg/chA/int_sum_i_88/O
                         net (fo=1, routed)           0.000     7.415    i_asg/chA/int_sum_i_88_n_0
    SLICE_X34Y68         CARRY4 (Prop_carry4_S[1]_CO[3])
                                                      0.533     7.948 r  i_asg/chA/int_sum_i_68/CO[3]
                         net (fo=1, routed)           0.000     7.948    i_asg/chA/int_sum_i_68_n_0
    SLICE_X34Y69         CARRY4 (Prop_carry4_CI_CO[3])
                                                      0.117     8.065 r  i_asg/chA/int_sum_i_63/CO[3]
                         net (fo=1, routed)           0.000     8.065    i_asg/chA/int_sum_i_63_n_0
    SLICE_X34Y70         CARRY4 (Prop_carry4_CI_CO[3])
                                                      0.117     8.182 r  i_asg/chA/int_sum_i_58/CO[3]
                         net (fo=1, routed)           0.000     8.182    i_asg/chA/int_sum_i_58_n_0
    SLICE_X34Y71         CARRY4 (Prop_carry4_CI_CO[2])
                                                      0.229     8.411 f  i_asg/chA/int_sum_i_54/CO[2]
                         net (fo=39, routed)          1.484     9.895    i_asg/chA/CO[0]
    SLICE_X37Y68         LUT5 (Prop_lut5_I2_O)        0.310    10.205 r  i_asg/chA/dac_dat_a[6]_i_1/O
                         net (fo=1, routed)           0.000    10.205    i_asg_n_446
    SLICE_X37Y68         FDRE                                         r  dac_dat_a_reg[6]/D
  -------------------------------------------------------------------    -------------------

                         (clock pll_dac_clk_1x rise edge)
                                                      8.000     8.000 r  
    U18                                               0.000     8.000 r  adc_clk_i[1] (IN)
                         net (fo=0)                   0.000     8.000    adc_clk_i[1]
    U18                  IBUFDS (Prop_ibufds_I_O)     0.940     8.940 r  i_clk/O
                         net (fo=1, routed)           1.181    10.121    pll/adc_clk_in
    PLLE2_ADV_X0Y0       PLLE2_ADV (Prop_plle2_adv_CLKIN1_CLKOUT1)
                                                      0.084    10.205 r  pll/pll/CLKOUT1
                         net (fo=1, routed)           1.594    11.799    pll_dac_clk_1x
    BUFGCTRL_X0Y5        BUFG (Prop_bufg_I_O)         0.091    11.890 r  bufg_dac_clk_1x/O
                         net (fo=45, routed)          1.555    13.445    dac_clk_1x
    SLICE_X37Y68         FDRE                                         r  dac_dat_a_reg[6]/C
                         clock pessimism              0.173    13.618    
                         clock uncertainty           -0.189    13.429    
    SLICE_X37Y68         FDRE (Setup_fdre_C_D)        0.031    13.460    dac_dat_a_reg[6]
  -------------------------------------------------------------------
                         required time                         13.460    
                         arrival time                         -10.205    
  -------------------------------------------------------------------
                         slack                                  3.255    





Min Delay Paths
--------------------------------------------------------------------------------------
Slack (MET) :             0.135ns  (arrival time - required time)
  Source:                 i_pid/out_1_sat_reg[4]/C
                            (rising edge-triggered cell FDSE clocked by pll_adc_clk  {rise@0.000ns fall@4.000ns period=8.000ns})
  Destination:            dac_dat_a_reg[4]/D
                            (rising edge-triggered cell FDRE clocked by pll_dac_clk_1x  {rise@0.000ns fall@4.000ns period=8.000ns})
  Path Group:             pll_dac_clk_1x
  Path Type:              Hold (Min at Fast Process Corner)
  Requirement:            0.000ns  (pll_dac_clk_1x rise@0.000ns - pll_adc_clk rise@0.000ns)
  Data Path Delay:        0.762ns  (logic 0.384ns (50.412%)  route 0.378ns (49.588%))
  Logic Levels:           3  (CARRY4=1 LUT2=1 LUT5=1)
  Clock Path Skew:        0.345ns (DCD - SCD - CPR)
    Destination Clock Delay (DCD):    2.388ns
    Source Clock Delay      (SCD):    1.967ns
    Clock Pessimism Removal (CPR):    0.075ns
  Clock Uncertainty:      0.189ns  ((TSJ^2 + DJ^2)^1/2) / 2 + PE
    Total System Jitter     (TSJ):    0.071ns
    Discrete Jitter          (DJ):    0.118ns
    Phase Error              (PE):    0.120ns

    Location             Delay type                Incr(ns)  Path(ns)    Netlist Resource(s)
  -------------------------------------------------------------------    -------------------
                         (clock pll_adc_clk rise edge)
                                                      0.000     0.000 r  
    U18                                               0.000     0.000 r  adc_clk_i[1] (IN)
                         net (fo=0)                   0.000     0.000    adc_clk_i[1]
    U18                  IBUFDS (Prop_ibufds_I_O)     0.401     0.401 r  i_clk/O
                         net (fo=1, routed)           0.440     0.842    pll/adc_clk_in
    PLLE2_ADV_X0Y0       PLLE2_ADV (Prop_plle2_adv_CLKIN1_CLKOUT0)
                                                      0.051     0.893 r  pll/pll/CLKOUT0
                         net (fo=1, routed)           0.497     1.390    pll_adc_clk
    BUFGCTRL_X0Y0        BUFG (Prop_bufg_I_O)         0.026     1.416 r  bufg_adc_clk/O
                         net (fo=9778, routed)        0.552     1.967    i_pid/adc_clk
    SLICE_X32Y70         FDSE                                         r  i_pid/out_1_sat_reg[4]/C
  -------------------------------------------------------------------    -------------------
    SLICE_X32Y70         FDSE (Prop_fdse_C_Q)         0.164     2.131 r  i_pid/out_1_sat_reg[4]/Q
                         net (fo=1, routed)           0.114     2.246    i_asg/chA/pid_dat[0][4]
    SLICE_X34Y69         LUT2 (Prop_lut2_I1_O)        0.045     2.291 r  i_asg/chA/int_sum_i_85/O
                         net (fo=1, routed)           0.000     2.291    i_asg/chA/int_sum_i_85_n_0
    SLICE_X34Y69         CARRY4 (Prop_carry4_S[0]_O[0])
                                                      0.070     2.361 f  i_asg/chA/int_sum_i_63/O[0]
                         net (fo=2, routed)           0.263     2.624    i_asg/chA/int_sum_i_63_n_7
    SLICE_X37Y70         LUT5 (Prop_lut5_I1_O)        0.105     2.729 r  i_asg/chA/dac_dat_a[4]_i_1/O
                         net (fo=1, routed)           0.000     2.729    i_asg_n_448
    SLICE_X37Y70         FDRE                                         r  dac_dat_a_reg[4]/D
  -------------------------------------------------------------------    -------------------

                         (clock pll_dac_clk_1x rise edge)
                                                      0.000     0.000 r  
    U18                                               0.000     0.000 r  adc_clk_i[1] (IN)
                         net (fo=0)                   0.000     0.000    adc_clk_i[1]
    U18                  IBUFDS (Prop_ibufds_I_O)     0.433     0.433 r  i_clk/O
                         net (fo=1, routed)           0.481     0.914    pll/adc_clk_in
    PLLE2_ADV_X0Y0       PLLE2_ADV (Prop_plle2_adv_CLKIN1_CLKOUT1)
                                                      0.054     0.968 r  pll/pll/CLKOUT1
                         net (fo=1, routed)           0.544     1.512    pll_dac_clk_1x
    BUFGCTRL_X0Y5        BUFG (Prop_bufg_I_O)         0.029     1.541 r  bufg_dac_clk_1x/O
                         net (fo=45, routed)          0.847     2.388    dac_clk_1x
    SLICE_X37Y70         FDRE                                         r  dac_dat_a_reg[4]/C
                         clock pessimism             -0.075     2.313    
                         clock uncertainty            0.189     2.502    
    SLICE_X37Y70         FDRE (Hold_fdre_C_D)         0.092     2.594    dac_dat_a_reg[4]
  -------------------------------------------------------------------
                         required time                         -2.594    
                         arrival time                           2.729    
  -------------------------------------------------------------------
                         slack                                  0.135    

Slack (MET) :             0.150ns  (arrival time - required time)
  Source:                 i_asg/chA/dac_o_reg[6]/C
                            (rising edge-triggered cell FDSE clocked by pll_adc_clk  {rise@0.000ns fall@4.000ns period=8.000ns})
  Destination:            dac_dat_a_reg[7]/D
                            (rising edge-triggered cell FDRE clocked by pll_dac_clk_1x  {rise@0.000ns fall@4.000ns period=8.000ns})
  Path Group:             pll_dac_clk_1x
  Path Type:              Hold (Min at Fast Process Corner)
  Requirement:            0.000ns  (pll_dac_clk_1x rise@0.000ns - pll_adc_clk rise@0.000ns)
  Data Path Delay:        0.807ns  (logic 0.381ns (47.241%)  route 0.426ns (52.759%))
  Logic Levels:           2  (CARRY4=1 LUT5=1)
  Clock Path Skew:        0.347ns (DCD - SCD - CPR)
    Destination Clock Delay (DCD):    2.391ns
    Source Clock Delay      (SCD):    1.968ns
    Clock Pessimism Removal (CPR):    0.075ns
  Clock Uncertainty:      0.189ns  ((TSJ^2 + DJ^2)^1/2) / 2 + PE
    Total System Jitter     (TSJ):    0.071ns
    Discrete Jitter          (DJ):    0.118ns
    Phase Error              (PE):    0.120ns

    Location             Delay type                Incr(ns)  Path(ns)    Netlist Resource(s)
  -------------------------------------------------------------------    -------------------
                         (clock pll_adc_clk rise edge)
                                                      0.000     0.000 r  
    U18                                               0.000     0.000 r  adc_clk_i[1] (IN)
                         net (fo=0)                   0.000     0.000    adc_clk_i[1]
    U18                  IBUFDS (Prop_ibufds_I_O)     0.401     0.401 r  i_clk/O
                         net (fo=1, routed)           0.440     0.842    pll/adc_clk_in
    PLLE2_ADV_X0Y0       PLLE2_ADV (Prop_plle2_adv_CLKIN1_CLKOUT0)
                                                      0.051     0.893 r  pll/pll/CLKOUT0
                         net (fo=1, routed)           0.497     1.390    pll_adc_clk
    BUFGCTRL_X0Y0        BUFG (Prop_bufg_I_O)         0.026     1.416 r  bufg_adc_clk/O
                         net (fo=9778, routed)        0.553     1.968    i_asg/chA/adc_clk
    SLICE_X33Y69         FDSE                                         r  i_asg/chA/dac_o_reg[6]/C
  -------------------------------------------------------------------    -------------------
    SLICE_X33Y69         FDSE (Prop_fdse_C_Q)         0.141     2.109 r  i_asg/chA/dac_o_reg[6]/Q
                         net (fo=2, routed)           0.127     2.236    i_asg/chA/asg_dat[0][6]
    SLICE_X34Y69         CARRY4 (Prop_carry4_DI[2]_O[3])
                                                      0.129     2.365 f  i_asg/chA/int_sum_i_63/O[3]
                         net (fo=2, routed)           0.299     2.664    i_asg/chA/int_sum_i_63_n_4
    SLICE_X38Y67         LUT5 (Prop_lut5_I1_O)        0.111     2.775 r  i_asg/chA/dac_dat_a[7]_i_1/O
                         net (fo=1, routed)           0.000     2.775    i_asg_n_445
    SLICE_X38Y67         FDRE                                         r  dac_dat_a_reg[7]/D
  -------------------------------------------------------------------    -------------------

                         (clock pll_dac_clk_1x rise edge)
                                                      0.000     0.000 r  
    U18                                               0.000     0.000 r  adc_clk_i[1] (IN)
                         net (fo=0)                   0.000     0.000    adc_clk_i[1]
    U18                  IBUFDS (Prop_ibufds_I_O)     0.433     0.433 r  i_clk/O
                         net (fo=1, routed)           0.481     0.914    pll/adc_clk_in
    PLLE2_ADV_X0Y0       PLLE2_ADV (Prop_plle2_adv_CLKIN1_CLKOUT1)
                                                      0.054     0.968 r  pll/pll/CLKOUT1
                         net (fo=1, routed)           0.544     1.512    pll_dac_clk_1x
    BUFGCTRL_X0Y5        BUFG (Prop_bufg_I_O)         0.029     1.541 r  bufg_dac_clk_1x/O
                         net (fo=45, routed)          0.850     2.391    dac_clk_1x
    SLICE_X38Y67         FDRE                                         r  dac_dat_a_reg[7]/C
                         clock pessimism             -0.075     2.316    
                         clock uncertainty            0.189     2.505    
    SLICE_X38Y67         FDRE (Hold_fdre_C_D)         0.120     2.625    dac_dat_a_reg[7]
  -------------------------------------------------------------------
                         required time                         -2.625    
                         arrival time                           2.775    
  -------------------------------------------------------------------
                         slack                                  0.150    

Slack (MET) :             0.163ns  (arrival time - required time)
  Source:                 i_asg/chB/dac_o_reg[0]/C
                            (rising edge-triggered cell FDSE clocked by pll_adc_clk  {rise@0.000ns fall@4.000ns period=8.000ns})
  Destination:            dac_dat_b_reg[1]/D
                            (rising edge-triggered cell FDRE clocked by pll_dac_clk_1x  {rise@0.000ns fall@4.000ns period=8.000ns})
  Path Group:             pll_dac_clk_1x
  Path Type:              Hold (Min at Fast Process Corner)
  Requirement:            0.000ns  (pll_dac_clk_1x rise@0.000ns - pll_adc_clk rise@0.000ns)
  Data Path Delay:        0.789ns  (logic 0.378ns (47.890%)  route 0.411ns (52.110%))
  Logic Levels:           2  (CARRY4=1 LUT5=1)
  Clock Path Skew:        0.346ns (DCD - SCD - CPR)
    Destination Clock Delay (DCD):    2.389ns
    Source Clock Delay      (SCD):    1.967ns
    Clock Pessimism Removal (CPR):    0.075ns
  Clock Uncertainty:      0.189ns  ((TSJ^2 + DJ^2)^1/2) / 2 + PE
    Total System Jitter     (TSJ):    0.071ns
    Discrete Jitter          (DJ):    0.118ns
    Phase Error              (PE):    0.120ns

    Location             Delay type                Incr(ns)  Path(ns)    Netlist Resource(s)
  -------------------------------------------------------------------    -------------------
                         (clock pll_adc_clk rise edge)
                                                      0.000     0.000 r  
    U18                                               0.000     0.000 r  adc_clk_i[1] (IN)
                         net (fo=0)                   0.000     0.000    adc_clk_i[1]
    U18                  IBUFDS (Prop_ibufds_I_O)     0.401     0.401 r  i_clk/O
                         net (fo=1, routed)           0.440     0.842    pll/adc_clk_in
    PLLE2_ADV_X0Y0       PLLE2_ADV (Prop_plle2_adv_CLKIN1_CLKOUT0)
                                                      0.051     0.893 r  pll/pll/CLKOUT0
                         net (fo=1, routed)           0.497     1.390    pll_adc_clk
    BUFGCTRL_X0Y0        BUFG (Prop_bufg_I_O)         0.026     1.416 r  bufg_adc_clk/O
                         net (fo=9778, routed)        0.552     1.967    i_asg/chB/adc_clk
    SLICE_X31Y70         FDSE                                         r  i_asg/chB/dac_o_reg[0]/C
  -------------------------------------------------------------------    -------------------
    SLICE_X31Y70         FDSE (Prop_fdse_C_Q)         0.141     2.108 r  i_asg/chB/dac_o_reg[0]/Q
                         net (fo=2, routed)           0.119     2.227    i_asg/chB/asg_dat[1][0]
    SLICE_X30Y69         CARRY4 (Prop_carry4_DI[0]_O[1])
                                                      0.129     2.356 f  i_asg/chB/int_sum_i_68__0/O[1]
                         net (fo=2, routed)           0.292     2.649    i_asg/chB/int_sum_i_68__0_n_6
    SLICE_X37Y69         LUT5 (Prop_lut5_I1_O)        0.108     2.757 r  i_asg/chB/dac_dat_b[1]_i_1/O
                         net (fo=1, routed)           0.000     2.757    i_asg_n_478
    SLICE_X37Y69         FDRE                                         r  dac_dat_b_reg[1]/D
  -------------------------------------------------------------------    -------------------

                         (clock pll_dac_clk_1x rise edge)
                                                      0.000     0.000 r  
    U18                                               0.000     0.000 r  adc_clk_i[1] (IN)
                         net (fo=0)                   0.000     0.000    adc_clk_i[1]
    U18                  IBUFDS (Prop_ibufds_I_O)     0.433     0.433 r  i_clk/O
                         net (fo=1, routed)           0.481     0.914    pll/adc_clk_in
    PLLE2_ADV_X0Y0       PLLE2_ADV (Prop_plle2_adv_CLKIN1_CLKOUT1)
                                                      0.054     0.968 r  pll/pll/CLKOUT1
                         net (fo=1, routed)           0.544     1.512    pll_dac_clk_1x
    BUFGCTRL_X0Y5        BUFG (Prop_bufg_I_O)         0.029     1.541 r  bufg_dac_clk_1x/O
                         net (fo=45, routed)          0.848     2.389    dac_clk_1x
    SLICE_X37Y69         FDRE                                         r  dac_dat_b_reg[1]/C
                         clock pessimism             -0.075     2.314    
                         clock uncertainty            0.189     2.503    
    SLICE_X37Y69         FDRE (Hold_fdre_C_D)         0.091     2.594    dac_dat_b_reg[1]
  -------------------------------------------------------------------
                         required time                         -2.594    
                         arrival time                           2.757    
  -------------------------------------------------------------------
                         slack                                  0.163    

Slack (MET) :             0.167ns  (arrival time - required time)
  Source:                 rst_cnt_reg[6]/C
                            (rising edge-triggered cell FDRE clocked by pll_adc_clk  {rise@0.000ns fall@4.000ns period=8.000ns})
  Destination:            dac_rst_reg/D
                            (rising edge-triggered cell FDRE clocked by pll_dac_clk_1x  {rise@0.000ns fall@4.000ns period=8.000ns})
  Path Group:             pll_dac_clk_1x
  Path Type:              Hold (Min at Fast Process Corner)
  Requirement:            0.000ns  (pll_dac_clk_1x rise@0.000ns - pll_adc_clk rise@0.000ns)
  Data Path Delay:        0.711ns  (logic 0.187ns (26.318%)  route 0.524ns (73.682%))
  Logic Levels:           1  (LUT5=1)
  Clock Path Skew:        0.346ns (DCD - SCD - CPR)
    Destination Clock Delay (DCD):    2.388ns
    Source Clock Delay      (SCD):    1.966ns
    Clock Pessimism Removal (CPR):    0.075ns
  Clock Uncertainty:      0.189ns  ((TSJ^2 + DJ^2)^1/2) / 2 + PE
    Total System Jitter     (TSJ):    0.071ns
    Discrete Jitter          (DJ):    0.118ns
    Phase Error              (PE):    0.120ns

    Location             Delay type                Incr(ns)  Path(ns)    Netlist Resource(s)
  -------------------------------------------------------------------    -------------------
                         (clock pll_adc_clk rise edge)
                                                      0.000     0.000 r  
    U18                                               0.000     0.000 r  adc_clk_i[1] (IN)
                         net (fo=0)                   0.000     0.000    adc_clk_i[1]
    U18                  IBUFDS (Prop_ibufds_I_O)     0.401     0.401 r  i_clk/O
                         net (fo=1, routed)           0.440     0.842    pll/adc_clk_in
    PLLE2_ADV_X0Y0       PLLE2_ADV (Prop_plle2_adv_CLKIN1_CLKOUT0)
                                                      0.051     0.893 r  pll/pll/CLKOUT0
                         net (fo=1, routed)           0.497     1.390    pll_adc_clk
    BUFGCTRL_X0Y0        BUFG (Prop_bufg_I_O)         0.026     1.416 r  bufg_adc_clk/O
                         net (fo=9778, routed)        0.551     1.966    adc_clk
    SLICE_X35Y72         FDRE                                         r  rst_cnt_reg[6]/C
  -------------------------------------------------------------------    -------------------
    SLICE_X35Y72         FDRE (Prop_fdre_C_Q)         0.141     2.107 r  rst_cnt_reg[6]/Q
                         net (fo=5, routed)           0.214     2.322    ps/dac_axi_rstn_reg_0[2]
    SLICE_X35Y72         LUT5 (Prop_lut5_I3_O)        0.046     2.368 r  ps/dac_rst_i_1/O
                         net (fo=1, routed)           0.309     2.677    dac_rst_reg0
    SLICE_X40Y72         FDRE                                         r  dac_rst_reg/D
  -------------------------------------------------------------------    -------------------

                         (clock pll_dac_clk_1x rise edge)
                                                      0.000     0.000 r  
    U18                                               0.000     0.000 r  adc_clk_i[1] (IN)
                         net (fo=0)                   0.000     0.000    adc_clk_i[1]
    U18                  IBUFDS (Prop_ibufds_I_O)     0.433     0.433 r  i_clk/O
                         net (fo=1, routed)           0.481     0.914    pll/adc_clk_in
    PLLE2_ADV_X0Y0       PLLE2_ADV (Prop_plle2_adv_CLKIN1_CLKOUT1)
                                                      0.054     0.968 r  pll/pll/CLKOUT1
                         net (fo=1, routed)           0.544     1.512    pll_dac_clk_1x
    BUFGCTRL_X0Y5        BUFG (Prop_bufg_I_O)         0.029     1.541 r  bufg_dac_clk_1x/O
                         net (fo=45, routed)          0.847     2.388    dac_clk_1x
    SLICE_X40Y72         FDRE                                         r  dac_rst_reg/C
                         clock pessimism             -0.075     2.313    
                         clock uncertainty            0.189     2.502    
    SLICE_X40Y72         FDRE (Hold_fdre_C_D)         0.008     2.510    dac_rst_reg
  -------------------------------------------------------------------
                         required time                         -2.510    
                         arrival time                           2.677    
  -------------------------------------------------------------------
                         slack                                  0.167    

Slack (MET) :             0.174ns  (arrival time - required time)
  Source:                 i_asg/chB/dac_o_reg[4]/C
                            (rising edge-triggered cell FDSE clocked by pll_adc_clk  {rise@0.000ns fall@4.000ns period=8.000ns})
  Destination:            dac_dat_b_reg[4]/D
                            (rising edge-triggered cell FDRE clocked by pll_dac_clk_1x  {rise@0.000ns fall@4.000ns period=8.000ns})
  Path Group:             pll_dac_clk_1x
  Path Type:              Hold (Min at Fast Process Corner)
  Requirement:            0.000ns  (pll_dac_clk_1x rise@0.000ns - pll_adc_clk rise@0.000ns)
  Data Path Delay:        0.801ns  (logic 0.361ns (45.072%)  route 0.440ns (54.928%))
  Logic Levels:           3  (CARRY4=1 LUT2=1 LUT5=1)
  Clock Path Skew:        0.346ns (DCD - SCD - CPR)
    Destination Clock Delay (DCD):    2.389ns
    Source Clock Delay      (SCD):    1.967ns
    Clock Pessimism Removal (CPR):    0.075ns
  Clock Uncertainty:      0.189ns  ((TSJ^2 + DJ^2)^1/2) / 2 + PE
    Total System Jitter     (TSJ):    0.071ns
    Discrete Jitter          (DJ):    0.118ns
    Phase Error              (PE):    0.120ns

    Location             Delay type                Incr(ns)  Path(ns)    Netlist Resource(s)
  -------------------------------------------------------------------    -------------------
                         (clock pll_adc_clk rise edge)
                                                      0.000     0.000 r  
    U18                                               0.000     0.000 r  adc_clk_i[1] (IN)
                         net (fo=0)                   0.000     0.000    adc_clk_i[1]
    U18                  IBUFDS (Prop_ibufds_I_O)     0.401     0.401 r  i_clk/O
                         net (fo=1, routed)           0.440     0.842    pll/adc_clk_in
    PLLE2_ADV_X0Y0       PLLE2_ADV (Prop_plle2_adv_CLKIN1_CLKOUT0)
                                                      0.051     0.893 r  pll/pll/CLKOUT0
                         net (fo=1, routed)           0.497     1.390    pll_adc_clk
    BUFGCTRL_X0Y0        BUFG (Prop_bufg_I_O)         0.026     1.416 r  bufg_adc_clk/O
                         net (fo=9778, routed)        0.552     1.967    i_asg/chB/adc_clk
    SLICE_X31Y70         FDSE                                         r  i_asg/chB/dac_o_reg[4]/C
  -------------------------------------------------------------------    -------------------
    SLICE_X31Y70         FDSE (Prop_fdse_C_Q)         0.141     2.108 r  i_asg/chB/dac_o_reg[4]/Q
                         net (fo=2, routed)           0.151     2.259    i_asg/chB/asg_dat[1][4]
    SLICE_X30Y70         LUT2 (Prop_lut2_I0_O)        0.045     2.304 r  i_asg/chB/int_sum_i_82__0/O
                         net (fo=1, routed)           0.000     2.304    i_asg/chB/int_sum_i_82__0_n_0
    SLICE_X30Y70         CARRY4 (Prop_carry4_S[0]_O[0])
                                                      0.070     2.374 f  i_asg/chB/int_sum_i_63__0/O[0]
                         net (fo=2, routed)           0.289     2.663    i_asg/chB/int_sum_i_63__0_n_7
    SLICE_X37Y69         LUT5 (Prop_lut5_I1_O)        0.105     2.768 r  i_asg/chB/dac_dat_b[4]_i_1/O
                         net (fo=1, routed)           0.000     2.768    i_asg_n_475
    SLICE_X37Y69         FDRE                                         r  dac_dat_b_reg[4]/D
  -------------------------------------------------------------------    -------------------

                         (clock pll_dac_clk_1x rise edge)
                                                      0.000     0.000 r  
    U18                                               0.000     0.000 r  adc_clk_i[1] (IN)
                         net (fo=0)                   0.000     0.000    adc_clk_i[1]
    U18                  IBUFDS (Prop_ibufds_I_O)     0.433     0.433 r  i_clk/O
                         net (fo=1, routed)           0.481     0.914    pll/adc_clk_in
    PLLE2_ADV_X0Y0       PLLE2_ADV (Prop_plle2_adv_CLKIN1_CLKOUT1)
                                                      0.054     0.968 r  pll/pll/CLKOUT1
                         net (fo=1, routed)           0.544     1.512    pll_dac_clk_1x
    BUFGCTRL_X0Y5        BUFG (Prop_bufg_I_O)         0.029     1.541 r  bufg_dac_clk_1x/O
                         net (fo=45, routed)          0.848     2.389    dac_clk_1x
    SLICE_X37Y69         FDRE                                         r  dac_dat_b_reg[4]/C
                         clock pessimism             -0.075     2.314    
                         clock uncertainty            0.189     2.503    
    SLICE_X37Y69         FDRE (Hold_fdre_C_D)         0.092     2.595    dac_dat_b_reg[4]
  -------------------------------------------------------------------
                         required time                         -2.595    
                         arrival time                           2.768    
  -------------------------------------------------------------------
                         slack                                  0.174    

Slack (MET) :             0.188ns  (arrival time - required time)
  Source:                 i_asg/chA/dac_o_reg[6]/C
                            (rising edge-triggered cell FDSE clocked by pll_adc_clk  {rise@0.000ns fall@4.000ns period=8.000ns})
  Destination:            dac_dat_a_reg[10]/D
                            (rising edge-triggered cell FDRE clocked by pll_dac_clk_1x  {rise@0.000ns fall@4.000ns period=8.000ns})
  Path Group:             pll_dac_clk_1x
  Path Type:              Hold (Min at Fast Process Corner)
  Requirement:            0.000ns  (pll_dac_clk_1x rise@0.000ns - pll_adc_clk rise@0.000ns)
  Data Path Delay:        0.812ns  (logic 0.434ns (53.418%)  route 0.378ns (46.582%))
  Logic Levels:           3  (CARRY4=2 LUT5=1)
  Clock Path Skew:        0.344ns (DCD - SCD - CPR)
    Destination Clock Delay (DCD):    2.388ns
    Source Clock Delay      (SCD):    1.968ns
    Clock Pessimism Removal (CPR):    0.075ns
  Clock Uncertainty:      0.189ns  ((TSJ^2 + DJ^2)^1/2) / 2 + PE
    Total System Jitter     (TSJ):    0.071ns
    Discrete Jitter          (DJ):    0.118ns
    Phase Error              (PE):    0.120ns

    Location             Delay type                Incr(ns)  Path(ns)    Netlist Resource(s)
  -------------------------------------------------------------------    -------------------
                         (clock pll_adc_clk rise edge)
                                                      0.000     0.000 r  
    U18                                               0.000     0.000 r  adc_clk_i[1] (IN)
                         net (fo=0)                   0.000     0.000    adc_clk_i[1]
    U18                  IBUFDS (Prop_ibufds_I_O)     0.401     0.401 r  i_clk/O
                         net (fo=1, routed)           0.440     0.842    pll/adc_clk_in
    PLLE2_ADV_X0Y0       PLLE2_ADV (Prop_plle2_adv_CLKIN1_CLKOUT0)
                                                      0.051     0.893 r  pll/pll/CLKOUT0
                         net (fo=1, routed)           0.497     1.390    pll_adc_clk
    BUFGCTRL_X0Y0        BUFG (Prop_bufg_I_O)         0.026     1.416 r  bufg_adc_clk/O
                         net (fo=9778, routed)        0.553     1.968    i_asg/chA/adc_clk
    SLICE_X33Y69         FDSE                                         r  i_asg/chA/dac_o_reg[6]/C
  -------------------------------------------------------------------    -------------------
    SLICE_X33Y69         FDSE (Prop_fdse_C_Q)         0.141     2.109 r  i_asg/chA/dac_o_reg[6]/Q
                         net (fo=2, routed)           0.127     2.236    i_asg/chA/asg_dat[0][6]
    SLICE_X34Y69         CARRY4 (Prop_carry4_DI[2]_CO[3])
                                                      0.119     2.355 r  i_asg/chA/int_sum_i_63/CO[3]
                         net (fo=1, routed)           0.000     2.355    i_asg/chA/int_sum_i_63_n_0
    SLICE_X34Y70         CARRY4 (Prop_carry4_CI_O[2])
                                                      0.066     2.421 f  i_asg/chA/int_sum_i_58/O[2]
                         net (fo=2, routed)           0.252     2.673    i_asg/chA/int_sum_i_58_n_5
    SLICE_X37Y70         LUT5 (Prop_lut5_I1_O)        0.108     2.781 r  i_asg/chA/dac_dat_a[10]_i_1/O
                         net (fo=1, routed)           0.000     2.781    i_asg_n_442
    SLICE_X37Y70         FDRE                                         r  dac_dat_a_reg[10]/D
  -------------------------------------------------------------------    -------------------

                         (clock pll_dac_clk_1x rise edge)
                                                      0.000     0.000 r  
    U18                                               0.000     0.000 r  adc_clk_i[1] (IN)
                         net (fo=0)                   0.000     0.000    adc_clk_i[1]
    U18                  IBUFDS (Prop_ibufds_I_O)     0.433     0.433 r  i_clk/O
                         net (fo=1, routed)           0.481     0.914    pll/adc_clk_in
    PLLE2_ADV_X0Y0       PLLE2_ADV (Prop_plle2_adv_CLKIN1_CLKOUT1)
                                                      0.054     0.968 r  pll/pll/CLKOUT1
                         net (fo=1, routed)           0.544     1.512    pll_dac_clk_1x
    BUFGCTRL_X0Y5        BUFG (Prop_bufg_I_O)         0.029     1.541 r  bufg_dac_clk_1x/O
                         net (fo=45, routed)          0.847     2.388    dac_clk_1x
    SLICE_X37Y70         FDRE                                         r  dac_dat_a_reg[10]/C
                         clock pessimism             -0.075     2.313    
                         clock uncertainty            0.189     2.502    
    SLICE_X37Y70         FDRE (Hold_fdre_C_D)         0.091     2.593    dac_dat_a_reg[10]
  -------------------------------------------------------------------
                         required time                         -2.593    
                         arrival time                           2.781    
  -------------------------------------------------------------------
                         slack                                  0.188    

Slack (MET) :             0.200ns  (arrival time - required time)
  Source:                 i_hk/digital_loop_reg[1]/C
                            (rising edge-triggered cell FDRE clocked by pll_adc_clk  {rise@0.000ns fall@4.000ns period=8.000ns})
  Destination:            dac_dat_a_reg[1]/D
                            (rising edge-triggered cell FDRE clocked by pll_dac_clk_1x  {rise@0.000ns fall@4.000ns period=8.000ns})
  Path Group:             pll_dac_clk_1x
  Path Type:              Hold (Min at Fast Process Corner)
  Requirement:            0.000ns  (pll_dac_clk_1x rise@0.000ns - pll_adc_clk rise@0.000ns)
  Data Path Delay:        0.825ns  (logic 0.186ns (22.536%)  route 0.639ns (77.464%))
  Logic Levels:           1  (LUT5=1)
  Clock Path Skew:        0.316ns (DCD - SCD - CPR)
    Destination Clock Delay (DCD):    2.390ns
    Source Clock Delay      (SCD):    1.998ns
    Clock Pessimism Removal (CPR):    0.075ns
  Clock Uncertainty:      0.189ns  ((TSJ^2 + DJ^2)^1/2) / 2 + PE
    Total System Jitter     (TSJ):    0.071ns
    Discrete Jitter          (DJ):    0.118ns
    Phase Error              (PE):    0.120ns

    Location             Delay type                Incr(ns)  Path(ns)    Netlist Resource(s)
  -------------------------------------------------------------------    -------------------
                         (clock pll_adc_clk rise edge)
                                                      0.000     0.000 r  
    U18                                               0.000     0.000 r  adc_clk_i[1] (IN)
                         net (fo=0)                   0.000     0.000    adc_clk_i[1]
    U18                  IBUFDS (Prop_ibufds_I_O)     0.401     0.401 r  i_clk/O
                         net (fo=1, routed)           0.440     0.842    pll/adc_clk_in
    PLLE2_ADV_X0Y0       PLLE2_ADV (Prop_plle2_adv_CLKIN1_CLKOUT0)
                                                      0.051     0.893 r  pll/pll/CLKOUT0
                         net (fo=1, routed)           0.497     1.390    pll_adc_clk
    BUFGCTRL_X0Y0        BUFG (Prop_bufg_I_O)         0.026     1.416 r  bufg_adc_clk/O
                         net (fo=9778, routed)        0.583     1.998    i_hk/adc_clk
    SLICE_X39Y66         FDRE                                         r  i_hk/digital_loop_reg[1]/C
  -------------------------------------------------------------------    -------------------
    SLICE_X39Y66         FDRE (Prop_fdre_C_Q)         0.141     2.139 r  i_hk/digital_loop_reg[1]/Q
                         net (fo=30, routed)          0.639     2.779    i_asg/chA/dac_dat_a_reg[11]_0
    SLICE_X38Y68         LUT5 (Prop_lut5_I4_O)        0.045     2.824 r  i_asg/chA/dac_dat_a[1]_i_1/O
                         net (fo=1, routed)           0.000     2.824    i_asg_n_451
    SLICE_X38Y68         FDRE                                         r  dac_dat_a_reg[1]/D
  -------------------------------------------------------------------    -------------------

                         (clock pll_dac_clk_1x rise edge)
                                                      0.000     0.000 r  
    U18                                               0.000     0.000 r  adc_clk_i[1] (IN)
                         net (fo=0)                   0.000     0.000    adc_clk_i[1]
    U18                  IBUFDS (Prop_ibufds_I_O)     0.433     0.433 r  i_clk/O
                         net (fo=1, routed)           0.481     0.914    pll/adc_clk_in
    PLLE2_ADV_X0Y0       PLLE2_ADV (Prop_plle2_adv_CLKIN1_CLKOUT1)
                                                      0.054     0.968 r  pll/pll/CLKOUT1
                         net (fo=1, routed)           0.544     1.512    pll_dac_clk_1x
    BUFGCTRL_X0Y5        BUFG (Prop_bufg_I_O)         0.029     1.541 r  bufg_dac_clk_1x/O
                         net (fo=45, routed)          0.849     2.390    dac_clk_1x
    SLICE_X38Y68         FDRE                                         r  dac_dat_a_reg[1]/C
                         clock pessimism             -0.075     2.315    
                         clock uncertainty            0.189     2.504    
    SLICE_X38Y68         FDRE (Hold_fdre_C_D)         0.120     2.624    dac_dat_a_reg[1]
  -------------------------------------------------------------------
                         required time                         -2.624    
                         arrival time                           2.824    
  -------------------------------------------------------------------
                         slack                                  0.200    

Slack (MET) :             0.200ns  (arrival time - required time)
  Source:                 i_hk/digital_loop_reg[1]/C
                            (rising edge-triggered cell FDRE clocked by pll_adc_clk  {rise@0.000ns fall@4.000ns period=8.000ns})
  Destination:            dac_dat_b_reg[6]/D
                            (rising edge-triggered cell FDRE clocked by pll_dac_clk_1x  {rise@0.000ns fall@4.000ns period=8.000ns})
  Path Group:             pll_dac_clk_1x
  Path Type:              Hold (Min at Fast Process Corner)
  Requirement:            0.000ns  (pll_dac_clk_1x rise@0.000ns - pll_adc_clk rise@0.000ns)
  Data Path Delay:        0.827ns  (logic 0.186ns (22.481%)  route 0.641ns (77.519%))
  Logic Levels:           1  (LUT5=1)
  Clock Path Skew:        0.317ns (DCD - SCD - CPR)
    Destination Clock Delay (DCD):    2.391ns
    Source Clock Delay      (SCD):    1.998ns
    Clock Pessimism Removal (CPR):    0.075ns
  Clock Uncertainty:      0.189ns  ((TSJ^2 + DJ^2)^1/2) / 2 + PE
    Total System Jitter     (TSJ):    0.071ns
    Discrete Jitter          (DJ):    0.118ns
    Phase Error              (PE):    0.120ns

    Location             Delay type                Incr(ns)  Path(ns)    Netlist Resource(s)
  -------------------------------------------------------------------    -------------------
                         (clock pll_adc_clk rise edge)
                                                      0.000     0.000 r  
    U18                                               0.000     0.000 r  adc_clk_i[1] (IN)
                         net (fo=0)                   0.000     0.000    adc_clk_i[1]
    U18                  IBUFDS (Prop_ibufds_I_O)     0.401     0.401 r  i_clk/O
                         net (fo=1, routed)           0.440     0.842    pll/adc_clk_in
    PLLE2_ADV_X0Y0       PLLE2_ADV (Prop_plle2_adv_CLKIN1_CLKOUT0)
                                                      0.051     0.893 r  pll/pll/CLKOUT0
                         net (fo=1, routed)           0.497     1.390    pll_adc_clk
    BUFGCTRL_X0Y0        BUFG (Prop_bufg_I_O)         0.026     1.416 r  bufg_adc_clk/O
                         net (fo=9778, routed)        0.583     1.998    i_hk/adc_clk
    SLICE_X39Y66         FDRE                                         r  i_hk/digital_loop_reg[1]/C
  -------------------------------------------------------------------    -------------------
    SLICE_X39Y66         FDRE (Prop_fdre_C_Q)         0.141     2.139 r  i_hk/digital_loop_reg[1]/Q
                         net (fo=30, routed)          0.641     2.781    i_asg/chB/dac_dat_b_reg[11]_0
    SLICE_X38Y67         LUT5 (Prop_lut5_I4_O)        0.045     2.826 r  i_asg/chB/dac_dat_b[6]_i_1/O
                         net (fo=1, routed)           0.000     2.826    i_asg_n_473
    SLICE_X38Y67         FDRE                                         r  dac_dat_b_reg[6]/D
  -------------------------------------------------------------------    -------------------

                         (clock pll_dac_clk_1x rise edge)
                                                      0.000     0.000 r  
    U18                                               0.000     0.000 r  adc_clk_i[1] (IN)
                         net (fo=0)                   0.000     0.000    adc_clk_i[1]
    U18                  IBUFDS (Prop_ibufds_I_O)     0.433     0.433 r  i_clk/O
                         net (fo=1, routed)           0.481     0.914    pll/adc_clk_in
    PLLE2_ADV_X0Y0       PLLE2_ADV (Prop_plle2_adv_CLKIN1_CLKOUT1)
                                                      0.054     0.968 r  pll/pll/CLKOUT1
                         net (fo=1, routed)           0.544     1.512    pll_dac_clk_1x
    BUFGCTRL_X0Y5        BUFG (Prop_bufg_I_O)         0.029     1.541 r  bufg_dac_clk_1x/O
                         net (fo=45, routed)          0.850     2.391    dac_clk_1x
    SLICE_X38Y67         FDRE                                         r  dac_dat_b_reg[6]/C
                         clock pessimism             -0.075     2.316    
                         clock uncertainty            0.189     2.505    
    SLICE_X38Y67         FDRE (Hold_fdre_C_D)         0.121     2.626    dac_dat_b_reg[6]
  -------------------------------------------------------------------
                         required time                         -2.626    
                         arrival time                           2.826    
  -------------------------------------------------------------------
                         slack                                  0.200    

Slack (MET) :             0.201ns  (arrival time - required time)
  Source:                 i_hk/digital_loop_reg[1]/C
                            (rising edge-triggered cell FDRE clocked by pll_adc_clk  {rise@0.000ns fall@4.000ns period=8.000ns})
  Destination:            dac_dat_b_reg[12]/D
                            (rising edge-triggered cell FDRE clocked by pll_dac_clk_1x  {rise@0.000ns fall@4.000ns period=8.000ns})
  Path Group:             pll_dac_clk_1x
  Path Type:              Hold (Min at Fast Process Corner)
  Requirement:            0.000ns  (pll_dac_clk_1x rise@0.000ns - pll_adc_clk rise@0.000ns)
  Data Path Delay:        0.768ns  (logic 0.186ns (24.206%)  route 0.582ns (75.794%))
  Logic Levels:           1  (LUT5=1)
  Clock Path Skew:        0.287ns (DCD - SCD - CPR)
    Destination Clock Delay (DCD):    2.361ns
    Source Clock Delay      (SCD):    1.998ns
    Clock Pessimism Removal (CPR):    0.075ns
  Clock Uncertainty:      0.189ns  ((TSJ^2 + DJ^2)^1/2) / 2 + PE
    Total System Jitter     (TSJ):    0.071ns
    Discrete Jitter          (DJ):    0.118ns
    Phase Error              (PE):    0.120ns

    Location             Delay type                Incr(ns)  Path(ns)    Netlist Resource(s)
  -------------------------------------------------------------------    -------------------
                         (clock pll_adc_clk rise edge)
                                                      0.000     0.000 r  
    U18                                               0.000     0.000 r  adc_clk_i[1] (IN)
                         net (fo=0)                   0.000     0.000    adc_clk_i[1]
    U18                  IBUFDS (Prop_ibufds_I_O)     0.401     0.401 r  i_clk/O
                         net (fo=1, routed)           0.440     0.842    pll/adc_clk_in
    PLLE2_ADV_X0Y0       PLLE2_ADV (Prop_plle2_adv_CLKIN1_CLKOUT0)
                                                      0.051     0.893 r  pll/pll/CLKOUT0
                         net (fo=1, routed)           0.497     1.390    pll_adc_clk
    BUFGCTRL_X0Y0        BUFG (Prop_bufg_I_O)         0.026     1.416 r  bufg_adc_clk/O
                         net (fo=9778, routed)        0.583     1.998    i_hk/adc_clk
    SLICE_X39Y66         FDRE                                         r  i_hk/digital_loop_reg[1]/C
  -------------------------------------------------------------------    -------------------
    SLICE_X39Y66         FDRE (Prop_fdre_C_Q)         0.141     2.139 r  i_hk/digital_loop_reg[1]/Q
                         net (fo=30, routed)          0.582     2.722    i_hk/digital_loop_reg[1]_0
    SLICE_X35Y70         LUT5 (Prop_lut5_I4_O)        0.045     2.767 r  i_hk/dac_dat_b[12]_i_1/O
                         net (fo=1, routed)           0.000     2.767    i_hk_n_66
    SLICE_X35Y70         FDRE                                         r  dac_dat_b_reg[12]/D
  -------------------------------------------------------------------    -------------------

                         (clock pll_dac_clk_1x rise edge)
                                                      0.000     0.000 r  
    U18                                               0.000     0.000 r  adc_clk_i[1] (IN)
                         net (fo=0)                   0.000     0.000    adc_clk_i[1]
    U18                  IBUFDS (Prop_ibufds_I_O)     0.433     0.433 r  i_clk/O
                         net (fo=1, routed)           0.481     0.914    pll/adc_clk_in
    PLLE2_ADV_X0Y0       PLLE2_ADV (Prop_plle2_adv_CLKIN1_CLKOUT1)
                                                      0.054     0.968 r  pll/pll/CLKOUT1
                         net (fo=1, routed)           0.544     1.512    pll_dac_clk_1x
    BUFGCTRL_X0Y5        BUFG (Prop_bufg_I_O)         0.029     1.541 r  bufg_dac_clk_1x/O
                         net (fo=45, routed)          0.820     2.361    dac_clk_1x
    SLICE_X35Y70         FDRE                                         r  dac_dat_b_reg[12]/C
                         clock pessimism             -0.075     2.286    
                         clock uncertainty            0.189     2.475    
    SLICE_X35Y70         FDRE (Hold_fdre_C_D)         0.091     2.566    dac_dat_b_reg[12]
  -------------------------------------------------------------------
                         required time                         -2.566    
                         arrival time                           2.767    
  -------------------------------------------------------------------
                         slack                                  0.201    

Slack (MET) :             0.211ns  (arrival time - required time)
  Source:                 i_pid/out_1_sat_reg[6]/C
                            (rising edge-triggered cell FDSE clocked by pll_adc_clk  {rise@0.000ns fall@4.000ns period=8.000ns})
  Destination:            dac_dat_a_reg[6]/D
                            (rising edge-triggered cell FDRE clocked by pll_dac_clk_1x  {rise@0.000ns fall@4.000ns period=8.000ns})
  Path Group:             pll_dac_clk_1x
  Path Type:              Hold (Min at Fast Process Corner)
  Requirement:            0.000ns  (pll_dac_clk_1x rise@0.000ns - pll_adc_clk rise@0.000ns)
  Data Path Delay:        0.840ns  (logic 0.382ns (45.481%)  route 0.458ns (54.519%))
  Logic Levels:           3  (CARRY4=1 LUT2=1 LUT5=1)
  Clock Path Skew:        0.348ns (DCD - SCD - CPR)
    Destination Clock Delay (DCD):    2.390ns
    Source Clock Delay      (SCD):    1.966ns
    Clock Pessimism Removal (CPR):    0.075ns
  Clock Uncertainty:      0.189ns  ((TSJ^2 + DJ^2)^1/2) / 2 + PE
    Total System Jitter     (TSJ):    0.071ns
    Discrete Jitter          (DJ):    0.118ns
    Phase Error              (PE):    0.120ns

    Location             Delay type                Incr(ns)  Path(ns)    Netlist Resource(s)
  -------------------------------------------------------------------    -------------------
                         (clock pll_adc_clk rise edge)
                                                      0.000     0.000 r  
    U18                                               0.000     0.000 r  adc_clk_i[1] (IN)
                         net (fo=0)                   0.000     0.000    adc_clk_i[1]
    U18                  IBUFDS (Prop_ibufds_I_O)     0.401     0.401 r  i_clk/O
                         net (fo=1, routed)           0.440     0.842    pll/adc_clk_in
    PLLE2_ADV_X0Y0       PLLE2_ADV (Prop_plle2_adv_CLKIN1_CLKOUT0)
                                                      0.051     0.893 r  pll/pll/CLKOUT0
                         net (fo=1, routed)           0.497     1.390    pll_adc_clk
    BUFGCTRL_X0Y0        BUFG (Prop_bufg_I_O)         0.026     1.416 r  bufg_adc_clk/O
                         net (fo=9778, routed)        0.551     1.966    i_pid/adc_clk
    SLICE_X32Y71         FDSE                                         r  i_pid/out_1_sat_reg[6]/C
  -------------------------------------------------------------------    -------------------
    SLICE_X32Y71         FDSE (Prop_fdse_C_Q)         0.164     2.130 r  i_pid/out_1_sat_reg[6]/Q
                         net (fo=1, routed)           0.165     2.295    i_asg/chA/pid_dat[0][6]
    SLICE_X34Y69         LUT2 (Prop_lut2_I1_O)        0.045     2.340 r  i_asg/chA/int_sum_i_83/O
                         net (fo=1, routed)           0.000     2.340    i_asg/chA/int_sum_i_83_n_0
    SLICE_X34Y69         CARRY4 (Prop_carry4_S[2]_O[2])
                                                      0.065     2.405 f  i_asg/chA/int_sum_i_63/O[2]
                         net (fo=2, routed)           0.293     2.698    i_asg/chA/int_sum_i_63_n_5
    SLICE_X37Y68         LUT5 (Prop_lut5_I1_O)        0.108     2.806 r  i_asg/chA/dac_dat_a[6]_i_1/O
                         net (fo=1, routed)           0.000     2.806    i_asg_n_446
    SLICE_X37Y68         FDRE                                         r  dac_dat_a_reg[6]/D
  -------------------------------------------------------------------    -------------------

                         (clock pll_dac_clk_1x rise edge)
                                                      0.000     0.000 r  
    U18                                               0.000     0.000 r  adc_clk_i[1] (IN)
                         net (fo=0)                   0.000     0.000    adc_clk_i[1]
    U18                  IBUFDS (Prop_ibufds_I_O)     0.433     0.433 r  i_clk/O
                         net (fo=1, routed)           0.481     0.914    pll/adc_clk_in
    PLLE2_ADV_X0Y0       PLLE2_ADV (Prop_plle2_adv_CLKIN1_CLKOUT1)
                                                      0.054     0.968 r  pll/pll/CLKOUT1
                         net (fo=1, routed)           0.544     1.512    pll_dac_clk_1x
    BUFGCTRL_X0Y5        BUFG (Prop_bufg_I_O)         0.029     1.541 r  bufg_dac_clk_1x/O
                         net (fo=45, routed)          0.849     2.390    dac_clk_1x
    SLICE_X37Y68         FDRE                                         r  dac_dat_a_reg[6]/C
                         clock pessimism             -0.075     2.315    
                         clock uncertainty            0.189     2.504    
    SLICE_X37Y68         FDRE (Hold_fdre_C_D)         0.092     2.596    dac_dat_a_reg[6]
  -------------------------------------------------------------------
                         required time                         -2.596    
                         arrival time                           2.806    
  -------------------------------------------------------------------
                         slack                                  0.211    





---------------------------------------------------------------------------------------------------
From Clock:  pll_adc_clk
  To Clock:  clk_fpga_0

Setup :            0  Failing Endpoints,  Worst Slack        1.078ns,  Total Violation        0.000ns
Hold  :            0  Failing Endpoints,  Worst Slack        0.852ns,  Total Violation        0.000ns
---------------------------------------------------------------------------------------------------


Max Delay Paths
--------------------------------------------------------------------------------------
Slack (MET) :             1.078ns  (required time - arrival time)
  Source:                 i_scope/i_cfg/sys_rdata_reg[7]/C
                            (rising edge-triggered cell FDRE clocked by pll_adc_clk  {rise@0.000ns fall@4.000ns period=8.000ns})
  Destination:            ps/axi_slave_gp0/axi\\.RDATA_reg[7]/D
                            (rising edge-triggered cell FDRE clocked by clk_fpga_0  {rise@0.000ns fall@4.000ns period=8.000ns})
  Path Group:             clk_fpga_0
  Path Type:              Setup (Max at Slow Process Corner)
  Requirement:            8.000ns  (clk_fpga_0 rise@8.000ns - pll_adc_clk rise@0.000ns)
  Data Path Delay:        3.559ns  (logic 0.704ns (19.780%)  route 2.855ns (80.220%))
  Logic Levels:           2  (LUT6=2)
  Clock Path Skew:        -3.209ns (DCD - SCD + CPR)
    Destination Clock Delay (DCD):    2.691ns = ( 10.691 - 8.000 ) 
    Source Clock Delay      (SCD):    5.900ns
    Clock Pessimism Removal (CPR):    0.000ns
  Clock Uncertainty:      0.235ns  ((TSJ^2 + TIJ^2 + DJ^2)^1/2) / 2 + PE
    Total System Jitter     (TSJ):    0.071ns
    Total Input Jitter      (TIJ):    0.240ns
    Discrete Jitter          (DJ):    0.118ns
    Phase Error              (PE):    0.097ns
  Clock Domain Crossing:  Inter clock paths are considered valid unless explicitly excluded by timing constraints such as set_clock_groups or set_false_path.

    Location             Delay type                Incr(ns)  Path(ns)    Netlist Resource(s)
  -------------------------------------------------------------------    -------------------
                         (clock pll_adc_clk rise edge)
                                                      0.000     0.000 r  
    U18                                               0.000     0.000 r  adc_clk_i[1] (IN)
                         net (fo=0)                   0.000     0.000    adc_clk_i[1]
    U18                  IBUFDS (Prop_ibufds_I_O)     0.983     0.983 r  i_clk/O
                         net (fo=1, routed)           1.306     2.289    pll/adc_clk_in
    PLLE2_ADV_X0Y0       PLLE2_ADV (Prop_plle2_adv_CLKIN1_CLKOUT0)
                                                      0.089     2.378 r  pll/pll/CLKOUT0
                         net (fo=1, routed)           1.754     4.132    pll_adc_clk
    BUFGCTRL_X0Y0        BUFG (Prop_bufg_I_O)         0.101     4.233 r  bufg_adc_clk/O
                         net (fo=9778, routed)        1.667     5.900    i_scope/i_cfg/adc_clk
    SLICE_X25Y10         FDRE                                         r  i_scope/i_cfg/sys_rdata_reg[7]/C
  -------------------------------------------------------------------    -------------------
    SLICE_X25Y10         FDRE (Prop_fdre_C_Q)         0.456     6.356 r  i_scope/i_cfg/sys_rdata_reg[7]/Q
                         net (fo=1, routed)           2.185     8.541    ps/axi_slave_gp0/axi\\.RDATA_reg[31]_1[7]
    SLICE_X34Y42         LUT6 (Prop_lut6_I3_O)        0.124     8.665 r  ps/axi_slave_gp0/axi\\.RDATA[7]_i_2/O
                         net (fo=1, routed)           0.670     9.335    ps/axi_slave_gp0/axi\\.RDATA[7]_i_2_n_0
    SLICE_X34Y42         LUT6 (Prop_lut6_I0_O)        0.124     9.459 r  ps/axi_slave_gp0/axi\\.RDATA[7]_i_1/O
                         net (fo=1, routed)           0.000     9.459    ps/axi_slave_gp0/ps_sys\\.rdata[7]
    SLICE_X34Y42         FDRE                                         r  ps/axi_slave_gp0/axi\\.RDATA_reg[7]/D
  -------------------------------------------------------------------    -------------------

                         (clock clk_fpga_0 rise edge)
                                                      8.000     8.000 r  
    PS7_X0Y0             PS7                          0.000     8.000 r  ps/system_i/processing_system7/inst/PS7_i/FCLKCLK[0]
                         net (fo=1, routed)           1.101     9.101    ps/lopt
    BUFGCTRL_X0Y3        BUFG (Prop_bufg_I_O)         0.091     9.192 r  ps/fclk_buf[0]/O
                         net (fo=235, routed)         1.499    10.691    ps/axi_slave_gp0/O[0]
    SLICE_X34Y42         FDRE                                         r  ps/axi_slave_gp0/axi\\.RDATA_reg[7]/C
                         clock pessimism              0.000    10.691    
                         clock uncertainty           -0.235    10.456    
    SLICE_X34Y42         FDRE (Setup_fdre_C_D)        0.081    10.537    ps/axi_slave_gp0/axi\\.RDATA_reg[7]
  -------------------------------------------------------------------
                         required time                         10.537    
                         arrival time                          -9.459    
  -------------------------------------------------------------------
                         slack                                  1.078    

Slack (MET) :             1.100ns  (required time - arrival time)
  Source:                 i_pid/sys_rdata_reg[12]/C
                            (rising edge-triggered cell FDRE clocked by pll_adc_clk  {rise@0.000ns fall@4.000ns period=8.000ns})
  Destination:            ps/axi_slave_gp0/axi\\.RDATA_reg[12]/D
                            (rising edge-triggered cell FDRE clocked by clk_fpga_0  {rise@0.000ns fall@4.000ns period=8.000ns})
  Path Group:             clk_fpga_0
  Path Type:              Setup (Max at Slow Process Corner)
  Requirement:            8.000ns  (clk_fpga_0 rise@8.000ns - pll_adc_clk rise@0.000ns)
  Data Path Delay:        3.432ns  (logic 0.704ns (20.515%)  route 2.728ns (79.485%))
  Logic Levels:           2  (LUT6=2)
  Clock Path Skew:        -3.262ns (DCD - SCD + CPR)
    Destination Clock Delay (DCD):    2.692ns = ( 10.693 - 8.000 ) 
    Source Clock Delay      (SCD):    5.954ns
    Clock Pessimism Removal (CPR):    0.000ns
  Clock Uncertainty:      0.235ns  ((TSJ^2 + TIJ^2 + DJ^2)^1/2) / 2 + PE
    Total System Jitter     (TSJ):    0.071ns
    Total Input Jitter      (TIJ):    0.240ns
    Discrete Jitter          (DJ):    0.118ns
    Phase Error              (PE):    0.097ns
  Clock Domain Crossing:  Inter clock paths are considered valid unless explicitly excluded by timing constraints such as set_clock_groups or set_false_path.

    Location             Delay type                Incr(ns)  Path(ns)    Netlist Resource(s)
  -------------------------------------------------------------------    -------------------
                         (clock pll_adc_clk rise edge)
                                                      0.000     0.000 r  
    U18                                               0.000     0.000 r  adc_clk_i[1] (IN)
                         net (fo=0)                   0.000     0.000    adc_clk_i[1]
    U18                  IBUFDS (Prop_ibufds_I_O)     0.983     0.983 r  i_clk/O
                         net (fo=1, routed)           1.306     2.289    pll/adc_clk_in
    PLLE2_ADV_X0Y0       PLLE2_ADV (Prop_plle2_adv_CLKIN1_CLKOUT0)
                                                      0.089     2.378 r  pll/pll/CLKOUT0
                         net (fo=1, routed)           1.754     4.132    pll_adc_clk
    BUFGCTRL_X0Y0        BUFG (Prop_bufg_I_O)         0.101     4.233 r  bufg_adc_clk/O
                         net (fo=9778, routed)        1.721     5.954    i_pid/adc_clk
    SLICE_X37Y75         FDRE                                         r  i_pid/sys_rdata_reg[12]/C
  -------------------------------------------------------------------    -------------------
    SLICE_X37Y75         FDRE (Prop_fdre_C_Q)         0.456     6.410 r  i_pid/sys_rdata_reg[12]/Q
                         net (fo=1, routed)           1.896     8.306    ps/axi_slave_gp0/axi\\.RDATA_reg[13]_0[12]
    SLICE_X32Y53         LUT6 (Prop_lut6_I3_O)        0.124     8.430 r  ps/axi_slave_gp0/axi\\.RDATA[12]_i_3/O
                         net (fo=1, routed)           0.832     9.262    ps/axi_slave_gp0/axi\\.RDATA[12]_i_3_n_0
    SLICE_X33Y44         LUT6 (Prop_lut6_I1_O)        0.124     9.386 r  ps/axi_slave_gp0/axi\\.RDATA[12]_i_1/O
                         net (fo=1, routed)           0.000     9.386    ps/axi_slave_gp0/ps_sys\\.rdata[12]
    SLICE_X33Y44         FDRE                                         r  ps/axi_slave_gp0/axi\\.RDATA_reg[12]/D
  -------------------------------------------------------------------    -------------------

                         (clock clk_fpga_0 rise edge)
                                                      8.000     8.000 r  
    PS7_X0Y0             PS7                          0.000     8.000 r  ps/system_i/processing_system7/inst/PS7_i/FCLKCLK[0]
                         net (fo=1, routed)           1.101     9.101    ps/lopt
    BUFGCTRL_X0Y3        BUFG (Prop_bufg_I_O)         0.091     9.192 r  ps/fclk_buf[0]/O
                         net (fo=235, routed)         1.500    10.692    ps/axi_slave_gp0/O[0]
    SLICE_X33Y44         FDRE                                         r  ps/axi_slave_gp0/axi\\.RDATA_reg[12]/C
                         clock pessimism              0.000    10.692    
                         clock uncertainty           -0.235    10.457    
    SLICE_X33Y44         FDRE (Setup_fdre_C_D)        0.029    10.486    ps/axi_slave_gp0/axi\\.RDATA_reg[12]
  -------------------------------------------------------------------
                         required time                         10.486    
                         arrival time                          -9.386    
  -------------------------------------------------------------------
                         slack                                  1.100    

Slack (MET) :             1.115ns  (required time - arrival time)
  Source:                 i_pid/sys_rdata_reg[8]/C
                            (rising edge-triggered cell FDRE clocked by pll_adc_clk  {rise@0.000ns fall@4.000ns period=8.000ns})
  Destination:            ps/axi_slave_gp0/axi\\.RDATA_reg[8]/D
                            (rising edge-triggered cell FDRE clocked by clk_fpga_0  {rise@0.000ns fall@4.000ns period=8.000ns})
  Path Group:             clk_fpga_0
  Path Type:              Setup (Max at Slow Process Corner)
  Requirement:            8.000ns  (clk_fpga_0 rise@8.000ns - pll_adc_clk rise@0.000ns)
  Data Path Delay:        3.468ns  (logic 0.766ns (22.087%)  route 2.702ns (77.913%))
  Logic Levels:           2  (LUT6=2)
  Clock Path Skew:        -3.263ns (DCD - SCD + CPR)
    Destination Clock Delay (DCD):    2.691ns = ( 10.691 - 8.000 ) 
    Source Clock Delay      (SCD):    5.954ns
    Clock Pessimism Removal (CPR):    0.000ns
  Clock Uncertainty:      0.235ns  ((TSJ^2 + TIJ^2 + DJ^2)^1/2) / 2 + PE
    Total System Jitter     (TSJ):    0.071ns
    Total Input Jitter      (TIJ):    0.240ns
    Discrete Jitter          (DJ):    0.118ns
    Phase Error              (PE):    0.097ns
  Clock Domain Crossing:  Inter clock paths are considered valid unless explicitly excluded by timing constraints such as set_clock_groups or set_false_path.

    Location             Delay type                Incr(ns)  Path(ns)    Netlist Resource(s)
  -------------------------------------------------------------------    -------------------
                         (clock pll_adc_clk rise edge)
                                                      0.000     0.000 r  
    U18                                               0.000     0.000 r  adc_clk_i[1] (IN)
                         net (fo=0)                   0.000     0.000    adc_clk_i[1]
    U18                  IBUFDS (Prop_ibufds_I_O)     0.983     0.983 r  i_clk/O
                         net (fo=1, routed)           1.306     2.289    pll/adc_clk_in
    PLLE2_ADV_X0Y0       PLLE2_ADV (Prop_plle2_adv_CLKIN1_CLKOUT0)
                                                      0.089     2.378 r  pll/pll/CLKOUT0
                         net (fo=1, routed)           1.754     4.132    pll_adc_clk
    BUFGCTRL_X0Y0        BUFG (Prop_bufg_I_O)         0.101     4.233 r  bufg_adc_clk/O
                         net (fo=9778, routed)        1.721     5.954    i_pid/adc_clk
    SLICE_X38Y75         FDRE                                         r  i_pid/sys_rdata_reg[8]/C
  -------------------------------------------------------------------    -------------------
    SLICE_X38Y75         FDRE (Prop_fdre_C_Q)         0.518     6.472 r  i_pid/sys_rdata_reg[8]/Q
                         net (fo=1, routed)           2.244     8.716    ps/axi_slave_gp0/axi\\.RDATA_reg[13]_0[8]
    SLICE_X33Y44         LUT6 (Prop_lut6_I4_O)        0.124     8.840 r  ps/axi_slave_gp0/axi\\.RDATA[8]_i_2/O
                         net (fo=1, routed)           0.458     9.298    ps/axi_slave_gp0/axi\\.RDATA[8]_i_2_n_0
    SLICE_X32Y42         LUT6 (Prop_lut6_I5_O)        0.124     9.422 r  ps/axi_slave_gp0/axi\\.RDATA[8]_i_1/O
                         net (fo=1, routed)           0.000     9.422    ps/axi_slave_gp0/ps_sys\\.rdata[8]
    SLICE_X32Y42         FDRE                                         r  ps/axi_slave_gp0/axi\\.RDATA_reg[8]/D
  -------------------------------------------------------------------    -------------------

                         (clock clk_fpga_0 rise edge)
                                                      8.000     8.000 r  
    PS7_X0Y0             PS7                          0.000     8.000 r  ps/system_i/processing_system7/inst/PS7_i/FCLKCLK[0]
                         net (fo=1, routed)           1.101     9.101    ps/lopt
    BUFGCTRL_X0Y3        BUFG (Prop_bufg_I_O)         0.091     9.192 r  ps/fclk_buf[0]/O
                         net (fo=235, routed)         1.499    10.691    ps/axi_slave_gp0/O[0]
    SLICE_X32Y42         FDRE                                         r  ps/axi_slave_gp0/axi\\.RDATA_reg[8]/C
                         clock pessimism              0.000    10.691    
                         clock uncertainty           -0.235    10.456    
    SLICE_X32Y42         FDRE (Setup_fdre_C_D)        0.081    10.537    ps/axi_slave_gp0/axi\\.RDATA_reg[8]
  -------------------------------------------------------------------
                         required time                         10.537    
                         arrival time                          -9.422    
  -------------------------------------------------------------------
                         slack                                  1.115    

Slack (MET) :             1.125ns  (required time - arrival time)
  Source:                 i_pid/sys_rdata_reg[3]/C
                            (rising edge-triggered cell FDRE clocked by pll_adc_clk  {rise@0.000ns fall@4.000ns period=8.000ns})
  Destination:            ps/axi_slave_gp0/axi\\.RDATA_reg[3]/D
                            (rising edge-triggered cell FDRE clocked by clk_fpga_0  {rise@0.000ns fall@4.000ns period=8.000ns})
  Path Group:             clk_fpga_0
  Path Type:              Setup (Max at Slow Process Corner)
  Requirement:            8.000ns  (clk_fpga_0 rise@8.000ns - pll_adc_clk rise@0.000ns)
  Data Path Delay:        3.402ns  (logic 0.704ns (20.695%)  route 2.698ns (79.305%))
  Logic Levels:           2  (LUT6=2)
  Clock Path Skew:        -3.267ns (DCD - SCD + CPR)
    Destination Clock Delay (DCD):    2.689ns = ( 10.689 - 8.000 ) 
    Source Clock Delay      (SCD):    5.956ns
    Clock Pessimism Removal (CPR):    0.000ns
  Clock Uncertainty:      0.235ns  ((TSJ^2 + TIJ^2 + DJ^2)^1/2) / 2 + PE
    Total System Jitter     (TSJ):    0.071ns
    Total Input Jitter      (TIJ):    0.240ns
    Discrete Jitter          (DJ):    0.118ns
    Phase Error              (PE):    0.097ns
  Clock Domain Crossing:  Inter clock paths are considered valid unless explicitly excluded by timing constraints such as set_clock_groups or set_false_path.

    Location             Delay type                Incr(ns)  Path(ns)    Netlist Resource(s)
  -------------------------------------------------------------------    -------------------
                         (clock pll_adc_clk rise edge)
                                                      0.000     0.000 r  
    U18                                               0.000     0.000 r  adc_clk_i[1] (IN)
                         net (fo=0)                   0.000     0.000    adc_clk_i[1]
    U18                  IBUFDS (Prop_ibufds_I_O)     0.983     0.983 r  i_clk/O
                         net (fo=1, routed)           1.306     2.289    pll/adc_clk_in
    PLLE2_ADV_X0Y0       PLLE2_ADV (Prop_plle2_adv_CLKIN1_CLKOUT0)
                                                      0.089     2.378 r  pll/pll/CLKOUT0
                         net (fo=1, routed)           1.754     4.132    pll_adc_clk
    BUFGCTRL_X0Y0        BUFG (Prop_bufg_I_O)         0.101     4.233 r  bufg_adc_clk/O
                         net (fo=9778, routed)        1.723     5.956    i_pid/adc_clk
    SLICE_X37Y73         FDRE                                         r  i_pid/sys_rdata_reg[3]/C
  -------------------------------------------------------------------    -------------------
    SLICE_X37Y73         FDRE (Prop_fdre_C_Q)         0.456     6.412 r  i_pid/sys_rdata_reg[3]/Q
                         net (fo=1, routed)           1.679     8.092    ps/axi_slave_gp0/axi\\.RDATA_reg[13]_0[3]
    SLICE_X31Y57         LUT6 (Prop_lut6_I3_O)        0.124     8.216 r  ps/axi_slave_gp0/axi\\.RDATA[3]_i_3/O
                         net (fo=1, routed)           1.018     9.234    ps/axi_slave_gp0/axi\\.RDATA[3]_i_3_n_0
    SLICE_X31Y40         LUT6 (Prop_lut6_I1_O)        0.124     9.358 r  ps/axi_slave_gp0/axi\\.RDATA[3]_i_1/O
                         net (fo=1, routed)           0.000     9.358    ps/axi_slave_gp0/ps_sys\\.rdata[3]
    SLICE_X31Y40         FDRE                                         r  ps/axi_slave_gp0/axi\\.RDATA_reg[3]/D
  -------------------------------------------------------------------    -------------------

                         (clock clk_fpga_0 rise edge)
                                                      8.000     8.000 r  
    PS7_X0Y0             PS7                          0.000     8.000 r  ps/system_i/processing_system7/inst/PS7_i/FCLKCLK[0]
                         net (fo=1, routed)           1.101     9.101    ps/lopt
    BUFGCTRL_X0Y3        BUFG (Prop_bufg_I_O)         0.091     9.192 r  ps/fclk_buf[0]/O
                         net (fo=235, routed)         1.497    10.689    ps/axi_slave_gp0/O[0]
    SLICE_X31Y40         FDRE                                         r  ps/axi_slave_gp0/axi\\.RDATA_reg[3]/C
                         clock pessimism              0.000    10.689    
                         clock uncertainty           -0.235    10.454    
    SLICE_X31Y40         FDRE (Setup_fdre_C_D)        0.029    10.483    ps/axi_slave_gp0/axi\\.RDATA_reg[3]
  -------------------------------------------------------------------
                         required time                         10.483    
                         arrival time                          -9.358    
  -------------------------------------------------------------------
                         slack                                  1.125    

Slack (MET) :             1.171ns  (required time - arrival time)
  Source:                 i_pid/sys_rdata_reg[4]/C
                            (rising edge-triggered cell FDRE clocked by pll_adc_clk  {rise@0.000ns fall@4.000ns period=8.000ns})
  Destination:            ps/axi_slave_gp0/axi\\.RDATA_reg[4]/D
                            (rising edge-triggered cell FDRE clocked by clk_fpga_0  {rise@0.000ns fall@4.000ns period=8.000ns})
  Path Group:             clk_fpga_0
  Path Type:              Setup (Max at Slow Process Corner)
  Requirement:            8.000ns  (clk_fpga_0 rise@8.000ns - pll_adc_clk rise@0.000ns)
  Data Path Delay:        3.409ns  (logic 0.766ns (22.472%)  route 2.643ns (77.528%))
  Logic Levels:           2  (LUT6=2)
  Clock Path Skew:        -3.262ns (DCD - SCD + CPR)
    Destination Clock Delay (DCD):    2.692ns = ( 10.693 - 8.000 ) 
    Source Clock Delay      (SCD):    5.954ns
    Clock Pessimism Removal (CPR):    0.000ns
  Clock Uncertainty:      0.235ns  ((TSJ^2 + TIJ^2 + DJ^2)^1/2) / 2 + PE
    Total System Jitter     (TSJ):    0.071ns
    Total Input Jitter      (TIJ):    0.240ns
    Discrete Jitter          (DJ):    0.118ns
    Phase Error              (PE):    0.097ns
  Clock Domain Crossing:  Inter clock paths are considered valid unless explicitly excluded by timing constraints such as set_clock_groups or set_false_path.

    Location             Delay type                Incr(ns)  Path(ns)    Netlist Resource(s)
  -------------------------------------------------------------------    -------------------
                         (clock pll_adc_clk rise edge)
                                                      0.000     0.000 r  
    U18                                               0.000     0.000 r  adc_clk_i[1] (IN)
                         net (fo=0)                   0.000     0.000    adc_clk_i[1]
    U18                  IBUFDS (Prop_ibufds_I_O)     0.983     0.983 r  i_clk/O
                         net (fo=1, routed)           1.306     2.289    pll/adc_clk_in
    PLLE2_ADV_X0Y0       PLLE2_ADV (Prop_plle2_adv_CLKIN1_CLKOUT0)
                                                      0.089     2.378 r  pll/pll/CLKOUT0
                         net (fo=1, routed)           1.754     4.132    pll_adc_clk
    BUFGCTRL_X0Y0        BUFG (Prop_bufg_I_O)         0.101     4.233 r  bufg_adc_clk/O
                         net (fo=9778, routed)        1.721     5.954    i_pid/adc_clk
    SLICE_X38Y75         FDRE                                         r  i_pid/sys_rdata_reg[4]/C
  -------------------------------------------------------------------    -------------------
    SLICE_X38Y75         FDRE (Prop_fdre_C_Q)         0.518     6.472 r  i_pid/sys_rdata_reg[4]/Q
                         net (fo=1, routed)           2.105     8.577    ps/axi_slave_gp0/axi\\.RDATA_reg[13]_0[4]
    SLICE_X35Y44         LUT6 (Prop_lut6_I4_O)        0.124     8.701 r  ps/axi_slave_gp0/axi\\.RDATA[4]_i_2/O
                         net (fo=1, routed)           0.538     9.239    ps/axi_slave_gp0/axi\\.RDATA[4]_i_2_n_0
    SLICE_X32Y43         LUT6 (Prop_lut6_I5_O)        0.124     9.363 r  ps/axi_slave_gp0/axi\\.RDATA[4]_i_1/O
                         net (fo=1, routed)           0.000     9.363    ps/axi_slave_gp0/ps_sys\\.rdata[4]
    SLICE_X32Y43         FDRE                                         r  ps/axi_slave_gp0/axi\\.RDATA_reg[4]/D
  -------------------------------------------------------------------    -------------------

                         (clock clk_fpga_0 rise edge)
                                                      8.000     8.000 r  
    PS7_X0Y0             PS7                          0.000     8.000 r  ps/system_i/processing_system7/inst/PS7_i/FCLKCLK[0]
                         net (fo=1, routed)           1.101     9.101    ps/lopt
    BUFGCTRL_X0Y3        BUFG (Prop_bufg_I_O)         0.091     9.192 r  ps/fclk_buf[0]/O
                         net (fo=235, routed)         1.500    10.692    ps/axi_slave_gp0/O[0]
    SLICE_X32Y43         FDRE                                         r  ps/axi_slave_gp0/axi\\.RDATA_reg[4]/C
                         clock pessimism              0.000    10.692    
                         clock uncertainty           -0.235    10.457    
    SLICE_X32Y43         FDRE (Setup_fdre_C_D)        0.077    10.534    ps/axi_slave_gp0/axi\\.RDATA_reg[4]
  -------------------------------------------------------------------
                         required time                         10.534    
                         arrival time                          -9.363    
  -------------------------------------------------------------------
                         slack                                  1.171    

Slack (MET) :             1.185ns  (required time - arrival time)
  Source:                 i_pid/sys_rdata_reg[13]/C
                            (rising edge-triggered cell FDRE clocked by pll_adc_clk  {rise@0.000ns fall@4.000ns period=8.000ns})
  Destination:            ps/axi_slave_gp0/axi\\.RDATA_reg[13]/D
                            (rising edge-triggered cell FDRE clocked by clk_fpga_0  {rise@0.000ns fall@4.000ns period=8.000ns})
  Path Group:             clk_fpga_0
  Path Type:              Setup (Max at Slow Process Corner)
  Requirement:            8.000ns  (clk_fpga_0 rise@8.000ns - pll_adc_clk rise@0.000ns)
  Data Path Delay:        3.390ns  (logic 0.704ns (20.767%)  route 2.686ns (79.233%))
  Logic Levels:           2  (LUT6=2)
  Clock Path Skew:        -3.267ns (DCD - SCD + CPR)
    Destination Clock Delay (DCD):    2.690ns = ( 10.691 - 8.000 ) 
    Source Clock Delay      (SCD):    5.957ns
    Clock Pessimism Removal (CPR):    0.000ns
  Clock Uncertainty:      0.235ns  ((TSJ^2 + TIJ^2 + DJ^2)^1/2) / 2 + PE
    Total System Jitter     (TSJ):    0.071ns
    Total Input Jitter      (TIJ):    0.240ns
    Discrete Jitter          (DJ):    0.118ns
    Phase Error              (PE):    0.097ns
  Clock Domain Crossing:  Inter clock paths are considered valid unless explicitly excluded by timing constraints such as set_clock_groups or set_false_path.

    Location             Delay type                Incr(ns)  Path(ns)    Netlist Resource(s)
  -------------------------------------------------------------------    -------------------
                         (clock pll_adc_clk rise edge)
                                                      0.000     0.000 r  
    U18                                               0.000     0.000 r  adc_clk_i[1] (IN)
                         net (fo=0)                   0.000     0.000    adc_clk_i[1]
    U18                  IBUFDS (Prop_ibufds_I_O)     0.983     0.983 r  i_clk/O
                         net (fo=1, routed)           1.306     2.289    pll/adc_clk_in
    PLLE2_ADV_X0Y0       PLLE2_ADV (Prop_plle2_adv_CLKIN1_CLKOUT0)
                                                      0.089     2.378 r  pll/pll/CLKOUT0
                         net (fo=1, routed)           1.754     4.132    pll_adc_clk
    BUFGCTRL_X0Y0        BUFG (Prop_bufg_I_O)         0.101     4.233 r  bufg_adc_clk/O
                         net (fo=9778, routed)        1.724     5.957    i_pid/adc_clk
    SLICE_X39Y77         FDRE                                         r  i_pid/sys_rdata_reg[13]/C
  -------------------------------------------------------------------    -------------------
    SLICE_X39Y77         FDRE (Prop_fdre_C_Q)         0.456     6.413 r  i_pid/sys_rdata_reg[13]/Q
                         net (fo=1, routed)           1.682     8.095    ps/axi_slave_gp0/axi\\.RDATA_reg[13]_0[13]
    SLICE_X30Y55         LUT6 (Prop_lut6_I3_O)        0.124     8.219 r  ps/axi_slave_gp0/axi\\.RDATA[13]_i_3/O
                         net (fo=1, routed)           1.004     9.223    ps/axi_slave_gp0/axi\\.RDATA[13]_i_3_n_0
    SLICE_X30Y42         LUT6 (Prop_lut6_I1_O)        0.124     9.347 r  ps/axi_slave_gp0/axi\\.RDATA[13]_i_1/O
                         net (fo=1, routed)           0.000     9.347    ps/axi_slave_gp0/ps_sys\\.rdata[13]
    SLICE_X30Y42         FDRE                                         r  ps/axi_slave_gp0/axi\\.RDATA_reg[13]/D
  -------------------------------------------------------------------    -------------------

                         (clock clk_fpga_0 rise edge)
                                                      8.000     8.000 r  
    PS7_X0Y0             PS7                          0.000     8.000 r  ps/system_i/processing_system7/inst/PS7_i/FCLKCLK[0]
                         net (fo=1, routed)           1.101     9.101    ps/lopt
    BUFGCTRL_X0Y3        BUFG (Prop_bufg_I_O)         0.091     9.192 r  ps/fclk_buf[0]/O
                         net (fo=235, routed)         1.498    10.690    ps/axi_slave_gp0/O[0]
    SLICE_X30Y42         FDRE                                         r  ps/axi_slave_gp0/axi\\.RDATA_reg[13]/C
                         clock pessimism              0.000    10.690    
                         clock uncertainty           -0.235    10.455    
    SLICE_X30Y42         FDRE (Setup_fdre_C_D)        0.077    10.532    ps/axi_slave_gp0/axi\\.RDATA_reg[13]
  -------------------------------------------------------------------
                         required time                         10.532    
                         arrival time                          -9.347    
  -------------------------------------------------------------------
                         slack                                  1.185    

Slack (MET) :             1.268ns  (required time - arrival time)
  Source:                 i_pid/sys_rdata_reg[5]/C
                            (rising edge-triggered cell FDRE clocked by pll_adc_clk  {rise@0.000ns fall@4.000ns period=8.000ns})
  Destination:            ps/axi_slave_gp0/axi\\.RDATA_reg[5]/D
                            (rising edge-triggered cell FDRE clocked by clk_fpga_0  {rise@0.000ns fall@4.000ns period=8.000ns})
  Path Group:             clk_fpga_0
  Path Type:              Setup (Max at Slow Process Corner)
  Requirement:            8.000ns  (clk_fpga_0 rise@8.000ns - pll_adc_clk rise@0.000ns)
  Data Path Delay:        3.304ns  (logic 0.704ns (21.305%)  route 2.600ns (78.695%))
  Logic Levels:           2  (LUT6=2)
  Clock Path Skew:        -3.270ns (DCD - SCD + CPR)
    Destination Clock Delay (DCD):    2.691ns = ( 10.691 - 8.000 ) 
    Source Clock Delay      (SCD):    5.961ns
    Clock Pessimism Removal (CPR):    0.000ns
  Clock Uncertainty:      0.235ns  ((TSJ^2 + TIJ^2 + DJ^2)^1/2) / 2 + PE
    Total System Jitter     (TSJ):    0.071ns
    Total Input Jitter      (TIJ):    0.240ns
    Discrete Jitter          (DJ):    0.118ns
    Phase Error              (PE):    0.097ns
  Clock Domain Crossing:  Inter clock paths are considered valid unless explicitly excluded by timing constraints such as set_clock_groups or set_false_path.

    Location             Delay type                Incr(ns)  Path(ns)    Netlist Resource(s)
  -------------------------------------------------------------------    -------------------
                         (clock pll_adc_clk rise edge)
                                                      0.000     0.000 r  
    U18                                               0.000     0.000 r  adc_clk_i[1] (IN)
                         net (fo=0)                   0.000     0.000    adc_clk_i[1]
    U18                  IBUFDS (Prop_ibufds_I_O)     0.983     0.983 r  i_clk/O
                         net (fo=1, routed)           1.306     2.289    pll/adc_clk_in
    PLLE2_ADV_X0Y0       PLLE2_ADV (Prop_plle2_adv_CLKIN1_CLKOUT0)
                                                      0.089     2.378 r  pll/pll/CLKOUT0
                         net (fo=1, routed)           1.754     4.132    pll_adc_clk
    BUFGCTRL_X0Y0        BUFG (Prop_bufg_I_O)         0.101     4.233 r  bufg_adc_clk/O
                         net (fo=9778, routed)        1.728     5.961    i_pid/adc_clk
    SLICE_X36Y79         FDRE                                         r  i_pid/sys_rdata_reg[5]/C
  -------------------------------------------------------------------    -------------------
    SLICE_X36Y79         FDRE (Prop_fdre_C_Q)         0.456     6.417 r  i_pid/sys_rdata_reg[5]/Q
                         net (fo=1, routed)           1.979     8.397    ps/axi_slave_gp0/axi\\.RDATA_reg[13]_0[5]
    SLICE_X34Y49         LUT6 (Prop_lut6_I3_O)        0.124     8.521 r  ps/axi_slave_gp0/axi\\.RDATA[5]_i_3/O
                         net (fo=1, routed)           0.621     9.142    ps/axi_slave_gp0/axi\\.RDATA[5]_i_3_n_0
    SLICE_X34Y42         LUT6 (Prop_lut6_I1_O)        0.124     9.266 r  ps/axi_slave_gp0/axi\\.RDATA[5]_i_1/O
                         net (fo=1, routed)           0.000     9.266    ps/axi_slave_gp0/ps_sys\\.rdata[5]
    SLICE_X34Y42         FDRE                                         r  ps/axi_slave_gp0/axi\\.RDATA_reg[5]/D
  -------------------------------------------------------------------    -------------------

                         (clock clk_fpga_0 rise edge)
                                                      8.000     8.000 r  
    PS7_X0Y0             PS7                          0.000     8.000 r  ps/system_i/processing_system7/inst/PS7_i/FCLKCLK[0]
                         net (fo=1, routed)           1.101     9.101    ps/lopt
    BUFGCTRL_X0Y3        BUFG (Prop_bufg_I_O)         0.091     9.192 r  ps/fclk_buf[0]/O
                         net (fo=235, routed)         1.499    10.691    ps/axi_slave_gp0/O[0]
    SLICE_X34Y42         FDRE                                         r  ps/axi_slave_gp0/axi\\.RDATA_reg[5]/C
                         clock pessimism              0.000    10.691    
                         clock uncertainty           -0.235    10.456    
    SLICE_X34Y42         FDRE (Setup_fdre_C_D)        0.077    10.533    ps/axi_slave_gp0/axi\\.RDATA_reg[5]
  -------------------------------------------------------------------
                         required time                         10.533    
                         arrival time                          -9.266    
  -------------------------------------------------------------------
                         slack                                  1.268    

Slack (MET) :             1.294ns  (required time - arrival time)
  Source:                 i_pid/sys_rdata_reg[1]/C
                            (rising edge-triggered cell FDRE clocked by pll_adc_clk  {rise@0.000ns fall@4.000ns period=8.000ns})
  Destination:            ps/axi_slave_gp0/axi\\.RDATA_reg[1]/D
                            (rising edge-triggered cell FDRE clocked by clk_fpga_0  {rise@0.000ns fall@4.000ns period=8.000ns})
  Path Group:             clk_fpga_0
  Path Type:              Setup (Max at Slow Process Corner)
  Requirement:            8.000ns  (clk_fpga_0 rise@8.000ns - pll_adc_clk rise@0.000ns)
  Data Path Delay:        3.286ns  (logic 0.704ns (21.424%)  route 2.582ns (78.576%))
  Logic Levels:           2  (LUT6=2)
  Clock Path Skew:        -3.266ns (DCD - SCD + CPR)
    Destination Clock Delay (DCD):    2.690ns = ( 10.691 - 8.000 ) 
    Source Clock Delay      (SCD):    5.956ns
    Clock Pessimism Removal (CPR):    0.000ns
  Clock Uncertainty:      0.235ns  ((TSJ^2 + TIJ^2 + DJ^2)^1/2) / 2 + PE
    Total System Jitter     (TSJ):    0.071ns
    Total Input Jitter      (TIJ):    0.240ns
    Discrete Jitter          (DJ):    0.118ns
    Phase Error              (PE):    0.097ns
  Clock Domain Crossing:  Inter clock paths are considered valid unless explicitly excluded by timing constraints such as set_clock_groups or set_false_path.

    Location             Delay type                Incr(ns)  Path(ns)    Netlist Resource(s)
  -------------------------------------------------------------------    -------------------
                         (clock pll_adc_clk rise edge)
                                                      0.000     0.000 r  
    U18                                               0.000     0.000 r  adc_clk_i[1] (IN)
                         net (fo=0)                   0.000     0.000    adc_clk_i[1]
    U18                  IBUFDS (Prop_ibufds_I_O)     0.983     0.983 r  i_clk/O
                         net (fo=1, routed)           1.306     2.289    pll/adc_clk_in
    PLLE2_ADV_X0Y0       PLLE2_ADV (Prop_plle2_adv_CLKIN1_CLKOUT0)
                                                      0.089     2.378 r  pll/pll/CLKOUT0
                         net (fo=1, routed)           1.754     4.132    pll_adc_clk
    BUFGCTRL_X0Y0        BUFG (Prop_bufg_I_O)         0.101     4.233 r  bufg_adc_clk/O
                         net (fo=9778, routed)        1.723     5.956    i_pid/adc_clk
    SLICE_X39Y73         FDRE                                         r  i_pid/sys_rdata_reg[1]/C
  -------------------------------------------------------------------    -------------------
    SLICE_X39Y73         FDRE (Prop_fdre_C_Q)         0.456     6.412 r  i_pid/sys_rdata_reg[1]/Q
                         net (fo=1, routed)           1.723     8.135    ps/axi_slave_gp0/axi\\.RDATA_reg[13]_0[1]
    SLICE_X30Y53         LUT6 (Prop_lut6_I3_O)        0.124     8.259 r  ps/axi_slave_gp0/axi\\.RDATA[1]_i_3/O
                         net (fo=1, routed)           0.859     9.118    ps/axi_slave_gp0/axi\\.RDATA[1]_i_3_n_0
    SLICE_X30Y42         LUT6 (Prop_lut6_I1_O)        0.124     9.242 r  ps/axi_slave_gp0/axi\\.RDATA[1]_i_1/O
                         net (fo=1, routed)           0.000     9.242    ps/axi_slave_gp0/ps_sys\\.rdata[1]
    SLICE_X30Y42         FDRE                                         r  ps/axi_slave_gp0/axi\\.RDATA_reg[1]/D
  -------------------------------------------------------------------    -------------------

                         (clock clk_fpga_0 rise edge)
                                                      8.000     8.000 r  
    PS7_X0Y0             PS7                          0.000     8.000 r  ps/system_i/processing_system7/inst/PS7_i/FCLKCLK[0]
                         net (fo=1, routed)           1.101     9.101    ps/lopt
    BUFGCTRL_X0Y3        BUFG (Prop_bufg_I_O)         0.091     9.192 r  ps/fclk_buf[0]/O
                         net (fo=235, routed)         1.498    10.690    ps/axi_slave_gp0/O[0]
    SLICE_X30Y42         FDRE                                         r  ps/axi_slave_gp0/axi\\.RDATA_reg[1]/C
                         clock pessimism              0.000    10.690    
                         clock uncertainty           -0.235    10.455    
    SLICE_X30Y42         FDRE (Setup_fdre_C_D)        0.081    10.536    ps/axi_slave_gp0/axi\\.RDATA_reg[1]
  -------------------------------------------------------------------
                         required time                         10.536    
                         arrival time                          -9.242    
  -------------------------------------------------------------------
                         slack                                  1.294    

Slack (MET) :             1.368ns  (required time - arrival time)
  Source:                 i_pid/sys_rdata_reg[9]/C
                            (rising edge-triggered cell FDRE clocked by pll_adc_clk  {rise@0.000ns fall@4.000ns period=8.000ns})
  Destination:            ps/axi_slave_gp0/axi\\.RDATA_reg[9]/D
                            (rising edge-triggered cell FDRE clocked by clk_fpga_0  {rise@0.000ns fall@4.000ns period=8.000ns})
  Path Group:             clk_fpga_0
  Path Type:              Setup (Max at Slow Process Corner)
  Requirement:            8.000ns  (clk_fpga_0 rise@8.000ns - pll_adc_clk rise@0.000ns)
  Data Path Delay:        3.159ns  (logic 0.704ns (22.288%)  route 2.455ns (77.712%))
  Logic Levels:           2  (LUT6=2)
  Clock Path Skew:        -3.269ns (DCD - SCD + CPR)
    Destination Clock Delay (DCD):    2.692ns = ( 10.693 - 8.000 ) 
    Source Clock Delay      (SCD):    5.961ns
    Clock Pessimism Removal (CPR):    0.000ns
  Clock Uncertainty:      0.235ns  ((TSJ^2 + TIJ^2 + DJ^2)^1/2) / 2 + PE
    Total System Jitter     (TSJ):    0.071ns
    Total Input Jitter      (TIJ):    0.240ns
    Discrete Jitter          (DJ):    0.118ns
    Phase Error              (PE):    0.097ns
  Clock Domain Crossing:  Inter clock paths are considered valid unless explicitly excluded by timing constraints such as set_clock_groups or set_false_path.

    Location             Delay type                Incr(ns)  Path(ns)    Netlist Resource(s)
  -------------------------------------------------------------------    -------------------
                         (clock pll_adc_clk rise edge)
                                                      0.000     0.000 r  
    U18                                               0.000     0.000 r  adc_clk_i[1] (IN)
                         net (fo=0)                   0.000     0.000    adc_clk_i[1]
    U18                  IBUFDS (Prop_ibufds_I_O)     0.983     0.983 r  i_clk/O
                         net (fo=1, routed)           1.306     2.289    pll/adc_clk_in
    PLLE2_ADV_X0Y0       PLLE2_ADV (Prop_plle2_adv_CLKIN1_CLKOUT0)
                                                      0.089     2.378 r  pll/pll/CLKOUT0
                         net (fo=1, routed)           1.754     4.132    pll_adc_clk
    BUFGCTRL_X0Y0        BUFG (Prop_bufg_I_O)         0.101     4.233 r  bufg_adc_clk/O
                         net (fo=9778, routed)        1.728     5.961    i_pid/adc_clk
    SLICE_X36Y79         FDRE                                         r  i_pid/sys_rdata_reg[9]/C
  -------------------------------------------------------------------    -------------------
    SLICE_X36Y79         FDRE (Prop_fdre_C_Q)         0.456     6.417 r  i_pid/sys_rdata_reg[9]/Q
                         net (fo=1, routed)           1.725     8.142    ps/axi_slave_gp0/axi\\.RDATA_reg[13]_0[9]
    SLICE_X33Y49         LUT6 (Prop_lut6_I3_O)        0.124     8.266 r  ps/axi_slave_gp0/axi\\.RDATA[9]_i_3/O
                         net (fo=1, routed)           0.730     8.996    ps/axi_slave_gp0/axi\\.RDATA[9]_i_3_n_0
    SLICE_X33Y43         LUT6 (Prop_lut6_I1_O)        0.124     9.120 r  ps/axi_slave_gp0/axi\\.RDATA[9]_i_1/O
                         net (fo=1, routed)           0.000     9.120    ps/axi_slave_gp0/ps_sys\\.rdata[9]
    SLICE_X33Y43         FDRE                                         r  ps/axi_slave_gp0/axi\\.RDATA_reg[9]/D
  -------------------------------------------------------------------    -------------------

                         (clock clk_fpga_0 rise edge)
                                                      8.000     8.000 r  
    PS7_X0Y0             PS7                          0.000     8.000 r  ps/system_i/processing_system7/inst/PS7_i/FCLKCLK[0]
                         net (fo=1, routed)           1.101     9.101    ps/lopt
    BUFGCTRL_X0Y3        BUFG (Prop_bufg_I_O)         0.091     9.192 r  ps/fclk_buf[0]/O
                         net (fo=235, routed)         1.500    10.692    ps/axi_slave_gp0/O[0]
    SLICE_X33Y43         FDRE                                         r  ps/axi_slave_gp0/axi\\.RDATA_reg[9]/C
                         clock pessimism              0.000    10.692    
                         clock uncertainty           -0.235    10.457    
    SLICE_X33Y43         FDRE (Setup_fdre_C_D)        0.031    10.488    ps/axi_slave_gp0/axi\\.RDATA_reg[9]
  -------------------------------------------------------------------
                         required time                         10.488    
                         arrival time                          -9.120    
  -------------------------------------------------------------------
                         slack                                  1.368    

Slack (MET) :             1.371ns  (required time - arrival time)
  Source:                 i_pid/sys_rdata_reg[0]/C
                            (rising edge-triggered cell FDRE clocked by pll_adc_clk  {rise@0.000ns fall@4.000ns period=8.000ns})
  Destination:            ps/axi_slave_gp0/axi\\.RDATA_reg[0]/D
                            (rising edge-triggered cell FDRE clocked by clk_fpga_0  {rise@0.000ns fall@4.000ns period=8.000ns})
  Path Group:             clk_fpga_0
  Path Type:              Setup (Max at Slow Process Corner)
  Requirement:            8.000ns  (clk_fpga_0 rise@8.000ns - pll_adc_clk rise@0.000ns)
  Data Path Delay:        3.208ns  (logic 0.704ns (21.946%)  route 2.504ns (78.054%))
  Logic Levels:           2  (LUT6=2)
  Clock Path Skew:        -3.265ns (DCD - SCD + CPR)
    Destination Clock Delay (DCD):    2.691ns = ( 10.691 - 8.000 ) 
    Source Clock Delay      (SCD):    5.956ns
    Clock Pessimism Removal (CPR):    0.000ns
  Clock Uncertainty:      0.235ns  ((TSJ^2 + TIJ^2 + DJ^2)^1/2) / 2 + PE
    Total System Jitter     (TSJ):    0.071ns
    Total Input Jitter      (TIJ):    0.240ns
    Discrete Jitter          (DJ):    0.118ns
    Phase Error              (PE):    0.097ns
  Clock Domain Crossing:  Inter clock paths are considered valid unless explicitly excluded by timing constraints such as set_clock_groups or set_false_path.

    Location             Delay type                Incr(ns)  Path(ns)    Netlist Resource(s)
  -------------------------------------------------------------------    -------------------
                         (clock pll_adc_clk rise edge)
                                                      0.000     0.000 r  
    U18                                               0.000     0.000 r  adc_clk_i[1] (IN)
                         net (fo=0)                   0.000     0.000    adc_clk_i[1]
    U18                  IBUFDS (Prop_ibufds_I_O)     0.983     0.983 r  i_clk/O
                         net (fo=1, routed)           1.306     2.289    pll/adc_clk_in
    PLLE2_ADV_X0Y0       PLLE2_ADV (Prop_plle2_adv_CLKIN1_CLKOUT0)
                                                      0.089     2.378 r  pll/pll/CLKOUT0
                         net (fo=1, routed)           1.754     4.132    pll_adc_clk
    BUFGCTRL_X0Y0        BUFG (Prop_bufg_I_O)         0.101     4.233 r  bufg_adc_clk/O
                         net (fo=9778, routed)        1.723     5.956    i_pid/adc_clk
    SLICE_X37Y73         FDRE                                         r  i_pid/sys_rdata_reg[0]/C
  -------------------------------------------------------------------    -------------------
    SLICE_X37Y73         FDRE (Prop_fdre_C_Q)         0.456     6.412 r  i_pid/sys_rdata_reg[0]/Q
                         net (fo=1, routed)           1.629     8.041    ps/axi_slave_gp0/axi\\.RDATA_reg[13]_0[0]
    SLICE_X35Y57         LUT6 (Prop_lut6_I3_O)        0.124     8.165 r  ps/axi_slave_gp0/axi\\.RDATA[0]_i_3/O
                         net (fo=1, routed)           0.875     9.040    ps/axi_slave_gp0/axi\\.RDATA[0]_i_3_n_0
    SLICE_X32Y42         LUT6 (Prop_lut6_I1_O)        0.124     9.164 r  ps/axi_slave_gp0/axi\\.RDATA[0]_i_1/O
                         net (fo=1, routed)           0.000     9.164    ps/axi_slave_gp0/ps_sys\\.rdata[0]
    SLICE_X32Y42         FDRE                                         r  ps/axi_slave_gp0/axi\\.RDATA_reg[0]/D
  -------------------------------------------------------------------    -------------------

                         (clock clk_fpga_0 rise edge)
                                                      8.000     8.000 r  
    PS7_X0Y0             PS7                          0.000     8.000 r  ps/system_i/processing_system7/inst/PS7_i/FCLKCLK[0]
                         net (fo=1, routed)           1.101     9.101    ps/lopt
    BUFGCTRL_X0Y3        BUFG (Prop_bufg_I_O)         0.091     9.192 r  ps/fclk_buf[0]/O
                         net (fo=235, routed)         1.499    10.691    ps/axi_slave_gp0/O[0]
    SLICE_X32Y42         FDRE                                         r  ps/axi_slave_gp0/axi\\.RDATA_reg[0]/C
                         clock pessimism              0.000    10.691    
                         clock uncertainty           -0.235    10.456    
    SLICE_X32Y42         FDRE (Setup_fdre_C_D)        0.079    10.535    ps/axi_slave_gp0/axi\\.RDATA_reg[0]
  -------------------------------------------------------------------
                         required time                         10.535    
                         arrival time                          -9.164    
  -------------------------------------------------------------------
                         slack                                  1.371    





Min Delay Paths
--------------------------------------------------------------------------------------
Slack (MET) :             0.852ns  (arrival time - required time)
  Source:                 i_daisy/sys_rdata_o_reg[2]/C
                            (rising edge-triggered cell FDRE clocked by pll_adc_clk  {rise@0.000ns fall@4.000ns period=8.000ns})
  Destination:            ps/axi_slave_gp0/axi\\.RDATA_reg[2]/D
                            (rising edge-triggered cell FDRE clocked by clk_fpga_0  {rise@0.000ns fall@4.000ns period=8.000ns})
  Path Group:             clk_fpga_0
  Path Type:              Hold (Min at Fast Process Corner)
  Requirement:            0.000ns  (clk_fpga_0 rise@0.000ns - pll_adc_clk rise@0.000ns)
  Data Path Delay:        0.431ns  (logic 0.227ns (52.714%)  route 0.204ns (47.286%))
  Logic Levels:           1  (LUT6=1)
  Clock Path Skew:        -0.777ns (DCD - SCD - CPR)
    Destination Clock Delay (DCD):    1.200ns
    Source Clock Delay      (SCD):    1.977ns
    Clock Pessimism Removal (CPR):    -0.000ns
  Clock Uncertainty:      0.235ns  ((TSJ^2 + TIJ^2 + DJ^2)^1/2) / 2 + PE
    Total System Jitter     (TSJ):    0.071ns
    Total Input Jitter      (TIJ):    0.240ns
    Discrete Jitter          (DJ):    0.118ns
    Phase Error              (PE):    0.097ns
  Clock Domain Crossing:  Inter clock paths are considered valid unless explicitly excluded by timing constraints such as set_clock_groups or set_false_path.

    Location             Delay type                Incr(ns)  Path(ns)    Netlist Resource(s)
  -------------------------------------------------------------------    -------------------
                         (clock pll_adc_clk rise edge)
                                                      0.000     0.000 r  
    U18                                               0.000     0.000 r  adc_clk_i[1] (IN)
                         net (fo=0)                   0.000     0.000    adc_clk_i[1]
    U18                  IBUFDS (Prop_ibufds_I_O)     0.401     0.401 r  i_clk/O
                         net (fo=1, routed)           0.440     0.842    pll/adc_clk_in
    PLLE2_ADV_X0Y0       PLLE2_ADV (Prop_plle2_adv_CLKIN1_CLKOUT0)
                                                      0.051     0.893 r  pll/pll/CLKOUT0
                         net (fo=1, routed)           0.497     1.390    pll_adc_clk
    BUFGCTRL_X0Y0        BUFG (Prop_bufg_I_O)         0.026     1.416 r  bufg_adc_clk/O
                         net (fo=9778, routed)        0.562     1.977    i_daisy/adc_clk
    SLICE_X33Y42         FDRE                                         r  i_daisy/sys_rdata_o_reg[2]/C
  -------------------------------------------------------------------    -------------------
    SLICE_X33Y42         FDRE (Prop_fdre_C_Q)         0.128     2.105 r  i_daisy/sys_rdata_o_reg[2]/Q
                         net (fo=1, routed)           0.204     2.309    ps/axi_slave_gp0/axi\\.RDATA_reg[2]_0
    SLICE_X32Y42         LUT6 (Prop_lut6_I5_O)        0.099     2.408 r  ps/axi_slave_gp0/axi\\.RDATA[2]_i_1/O
                         net (fo=1, routed)           0.000     2.408    ps/axi_slave_gp0/ps_sys\\.rdata[2]
    SLICE_X32Y42         FDRE                                         r  ps/axi_slave_gp0/axi\\.RDATA_reg[2]/D
  -------------------------------------------------------------------    -------------------

                         (clock clk_fpga_0 rise edge)
                                                      0.000     0.000 r  
    PS7_X0Y0             PS7                          0.000     0.000 r  ps/system_i/processing_system7/inst/PS7_i/FCLKCLK[0]
                         net (fo=1, routed)           0.341     0.341    ps/lopt
    BUFGCTRL_X0Y3        BUFG (Prop_bufg_I_O)         0.029     0.370 r  ps/fclk_buf[0]/O
                         net (fo=235, routed)         0.830     1.200    ps/axi_slave_gp0/O[0]
    SLICE_X32Y42         FDRE                                         r  ps/axi_slave_gp0/axi\\.RDATA_reg[2]/C
                         clock pessimism              0.000     1.200    
                         clock uncertainty            0.235     1.435    
    SLICE_X32Y42         FDRE (Hold_fdre_C_D)         0.120     1.555    ps/axi_slave_gp0/axi\\.RDATA_reg[2]
  -------------------------------------------------------------------
                         required time                         -1.555    
                         arrival time                           2.408    
  -------------------------------------------------------------------
                         slack                                  0.852    

Slack (MET) :             0.856ns  (arrival time - required time)
  Source:                 i_daisy/sys_rdata_o_reg[4]/C
                            (rising edge-triggered cell FDRE clocked by pll_adc_clk  {rise@0.000ns fall@4.000ns period=8.000ns})
  Destination:            ps/axi_slave_gp0/axi\\.RDATA_reg[4]/D
                            (rising edge-triggered cell FDRE clocked by clk_fpga_0  {rise@0.000ns fall@4.000ns period=8.000ns})
  Path Group:             clk_fpga_0
  Path Type:              Hold (Min at Fast Process Corner)
  Requirement:            0.000ns  (clk_fpga_0 rise@0.000ns - pll_adc_clk rise@0.000ns)
  Data Path Delay:        0.435ns  (logic 0.186ns (42.766%)  route 0.249ns (57.234%))
  Logic Levels:           1  (LUT6=1)
  Clock Path Skew:        -0.776ns (DCD - SCD - CPR)
    Destination Clock Delay (DCD):    1.201ns
    Source Clock Delay      (SCD):    1.977ns
    Clock Pessimism Removal (CPR):    -0.000ns
  Clock Uncertainty:      0.235ns  ((TSJ^2 + TIJ^2 + DJ^2)^1/2) / 2 + PE
    Total System Jitter     (TSJ):    0.071ns
    Total Input Jitter      (TIJ):    0.240ns
    Discrete Jitter          (DJ):    0.118ns
    Phase Error              (PE):    0.097ns
  Clock Domain Crossing:  Inter clock paths are considered valid unless explicitly excluded by timing constraints such as set_clock_groups or set_false_path.

    Location             Delay type                Incr(ns)  Path(ns)    Netlist Resource(s)
  -------------------------------------------------------------------    -------------------
                         (clock pll_adc_clk rise edge)
                                                      0.000     0.000 r  
    U18                                               0.000     0.000 r  adc_clk_i[1] (IN)
                         net (fo=0)                   0.000     0.000    adc_clk_i[1]
    U18                  IBUFDS (Prop_ibufds_I_O)     0.401     0.401 r  i_clk/O
                         net (fo=1, routed)           0.440     0.842    pll/adc_clk_in
    PLLE2_ADV_X0Y0       PLLE2_ADV (Prop_plle2_adv_CLKIN1_CLKOUT0)
                                                      0.051     0.893 r  pll/pll/CLKOUT0
                         net (fo=1, routed)           0.497     1.390    pll_adc_clk
    BUFGCTRL_X0Y0        BUFG (Prop_bufg_I_O)         0.026     1.416 r  bufg_adc_clk/O
                         net (fo=9778, routed)        0.562     1.977    i_daisy/adc_clk
    SLICE_X33Y40         FDRE                                         r  i_daisy/sys_rdata_o_reg[4]/C
  -------------------------------------------------------------------    -------------------
    SLICE_X33Y40         FDRE (Prop_fdre_C_Q)         0.141     2.118 r  i_daisy/sys_rdata_o_reg[4]/Q
                         net (fo=1, routed)           0.249     2.367    ps/axi_slave_gp0/axi\\.RDATA_reg[4]_0
    SLICE_X32Y43         LUT6 (Prop_lut6_I0_O)        0.045     2.412 r  ps/axi_slave_gp0/axi\\.RDATA[4]_i_1/O
                         net (fo=1, routed)           0.000     2.412    ps/axi_slave_gp0/ps_sys\\.rdata[4]
    SLICE_X32Y43         FDRE                                         r  ps/axi_slave_gp0/axi\\.RDATA_reg[4]/D
  -------------------------------------------------------------------    -------------------

                         (clock clk_fpga_0 rise edge)
                                                      0.000     0.000 r  
    PS7_X0Y0             PS7                          0.000     0.000 r  ps/system_i/processing_system7/inst/PS7_i/FCLKCLK[0]
                         net (fo=1, routed)           0.341     0.341    ps/lopt
    BUFGCTRL_X0Y3        BUFG (Prop_bufg_I_O)         0.029     0.370 r  ps/fclk_buf[0]/O
                         net (fo=235, routed)         0.831     1.201    ps/axi_slave_gp0/O[0]
    SLICE_X32Y43         FDRE                                         r  ps/axi_slave_gp0/axi\\.RDATA_reg[4]/C
                         clock pessimism              0.000     1.201    
                         clock uncertainty            0.235     1.436    
    SLICE_X32Y43         FDRE (Hold_fdre_C_D)         0.120     1.556    ps/axi_slave_gp0/axi\\.RDATA_reg[4]
  -------------------------------------------------------------------
                         required time                         -1.556    
                         arrival time                           2.412    
  -------------------------------------------------------------------
                         slack                                  0.856    

Slack (MET) :             0.868ns  (arrival time - required time)
  Source:                 i_daisy/sys_rdata_o_reg[7]/C
                            (rising edge-triggered cell FDRE clocked by pll_adc_clk  {rise@0.000ns fall@4.000ns period=8.000ns})
  Destination:            ps/axi_slave_gp0/axi\\.RDATA_reg[7]/D
                            (rising edge-triggered cell FDRE clocked by clk_fpga_0  {rise@0.000ns fall@4.000ns period=8.000ns})
  Path Group:             clk_fpga_0
  Path Type:              Hold (Min at Fast Process Corner)
  Requirement:            0.000ns  (clk_fpga_0 rise@0.000ns - pll_adc_clk rise@0.000ns)
  Data Path Delay:        0.450ns  (logic 0.186ns (41.323%)  route 0.264ns (58.677%))
  Logic Levels:           1  (LUT6=1)
  Clock Path Skew:        -0.774ns (DCD - SCD - CPR)
    Destination Clock Delay (DCD):    1.201ns
    Source Clock Delay      (SCD):    1.975ns
    Clock Pessimism Removal (CPR):    -0.000ns
  Clock Uncertainty:      0.235ns  ((TSJ^2 + TIJ^2 + DJ^2)^1/2) / 2 + PE
    Total System Jitter     (TSJ):    0.071ns
    Total Input Jitter      (TIJ):    0.240ns
    Discrete Jitter          (DJ):    0.118ns
    Phase Error              (PE):    0.097ns
  Clock Domain Crossing:  Inter clock paths are considered valid unless explicitly excluded by timing constraints such as set_clock_groups or set_false_path.

    Location             Delay type                Incr(ns)  Path(ns)    Netlist Resource(s)
  -------------------------------------------------------------------    -------------------
                         (clock pll_adc_clk rise edge)
                                                      0.000     0.000 r  
    U18                                               0.000     0.000 r  adc_clk_i[1] (IN)
                         net (fo=0)                   0.000     0.000    adc_clk_i[1]
    U18                  IBUFDS (Prop_ibufds_I_O)     0.401     0.401 r  i_clk/O
                         net (fo=1, routed)           0.440     0.842    pll/adc_clk_in
    PLLE2_ADV_X0Y0       PLLE2_ADV (Prop_plle2_adv_CLKIN1_CLKOUT0)
                                                      0.051     0.893 r  pll/pll/CLKOUT0
                         net (fo=1, routed)           0.497     1.390    pll_adc_clk
    BUFGCTRL_X0Y0        BUFG (Prop_bufg_I_O)         0.026     1.416 r  bufg_adc_clk/O
                         net (fo=9778, routed)        0.560     1.975    i_daisy/adc_clk
    SLICE_X33Y37         FDRE                                         r  i_daisy/sys_rdata_o_reg[7]/C
  -------------------------------------------------------------------    -------------------
    SLICE_X33Y37         FDRE (Prop_fdre_C_Q)         0.141     2.116 r  i_daisy/sys_rdata_o_reg[7]/Q
                         net (fo=1, routed)           0.264     2.380    ps/axi_slave_gp0/axi\\.RDATA_reg[7]_0
    SLICE_X34Y42         LUT6 (Prop_lut6_I5_O)        0.045     2.425 r  ps/axi_slave_gp0/axi\\.RDATA[7]_i_1/O
                         net (fo=1, routed)           0.000     2.425    ps/axi_slave_gp0/ps_sys\\.rdata[7]
    SLICE_X34Y42         FDRE                                         r  ps/axi_slave_gp0/axi\\.RDATA_reg[7]/D
  -------------------------------------------------------------------    -------------------

                         (clock clk_fpga_0 rise edge)
                                                      0.000     0.000 r  
    PS7_X0Y0             PS7                          0.000     0.000 r  ps/system_i/processing_system7/inst/PS7_i/FCLKCLK[0]
                         net (fo=1, routed)           0.341     0.341    ps/lopt
    BUFGCTRL_X0Y3        BUFG (Prop_bufg_I_O)         0.029     0.370 r  ps/fclk_buf[0]/O
                         net (fo=235, routed)         0.831     1.201    ps/axi_slave_gp0/O[0]
    SLICE_X34Y42         FDRE                                         r  ps/axi_slave_gp0/axi\\.RDATA_reg[7]/C
                         clock pessimism              0.000     1.201    
                         clock uncertainty            0.235     1.436    
    SLICE_X34Y42         FDRE (Hold_fdre_C_D)         0.121     1.557    ps/axi_slave_gp0/axi\\.RDATA_reg[7]
  -------------------------------------------------------------------
                         required time                         -1.557    
                         arrival time                           2.425    
  -------------------------------------------------------------------
                         slack                                  0.868    

Slack (MET) :             0.868ns  (arrival time - required time)
  Source:                 i_ams/sys_rdata_reg[22]/C
                            (rising edge-triggered cell FDRE clocked by pll_adc_clk  {rise@0.000ns fall@4.000ns period=8.000ns})
  Destination:            ps/axi_slave_gp0/axi\\.RDATA_reg[22]/D
                            (rising edge-triggered cell FDRE clocked by clk_fpga_0  {rise@0.000ns fall@4.000ns period=8.000ns})
  Path Group:             clk_fpga_0
  Path Type:              Hold (Min at Fast Process Corner)
  Requirement:            0.000ns  (clk_fpga_0 rise@0.000ns - pll_adc_clk rise@0.000ns)
  Data Path Delay:        0.446ns  (logic 0.186ns (41.748%)  route 0.260ns (58.252%))
  Logic Levels:           1  (LUT6=1)
  Clock Path Skew:        -0.779ns (DCD - SCD - CPR)
    Destination Clock Delay (DCD):    1.197ns
    Source Clock Delay      (SCD):    1.976ns
    Clock Pessimism Removal (CPR):    -0.000ns
  Clock Uncertainty:      0.235ns  ((TSJ^2 + TIJ^2 + DJ^2)^1/2) / 2 + PE
    Total System Jitter     (TSJ):    0.071ns
    Total Input Jitter      (TIJ):    0.240ns
    Discrete Jitter          (DJ):    0.118ns
    Phase Error              (PE):    0.097ns
  Clock Domain Crossing:  Inter clock paths are considered valid unless explicitly excluded by timing constraints such as set_clock_groups or set_false_path.

    Location             Delay type                Incr(ns)  Path(ns)    Netlist Resource(s)
  -------------------------------------------------------------------    -------------------
                         (clock pll_adc_clk rise edge)
                                                      0.000     0.000 r  
    U18                                               0.000     0.000 r  adc_clk_i[1] (IN)
                         net (fo=0)                   0.000     0.000    adc_clk_i[1]
    U18                  IBUFDS (Prop_ibufds_I_O)     0.401     0.401 r  i_clk/O
                         net (fo=1, routed)           0.440     0.842    pll/adc_clk_in
    PLLE2_ADV_X0Y0       PLLE2_ADV (Prop_plle2_adv_CLKIN1_CLKOUT0)
                                                      0.051     0.893 r  pll/pll/CLKOUT0
                         net (fo=1, routed)           0.497     1.390    pll_adc_clk
    BUFGCTRL_X0Y0        BUFG (Prop_bufg_I_O)         0.026     1.416 r  bufg_adc_clk/O
                         net (fo=9778, routed)        0.561     1.976    i_ams/adc_clk
    SLICE_X27Y39         FDRE                                         r  i_ams/sys_rdata_reg[22]/C
  -------------------------------------------------------------------    -------------------
    SLICE_X27Y39         FDRE (Prop_fdre_C_Q)         0.141     2.117 r  i_ams/sys_rdata_reg[22]/Q
                         net (fo=1, routed)           0.260     2.377    ps/axi_slave_gp0/axi\\.RDATA_reg[22]_0
    SLICE_X24Y41         LUT6 (Prop_lut6_I2_O)        0.045     2.422 r  ps/axi_slave_gp0/axi\\.RDATA[22]_i_1/O
                         net (fo=1, routed)           0.000     2.422    ps/axi_slave_gp0/ps_sys\\.rdata[22]
    SLICE_X24Y41         FDRE                                         r  ps/axi_slave_gp0/axi\\.RDATA_reg[22]/D
  -------------------------------------------------------------------    -------------------

                         (clock clk_fpga_0 rise edge)
                                                      0.000     0.000 r  
    PS7_X0Y0             PS7                          0.000     0.000 r  ps/system_i/processing_system7/inst/PS7_i/FCLKCLK[0]
                         net (fo=1, routed)           0.341     0.341    ps/lopt
    BUFGCTRL_X0Y3        BUFG (Prop_bufg_I_O)         0.029     0.370 r  ps/fclk_buf[0]/O
                         net (fo=235, routed)         0.827     1.197    ps/axi_slave_gp0/O[0]
    SLICE_X24Y41         FDRE                                         r  ps/axi_slave_gp0/axi\\.RDATA_reg[22]/C
                         clock pessimism              0.000     1.197    
                         clock uncertainty            0.235     1.432    
    SLICE_X24Y41         FDRE (Hold_fdre_C_D)         0.121     1.553    ps/axi_slave_gp0/axi\\.RDATA_reg[22]
  -------------------------------------------------------------------
                         required time                         -1.553    
                         arrival time                           2.422    
  -------------------------------------------------------------------
                         slack                                  0.868    

Slack (MET) :             0.927ns  (arrival time - required time)
  Source:                 i_hk/sys_rdata_reg[12]/C
                            (rising edge-triggered cell FDRE clocked by pll_adc_clk  {rise@0.000ns fall@4.000ns period=8.000ns})
  Destination:            ps/axi_slave_gp0/axi\\.RDATA_reg[12]/D
                            (rising edge-triggered cell FDRE clocked by clk_fpga_0  {rise@0.000ns fall@4.000ns period=8.000ns})
  Path Group:             clk_fpga_0
  Path Type:              Hold (Min at Fast Process Corner)
  Requirement:            0.000ns  (clk_fpga_0 rise@0.000ns - pll_adc_clk rise@0.000ns)
  Data Path Delay:        0.477ns  (logic 0.231ns (48.467%)  route 0.246ns (51.533%))
  Logic Levels:           2  (LUT6=2)
  Clock Path Skew:        -0.777ns (DCD - SCD - CPR)
    Destination Clock Delay (DCD):    1.201ns
    Source Clock Delay      (SCD):    1.978ns
    Clock Pessimism Removal (CPR):    -0.000ns
  Clock Uncertainty:      0.235ns  ((TSJ^2 + TIJ^2 + DJ^2)^1/2) / 2 + PE
    Total System Jitter     (TSJ):    0.071ns
    Total Input Jitter      (TIJ):    0.240ns
    Discrete Jitter          (DJ):    0.118ns
    Phase Error              (PE):    0.097ns
  Clock Domain Crossing:  Inter clock paths are considered valid unless explicitly excluded by timing constraints such as set_clock_groups or set_false_path.

    Location             Delay type                Incr(ns)  Path(ns)    Netlist Resource(s)
  -------------------------------------------------------------------    -------------------
                         (clock pll_adc_clk rise edge)
                                                      0.000     0.000 r  
    U18                                               0.000     0.000 r  adc_clk_i[1] (IN)
                         net (fo=0)                   0.000     0.000    adc_clk_i[1]
    U18                  IBUFDS (Prop_ibufds_I_O)     0.401     0.401 r  i_clk/O
                         net (fo=1, routed)           0.440     0.842    pll/adc_clk_in
    PLLE2_ADV_X0Y0       PLLE2_ADV (Prop_plle2_adv_CLKIN1_CLKOUT0)
                                                      0.051     0.893 r  pll/pll/CLKOUT0
                         net (fo=1, routed)           0.497     1.390    pll_adc_clk
    BUFGCTRL_X0Y0        BUFG (Prop_bufg_I_O)         0.026     1.416 r  bufg_adc_clk/O
                         net (fo=9778, routed)        0.563     1.978    i_hk/adc_clk
    SLICE_X35Y44         FDRE                                         r  i_hk/sys_rdata_reg[12]/C
  -------------------------------------------------------------------    -------------------
    SLICE_X35Y44         FDRE (Prop_fdre_C_Q)         0.141     2.119 r  i_hk/sys_rdata_reg[12]/Q
                         net (fo=1, routed)           0.111     2.230    ps/axi_slave_gp0/axi\\.RDATA_reg[31]_3[12]
    SLICE_X33Y44         LUT6 (Prop_lut6_I4_O)        0.045     2.275 r  ps/axi_slave_gp0/axi\\.RDATA[12]_i_2/O
                         net (fo=1, routed)           0.135     2.410    ps/axi_slave_gp0/axi\\.RDATA[12]_i_2_n_0
    SLICE_X33Y44         LUT6 (Prop_lut6_I0_O)        0.045     2.455 r  ps/axi_slave_gp0/axi\\.RDATA[12]_i_1/O
                         net (fo=1, routed)           0.000     2.455    ps/axi_slave_gp0/ps_sys\\.rdata[12]
    SLICE_X33Y44         FDRE                                         r  ps/axi_slave_gp0/axi\\.RDATA_reg[12]/D
  -------------------------------------------------------------------    -------------------

                         (clock clk_fpga_0 rise edge)
                                                      0.000     0.000 r  
    PS7_X0Y0             PS7                          0.000     0.000 r  ps/system_i/processing_system7/inst/PS7_i/FCLKCLK[0]
                         net (fo=1, routed)           0.341     0.341    ps/lopt
    BUFGCTRL_X0Y3        BUFG (Prop_bufg_I_O)         0.029     0.370 r  ps/fclk_buf[0]/O
                         net (fo=235, routed)         0.831     1.201    ps/axi_slave_gp0/O[0]
    SLICE_X33Y44         FDRE                                         r  ps/axi_slave_gp0/axi\\.RDATA_reg[12]/C
                         clock pessimism              0.000     1.201    
                         clock uncertainty            0.235     1.436    
    SLICE_X33Y44         FDRE (Hold_fdre_C_D)         0.091     1.527    ps/axi_slave_gp0/axi\\.RDATA_reg[12]
  -------------------------------------------------------------------
                         required time                         -1.527    
                         arrival time                           2.455    
  -------------------------------------------------------------------
                         slack                                  0.927    

Slack (MET) :             0.960ns  (arrival time - required time)
  Source:                 i_daisy/sys_rdata_o_reg[5]/C
                            (rising edge-triggered cell FDRE clocked by pll_adc_clk  {rise@0.000ns fall@4.000ns period=8.000ns})
  Destination:            ps/axi_slave_gp0/axi\\.RDATA_reg[5]/D
                            (rising edge-triggered cell FDRE clocked by clk_fpga_0  {rise@0.000ns fall@4.000ns period=8.000ns})
  Path Group:             clk_fpga_0
  Path Type:              Hold (Min at Fast Process Corner)
  Requirement:            0.000ns  (clk_fpga_0 rise@0.000ns - pll_adc_clk rise@0.000ns)
  Data Path Delay:        0.540ns  (logic 0.186ns (34.453%)  route 0.354ns (65.547%))
  Logic Levels:           1  (LUT6=1)
  Clock Path Skew:        -0.775ns (DCD - SCD - CPR)
    Destination Clock Delay (DCD):    1.201ns
    Source Clock Delay      (SCD):    1.976ns
    Clock Pessimism Removal (CPR):    -0.000ns
  Clock Uncertainty:      0.235ns  ((TSJ^2 + TIJ^2 + DJ^2)^1/2) / 2 + PE
    Total System Jitter     (TSJ):    0.071ns
    Total Input Jitter      (TIJ):    0.240ns
    Discrete Jitter          (DJ):    0.118ns
    Phase Error              (PE):    0.097ns
  Clock Domain Crossing:  Inter clock paths are considered valid unless explicitly excluded by timing constraints such as set_clock_groups or set_false_path.

    Location             Delay type                Incr(ns)  Path(ns)    Netlist Resource(s)
  -------------------------------------------------------------------    -------------------
                         (clock pll_adc_clk rise edge)
                                                      0.000     0.000 r  
    U18                                               0.000     0.000 r  adc_clk_i[1] (IN)
                         net (fo=0)                   0.000     0.000    adc_clk_i[1]
    U18                  IBUFDS (Prop_ibufds_I_O)     0.401     0.401 r  i_clk/O
                         net (fo=1, routed)           0.440     0.842    pll/adc_clk_in
    PLLE2_ADV_X0Y0       PLLE2_ADV (Prop_plle2_adv_CLKIN1_CLKOUT0)
                                                      0.051     0.893 r  pll/pll/CLKOUT0
                         net (fo=1, routed)           0.497     1.390    pll_adc_clk
    BUFGCTRL_X0Y0        BUFG (Prop_bufg_I_O)         0.026     1.416 r  bufg_adc_clk/O
                         net (fo=9778, routed)        0.561     1.976    i_daisy/adc_clk
    SLICE_X33Y38         FDRE                                         r  i_daisy/sys_rdata_o_reg[5]/C
  -------------------------------------------------------------------    -------------------
    SLICE_X33Y38         FDRE (Prop_fdre_C_Q)         0.141     2.117 r  i_daisy/sys_rdata_o_reg[5]/Q
                         net (fo=1, routed)           0.354     2.471    ps/axi_slave_gp0/axi\\.RDATA_reg[5]_0
    SLICE_X34Y42         LUT6 (Prop_lut6_I5_O)        0.045     2.516 r  ps/axi_slave_gp0/axi\\.RDATA[5]_i_1/O
                         net (fo=1, routed)           0.000     2.516    ps/axi_slave_gp0/ps_sys\\.rdata[5]
    SLICE_X34Y42         FDRE                                         r  ps/axi_slave_gp0/axi\\.RDATA_reg[5]/D
  -------------------------------------------------------------------    -------------------

                         (clock clk_fpga_0 rise edge)
                                                      0.000     0.000 r  
    PS7_X0Y0             PS7                          0.000     0.000 r  ps/system_i/processing_system7/inst/PS7_i/FCLKCLK[0]
                         net (fo=1, routed)           0.341     0.341    ps/lopt
    BUFGCTRL_X0Y3        BUFG (Prop_bufg_I_O)         0.029     0.370 r  ps/fclk_buf[0]/O
                         net (fo=235, routed)         0.831     1.201    ps/axi_slave_gp0/O[0]
    SLICE_X34Y42         FDRE                                         r  ps/axi_slave_gp0/axi\\.RDATA_reg[5]/C
                         clock pessimism              0.000     1.201    
                         clock uncertainty            0.235     1.436    
    SLICE_X34Y42         FDRE (Hold_fdre_C_D)         0.120     1.556    ps/axi_slave_gp0/axi\\.RDATA_reg[5]
  -------------------------------------------------------------------
                         required time                         -1.556    
                         arrival time                           2.516    
  -------------------------------------------------------------------
                         slack                                  0.960    

Slack (MET) :             0.971ns  (arrival time - required time)
  Source:                 i_daisy/sys_rdata_o_reg[6]/C
                            (rising edge-triggered cell FDRE clocked by pll_adc_clk  {rise@0.000ns fall@4.000ns period=8.000ns})
  Destination:            ps/axi_slave_gp0/axi\\.RDATA_reg[6]/D
                            (rising edge-triggered cell FDRE clocked by clk_fpga_0  {rise@0.000ns fall@4.000ns period=8.000ns})
  Path Group:             clk_fpga_0
  Path Type:              Hold (Min at Fast Process Corner)
  Requirement:            0.000ns  (clk_fpga_0 rise@0.000ns - pll_adc_clk rise@0.000ns)
  Data Path Delay:        0.552ns  (logic 0.186ns (33.704%)  route 0.366ns (66.296%))
  Logic Levels:           1  (LUT6=1)
  Clock Path Skew:        -0.775ns (DCD - SCD - CPR)
    Destination Clock Delay (DCD):    1.201ns
    Source Clock Delay      (SCD):    1.976ns
    Clock Pessimism Removal (CPR):    -0.000ns
  Clock Uncertainty:      0.235ns  ((TSJ^2 + TIJ^2 + DJ^2)^1/2) / 2 + PE
    Total System Jitter     (TSJ):    0.071ns
    Total Input Jitter      (TIJ):    0.240ns
    Discrete Jitter          (DJ):    0.118ns
    Phase Error              (PE):    0.097ns
  Clock Domain Crossing:  Inter clock paths are considered valid unless explicitly excluded by timing constraints such as set_clock_groups or set_false_path.

    Location             Delay type                Incr(ns)  Path(ns)    Netlist Resource(s)
  -------------------------------------------------------------------    -------------------
                         (clock pll_adc_clk rise edge)
                                                      0.000     0.000 r  
    U18                                               0.000     0.000 r  adc_clk_i[1] (IN)
                         net (fo=0)                   0.000     0.000    adc_clk_i[1]
    U18                  IBUFDS (Prop_ibufds_I_O)     0.401     0.401 r  i_clk/O
                         net (fo=1, routed)           0.440     0.842    pll/adc_clk_in
    PLLE2_ADV_X0Y0       PLLE2_ADV (Prop_plle2_adv_CLKIN1_CLKOUT0)
                                                      0.051     0.893 r  pll/pll/CLKOUT0
                         net (fo=1, routed)           0.497     1.390    pll_adc_clk
    BUFGCTRL_X0Y0        BUFG (Prop_bufg_I_O)         0.026     1.416 r  bufg_adc_clk/O
                         net (fo=9778, routed)        0.561     1.976    i_daisy/adc_clk
    SLICE_X33Y38         FDRE                                         r  i_daisy/sys_rdata_o_reg[6]/C
  -------------------------------------------------------------------    -------------------
    SLICE_X33Y38         FDRE (Prop_fdre_C_Q)         0.141     2.117 r  i_daisy/sys_rdata_o_reg[6]/Q
                         net (fo=1, routed)           0.366     2.483    ps/axi_slave_gp0/axi\\.RDATA_reg[6]_0
    SLICE_X32Y43         LUT6 (Prop_lut6_I5_O)        0.045     2.528 r  ps/axi_slave_gp0/axi\\.RDATA[6]_i_1/O
                         net (fo=1, routed)           0.000     2.528    ps/axi_slave_gp0/ps_sys\\.rdata[6]
    SLICE_X32Y43         FDRE                                         r  ps/axi_slave_gp0/axi\\.RDATA_reg[6]/D
  -------------------------------------------------------------------    -------------------

                         (clock clk_fpga_0 rise edge)
                                                      0.000     0.000 r  
    PS7_X0Y0             PS7                          0.000     0.000 r  ps/system_i/processing_system7/inst/PS7_i/FCLKCLK[0]
                         net (fo=1, routed)           0.341     0.341    ps/lopt
    BUFGCTRL_X0Y3        BUFG (Prop_bufg_I_O)         0.029     0.370 r  ps/fclk_buf[0]/O
                         net (fo=235, routed)         0.831     1.201    ps/axi_slave_gp0/O[0]
    SLICE_X32Y43         FDRE                                         r  ps/axi_slave_gp0/axi\\.RDATA_reg[6]/C
                         clock pessimism              0.000     1.201    
                         clock uncertainty            0.235     1.436    
    SLICE_X32Y43         FDRE (Hold_fdre_C_D)         0.121     1.557    ps/axi_slave_gp0/axi\\.RDATA_reg[6]
  -------------------------------------------------------------------
                         required time                         -1.557    
                         arrival time                           2.528    
  -------------------------------------------------------------------
                         slack                                  0.971    

Slack (MET) :             0.989ns  (arrival time - required time)
  Source:                 i_daisy/sys_rdata_o_reg[1]/C
                            (rising edge-triggered cell FDRE clocked by pll_adc_clk  {rise@0.000ns fall@4.000ns period=8.000ns})
  Destination:            ps/axi_slave_gp0/axi\\.RDATA_reg[1]/D
                            (rising edge-triggered cell FDRE clocked by clk_fpga_0  {rise@0.000ns fall@4.000ns period=8.000ns})
  Path Group:             clk_fpga_0
  Path Type:              Hold (Min at Fast Process Corner)
  Requirement:            0.000ns  (clk_fpga_0 rise@0.000ns - pll_adc_clk rise@0.000ns)
  Data Path Delay:        0.571ns  (logic 0.209ns (36.604%)  route 0.362ns (63.396%))
  Logic Levels:           1  (LUT6=1)
  Clock Path Skew:        -0.774ns (DCD - SCD - CPR)
    Destination Clock Delay (DCD):    1.200ns
    Source Clock Delay      (SCD):    1.974ns
    Clock Pessimism Removal (CPR):    -0.000ns
  Clock Uncertainty:      0.235ns  ((TSJ^2 + TIJ^2 + DJ^2)^1/2) / 2 + PE
    Total System Jitter     (TSJ):    0.071ns
    Total Input Jitter      (TIJ):    0.240ns
    Discrete Jitter          (DJ):    0.118ns
    Phase Error              (PE):    0.097ns
  Clock Domain Crossing:  Inter clock paths are considered valid unless explicitly excluded by timing constraints such as set_clock_groups or set_false_path.

    Location             Delay type                Incr(ns)  Path(ns)    Netlist Resource(s)
  -------------------------------------------------------------------    -------------------
                         (clock pll_adc_clk rise edge)
                                                      0.000     0.000 r  
    U18                                               0.000     0.000 r  adc_clk_i[1] (IN)
                         net (fo=0)                   0.000     0.000    adc_clk_i[1]
    U18                  IBUFDS (Prop_ibufds_I_O)     0.401     0.401 r  i_clk/O
                         net (fo=1, routed)           0.440     0.842    pll/adc_clk_in
    PLLE2_ADV_X0Y0       PLLE2_ADV (Prop_plle2_adv_CLKIN1_CLKOUT0)
                                                      0.051     0.893 r  pll/pll/CLKOUT0
                         net (fo=1, routed)           0.497     1.390    pll_adc_clk
    BUFGCTRL_X0Y0        BUFG (Prop_bufg_I_O)         0.026     1.416 r  bufg_adc_clk/O
                         net (fo=9778, routed)        0.559     1.974    i_daisy/adc_clk
    SLICE_X32Y34         FDRE                                         r  i_daisy/sys_rdata_o_reg[1]/C
  -------------------------------------------------------------------    -------------------
    SLICE_X32Y34         FDRE (Prop_fdre_C_Q)         0.164     2.138 r  i_daisy/sys_rdata_o_reg[1]/Q
                         net (fo=1, routed)           0.362     2.500    ps/axi_slave_gp0/axi\\.RDATA_reg[1]_0
    SLICE_X30Y42         LUT6 (Prop_lut6_I5_O)        0.045     2.545 r  ps/axi_slave_gp0/axi\\.RDATA[1]_i_1/O
                         net (fo=1, routed)           0.000     2.545    ps/axi_slave_gp0/ps_sys\\.rdata[1]
    SLICE_X30Y42         FDRE                                         r  ps/axi_slave_gp0/axi\\.RDATA_reg[1]/D
  -------------------------------------------------------------------    -------------------

                         (clock clk_fpga_0 rise edge)
                                                      0.000     0.000 r  
    PS7_X0Y0             PS7                          0.000     0.000 r  ps/system_i/processing_system7/inst/PS7_i/FCLKCLK[0]
                         net (fo=1, routed)           0.341     0.341    ps/lopt
    BUFGCTRL_X0Y3        BUFG (Prop_bufg_I_O)         0.029     0.370 r  ps/fclk_buf[0]/O
                         net (fo=235, routed)         0.830     1.200    ps/axi_slave_gp0/O[0]
    SLICE_X30Y42         FDRE                                         r  ps/axi_slave_gp0/axi\\.RDATA_reg[1]/C
                         clock pessimism              0.000     1.200    
                         clock uncertainty            0.235     1.435    
    SLICE_X30Y42         FDRE (Hold_fdre_C_D)         0.121     1.556    ps/axi_slave_gp0/axi\\.RDATA_reg[1]
  -------------------------------------------------------------------
                         required time                         -1.556    
                         arrival time                           2.545    
  -------------------------------------------------------------------
                         slack                                  0.989    

Slack (MET) :             0.992ns  (arrival time - required time)
  Source:                 i_daisy/sys_rdata_o_reg[11]/C
                            (rising edge-triggered cell FDRE clocked by pll_adc_clk  {rise@0.000ns fall@4.000ns period=8.000ns})
  Destination:            ps/axi_slave_gp0/axi\\.RDATA_reg[11]/D
                            (rising edge-triggered cell FDRE clocked by clk_fpga_0  {rise@0.000ns fall@4.000ns period=8.000ns})
  Path Group:             clk_fpga_0
  Path Type:              Hold (Min at Fast Process Corner)
  Requirement:            0.000ns  (clk_fpga_0 rise@0.000ns - pll_adc_clk rise@0.000ns)
  Data Path Delay:        0.544ns  (logic 0.186ns (34.199%)  route 0.358ns (65.801%))
  Logic Levels:           1  (LUT6=1)
  Clock Path Skew:        -0.774ns (DCD - SCD - CPR)
    Destination Clock Delay (DCD):    1.201ns
    Source Clock Delay      (SCD):    1.975ns
    Clock Pessimism Removal (CPR):    -0.000ns
  Clock Uncertainty:      0.235ns  ((TSJ^2 + TIJ^2 + DJ^2)^1/2) / 2 + PE
    Total System Jitter     (TSJ):    0.071ns
    Total Input Jitter      (TIJ):    0.240ns
    Discrete Jitter          (DJ):    0.118ns
    Phase Error              (PE):    0.097ns
  Clock Domain Crossing:  Inter clock paths are considered valid unless explicitly excluded by timing constraints such as set_clock_groups or set_false_path.

    Location             Delay type                Incr(ns)  Path(ns)    Netlist Resource(s)
  -------------------------------------------------------------------    -------------------
                         (clock pll_adc_clk rise edge)
                                                      0.000     0.000 r  
    U18                                               0.000     0.000 r  adc_clk_i[1] (IN)
                         net (fo=0)                   0.000     0.000    adc_clk_i[1]
    U18                  IBUFDS (Prop_ibufds_I_O)     0.401     0.401 r  i_clk/O
                         net (fo=1, routed)           0.440     0.842    pll/adc_clk_in
    PLLE2_ADV_X0Y0       PLLE2_ADV (Prop_plle2_adv_CLKIN1_CLKOUT0)
                                                      0.051     0.893 r  pll/pll/CLKOUT0
                         net (fo=1, routed)           0.497     1.390    pll_adc_clk
    BUFGCTRL_X0Y0        BUFG (Prop_bufg_I_O)         0.026     1.416 r  bufg_adc_clk/O
                         net (fo=9778, routed)        0.560     1.975    i_daisy/adc_clk
    SLICE_X33Y37         FDRE                                         r  i_daisy/sys_rdata_o_reg[11]/C
  -------------------------------------------------------------------    -------------------
    SLICE_X33Y37         FDRE (Prop_fdre_C_Q)         0.141     2.116 r  i_daisy/sys_rdata_o_reg[11]/Q
                         net (fo=1, routed)           0.358     2.474    ps/axi_slave_gp0/axi\\.RDATA_reg[11]_0
    SLICE_X33Y43         LUT6 (Prop_lut6_I5_O)        0.045     2.519 r  ps/axi_slave_gp0/axi\\.RDATA[11]_i_1/O
                         net (fo=1, routed)           0.000     2.519    ps/axi_slave_gp0/ps_sys\\.rdata[11]
    SLICE_X33Y43         FDRE                                         r  ps/axi_slave_gp0/axi\\.RDATA_reg[11]/D
  -------------------------------------------------------------------    -------------------

                         (clock clk_fpga_0 rise edge)
                                                      0.000     0.000 r  
    PS7_X0Y0             PS7                          0.000     0.000 r  ps/system_i/processing_system7/inst/PS7_i/FCLKCLK[0]
                         net (fo=1, routed)           0.341     0.341    ps/lopt
    BUFGCTRL_X0Y3        BUFG (Prop_bufg_I_O)         0.029     0.370 r  ps/fclk_buf[0]/O
                         net (fo=235, routed)         0.831     1.201    ps/axi_slave_gp0/O[0]
    SLICE_X33Y43         FDRE                                         r  ps/axi_slave_gp0/axi\\.RDATA_reg[11]/C
                         clock pessimism              0.000     1.201    
                         clock uncertainty            0.235     1.436    
    SLICE_X33Y43         FDRE (Hold_fdre_C_D)         0.091     1.527    ps/axi_slave_gp0/axi\\.RDATA_reg[11]
  -------------------------------------------------------------------
                         required time                         -1.527    
                         arrival time                           2.519    
  -------------------------------------------------------------------
                         slack                                  0.992    

Slack (MET) :             0.992ns  (arrival time - required time)
  Source:                 i_daisy/sys_rdata_o_reg[13]/C
                            (rising edge-triggered cell FDRE clocked by pll_adc_clk  {rise@0.000ns fall@4.000ns period=8.000ns})
  Destination:            ps/axi_slave_gp0/axi\\.RDATA_reg[13]/D
                            (rising edge-triggered cell FDRE clocked by clk_fpga_0  {rise@0.000ns fall@4.000ns period=8.000ns})
  Path Group:             clk_fpga_0
  Path Type:              Hold (Min at Fast Process Corner)
  Requirement:            0.000ns  (clk_fpga_0 rise@0.000ns - pll_adc_clk rise@0.000ns)
  Data Path Delay:        0.570ns  (logic 0.209ns (36.649%)  route 0.361ns (63.351%))
  Logic Levels:           1  (LUT6=1)
  Clock Path Skew:        -0.777ns (DCD - SCD - CPR)
    Destination Clock Delay (DCD):    1.200ns
    Source Clock Delay      (SCD):    1.977ns
    Clock Pessimism Removal (CPR):    -0.000ns
  Clock Uncertainty:      0.235ns  ((TSJ^2 + TIJ^2 + DJ^2)^1/2) / 2 + PE
    Total System Jitter     (TSJ):    0.071ns
    Total Input Jitter      (TIJ):    0.240ns
    Discrete Jitter          (DJ):    0.118ns
    Phase Error              (PE):    0.097ns
  Clock Domain Crossing:  Inter clock paths are considered valid unless explicitly excluded by timing constraints such as set_clock_groups or set_false_path.

    Location             Delay type                Incr(ns)  Path(ns)    Netlist Resource(s)
  -------------------------------------------------------------------    -------------------
                         (clock pll_adc_clk rise edge)
                                                      0.000     0.000 r  
    U18                                               0.000     0.000 r  adc_clk_i[1] (IN)
                         net (fo=0)                   0.000     0.000    adc_clk_i[1]
    U18                  IBUFDS (Prop_ibufds_I_O)     0.401     0.401 r  i_clk/O
                         net (fo=1, routed)           0.440     0.842    pll/adc_clk_in
    PLLE2_ADV_X0Y0       PLLE2_ADV (Prop_plle2_adv_CLKIN1_CLKOUT0)
                                                      0.051     0.893 r  pll/pll/CLKOUT0
                         net (fo=1, routed)           0.497     1.390    pll_adc_clk
    BUFGCTRL_X0Y0        BUFG (Prop_bufg_I_O)         0.026     1.416 r  bufg_adc_clk/O
                         net (fo=9778, routed)        0.562     1.977    i_daisy/adc_clk
    SLICE_X32Y40         FDRE                                         r  i_daisy/sys_rdata_o_reg[13]/C
  -------------------------------------------------------------------    -------------------
    SLICE_X32Y40         FDRE (Prop_fdre_C_Q)         0.164     2.141 r  i_daisy/sys_rdata_o_reg[13]/Q
                         net (fo=1, routed)           0.361     2.502    ps/axi_slave_gp0/axi\\.RDATA_reg[13]_1
    SLICE_X30Y42         LUT6 (Prop_lut6_I5_O)        0.045     2.547 r  ps/axi_slave_gp0/axi\\.RDATA[13]_i_1/O
                         net (fo=1, routed)           0.000     2.547    ps/axi_slave_gp0/ps_sys\\.rdata[13]
    SLICE_X30Y42         FDRE                                         r  ps/axi_slave_gp0/axi\\.RDATA_reg[13]/D
  -------------------------------------------------------------------    -------------------

                         (clock clk_fpga_0 rise edge)
                                                      0.000     0.000 r  
    PS7_X0Y0             PS7                          0.000     0.000 r  ps/system_i/processing_system7/inst/PS7_i/FCLKCLK[0]
                         net (fo=1, routed)           0.341     0.341    ps/lopt
    BUFGCTRL_X0Y3        BUFG (Prop_bufg_I_O)         0.029     0.370 r  ps/fclk_buf[0]/O
                         net (fo=235, routed)         0.830     1.200    ps/axi_slave_gp0/O[0]
    SLICE_X30Y42         FDRE                                         r  ps/axi_slave_gp0/axi\\.RDATA_reg[13]/C
                         clock pessimism              0.000     1.200    
                         clock uncertainty            0.235     1.435    
    SLICE_X30Y42         FDRE (Hold_fdre_C_D)         0.120     1.555    ps/axi_slave_gp0/axi\\.RDATA_reg[13]
  -------------------------------------------------------------------
                         required time                         -1.555    
                         arrival time                           2.547    
  -------------------------------------------------------------------
                         slack                                  0.992    





