Copyright 1986-2020 Xilinx, Inc. All Rights Reserved.
---------------------------------------------------------------------------------------------
| Tool Version : Vivado v.2020.1 (lin64) Build 2902540 Wed May 27 19:54:35 MDT 2020
| Date         : Thu Sep 17 15:39:53 2026
| Host         : LoloVictus running 64-bit Ubuntu 20.04.3 LTS
| Command      : report_timing_summary -file out/v3_event_ring/post_place_timing_summary.rpt
| Design       : event_ring_red_pitaya_top
| Device       : 7z010-clg400
| Speed File   : -1  PRODUCTION 1.12 2019-11-22
---------------------------------------------------------------------------------------------

Timing Summary Report

------------------------------------------------------------------------------------------------
| Timer Settings
| --------------
------------------------------------------------------------------------------------------------

  Enable Multi Corner Analysis               :  Yes
  Enable Pessimism Removal                   :  Yes
  Pessimism Removal Resolution               :  Nearest Common Node
  Enable Input Delay Default Clock           :  No
  Enable Preset / Clear Arcs                 :  No
  Disable Flight Delays                      :  No
  Ignore I/O Paths                           :  No
  Timing Early Launch at Borrowing Latches   :  No
  Borrow Time for Max Delay Exceptions       :  Yes
  Merge Timing Exceptions                    :  Yes

  Corner  Analyze    Analyze    
  Name    Max Paths  Min Paths  
  ------  ---------  ---------  
  Slow    Yes        Yes        
  Fast    Yes        Yes        



check_timing report

Table of Contents
-----------------
1. checking no_clock (52)
2. checking constant_clock (0)
3. checking pulse_width_clock (0)
4. checking unconstrained_internal_endpoints (19)
5. checking no_input_delay (17)
6. checking no_output_delay (50)
7. checking multiple_clock (0)
8. checking generated_clocks (0)
9. checking loops (0)
10. checking partial_input_delay (0)
11. checking partial_output_delay (0)
12. checking latch_loops (0)

1. checking no_clock (52)
-------------------------
 There are 17 register/latch pins with no clock driven by root clock pin: i_daisy/genblk4[0].tx_cfg_sel_reg[1]/Q (HIGH)

 There are 17 register/latch pins with no clock driven by root clock pin: i_daisy/genblk4[0].tx_cfg_sel_reg[2]/Q (HIGH)

 There are 17 register/latch pins with no clock driven by root clock pin: i_hk/daisy_mode_o_reg[0]/Q (HIGH)

 There is 1 register/latch pin with no clock driven by root clock pin: i_hk/dna_clk_reg/Q (HIGH)


2. checking constant_clock (0)
------------------------------
 There are 0 register/latch pins with constant_clock.


3. checking pulse_width_clock (0)
---------------------------------
 There are 0 register/latch pins which need pulse_width check


4. checking unconstrained_internal_endpoints (19)
-------------------------------------------------
 There are 19 pins that are not constrained for maximum delay. (HIGH)

 There are 0 pins that are not constrained for maximum delay due to constant clock.


5. checking no_input_delay (17)
-------------------------------
 There are 17 input ports with no input delay specified. (HIGH)

 There are 0 input ports with no input delay but user has a false path constraint.


6. checking no_output_delay (50)
--------------------------------
 There are 49 ports with no output delay specified. (HIGH)

 There are 0 ports with no output delay but user has a false path constraint

 There is 1 port with no output delay but with a timing clock defined on it or propagating through it (LOW)


7. checking multiple_clock (0)
------------------------------
 There are 0 register/latch pins with multiple clocks.


8. checking generated_clocks (0)
--------------------------------
 There are 0 generated clocks that are not connected to a clock source.


9. checking loops (0)
---------------------
 There are 0 combinational loops in the design.


10. checking partial_input_delay (0)
------------------------------------
 There are 0 input ports with partial input delay specified.


11. checking partial_output_delay (0)
-------------------------------------
 There are 0 ports with partial output delay specified.


12. checking latch_loops (0)
----------------------------
 There are 0 combinational latch loops in the design through latch input



------------------------------------------------------------------------------------------------
| Design Timing Summary
| ---------------------
------------------------------------------------------------------------------------------------

    WNS(ns)      TNS(ns)  TNS Failing Endpoints  TNS Total Endpoints      WHS(ns)      THS(ns)  THS Failing Endpoints  THS Total Endpoints     WPWS(ns)     TPWS(ns)  TPWS Failing Endpoints  TPWS Total Endpoints  
    -------      -------  ---------------------  -------------------      -------      -------  ---------------------  -------------------     --------     --------  ----------------------  --------------------  
      0.007        0.000                      0                31505       -0.922      -13.729                     43                31312        1.000        0.000                       0                 11406  


Timing constraints are not met.


------------------------------------------------------------------------------------------------
| Clock Summary
| -------------
------------------------------------------------------------------------------------------------

Clock             Waveform(ns)         Period(ns)      Frequency(MHz)
-----             ------------         ----------      --------------
adc_clk           {0.000 4.000}        8.000           125.000         
  clk_fb          {0.000 4.000}        8.000           125.000         
  pll_adc_clk     {0.000 4.000}        8.000           125.000         
  pll_dac_clk_1x  {0.000 4.000}        8.000           125.000         
  pll_dac_clk_2p  {-0.500 1.500}       4.000           250.000         
  pll_dac_clk_2x  {0.000 2.000}        4.000           250.000         
  pll_ser_clk     {0.000 2.000}        4.000           250.000         
clk_fpga_0        {0.000 4.000}        8.000           125.000         
clk_fpga_1        {0.000 2.000}        4.000           250.000         
clk_fpga_2        {0.000 10.000}       20.000          50.000          
clk_fpga_3        {0.000 2.500}        5.000           200.000         
dac_clk_o         {0.000 4.000}        8.000           125.000         
rx_clk            {0.000 2.000}        4.000           250.000         
  par_clk         {0.000 4.000}        8.000           125.000         


------------------------------------------------------------------------------------------------
| Intra Clock Table
| -----------------
------------------------------------------------------------------------------------------------

Clock                 WNS(ns)      TNS(ns)  TNS Failing Endpoints  TNS Total Endpoints      WHS(ns)      THS(ns)  THS Failing Endpoints  THS Total Endpoints     WPWS(ns)     TPWS(ns)  TPWS Failing Endpoints  TPWS Total Endpoints  
-----                 -------      -------  ---------------------  -------------------      -------      -------  ---------------------  -------------------     --------     --------  ----------------------  --------------------  
adc_clk                                                                                                                                                             2.000        0.000                       0                     1  
  clk_fb                                                                                                                                                            6.751        0.000                       0                     2  
  pll_adc_clk           0.008        0.000                      0                28145       -0.024       -0.057                      3                28145        2.750        0.000                       0                  9815  
  pll_dac_clk_1x        1.279        0.000                      0                   45       -0.198       -1.347                     13                   45        3.500        0.000                       0                    47  
  pll_dac_clk_2p                                                                                                                                                    1.845        0.000                       0                     3  
  pll_dac_clk_2x        0.260        0.000                      0                   53        0.206        0.000                      0                   53        1.500        0.000                       0                    23  
  pll_ser_clk                                                                                                                                                       1.845        0.000                       0                     4  
clk_fpga_0              0.166        0.000                      0                  434        0.172        0.000                      0                  434        3.500        0.000                       0                   236  
clk_fpga_3              0.007        0.000                      0                 2129       -0.026       -0.030                      2                 2129        1.000        0.000                       0                   987  
rx_clk                                                                                                                                                              2.333        0.000                       0                     4  
  par_clk               3.532        0.000                      0                  477       -0.922      -12.231                     24                  477        3.020        0.000                       0                   284  


------------------------------------------------------------------------------------------------
| Inter Clock Table
| -----------------
------------------------------------------------------------------------------------------------

From Clock      To Clock            WNS(ns)      TNS(ns)  TNS Failing Endpoints  TNS Total Endpoints      WHS(ns)      THS(ns)  THS Failing Endpoints  THS Total Endpoints  
----------      --------            -------      -------  ---------------------  -------------------      -------      -------  ---------------------  -------------------  
clk_fpga_0      pll_adc_clk           3.598        0.000                      0                  185                                                                        
pll_adc_clk     pll_dac_clk_1x        4.324        0.000                      0                   29       -0.063       -0.063                      1                   29  
pll_adc_clk     clk_fpga_0            0.098        0.000                      0                   40        1.382        0.000                      0                   32  


------------------------------------------------------------------------------------------------
| Other Path Groups Table
| -----------------------
------------------------------------------------------------------------------------------------

Path Group    From Clock    To Clock          WNS(ns)      TNS(ns)  TNS Failing Endpoints  TNS Total Endpoints      WHS(ns)      THS(ns)  THS Failing Endpoints  THS Total Endpoints  
----------    ----------    --------          -------      -------  ---------------------  -------------------      -------      -------  ---------------------  -------------------  


------------------------------------------------------------------------------------------------
| Timing Details
| --------------
------------------------------------------------------------------------------------------------


---------------------------------------------------------------------------------------------------
From Clock:  adc_clk
  To Clock:  adc_clk

Setup :           NA  Failing Endpoints,  Worst Slack           NA  ,  Total Violation           NA
Hold  :           NA  Failing Endpoints,  Worst Slack           NA  ,  Total Violation           NA
PW    :            0  Failing Endpoints,  Worst Slack        2.000ns,  Total Violation        0.000ns
---------------------------------------------------------------------------------------------------


Pulse Width Checks
--------------------------------------------------------------------------------------
Clock Name:         adc_clk
Waveform(ns):       { 0.000 4.000 }
Period(ns):         8.000
Sources:            { adc_clk_i[1] }

Check Type        Corner  Lib Pin           Reference Pin  Required(ns)  Actual(ns)  Slack(ns)  Location        Pin
Min Period        n/a     PLLE2_ADV/CLKIN1  n/a            1.249         8.000       6.751      PLLE2_ADV_X0Y0  pll/pll/CLKIN1
Max Period        n/a     PLLE2_ADV/CLKIN1  n/a            52.633        8.000       44.633     PLLE2_ADV_X0Y0  pll/pll/CLKIN1
Low Pulse Width   Slow    PLLE2_ADV/CLKIN1  n/a            2.000         4.000       2.000      PLLE2_ADV_X0Y0  pll/pll/CLKIN1
High Pulse Width  Fast    PLLE2_ADV/CLKIN1  n/a            2.000         4.000       2.000      PLLE2_ADV_X0Y0  pll/pll/CLKIN1



---------------------------------------------------------------------------------------------------
From Clock:  clk_fb
  To Clock:  clk_fb

Setup :           NA  Failing Endpoints,  Worst Slack           NA  ,  Total Violation           NA
Hold  :           NA  Failing Endpoints,  Worst Slack           NA  ,  Total Violation           NA
PW    :            0  Failing Endpoints,  Worst Slack        6.751ns,  Total Violation        0.000ns
---------------------------------------------------------------------------------------------------


Pulse Width Checks
--------------------------------------------------------------------------------------
Clock Name:         clk_fb
Waveform(ns):       { 0.000 4.000 }
Period(ns):         8.000
Sources:            { pll/pll/CLKFBOUT }

Check Type  Corner  Lib Pin             Reference Pin  Required(ns)  Actual(ns)  Slack(ns)  Location        Pin
Min Period  n/a     PLLE2_ADV/CLKFBOUT  n/a            1.249         8.000       6.751      PLLE2_ADV_X0Y0  pll/pll/CLKFBOUT
Max Period  n/a     PLLE2_ADV/CLKFBIN   n/a            52.633        8.000       44.633     PLLE2_ADV_X0Y0  pll/pll/CLKFBIN



---------------------------------------------------------------------------------------------------
From Clock:  pll_adc_clk
  To Clock:  pll_adc_clk

Setup :            0  Failing Endpoints,  Worst Slack        0.008ns,  Total Violation        0.000ns
Hold  :            3  Failing Endpoints,  Worst Slack       -0.024ns,  Total Violation       -0.057ns
PW    :            0  Failing Endpoints,  Worst Slack        2.750ns,  Total Violation        0.000ns
---------------------------------------------------------------------------------------------------


Max Delay Paths
--------------------------------------------------------------------------------------
Slack (MET) :             0.008ns  (required time - arrival time)
  Source:                 i_mca/g_hist_2d.i_hist_2d/mem_reg_3/CLKBWRCLK
                            (rising edge-triggered cell RAMB36E1 clocked by pll_adc_clk  {rise@0.000ns fall@4.000ns period=8.000ns})
  Destination:            i_mca/g_hist_2d.i_hist_2d/wdata2_reg[29]/D
                            (rising edge-triggered cell FDRE clocked by pll_adc_clk  {rise@0.000ns fall@4.000ns period=8.000ns})
  Path Group:             pll_adc_clk
  Path Type:              Setup (Max at Slow Process Corner)
  Requirement:            8.000ns  (pll_adc_clk rise@8.000ns - pll_adc_clk rise@0.000ns)
  Data Path Delay:        7.881ns  (logic 4.370ns (55.450%)  route 3.511ns (44.550%))
  Logic Levels:           11  (CARRY4=8 LUT4=2 LUT6=1)
  Clock Path Skew:        -0.104ns (DCD - SCD + CPR)
    Destination Clock Delay (DCD):    5.498ns = ( 13.498 - 8.000 ) 
    Source Clock Delay      (SCD):    5.929ns
    Clock Pessimism Removal (CPR):    0.326ns
  Clock Uncertainty:      0.069ns  ((TSJ^2 + DJ^2)^1/2) / 2 + PE
    Total System Jitter     (TSJ):    0.071ns
    Discrete Jitter          (DJ):    0.118ns
    Phase Error              (PE):    0.000ns

    Location             Delay type                Incr(ns)  Path(ns)    Netlist Resource(s)
  -------------------------------------------------------------------    -------------------
                         (clock pll_adc_clk rise edge)
                                                      0.000     0.000 r  
    U18                                               0.000     0.000 r  adc_clk_i[1] (IN)
                         net (fo=0)                   0.000     0.000    adc_clk_i[1]
    U18                  IBUFDS (Prop_ibufds_I_O)     0.983     0.983 r  i_clk/O
                         net (fo=1, estimated)        1.306     2.289    pll/clk
    PLLE2_ADV_X0Y0       PLLE2_ADV (Prop_plle2_adv_CLKIN1_CLKOUT0)
                                                      0.089     2.378 r  pll/pll/CLKOUT0
                         net (fo=1, estimated)        1.754     4.132    pll_adc_clk
    BUFGCTRL_X0Y0        BUFG (Prop_bufg_I_O)         0.101     4.233 r  bufg_adc_clk/O
                         net (fo=9817, estimated)     1.695     5.929    i_mca/g_hist_2d.i_hist_2d/clk_i
    RAMB36_X0Y14         RAMB36E1                                     r  i_mca/g_hist_2d.i_hist_2d/mem_reg_3/CLKBWRCLK
  -------------------------------------------------------------------    -------------------
    RAMB36_X0Y14         RAMB36E1 (Prop_ramb36e1_CLKBWRCLK_DOBDO[0])
                                                      2.454     8.383 f  i_mca/g_hist_2d.i_hist_2d/mem_reg_3/DOBDO[0]
                         net (fo=3, estimated)        1.100     9.483    i_mca/g_hist_2d.i_hist_2d/pb_dout[12]
    SLICE_X6Y67          LUT4 (Prop_lut4_I1_O)        0.124     9.607 r  i_mca/g_hist_2d.i_hist_2d/full_o_i_10/O
                         net (fo=1, estimated)        1.153    10.760    i_mca/g_hist_2d.i_hist_2d/full_o_i_10_n_0
    SLICE_X17Y56         LUT4 (Prop_lut4_I2_O)        0.124    10.884 r  i_mca/g_hist_2d.i_hist_2d/full_o_i_3/O
                         net (fo=3, estimated)        0.921    11.805    i_mca/g_hist_2d.i_hist_2d/full_o_i_3_n_0
    SLICE_X14Y61         LUT6 (Prop_lut6_I3_O)        0.124    11.929 r  i_mca/g_hist_2d.i_hist_2d/wdata2[0]_i_2/O
                         net (fo=1, estimated)        0.337    12.266    i_mca/g_hist_2d.i_hist_2d/in
    SLICE_X14Y62         CARRY4 (Prop_carry4_DI[0]_CO[3])
                                                      0.526    12.792 r  i_mca/g_hist_2d.i_hist_2d/wdata2_reg[0]_i_1/CO[3]
                         net (fo=1, estimated)        0.000    12.792    i_mca/g_hist_2d.i_hist_2d/wdata2_reg[0]_i_1_n_0
    SLICE_X14Y63         CARRY4 (Prop_carry4_CI_CO[3])
                                                      0.114    12.906 r  i_mca/g_hist_2d.i_hist_2d/wdata2_reg[4]_i_1/CO[3]
                         net (fo=1, estimated)        0.000    12.906    i_mca/g_hist_2d.i_hist_2d/wdata2_reg[4]_i_1_n_0
    SLICE_X14Y64         CARRY4 (Prop_carry4_CI_CO[3])
                                                      0.114    13.020 r  i_mca/g_hist_2d.i_hist_2d/wdata2_reg[8]_i_1/CO[3]
                         net (fo=1, estimated)        0.000    13.020    i_mca/g_hist_2d.i_hist_2d/wdata2_reg[8]_i_1_n_0
    SLICE_X14Y65         CARRY4 (Prop_carry4_CI_CO[3])
                                                      0.114    13.134 r  i_mca/g_hist_2d.i_hist_2d/wdata2_reg[12]_i_1/CO[3]
                         net (fo=1, estimated)        0.000    13.134    i_mca/g_hist_2d.i_hist_2d/wdata2_reg[12]_i_1_n_0
    SLICE_X14Y66         CARRY4 (Prop_carry4_CI_CO[3])
                                                      0.114    13.248 r  i_mca/g_hist_2d.i_hist_2d/wdata2_reg[16]_i_1/CO[3]
                         net (fo=1, estimated)        0.000    13.248    i_mca/g_hist_2d.i_hist_2d/wdata2_reg[16]_i_1_n_0
    SLICE_X14Y67         CARRY4 (Prop_carry4_CI_CO[3])
                                                      0.114    13.362 r  i_mca/g_hist_2d.i_hist_2d/wdata2_reg[20]_i_1/CO[3]
                         net (fo=1, estimated)        0.000    13.362    i_mca/g_hist_2d.i_hist_2d/wdata2_reg[20]_i_1_n_0
    SLICE_X14Y68         CARRY4 (Prop_carry4_CI_CO[3])
                                                      0.114    13.476 r  i_mca/g_hist_2d.i_hist_2d/wdata2_reg[24]_i_1/CO[3]
                         net (fo=1, estimated)        0.000    13.476    i_mca/g_hist_2d.i_hist_2d/wdata2_reg[24]_i_1_n_0
    SLICE_X14Y69         CARRY4 (Prop_carry4_CI_O[1])
                                                      0.334    13.810 r  i_mca/g_hist_2d.i_hist_2d/wdata2_reg[28]_i_1/O[1]
                         net (fo=1, routed)           0.000    13.810    i_mca/g_hist_2d.i_hist_2d/wdata2_reg[28]_i_1_n_6
    SLICE_X14Y69         FDRE                                         r  i_mca/g_hist_2d.i_hist_2d/wdata2_reg[29]/D
  -------------------------------------------------------------------    -------------------

                         (clock pll_adc_clk rise edge)
                                                      8.000     8.000 r  
    U18                                               0.000     8.000 r  adc_clk_i[1] (IN)
                         net (fo=0)                   0.000     8.000    adc_clk_i[1]
    U18                  IBUFDS (Prop_ibufds_I_O)     0.940     8.940 r  i_clk/O
                         net (fo=1, estimated)        1.241    10.181    pll/clk
    PLLE2_ADV_X0Y0       PLLE2_ADV (Prop_plle2_adv_CLKIN1_CLKOUT0)
                                                      0.084    10.265 r  pll/pll/CLKOUT0
                         net (fo=1, estimated)        1.666    11.931    pll_adc_clk
    BUFGCTRL_X0Y0        BUFG (Prop_bufg_I_O)         0.091    12.022 r  bufg_adc_clk/O
                         net (fo=9817, estimated)     1.476    13.498    i_mca/g_hist_2d.i_hist_2d/clk_i
    SLICE_X14Y69         FDRE                                         r  i_mca/g_hist_2d.i_hist_2d/wdata2_reg[29]/C
                         clock pessimism              0.326    13.824    
                         clock uncertainty           -0.069    13.755    
    SLICE_X14Y69         FDRE (Setup_fdre_C_D)        0.062    13.817    i_mca/g_hist_2d.i_hist_2d/wdata2_reg[29]
  -------------------------------------------------------------------
                         required time                         13.817    
                         arrival time                         -13.810    
  -------------------------------------------------------------------
                         slack                                  0.008    





Min Delay Paths
--------------------------------------------------------------------------------------
Slack (VIOLATED) :        -0.024ns  (arrival time - required time)
  Source:                 sys_bus_interconnect/for_bus[3].inst_sys_bus_cdc/bus_m\\.wdata_reg[25]/C
                            (rising edge-triggered cell FDRE clocked by pll_adc_clk  {rise@0.000ns fall@4.000ns period=8.000ns})
  Destination:            i_scope/i_mtrg_cfg/shield_dur_reg[9]/D
                            (rising edge-triggered cell FDRE clocked by pll_adc_clk  {rise@0.000ns fall@4.000ns period=8.000ns})
  Path Group:             pll_adc_clk
  Path Type:              Hold (Min at Fast Process Corner)
  Requirement:            0.000ns  (pll_adc_clk rise@0.000ns - pll_adc_clk rise@0.000ns)
  Data Path Delay:        0.317ns  (logic 0.164ns (51.664%)  route 0.153ns (48.336%))
  Logic Levels:           0  
  Clock Path Skew:        0.266ns (DCD - SCD - CPR)
    Destination Clock Delay (DCD):    2.732ns
    Source Clock Delay      (SCD):    2.360ns
    Clock Pessimism Removal (CPR):    0.105ns

    Location             Delay type                Incr(ns)  Path(ns)    Netlist Resource(s)
  -------------------------------------------------------------------    -------------------
                         (clock pll_adc_clk rise edge)
                                                      0.000     0.000 r  
    U18                                               0.000     0.000 r  adc_clk_i[1] (IN)
                         net (fo=0)                   0.000     0.000    adc_clk_i[1]
    U18                  IBUFDS (Prop_ibufds_I_O)     0.401     0.401 r  i_clk/O
                         net (fo=1, estimated)        0.551     0.952    pll/clk
    PLLE2_ADV_X0Y0       PLLE2_ADV (Prop_plle2_adv_CLKIN1_CLKOUT0)
                                                      0.051     1.003 r  pll/pll/CLKOUT0
                         net (fo=1, estimated)        0.739     1.742    pll_adc_clk
    BUFGCTRL_X0Y0        BUFG (Prop_bufg_I_O)         0.026     1.768 r  bufg_adc_clk/O
                         net (fo=9817, estimated)     0.592     2.360    sys_bus_interconnect/for_bus[3].inst_sys_bus_cdc/bus_m\\.clk
    SLICE_X38Y49         FDRE                                         r  sys_bus_interconnect/for_bus[3].inst_sys_bus_cdc/bus_m\\.wdata_reg[25]/C
  -------------------------------------------------------------------    -------------------
    SLICE_X38Y49         FDRE (Prop_fdre_C_Q)         0.164     2.524 r  sys_bus_interconnect/for_bus[3].inst_sys_bus_cdc/bus_m\\.wdata_reg[25]/Q
                         net (fo=5, estimated)        0.153     2.678    i_scope/i_mtrg_cfg/sys_wdata[25]
    SLICE_X41Y50         FDRE                                         r  i_scope/i_mtrg_cfg/shield_dur_reg[9]/D
  -------------------------------------------------------------------    -------------------

                         (clock pll_adc_clk rise edge)
                                                      0.000     0.000 r  
    U18                                               0.000     0.000 r  adc_clk_i[1] (IN)
                         net (fo=0)                   0.000     0.000    adc_clk_i[1]
    U18                  IBUFDS (Prop_ibufds_I_O)     0.433     0.433 r  i_clk/O
                         net (fo=1, estimated)        0.579     1.012    pll/clk
    PLLE2_ADV_X0Y0       PLLE2_ADV (Prop_plle2_adv_CLKIN1_CLKOUT0)
                                                      0.054     1.066 r  pll/pll/CLKOUT0
                         net (fo=1, estimated)        0.778     1.845    pll_adc_clk
    BUFGCTRL_X0Y0        BUFG (Prop_bufg_I_O)         0.029     1.874 r  bufg_adc_clk/O
                         net (fo=9817, estimated)     0.858     2.732    i_scope/i_mtrg_cfg/adc_clk_i
    SLICE_X41Y50         FDRE                                         r  i_scope/i_mtrg_cfg/shield_dur_reg[9]/C
                         clock pessimism             -0.105     2.626    
    SLICE_X41Y50         FDRE (Hold_fdre_C_D)         0.075     2.701    i_scope/i_mtrg_cfg/shield_dur_reg[9]
  -------------------------------------------------------------------
                         required time                         -2.701    
                         arrival time                           2.678    
  -------------------------------------------------------------------
                         slack                                 -0.024    





Pulse Width Checks
--------------------------------------------------------------------------------------
Clock Name:         pll_adc_clk
Waveform(ns):       { 0.000 4.000 }
Period(ns):         8.000
Sources:            { pll/pll/CLKOUT0 }

Check Type        Corner  Lib Pin            Reference Pin  Required(ns)  Actual(ns)  Slack(ns)  Location        Pin
Min Period        n/a     DSP48E1/CLK        n/a            3.884         8.000       4.116      DSP48_X0Y15     i_scope/genblk2[0].i_calib_ch/gain_calc_r1__0/CLK
Max Period        n/a     PLLE2_ADV/CLKOUT0  n/a            160.000       8.000       152.000    PLLE2_ADV_X0Y0  pll/pll/CLKOUT0
Low Pulse Width   Slow    RAMD32/CLK         n/a            1.250         4.000       2.750      SLICE_X12Y24    i_event_ring/i_stage/meta_snap_reg_0_3_6_11/RAMA/CLK
High Pulse Width  Slow    RAMD32/CLK         n/a            1.250         4.000       2.750      SLICE_X0Y19     ps/axi_master_1/axi_awfifo_reg_0_15_36_36/RAMC/CLK



---------------------------------------------------------------------------------------------------
From Clock:  pll_dac_clk_1x
  To Clock:  pll_dac_clk_1x

Setup :            0  Failing Endpoints,  Worst Slack        1.279ns,  Total Violation        0.000ns
Hold  :           13  Failing Endpoints,  Worst Slack       -0.198ns,  Total Violation       -1.347ns
PW    :            0  Failing Endpoints,  Worst Slack        3.500ns,  Total Violation        0.000ns
---------------------------------------------------------------------------------------------------


Max Delay Paths
--------------------------------------------------------------------------------------
Slack (MET) :             1.279ns  (required time - arrival time)
  Source:                 dac_dat_a_reg[0]/C
                            (rising edge-triggered cell FDSE clocked by pll_dac_clk_1x  {rise@0.000ns fall@4.000ns period=8.000ns})
  Destination:            oddr_dac_dat[0]/D2
                            (falling edge-triggered cell ODDR clocked by pll_dac_clk_1x  {rise@0.000ns fall@4.000ns period=8.000ns})
  Path Group:             pll_dac_clk_1x
  Path Type:              Setup (Max at Slow Process Corner)
  Requirement:            4.000ns  (pll_dac_clk_1x fall@4.000ns - pll_dac_clk_1x rise@0.000ns)
  Data Path Delay:        2.137ns  (logic 0.456ns (21.338%)  route 1.681ns (78.662%))
  Logic Levels:           0  
  Clock Path Skew:        0.319ns (DCD - SCD + CPR)
    Destination Clock Delay (DCD):    5.966ns = ( 9.966 - 4.000 ) 
    Source Clock Delay      (SCD):    5.973ns
    Clock Pessimism Removal (CPR):    0.326ns
  Clock Uncertainty:      0.069ns  ((TSJ^2 + DJ^2)^1/2) / 2 + PE
    Total System Jitter     (TSJ):    0.071ns
    Discrete Jitter          (DJ):    0.118ns
    Phase Error              (PE):    0.000ns

    Location             Delay type                Incr(ns)  Path(ns)    Netlist Resource(s)
  -------------------------------------------------------------------    -------------------
                         (clock pll_dac_clk_1x rise edge)
                                                      0.000     0.000 r  
    U18                                               0.000     0.000 r  adc_clk_i[1] (IN)
                         net (fo=0)                   0.000     0.000    adc_clk_i[1]
    U18                  IBUFDS (Prop_ibufds_I_O)     0.983     0.983 r  i_clk/O
                         net (fo=1, estimated)        1.306     2.289    pll/clk
    PLLE2_ADV_X0Y0       PLLE2_ADV (Prop_plle2_adv_CLKIN1_CLKOUT1)
                                                      0.089     2.378 r  pll/pll/CLKOUT1
                         net (fo=1, estimated)        1.754     4.132    pll_dac_clk_1x
    BUFGCTRL_X0Y4        BUFG (Prop_bufg_I_O)         0.101     4.233 r  bufg_dac_clk_1x/O
                         net (fo=45, estimated)       1.740     5.973    dac_clk_1x
    SLICE_X43Y53         FDSE                                         r  dac_dat_a_reg[0]/C
  -------------------------------------------------------------------    -------------------
    SLICE_X43Y53         FDSE (Prop_fdse_C_Q)         0.456     6.429 r  dac_dat_a_reg[0]/Q
                         net (fo=1, estimated)        1.681     8.110    dac_dat_a[0]
    OLOGIC_X0Y86         ODDR                                         r  oddr_dac_dat[0]/D2
  -------------------------------------------------------------------    -------------------

                         (clock pll_dac_clk_1x fall edge)
                                                      4.000     4.000 f  
    U18                                               0.000     4.000 f  adc_clk_i[1] (IN)
                         net (fo=0)                   0.000     4.000    adc_clk_i[1]
    U18                  IBUFDS (Prop_ibufds_I_O)     0.940     4.940 f  i_clk/O
                         net (fo=1, estimated)        1.241     6.181    pll/clk
    PLLE2_ADV_X0Y0       PLLE2_ADV (Prop_plle2_adv_CLKIN1_CLKOUT1)
                                                      0.084     6.265 f  pll/pll/CLKOUT1
                         net (fo=1, estimated)        1.666     7.931    pll_dac_clk_1x
    BUFGCTRL_X0Y4        BUFG (Prop_bufg_I_O)         0.091     8.022 f  bufg_dac_clk_1x/O
                         net (fo=45, estimated)       1.944     9.966    dac_clk_1x
    OLOGIC_X0Y86         ODDR                                         f  oddr_dac_dat[0]/C
                         clock pessimism              0.326    10.292    
                         clock uncertainty           -0.069    10.223    
    OLOGIC_X0Y86         ODDR (Setup_oddr_C_D2)      -0.834     9.389    oddr_dac_dat[0]
  -------------------------------------------------------------------
                         required time                          9.389    
                         arrival time                          -8.110    
  -------------------------------------------------------------------
                         slack                                  1.279    





Min Delay Paths
--------------------------------------------------------------------------------------
Slack (VIOLATED) :        -0.198ns  (arrival time - required time)
  Source:                 dac_rst_reg/C
                            (rising edge-triggered cell FDRE clocked by pll_dac_clk_1x  {rise@0.000ns fall@4.000ns period=8.000ns})
  Destination:            oddr_dac_dat[10]/R
                            (rising edge-triggered cell ODDR clocked by pll_dac_clk_1x  {rise@0.000ns fall@4.000ns period=8.000ns})
  Path Group:             pll_dac_clk_1x
  Path Type:              Hold (Min at Fast Process Corner)
  Requirement:            0.000ns  (pll_dac_clk_1x rise@0.000ns - pll_dac_clk_1x rise@0.000ns)
  Data Path Delay:        0.457ns  (logic 0.141ns (30.872%)  route 0.316ns (69.128%))
  Logic Levels:           0  
  Clock Path Skew:        0.179ns (DCD - SCD - CPR)
    Destination Clock Delay (DCD):    2.864ns
    Source Clock Delay      (SCD):    2.345ns
    Clock Pessimism Removal (CPR):    0.339ns

    Location             Delay type                Incr(ns)  Path(ns)    Netlist Resource(s)
  -------------------------------------------------------------------    -------------------
                         (clock pll_dac_clk_1x rise edge)
                                                      0.000     0.000 r  
    U18                                               0.000     0.000 r  adc_clk_i[1] (IN)
                         net (fo=0)                   0.000     0.000    adc_clk_i[1]
    U18                  IBUFDS (Prop_ibufds_I_O)     0.401     0.401 r  i_clk/O
                         net (fo=1, estimated)        0.551     0.952    pll/clk
    PLLE2_ADV_X0Y0       PLLE2_ADV (Prop_plle2_adv_CLKIN1_CLKOUT1)
                                                      0.051     1.003 r  pll/pll/CLKOUT1
                         net (fo=1, estimated)        0.739     1.742    pll_dac_clk_1x
    BUFGCTRL_X0Y4        BUFG (Prop_bufg_I_O)         0.026     1.768 r  bufg_dac_clk_1x/O
                         net (fo=45, estimated)       0.577     2.345    dac_clk_1x
    SLICE_X43Y72         FDRE                                         r  dac_rst_reg/C
  -------------------------------------------------------------------    -------------------
    SLICE_X43Y72         FDRE (Prop_fdre_C_Q)         0.141     2.486 r  dac_rst_reg/Q
                         net (fo=17, estimated)       0.316     2.802    dac_rst
    OLOGIC_X0Y70         ODDR                                         r  oddr_dac_dat[10]/R
  -------------------------------------------------------------------    -------------------

                         (clock pll_dac_clk_1x rise edge)
                                                      0.000     0.000 r  
    U18                                               0.000     0.000 r  adc_clk_i[1] (IN)
                         net (fo=0)                   0.000     0.000    adc_clk_i[1]
    U18                  IBUFDS (Prop_ibufds_I_O)     0.433     0.433 r  i_clk/O
                         net (fo=1, estimated)        0.579     1.012    pll/clk
    PLLE2_ADV_X0Y0       PLLE2_ADV (Prop_plle2_adv_CLKIN1_CLKOUT1)
                                                      0.054     1.066 r  pll/pll/CLKOUT1
                         net (fo=1, estimated)        0.778     1.845    pll_dac_clk_1x
    BUFGCTRL_X0Y4        BUFG (Prop_bufg_I_O)         0.029     1.874 r  bufg_dac_clk_1x/O
                         net (fo=45, estimated)       0.990     2.864    dac_clk_1x
    OLOGIC_X0Y70         ODDR                                         r  oddr_dac_dat[10]/C
                         clock pessimism             -0.339     2.524    
    OLOGIC_X0Y70         ODDR (Hold_oddr_C_R)         0.476     3.000    oddr_dac_dat[10]
  -------------------------------------------------------------------
                         required time                         -3.000    
                         arrival time                           2.802    
  -------------------------------------------------------------------
                         slack                                 -0.198    





Pulse Width Checks
--------------------------------------------------------------------------------------
Clock Name:         pll_dac_clk_1x
Waveform(ns):       { 0.000 4.000 }
Period(ns):         8.000
Sources:            { pll/pll/CLKOUT1 }

Check Type        Corner  Lib Pin            Reference Pin  Required(ns)  Actual(ns)  Slack(ns)  Location        Pin
Min Period        n/a     BUFG/I             n/a            2.155         8.000       5.845      BUFGCTRL_X0Y4   bufg_dac_clk_1x/I
Max Period        n/a     PLLE2_ADV/CLKOUT1  n/a            160.000       8.000       152.000    PLLE2_ADV_X0Y0  pll/pll/CLKOUT1
Low Pulse Width   Slow    FDRE/C             n/a            0.500         4.000       3.500      SLICE_X43Y72    dac_rst_reg/C
High Pulse Width  Slow    FDSE/C             n/a            0.500         4.000       3.500      SLICE_X43Y64    dac_dat_a_reg[12]/C



---------------------------------------------------------------------------------------------------
From Clock:  pll_dac_clk_2p
  To Clock:  pll_dac_clk_2p

Setup :           NA  Failing Endpoints,  Worst Slack           NA  ,  Total Violation           NA
Hold  :           NA  Failing Endpoints,  Worst Slack           NA  ,  Total Violation           NA
PW    :            0  Failing Endpoints,  Worst Slack        1.845ns,  Total Violation        0.000ns
---------------------------------------------------------------------------------------------------


Pulse Width Checks
--------------------------------------------------------------------------------------
Clock Name:         pll_dac_clk_2p
Waveform(ns):       { -0.500 1.500 }
Period(ns):         4.000
Sources:            { pll/pll/CLKOUT3 }

Check Type  Corner  Lib Pin            Reference Pin  Required(ns)  Actual(ns)  Slack(ns)  Location        Pin
Min Period  n/a     BUFG/I             n/a            2.155         4.000       1.845      BUFGCTRL_X0Y7   bufg_dac_clk_2p/I
Max Period  n/a     PLLE2_ADV/CLKOUT3  n/a            160.000       4.000       156.000    PLLE2_ADV_X0Y0  pll/pll/CLKOUT3



---------------------------------------------------------------------------------------------------
From Clock:  pll_dac_clk_2x
  To Clock:  pll_dac_clk_2x

Setup :            0  Failing Endpoints,  Worst Slack        0.260ns,  Total Violation        0.000ns
Hold  :            0  Failing Endpoints,  Worst Slack        0.206ns,  Total Violation        0.000ns
PW    :            0  Failing Endpoints,  Worst Slack        1.500ns,  Total Violation        0.000ns
---------------------------------------------------------------------------------------------------


Max Delay Paths
--------------------------------------------------------------------------------------
Slack (MET) :             0.260ns  (required time - arrival time)
  Source:                 ps/system_i/processing_system7/inst/PS7_i/SAXIHP3ACLK
                            (rising edge-triggered cell PS7 clocked by pll_dac_clk_2x  {rise@0.000ns fall@2.000ns period=4.000ns})
  Destination:            ps/axi_master_3/axi_awvalid_o_reg/D
                            (rising edge-triggered cell FDRE clocked by pll_dac_clk_2x  {rise@0.000ns fall@2.000ns period=4.000ns})
  Path Group:             pll_dac_clk_2x
  Path Type:              Setup (Max at Slow Process Corner)
  Requirement:            4.000ns  (pll_dac_clk_2x rise@4.000ns - pll_dac_clk_2x rise@0.000ns)
  Data Path Delay:        3.261ns  (logic 1.561ns (47.869%)  route 1.700ns (52.131%))
  Logic Levels:           2  (LUT3=1 LUT6=1)
  Clock Path Skew:        -0.148ns (DCD - SCD + CPR)
    Destination Clock Delay (DCD):    5.555ns = ( 9.555 - 4.000 ) 
    Source Clock Delay      (SCD):    6.029ns
    Clock Pessimism Removal (CPR):    0.326ns
  Clock Uncertainty:      0.063ns  ((TSJ^2 + DJ^2)^1/2) / 2 + PE
    Total System Jitter     (TSJ):    0.071ns
    Discrete Jitter          (DJ):    0.104ns
    Phase Error              (PE):    0.000ns

    Location             Delay type                Incr(ns)  Path(ns)    Netlist Resource(s)
  -------------------------------------------------------------------    -------------------
                         (clock pll_dac_clk_2x rise edge)
                                                      0.000     0.000 r  
    U18                                               0.000     0.000 r  adc_clk_i[1] (IN)
                         net (fo=0)                   0.000     0.000    adc_clk_i[1]
    U18                  IBUFDS (Prop_ibufds_I_O)     0.983     0.983 r  i_clk/O
                         net (fo=1, estimated)        1.306     2.289    pll/clk
    PLLE2_ADV_X0Y0       PLLE2_ADV (Prop_plle2_adv_CLKIN1_CLKOUT2)
                                                      0.089     2.378 r  pll/pll/CLKOUT2
                         net (fo=2, estimated)        1.754     4.132    pll_dac_clk_2x
    BUFGCTRL_X0Y5        BUFG (Prop_bufg_I_O)         0.101     4.233 r  bufg_dac_axi_clk/O
                         net (fo=20, estimated)       1.796     6.029    ps/system_i/processing_system7/inst/S_AXI_HP3_ACLK
    PS7_X0Y0             PS7                                          r  ps/system_i/processing_system7/inst/PS7_i/SAXIHP3ACLK
  -------------------------------------------------------------------    -------------------
    PS7_X0Y0             PS7 (Prop_ps7_SAXIHP3ACLK_SAXIHP3AWREADY)
                                                      1.319     7.348 r  ps/system_i/processing_system7/inst/PS7_i/SAXIHP3AWREADY
                         net (fo=3, estimated)        0.637     7.985    ps/axi_master_3/axi_awready_i
    SLICE_X1Y26          LUT6 (Prop_lut6_I5_O)        0.124     8.109 r  ps/axi_master_3/axi_awfill_lvl[3]_i_1/O
                         net (fo=6, estimated)        0.577     8.686    ps/axi_master_3/axi_awpop
    SLICE_X1Y25          LUT3 (Prop_lut3_I0_O)        0.118     8.804 r  ps/axi_master_3/axi_awvalid_o_i_2/O
                         net (fo=1, estimated)        0.486     9.290    ps/axi_master_3/axi_awvalid_o_i_2_n_0
    SLICE_X1Y24          FDRE                                         r  ps/axi_master_3/axi_awvalid_o_reg/D
  -------------------------------------------------------------------    -------------------

                         (clock pll_dac_clk_2x rise edge)
                                                      4.000     4.000 r  
    U18                                               0.000     4.000 r  adc_clk_i[1] (IN)
                         net (fo=0)                   0.000     4.000    adc_clk_i[1]
    U18                  IBUFDS (Prop_ibufds_I_O)     0.940     4.940 r  i_clk/O
                         net (fo=1, estimated)        1.241     6.181    pll/clk
    PLLE2_ADV_X0Y0       PLLE2_ADV (Prop_plle2_adv_CLKIN1_CLKOUT2)
                                                      0.084     6.265 r  pll/pll/CLKOUT2
                         net (fo=2, estimated)        1.666     7.931    pll_dac_clk_2x
    BUFGCTRL_X0Y5        BUFG (Prop_bufg_I_O)         0.091     8.022 r  bufg_dac_axi_clk/O
                         net (fo=20, estimated)       1.533     9.555    ps/axi_master_3/axi_clk_i
    SLICE_X1Y24          FDRE                                         r  ps/axi_master_3/axi_awvalid_o_reg/C
                         clock pessimism              0.326     9.881    
                         clock uncertainty           -0.063     9.818    
    SLICE_X1Y24          FDRE (Setup_fdre_C_D)       -0.269     9.549    ps/axi_master_3/axi_awvalid_o_reg
  -------------------------------------------------------------------
                         required time                          9.549    
                         arrival time                          -9.290    
  -------------------------------------------------------------------
                         slack                                  0.260    





Min Delay Paths
--------------------------------------------------------------------------------------
Slack (MET) :             0.206ns  (arrival time - required time)
  Source:                 ps/axi_master_3/axi_rfill_lvl_reg[3]/C
                            (rising edge-triggered cell FDRE clocked by pll_dac_clk_2x  {rise@0.000ns fall@2.000ns period=4.000ns})
  Destination:            ps/axi_master_3/axi_rready_o_reg/D
                            (rising edge-triggered cell FDSE clocked by pll_dac_clk_2x  {rise@0.000ns fall@2.000ns period=4.000ns})
  Path Group:             pll_dac_clk_2x
  Path Type:              Hold (Min at Fast Process Corner)
  Requirement:            0.000ns  (pll_dac_clk_2x rise@0.000ns - pll_dac_clk_2x rise@0.000ns)
  Data Path Delay:        0.327ns  (logic 0.186ns (56.844%)  route 0.141ns (43.156%))
  Logic Levels:           1  (LUT3=1)
  Clock Path Skew:        0.030ns (DCD - SCD - CPR)
    Destination Clock Delay (DCD):    2.714ns
    Source Clock Delay      (SCD):    2.344ns
    Clock Pessimism Removal (CPR):    0.339ns

    Location             Delay type                Incr(ns)  Path(ns)    Netlist Resource(s)
  -------------------------------------------------------------------    -------------------
                         (clock pll_dac_clk_2x rise edge)
                                                      0.000     0.000 r  
    U18                                               0.000     0.000 r  adc_clk_i[1] (IN)
                         net (fo=0)                   0.000     0.000    adc_clk_i[1]
    U18                  IBUFDS (Prop_ibufds_I_O)     0.401     0.401 r  i_clk/O
                         net (fo=1, estimated)        0.551     0.952    pll/clk
    PLLE2_ADV_X0Y0       PLLE2_ADV (Prop_plle2_adv_CLKIN1_CLKOUT2)
                                                      0.051     1.003 r  pll/pll/CLKOUT2
                         net (fo=2, estimated)        0.739     1.742    pll_dac_clk_2x
    BUFGCTRL_X0Y5        BUFG (Prop_bufg_I_O)         0.026     1.768 r  bufg_dac_axi_clk/O
                         net (fo=20, estimated)       0.576     2.344    ps/axi_master_3/axi_clk_i
    SLICE_X3Y27          FDRE                                         r  ps/axi_master_3/axi_rfill_lvl_reg[3]/C
  -------------------------------------------------------------------    -------------------
    SLICE_X3Y27          FDRE (Prop_fdre_C_Q)         0.141     2.485 f  ps/axi_master_3/axi_rfill_lvl_reg[3]/Q
                         net (fo=7, estimated)        0.141     2.627    ps/axi_master_3/axi_rfill_lvl_reg[3]
    SLICE_X1Y27          LUT3 (Prop_lut3_I2_O)        0.045     2.672 r  ps/axi_master_3/axi_rready_o_i_1/O
                         net (fo=1, routed)           0.000     2.672    ps/axi_master_3/axi_rready_o_i_1_n_0
    SLICE_X1Y27          FDSE                                         r  ps/axi_master_3/axi_rready_o_reg/D
  -------------------------------------------------------------------    -------------------

                         (clock pll_dac_clk_2x rise edge)
                                                      0.000     0.000 r  
    U18                                               0.000     0.000 r  adc_clk_i[1] (IN)
                         net (fo=0)                   0.000     0.000    adc_clk_i[1]
    U18                  IBUFDS (Prop_ibufds_I_O)     0.433     0.433 r  i_clk/O
                         net (fo=1, estimated)        0.579     1.012    pll/clk
    PLLE2_ADV_X0Y0       PLLE2_ADV (Prop_plle2_adv_CLKIN1_CLKOUT2)
                                                      0.054     1.066 r  pll/pll/CLKOUT2
                         net (fo=2, estimated)        0.778     1.845    pll_dac_clk_2x
    BUFGCTRL_X0Y5        BUFG (Prop_bufg_I_O)         0.029     1.874 r  bufg_dac_axi_clk/O
                         net (fo=20, estimated)       0.840     2.714    ps/axi_master_3/axi_clk_i
    SLICE_X1Y27          FDSE                                         r  ps/axi_master_3/axi_rready_o_reg/C
                         clock pessimism             -0.339     2.374    
    SLICE_X1Y27          FDSE (Hold_fdse_C_D)         0.091     2.465    ps/axi_master_3/axi_rready_o_reg
  -------------------------------------------------------------------
                         required time                         -2.465    
                         arrival time                           2.672    
  -------------------------------------------------------------------
                         slack                                  0.206    





Pulse Width Checks
--------------------------------------------------------------------------------------
Clock Name:         pll_dac_clk_2x
Waveform(ns):       { 0.000 2.000 }
Period(ns):         4.000
Sources:            { pll/pll/CLKOUT2 }

Check Type        Corner  Lib Pin            Reference Pin  Required(ns)  Actual(ns)  Slack(ns)  Location        Pin
Min Period        n/a     BUFG/I             n/a            2.155         4.000       1.845      BUFGCTRL_X0Y5   bufg_dac_axi_clk/I
Max Period        n/a     PLLE2_ADV/CLKOUT2  n/a            160.000       4.000       156.000    PLLE2_ADV_X0Y0  pll/pll/CLKOUT2
Low Pulse Width   Slow    FDRE/C             n/a            0.500         2.000       1.500      SLICE_X2Y26     dac_axi_rstn_reg/C
High Pulse Width  Fast    FDRE/C             n/a            0.500         2.000       1.500      SLICE_X1Y25     ps/axi_master_3/awdata_in_reg_reg/C



---------------------------------------------------------------------------------------------------
From Clock:  pll_ser_clk
  To Clock:  pll_ser_clk

Setup :           NA  Failing Endpoints,  Worst Slack           NA  ,  Total Violation           NA
Hold  :           NA  Failing Endpoints,  Worst Slack           NA  ,  Total Violation           NA
PW    :            0  Failing Endpoints,  Worst Slack        1.845ns,  Total Violation        0.000ns
---------------------------------------------------------------------------------------------------


Pulse Width Checks
--------------------------------------------------------------------------------------
Clock Name:         pll_ser_clk
Waveform(ns):       { 0.000 2.000 }
Period(ns):         4.000
Sources:            { pll/pll/CLKOUT4 }

Check Type  Corner  Lib Pin            Reference Pin  Required(ns)  Actual(ns)  Slack(ns)  Location        Pin
Min Period  n/a     BUFG/I             n/a            2.155         4.000       1.845      BUFGCTRL_X0Y6   bufg_ser_clk/I
Max Period  n/a     PLLE2_ADV/CLKOUT4  n/a            160.000       4.000       156.000    PLLE2_ADV_X0Y0  pll/pll/CLKOUT4



---------------------------------------------------------------------------------------------------
From Clock:  clk_fpga_0
  To Clock:  clk_fpga_0

Setup :            0  Failing Endpoints,  Worst Slack        0.166ns,  Total Violation        0.000ns
Hold  :            0  Failing Endpoints,  Worst Slack        0.172ns,  Total Violation        0.000ns
PW    :            0  Failing Endpoints,  Worst Slack        3.500ns,  Total Violation        0.000ns
---------------------------------------------------------------------------------------------------


Max Delay Paths
--------------------------------------------------------------------------------------
Slack (MET) :             0.166ns  (required time - arrival time)
  Source:                 ps/axi_slave_gp0/rd_araddr_reg[21]/C
                            (rising edge-triggered cell FDRE clocked by clk_fpga_0  {rise@0.000ns fall@4.000ns period=8.000ns})
  Destination:            ps/axi_slave_gp0/ack_cnt_reg[0]/D
                            (rising edge-triggered cell FDRE clocked by clk_fpga_0  {rise@0.000ns fall@4.000ns period=8.000ns})
  Path Group:             clk_fpga_0
  Path Type:              Setup (Max at Slow Process Corner)
  Requirement:            8.000ns  (clk_fpga_0 rise@8.000ns - clk_fpga_0 rise@0.000ns)
  Data Path Delay:        7.671ns  (logic 1.804ns (23.517%)  route 5.867ns (76.483%))
  Logic Levels:           5  (LUT3=1 LUT5=2 LUT6=1 MUXF7=1)
  Clock Path Skew:        -0.067ns (DCD - SCD + CPR)
    Destination Clock Delay (DCD):    2.788ns = ( 10.788 - 8.000 ) 
    Source Clock Delay      (SCD):    3.040ns
    Clock Pessimism Removal (CPR):    0.185ns
  Clock Uncertainty:      0.125ns  ((TSJ^2 + TIJ^2)^1/2 + DJ) / 2 + PE
    Total System Jitter     (TSJ):    0.071ns
    Total Input Jitter      (TIJ):    0.240ns
    Discrete Jitter          (DJ):    0.000ns
    Phase Error              (PE):    0.000ns

    Location             Delay type                Incr(ns)  Path(ns)    Netlist Resource(s)
  -------------------------------------------------------------------    -------------------
                         (clock clk_fpga_0 rise edge)
                                                      0.000     0.000 r  
    PS7_X0Y0             PS7                          0.000     0.000 r  ps/system_i/processing_system7/inst/PS7_i/FCLKCLK[0]
                         net (fo=1, estimated)        1.207     1.207    ps/lopt
    BUFGCTRL_X0Y2        BUFG (Prop_bufg_I_O)         0.101     1.308 r  ps/fclk_buf[0]/O
                         net (fo=236, estimated)      1.732     3.040    ps/axi_slave_gp0/axi\\.ACLK
    SLICE_X5Y47          FDRE                                         r  ps/axi_slave_gp0/rd_araddr_reg[21]/C
  -------------------------------------------------------------------    -------------------
    SLICE_X5Y47          FDRE (Prop_fdre_C_Q)         0.456     3.496 r  ps/axi_slave_gp0/rd_araddr_reg[21]/Q
                         net (fo=1, estimated)        0.942     4.438    ps/axi_slave_gp0/rd_araddr[21]
    SLICE_X3Y47          LUT3 (Prop_lut3_I0_O)        0.152     4.590 r  ps/axi_slave_gp0/bus\\.addr[21]_INST_0/O
                         net (fo=82, estimated)       2.249     6.839    sys_bus_interconnect/bus_m\\.addr[21]
    SLICE_X25Y74         LUT6 (Prop_lut6_I2_O)        0.326     7.165 f  sys_bus_interconnect/bus_m\\.ack_INST_0_i_2/O
                         net (fo=1, routed)           0.000     7.165    sys_bus_interconnect/bus_m\\.ack_INST_0_i_2_n_0
    SLICE_X25Y74         MUXF7 (Prop_muxf7_I1_O)      0.217     7.382 f  sys_bus_interconnect/bus_m\\.ack_INST_0/O
                         net (fo=5, estimated)        2.364     9.746    ps/axi_slave_gp0/bus\\.ack
    SLICE_X1Y46          LUT5 (Prop_lut5_I0_O)        0.327    10.073 f  ps/axi_slave_gp0/ack_cnt[0]_i_2/O
                         net (fo=2, estimated)        0.312    10.385    ps/axi_slave_gp0/ack_cnt[0]_i_2_n_0
    SLICE_X1Y44          LUT5 (Prop_lut5_I2_O)        0.326    10.711 r  ps/axi_slave_gp0/ack_cnt[0]_i_1/O
                         net (fo=1, routed)           0.000    10.711    ps/axi_slave_gp0/ack_cnt[0]_i_1_n_0
    SLICE_X1Y44          FDRE                                         r  ps/axi_slave_gp0/ack_cnt_reg[0]/D
  -------------------------------------------------------------------    -------------------

                         (clock clk_fpga_0 rise edge)
                                                      8.000     8.000 r  
    PS7_X0Y0             PS7                          0.000     8.000 r  ps/system_i/processing_system7/inst/PS7_i/FCLKCLK[0]
                         net (fo=1, estimated)        1.147     9.147    ps/lopt
    BUFGCTRL_X0Y2        BUFG (Prop_bufg_I_O)         0.091     9.238 r  ps/fclk_buf[0]/O
                         net (fo=236, estimated)      1.550    10.788    ps/axi_slave_gp0/axi\\.ACLK
    SLICE_X1Y44          FDRE                                         r  ps/axi_slave_gp0/ack_cnt_reg[0]/C
                         clock pessimism              0.185    10.973    
                         clock uncertainty           -0.125    10.848    
    SLICE_X1Y44          FDRE (Setup_fdre_C_D)        0.029    10.877    ps/axi_slave_gp0/ack_cnt_reg[0]
  -------------------------------------------------------------------
                         required time                         10.877    
                         arrival time                         -10.711    
  -------------------------------------------------------------------
                         slack                                  0.166    





Min Delay Paths
--------------------------------------------------------------------------------------
Slack (MET) :             0.172ns  (arrival time - required time)
  Source:                 sys_bus_interconnect/for_bus[5].inst_sys_bus_cdc/ctrl_done_csff_reg[0]/C
                            (rising edge-triggered cell FDRE clocked by clk_fpga_0  {rise@0.000ns fall@4.000ns period=8.000ns})
  Destination:            sys_bus_interconnect/for_bus[5].inst_sys_bus_cdc/ctrl_done_csff_reg[1]/D
                            (rising edge-triggered cell FDRE clocked by clk_fpga_0  {rise@0.000ns fall@4.000ns period=8.000ns})
  Path Group:             clk_fpga_0
  Path Type:              Hold (Min at Fast Process Corner)
  Requirement:            0.000ns  (clk_fpga_0 rise@0.000ns - clk_fpga_0 rise@0.000ns)
  Data Path Delay:        0.245ns  (logic 0.164ns (66.957%)  route 0.081ns (33.043%))
  Logic Levels:           0  
  Clock Path Skew:        0.013ns (DCD - SCD - CPR)
    Destination Clock Delay (DCD):    1.380ns
    Source Clock Delay      (SCD):    1.083ns
    Clock Pessimism Removal (CPR):    0.284ns

    Location             Delay type                Incr(ns)  Path(ns)    Netlist Resource(s)
  -------------------------------------------------------------------    -------------------
                         (clock clk_fpga_0 rise edge)
                                                      0.000     0.000 r  
    PS7_X0Y0             PS7                          0.000     0.000 r  ps/system_i/processing_system7/inst/PS7_i/FCLKCLK[0]
                         net (fo=1, estimated)        0.509     0.509    ps/lopt
    BUFGCTRL_X0Y2        BUFG (Prop_bufg_I_O)         0.026     0.535 r  ps/fclk_buf[0]/O
                         net (fo=236, estimated)      0.548     1.083    sys_bus_interconnect/for_bus[5].inst_sys_bus_cdc/bus_s\\.clk
    SLICE_X34Y72         FDRE                                         r  sys_bus_interconnect/for_bus[5].inst_sys_bus_cdc/ctrl_done_csff_reg[0]/C
  -------------------------------------------------------------------    -------------------
    SLICE_X34Y72         FDRE (Prop_fdre_C_Q)         0.164     1.247 r  sys_bus_interconnect/for_bus[5].inst_sys_bus_cdc/ctrl_done_csff_reg[0]/Q
                         net (fo=1, estimated)        0.081     1.328    sys_bus_interconnect/for_bus[5].inst_sys_bus_cdc/ctrl_done_csff[0]
    SLICE_X34Y72         FDRE                                         r  sys_bus_interconnect/for_bus[5].inst_sys_bus_cdc/ctrl_done_csff_reg[1]/D
  -------------------------------------------------------------------    -------------------

                         (clock clk_fpga_0 rise edge)
                                                      0.000     0.000 r  
    PS7_X0Y0             PS7                          0.000     0.000 r  ps/system_i/processing_system7/inst/PS7_i/FCLKCLK[0]
                         net (fo=1, estimated)        0.536     0.536    ps/lopt
    BUFGCTRL_X0Y2        BUFG (Prop_bufg_I_O)         0.029     0.565 r  ps/fclk_buf[0]/O
                         net (fo=236, estimated)      0.815     1.380    sys_bus_interconnect/for_bus[5].inst_sys_bus_cdc/bus_s\\.clk
    SLICE_X34Y72         FDRE                                         r  sys_bus_interconnect/for_bus[5].inst_sys_bus_cdc/ctrl_done_csff_reg[1]/C
                         clock pessimism             -0.284     1.096    
    SLICE_X34Y72         FDRE (Hold_fdre_C_D)         0.060     1.156    sys_bus_interconnect/for_bus[5].inst_sys_bus_cdc/ctrl_done_csff_reg[1]
  -------------------------------------------------------------------
                         required time                         -1.156    
                         arrival time                           1.328    
  -------------------------------------------------------------------
                         slack                                  0.172    





Pulse Width Checks
--------------------------------------------------------------------------------------
Clock Name:         clk_fpga_0
Waveform(ns):       { 0.000 4.000 }
Period(ns):         8.000
Sources:            { ps/system_i/processing_system7/inst/PS7_i/FCLKCLK[0] }

Check Type        Corner  Lib Pin  Reference Pin  Required(ns)  Actual(ns)  Slack(ns)  Location       Pin
Min Period        n/a     BUFG/I   n/a            2.155         8.000       5.845      BUFGCTRL_X0Y2  ps/fclk_buf[0]/I
Low Pulse Width   Slow    FDRE/C   n/a            0.500         4.000       3.500      SLICE_X43Y41   fpll_locked_r3_reg/C
High Pulse Width  Slow    FDRE/C   n/a            0.500         4.000       3.500      SLICE_X4Y44    ps/axi_slave_gp0/ack_cnt_reg[1]/C



---------------------------------------------------------------------------------------------------
From Clock:  clk_fpga_3
  To Clock:  clk_fpga_3

Setup :            0  Failing Endpoints,  Worst Slack        0.007ns,  Total Violation        0.000ns
Hold  :            2  Failing Endpoints,  Worst Slack       -0.026ns,  Total Violation       -0.030ns
PW    :            0  Failing Endpoints,  Worst Slack        1.000ns,  Total Violation        0.000ns
---------------------------------------------------------------------------------------------------


Max Delay Paths
--------------------------------------------------------------------------------------
Slack (MET) :             0.007ns  (required time - arrival time)
  Source:                 ps/system_i/axi_protocol_converter_0/inst/gen_axilite.gen_b2s_conv.axilite_b2s/RD.ar_channel_0/cmd_translator_0/s_axburst_eq1_reg/C
                            (rising edge-triggered cell FDRE clocked by clk_fpga_3  {rise@0.000ns fall@2.500ns period=5.000ns})
  Destination:            ps/system_i/axi_protocol_converter_0/inst/gen_axilite.gen_b2s_conv.axilite_b2s/RD.ar_channel_0/cmd_translator_0/incr_cmd_0/axlen_cnt_reg[4]/CE
                            (rising edge-triggered cell FDRE clocked by clk_fpga_3  {rise@0.000ns fall@2.500ns period=5.000ns})
  Path Group:             clk_fpga_3
  Path Type:              Setup (Max at Slow Process Corner)
  Requirement:            5.000ns  (clk_fpga_3 rise@5.000ns - clk_fpga_3 rise@0.000ns)
  Data Path Delay:        4.433ns  (logic 1.119ns (25.243%)  route 3.314ns (74.758%))
  Logic Levels:           4  (LUT2=1 LUT3=1 LUT6=2)
  Clock Path Skew:        -0.105ns (DCD - SCD + CPR)
    Destination Clock Delay (DCD):    2.719ns = ( 7.719 - 5.000 ) 
    Source Clock Delay      (SCD):    3.009ns
    Clock Pessimism Removal (CPR):    0.185ns
  Clock Uncertainty:      0.083ns  ((TSJ^2 + TIJ^2)^1/2 + DJ) / 2 + PE
    Total System Jitter     (TSJ):    0.071ns
    Total Input Jitter      (TIJ):    0.150ns
    Discrete Jitter          (DJ):    0.000ns
    Phase Error              (PE):    0.000ns

    Location             Delay type                Incr(ns)  Path(ns)    Netlist Resource(s)
  -------------------------------------------------------------------    -------------------
                         (clock clk_fpga_3 rise edge)
                                                      0.000     0.000 r  
    PS7_X0Y0             PS7                          0.000     0.000 r  ps/system_i/processing_system7/inst/PS7_i/FCLKCLK[3]
                         net (fo=1, estimated)        1.207     1.207    ps/system_i/processing_system7/inst/FCLK_CLK_unbuffered[3]
    BUFGCTRL_X0Y1        BUFG (Prop_bufg_I_O)         0.101     1.308 r  ps/system_i/processing_system7/inst/buffer_fclk_clk_3.FCLK_CLK_3_BUFG/O
                         net (fo=987, estimated)      1.701     3.009    ps/system_i/axi_protocol_converter_0/inst/gen_axilite.gen_b2s_conv.axilite_b2s/RD.ar_channel_0/cmd_translator_0/clk
    SLICE_X2Y70          FDRE                                         r  ps/system_i/axi_protocol_converter_0/inst/gen_axilite.gen_b2s_conv.axilite_b2s/RD.ar_channel_0/cmd_translator_0/s_axburst_eq1_reg/C
  -------------------------------------------------------------------    -------------------
    SLICE_X2Y70          FDRE (Prop_fdre_C_Q)         0.419     3.428 f  ps/system_i/axi_protocol_converter_0/inst/gen_axilite.gen_b2s_conv.axilite_b2s/RD.ar_channel_0/cmd_translator_0/s_axburst_eq1_reg/Q
                         net (fo=1, estimated)        1.002     4.430    ps/system_i/axi_protocol_converter_0/inst/gen_axilite.gen_b2s_conv.axilite_b2s/RD.ar_channel_0/cmd_translator_0/s_axburst_eq1
    SLICE_X10Y70         LUT3 (Prop_lut3_I0_O)        0.299     4.729 r  ps/system_i/axi_protocol_converter_0/inst/gen_axilite.gen_b2s_conv.axilite_b2s/RD.ar_channel_0/cmd_translator_0/next_pending_INST_0/O
                         net (fo=4, estimated)        0.483     5.212    ps/system_i/axi_protocol_converter_0/inst/gen_axilite.gen_b2s_conv.axilite_b2s/RD.ar_channel_0/ar_cmd_fsm_0/next_pending
    SLICE_X8Y69          LUT6 (Prop_lut6_I5_O)        0.124     5.336 r  ps/system_i/axi_protocol_converter_0/inst/gen_axilite.gen_b2s_conv.axilite_b2s/RD.ar_channel_0/ar_cmd_fsm_0/FSM_sequential_state[1]_i_1_comp_1/O
                         net (fo=1, estimated)        0.817     6.153    ps/system_i/axi_protocol_converter_0/inst/gen_axilite.gen_b2s_conv.axilite_b2s/RD.ar_channel_0/cmd_translator_0/incr_cmd_0/next_state__0[1]_repN_1_alias
    SLICE_X7Y70          LUT6 (Prop_lut6_I5_O)        0.124     6.277 r  ps/system_i/axi_protocol_converter_0/inst/gen_axilite.gen_b2s_conv.axilite_b2s/RD.ar_channel_0/cmd_translator_0/incr_cmd_0/axlen_cnt_reg[0]_CE_cooolgate_en_gate_486_comp/O
                         net (fo=2, estimated)        0.652     6.929    ps/system_i/axi_protocol_converter_0/inst/gen_axilite.gen_b2s_conv.axilite_b2s/RD.ar_channel_0/cmd_translator_0/incr_cmd_0/axlen_cnt_reg[0]_CE_cooolgate_en_sig_106
    SLICE_X7Y70          LUT2 (Prop_lut2_I1_O)        0.153     7.082 r  ps/system_i/axi_protocol_converter_0/inst/gen_axilite.gen_b2s_conv.axilite_b2s/RD.ar_channel_0/cmd_translator_0/incr_cmd_0/axlen_cnt_reg[4]_CE_cooolgate_en_gate_491/O
                         net (fo=4, estimated)        0.360     7.442    ps/system_i/axi_protocol_converter_0/inst/gen_axilite.gen_b2s_conv.axilite_b2s/RD.ar_channel_0/cmd_translator_0/incr_cmd_0/axlen_cnt_reg[4]_CE_cooolgate_en_sig_108
    SLICE_X6Y69          FDRE                                         r  ps/system_i/axi_protocol_converter_0/inst/gen_axilite.gen_b2s_conv.axilite_b2s/RD.ar_channel_0/cmd_translator_0/incr_cmd_0/axlen_cnt_reg[4]/CE
  -------------------------------------------------------------------    -------------------

                         (clock clk_fpga_3 rise edge)
                                                      5.000     5.000 r  
    PS7_X0Y0             PS7                          0.000     5.000 r  ps/system_i/processing_system7/inst/PS7_i/FCLKCLK[3]
                         net (fo=1, estimated)        1.147     6.147    ps/system_i/processing_system7/inst/FCLK_CLK_unbuffered[3]
    BUFGCTRL_X0Y1        BUFG (Prop_bufg_I_O)         0.091     6.238 r  ps/system_i/processing_system7/inst/buffer_fclk_clk_3.FCLK_CLK_3_BUFG/O
                         net (fo=987, estimated)      1.481     7.719    ps/system_i/axi_protocol_converter_0/inst/gen_axilite.gen_b2s_conv.axilite_b2s/RD.ar_channel_0/cmd_translator_0/incr_cmd_0/clk
    SLICE_X6Y69          FDRE                                         r  ps/system_i/axi_protocol_converter_0/inst/gen_axilite.gen_b2s_conv.axilite_b2s/RD.ar_channel_0/cmd_translator_0/incr_cmd_0/axlen_cnt_reg[4]/C
                         clock pessimism              0.185     7.904    
                         clock uncertainty           -0.083     7.821    
    SLICE_X6Y69          FDRE (Setup_fdre_C_CE)      -0.372     7.449    ps/system_i/axi_protocol_converter_0/inst/gen_axilite.gen_b2s_conv.axilite_b2s/RD.ar_channel_0/cmd_translator_0/incr_cmd_0/axlen_cnt_reg[4]
  -------------------------------------------------------------------
                         required time                          7.449    
                         arrival time                          -7.442    
  -------------------------------------------------------------------
                         slack                                  0.007    





Min Delay Paths
--------------------------------------------------------------------------------------
Slack (VIOLATED) :        -0.026ns  (arrival time - required time)
  Source:                 ps/system_i/axi_register_slice_0/inst/ar.ar_pipe/m_payload_i_reg[56]/C
                            (rising edge-triggered cell FDRE clocked by clk_fpga_3  {rise@0.000ns fall@2.500ns period=5.000ns})
  Destination:            ps/system_i/axi_protocol_converter_0/inst/gen_axilite.gen_b2s_conv.axilite_b2s/SI_REG/ar.ar_pipe/skid_buffer_reg[56]/D
                            (rising edge-triggered cell FDRE clocked by clk_fpga_3  {rise@0.000ns fall@2.500ns period=5.000ns})
  Path Group:             clk_fpga_3
  Path Type:              Hold (Min at Fast Process Corner)
  Requirement:            0.000ns  (clk_fpga_3 rise@0.000ns - clk_fpga_3 rise@0.000ns)
  Data Path Delay:        0.295ns  (logic 0.164ns (55.576%)  route 0.131ns (44.424%))
  Logic Levels:           0  
  Clock Path Skew:        0.274ns (DCD - SCD - CPR)
    Destination Clock Delay (DCD):    1.418ns
    Source Clock Delay      (SCD):    1.114ns
    Clock Pessimism Removal (CPR):    0.030ns

    Location             Delay type                Incr(ns)  Path(ns)    Netlist Resource(s)
  -------------------------------------------------------------------    -------------------
                         (clock clk_fpga_3 rise edge)
                                                      0.000     0.000 r  
    PS7_X0Y0             PS7                          0.000     0.000 r  ps/system_i/processing_system7/inst/PS7_i/FCLKCLK[3]
                         net (fo=1, estimated)        0.509     0.509    ps/system_i/processing_system7/inst/FCLK_CLK_unbuffered[3]
    BUFGCTRL_X0Y1        BUFG (Prop_bufg_I_O)         0.026     0.535 r  ps/system_i/processing_system7/inst/buffer_fclk_clk_3.FCLK_CLK_3_BUFG/O
                         net (fo=987, estimated)      0.579     1.114    ps/system_i/axi_register_slice_0/inst/ar.ar_pipe/ACLK
    SLICE_X0Y51          FDRE                                         r  ps/system_i/axi_register_slice_0/inst/ar.ar_pipe/m_payload_i_reg[56]/C
  -------------------------------------------------------------------    -------------------
    SLICE_X0Y51          FDRE (Prop_fdre_C_Q)         0.164     1.278 r  ps/system_i/axi_register_slice_0/inst/ar.ar_pipe/m_payload_i_reg[56]/Q
                         net (fo=2, estimated)        0.131     1.409    ps/system_i/axi_protocol_converter_0/inst/gen_axilite.gen_b2s_conv.axilite_b2s/SI_REG/ar.ar_pipe/S_PAYLOAD_DATA[56]
    SLICE_X1Y49          FDRE                                         r  ps/system_i/axi_protocol_converter_0/inst/gen_axilite.gen_b2s_conv.axilite_b2s/SI_REG/ar.ar_pipe/skid_buffer_reg[56]/D
  -------------------------------------------------------------------    -------------------

                         (clock clk_fpga_3 rise edge)
                                                      0.000     0.000 r  
    PS7_X0Y0             PS7                          0.000     0.000 r  ps/system_i/processing_system7/inst/PS7_i/FCLKCLK[3]
                         net (fo=1, estimated)        0.536     0.536    ps/system_i/processing_system7/inst/FCLK_CLK_unbuffered[3]
    BUFGCTRL_X0Y1        BUFG (Prop_bufg_I_O)         0.029     0.565 r  ps/system_i/processing_system7/inst/buffer_fclk_clk_3.FCLK_CLK_3_BUFG/O
                         net (fo=987, estimated)      0.853     1.418    ps/system_i/axi_protocol_converter_0/inst/gen_axilite.gen_b2s_conv.axilite_b2s/SI_REG/ar.ar_pipe/ACLK
    SLICE_X1Y49          FDRE                                         r  ps/system_i/axi_protocol_converter_0/inst/gen_axilite.gen_b2s_conv.axilite_b2s/SI_REG/ar.ar_pipe/skid_buffer_reg[56]/C
                         clock pessimism             -0.030     1.388    
    SLICE_X1Y49          FDRE (Hold_fdre_C_D)         0.047     1.435    ps/system_i/axi_protocol_converter_0/inst/gen_axilite.gen_b2s_conv.axilite_b2s/SI_REG/ar.ar_pipe/skid_buffer_reg[56]
  -------------------------------------------------------------------
                         required time                         -1.435    
                         arrival time                           1.409    
  -------------------------------------------------------------------
                         slack                                 -0.026    





Pulse Width Checks
--------------------------------------------------------------------------------------
Clock Name:         clk_fpga_3
Waveform(ns):       { 0.000 2.500 }
Period(ns):         5.000
Sources:            { ps/system_i/processing_system7/inst/PS7_i/FCLKCLK[3] }

Check Type        Corner  Lib Pin      Reference Pin  Required(ns)  Actual(ns)  Slack(ns)  Location     Pin
Min Period        n/a     XADC/DCLK    n/a            4.000         5.000       1.000      XADC_X0Y0    ps/system_i/xadc/inst/AXI_XADC_CORE_I/XADC_INST/DCLK
Low Pulse Width   Slow    SRLC32E/CLK  n/a            0.980         2.500       1.520      SLICE_X0Y64  ps/system_i/axi_protocol_converter_0/inst/gen_axilite.gen_b2s_conv.axilite_b2s/RD.r_channel_0/rd_data_fifo_0/memory_reg[31][12]_srl32/CLK
High Pulse Width  Fast    SRLC32E/CLK  n/a            0.980         2.500       1.520      SLICE_X8Y66  ps/system_i/axi_protocol_converter_0/inst/gen_axilite.gen_b2s_conv.axilite_b2s/RD.r_channel_0/rd_data_fifo_0/memory_reg[31][10]_srl32/CLK



---------------------------------------------------------------------------------------------------
From Clock:  rx_clk
  To Clock:  rx_clk

Setup :           NA  Failing Endpoints,  Worst Slack           NA  ,  Total Violation           NA
Hold  :           NA  Failing Endpoints,  Worst Slack           NA  ,  Total Violation           NA
PW    :            0  Failing Endpoints,  Worst Slack        2.333ns,  Total Violation        0.000ns
---------------------------------------------------------------------------------------------------


Pulse Width Checks
--------------------------------------------------------------------------------------
Clock Name:         rx_clk
Waveform(ns):       { 0.000 2.000 }
Period(ns):         4.000
Sources:            { daisy_p_i[1] }

Check Type  Corner  Lib Pin        Reference Pin  Required(ns)  Actual(ns)  Slack(ns)  Location      Pin
Min Period  n/a     ISERDESE2/CLK  n/a            1.667         4.000       2.333      ILOGIC_X0Y38  i_daisy/i_rx/genblk1[0].i_iserdese/CLK



---------------------------------------------------------------------------------------------------
From Clock:  par_clk
  To Clock:  par_clk

Setup :            0  Failing Endpoints,  Worst Slack        3.532ns,  Total Violation        0.000ns
Hold  :           24  Failing Endpoints,  Worst Slack       -0.922ns,  Total Violation      -12.231ns
PW    :            0  Failing Endpoints,  Worst Slack        3.020ns,  Total Violation        0.000ns
---------------------------------------------------------------------------------------------------


Max Delay Paths
--------------------------------------------------------------------------------------
Slack (MET) :             3.532ns  (required time - arrival time)
  Source:                 i_daisy/i_rx/genblk1[0].par_dat_r_reg[13]/C
                            (rising edge-triggered cell FDRE clocked by par_clk  {rise@0.000ns fall@4.000ns period=8.000ns})
  Destination:            i_daisy/i_rx/genblk1[0].par_dv_reg/CE
                            (rising edge-triggered cell FDRE clocked by par_clk  {rise@0.000ns fall@4.000ns period=8.000ns})
  Path Group:             par_clk
  Path Type:              Setup (Max at Slow Process Corner)
  Requirement:            8.000ns  (par_clk rise@8.000ns - par_clk rise@0.000ns)
  Data Path Delay:        4.164ns  (logic 1.014ns (24.352%)  route 3.150ns (75.648%))
  Logic Levels:           4  (LUT4=3 LUT6=1)
  Clock Path Skew:        -0.064ns (DCD - SCD + CPR)
    Destination Clock Delay (DCD):    4.234ns = ( 12.234 - 8.000 ) 
    Source Clock Delay      (SCD):    4.625ns
    Clock Pessimism Removal (CPR):    0.327ns
  Clock Uncertainty:      0.035ns  ((TSJ^2 + TIJ^2)^1/2 + DJ) / 2 + PE
    Total System Jitter     (TSJ):    0.071ns
    Total Input Jitter      (TIJ):    0.000ns
    Discrete Jitter          (DJ):    0.000ns
    Phase Error              (PE):    0.000ns

    Location             Delay type                Incr(ns)  Path(ns)    Netlist Resource(s)
  -------------------------------------------------------------------    -------------------
                         (clock par_clk rise edge)    0.000     0.000 r  
    N18                                               0.000     0.000 r  daisy_p_i[1] (IN)
                         net (fo=0)                   0.000     0.000    i_daisy/daisy_p_i[1]
    N18                  IBUFDS (Prop_ibufds_I_O)     0.945     0.945 r  i_daisy/i_IBUFGDS_clk/O
                         net (fo=2, estimated)        0.510     1.455    i_daisy/i_rx/ser_clk_i
    BUFR_X0Y1            BUFR (Prop_bufr_I_O)         1.032     2.487 r  i_daisy/i_rx/i_BUFR_clk/O
                         net (fo=51, estimated)       0.285     2.772    i_daisy/i_rx/par_clk
    BUFGCTRL_X0Y3        BUFG (Prop_bufg_I_O)         0.101     2.873 r  i_daisy/i_rx/i_parclk_buf/O
                         net (fo=233, estimated)      1.752     4.625    i_daisy/i_rx/par_clk_o
    SLICE_X42Y36         FDRE                                         r  i_daisy/i_rx/genblk1[0].par_dat_r_reg[13]/C
  -------------------------------------------------------------------    -------------------
    SLICE_X42Y36         FDRE (Prop_fdre_C_Q)         0.518     5.143 f  i_daisy/i_rx/genblk1[0].par_dat_r_reg[13]/Q
                         net (fo=2, estimated)        1.217     6.360    i_daisy/i_rx/genblk1[0].par_dat_r[13]
    SLICE_X43Y39         LUT4 (Prop_lut4_I0_O)        0.124     6.484 f  i_daisy/i_rx/genblk1[0].par_ok[0]_i_6/O
                         net (fo=1, estimated)        0.774     7.258    i_daisy/i_rx/genblk1[0].par_ok[0]_i_6_n_0
    SLICE_X43Y39         LUT4 (Prop_lut4_I2_O)        0.124     7.382 f  i_daisy/i_rx/genblk1[0].par_ok[0]_i_3/O
                         net (fo=2, estimated)        0.508     7.890    i_daisy/i_rx/genblk1[0].par_ok[0]_i_3_n_0
    SLICE_X40Y35         LUT6 (Prop_lut6_I2_O)        0.124     8.014 r  i_daisy/i_rx/genblk1[0].par_ok[0]_i_2/O
                         net (fo=2, estimated)        0.460     8.474    i_daisy/i_rx/genblk1[0].par_ok[0]_i_2_n_0
    SLICE_X38Y36         LUT4 (Prop_lut4_I1_O)        0.124     8.598 r  i_daisy/i_rx/genblk1[0].par_dv_reg_CE_cooolgate_en_gate_818/O
                         net (fo=1, estimated)        0.191     8.789    i_daisy/i_rx/genblk1[0].par_dv_reg_CE_cooolgate_en_sig_214
    SLICE_X39Y36         FDRE                                         r  i_daisy/i_rx/genblk1[0].par_dv_reg/CE
  -------------------------------------------------------------------    -------------------

                         (clock par_clk rise edge)    8.000     8.000 r  
    N18                                               0.000     8.000 r  daisy_p_i[1] (IN)
                         net (fo=0)                   0.000     8.000    i_daisy/daisy_p_i[1]
    N18                  IBUFDS (Prop_ibufds_I_O)     0.902     8.902 r  i_daisy/i_IBUFGDS_clk/O
                         net (fo=2, estimated)        0.484     9.387    i_daisy/i_rx/ser_clk_i
    BUFR_X0Y1            BUFR (Prop_bufr_I_O)         0.919    10.306 r  i_daisy/i_rx/i_BUFR_clk/O
                         net (fo=51, estimated)       0.264    10.570    i_daisy/i_rx/par_clk
    BUFGCTRL_X0Y3        BUFG (Prop_bufg_I_O)         0.091    10.661 r  i_daisy/i_rx/i_parclk_buf/O
                         net (fo=233, estimated)      1.573    12.234    i_daisy/i_rx/par_clk_o
    SLICE_X39Y36         FDRE                                         r  i_daisy/i_rx/genblk1[0].par_dv_reg/C
                         clock pessimism              0.327    12.561    
                         clock uncertainty           -0.035    12.526    
    SLICE_X39Y36         FDRE (Setup_fdre_C_CE)      -0.205    12.321    i_daisy/i_rx/genblk1[0].par_dv_reg
  -------------------------------------------------------------------
                         required time                         12.321    
                         arrival time                          -8.789    
  -------------------------------------------------------------------
                         slack                                  3.532    





Min Delay Paths
--------------------------------------------------------------------------------------
Slack (VIOLATED) :        -0.922ns  (arrival time - required time)
  Source:                 i_daisy/i_rx/genblk1[0].par_dat_reg[2]/C
                            (rising edge-triggered cell FDRE clocked by par_clk  {rise@0.000ns fall@4.000ns period=8.000ns})
  Destination:            i_daisy/i_rx/genblk1[0].par_dat_r_reg[2]/D
                            (rising edge-triggered cell FDRE clocked by par_clk  {rise@0.000ns fall@4.000ns period=8.000ns})
  Path Group:             par_clk
  Path Type:              Hold (Min at Slow Process Corner)
  Requirement:            0.000ns  (par_clk rise@0.000ns - par_clk rise@0.000ns)
  Data Path Delay:        0.692ns  (logic 0.367ns (53.042%)  route 0.325ns (46.958%))
  Logic Levels:           0  
  Clock Path Skew:        1.380ns (DCD - SCD - CPR)
    Destination Clock Delay (DCD):    4.625ns
    Source Clock Delay      (SCD):    3.064ns
    Clock Pessimism Removal (CPR):    0.181ns

    Location             Delay type                Incr(ns)  Path(ns)    Netlist Resource(s)
  -------------------------------------------------------------------    -------------------
                         (clock par_clk rise edge)    0.000     0.000 r  
    N18                                               0.000     0.000 r  daisy_p_i[1] (IN)
                         net (fo=0)                   0.000     0.000    i_daisy/daisy_p_i[1]
    N18                  IBUFDS (Prop_ibufds_I_O)     0.902     0.902 r  i_daisy/i_IBUFGDS_clk/O
                         net (fo=2, estimated)        0.484     1.387    i_daisy/i_rx/ser_clk_i
    BUFR_X0Y1            BUFR (Prop_bufr_I_O)         0.919     2.306 r  i_daisy/i_rx/i_BUFR_clk/O
                         net (fo=51, estimated)       0.758     3.064    i_daisy/i_rx/par_clk
    SLICE_X40Y37         FDRE                                         r  i_daisy/i_rx/genblk1[0].par_dat_reg[2]/C
  -------------------------------------------------------------------    -------------------
    SLICE_X40Y37         FDRE (Prop_fdre_C_Q)         0.367     3.431 r  i_daisy/i_rx/genblk1[0].par_dat_reg[2]/Q
                         net (fo=1, estimated)        0.325     3.756    i_daisy/i_rx/genblk1[0].par_dat[2]
    SLICE_X42Y36         FDRE                                         r  i_daisy/i_rx/genblk1[0].par_dat_r_reg[2]/D
  -------------------------------------------------------------------    -------------------

                         (clock par_clk rise edge)    0.000     0.000 r  
    N18                                               0.000     0.000 r  daisy_p_i[1] (IN)
                         net (fo=0)                   0.000     0.000    i_daisy/daisy_p_i[1]
    N18                  IBUFDS (Prop_ibufds_I_O)     0.945     0.945 r  i_daisy/i_IBUFGDS_clk/O
                         net (fo=2, estimated)        0.510     1.455    i_daisy/i_rx/ser_clk_i
    BUFR_X0Y1            BUFR (Prop_bufr_I_O)         1.032     2.487 r  i_daisy/i_rx/i_BUFR_clk/O
                         net (fo=51, estimated)       0.285     2.772    i_daisy/i_rx/par_clk
    BUFGCTRL_X0Y3        BUFG (Prop_bufg_I_O)         0.101     2.873 r  i_daisy/i_rx/i_parclk_buf/O
                         net (fo=233, estimated)      1.752     4.625    i_daisy/i_rx/par_clk_o
    SLICE_X42Y36         FDRE                                         r  i_daisy/i_rx/genblk1[0].par_dat_r_reg[2]/C
                         clock pessimism             -0.181     4.444    
    SLICE_X42Y36         FDRE (Hold_fdre_C_D)         0.234     4.678    i_daisy/i_rx/genblk1[0].par_dat_r_reg[2]
  -------------------------------------------------------------------
                         required time                         -4.678    
                         arrival time                           3.756    
  -------------------------------------------------------------------
                         slack                                 -0.922    





Pulse Width Checks
--------------------------------------------------------------------------------------
Clock Name:         par_clk
Waveform(ns):       { 0.000 4.000 }
Period(ns):         8.000
Sources:            { i_daisy/i_rx/i_BUFR_clk/O }

Check Type        Corner  Lib Pin     Reference Pin  Required(ns)  Actual(ns)  Slack(ns)  Location       Pin
Min Period        n/a     BUFG/I      n/a            2.155         8.000       5.845      BUFGCTRL_X0Y3  i_daisy/i_rx/i_parclk_buf/I
Low Pulse Width   Slow    SRL16E/CLK  n/a            0.980         4.000       3.020      SLICE_X38Y36   i_daisy/i_rx/genblk1[0].bitslip_r_reg[1]_srl2/CLK
High Pulse Width  Fast    SRL16E/CLK  n/a            0.980         4.000       3.020      SLICE_X38Y36   i_daisy/i_rx/genblk1[0].bitslip_r_reg[1]_srl2/CLK



---------------------------------------------------------------------------------------------------
From Clock:  clk_fpga_0
  To Clock:  pll_adc_clk

Setup :            0  Failing Endpoints,  Worst Slack        3.598ns,  Total Violation        0.000ns
Hold  :           NA  Failing Endpoints,  Worst Slack           NA  ,  Total Violation           NA
---------------------------------------------------------------------------------------------------


Max Delay Paths
--------------------------------------------------------------------------------------
Slack (MET) :             3.598ns  (required time - arrival time)
  Source:                 ps/axi_slave_gp0/wr_awaddr_reg[6]/C
                            (rising edge-triggered cell FDRE clocked by clk_fpga_0  {rise@0.000ns fall@4.000ns period=8.000ns})
  Destination:            sys_bus_interconnect/for_bus[7].inst_sys_bus_cdc/bus_m\\.addr_reg[6]/D
                            (rising edge-triggered cell FDRE clocked by pll_adc_clk  {rise@0.000ns fall@4.000ns period=8.000ns})
  Path Group:             pll_adc_clk
  Path Type:              Setup (Max at Slow Process Corner)
  Requirement:            8.000ns  (MaxDelay Path 8.000ns)
  Data Path Delay:        4.089ns  (logic 0.746ns (18.244%)  route 3.343ns (81.756%))
  Logic Levels:           1  (LUT3=1)
  Timing Exception:       MaxDelay Path 8.000ns -datapath_only

    Location             Delay type                Incr(ns)  Path(ns)    Netlist Resource(s)
  -------------------------------------------------------------------    -------------------
    SLICE_X3Y43                                       0.000     0.000 r  ps/axi_slave_gp0/wr_awaddr_reg[6]/C
    SLICE_X3Y43          FDRE (Prop_fdre_C_Q)         0.419     0.419 r  ps/axi_slave_gp0/wr_awaddr_reg[6]/Q
                         net (fo=1, estimated)        0.989     1.408    ps/axi_slave_gp0/wr_awaddr[6]
    SLICE_X3Y43          LUT3 (Prop_lut3_I1_O)        0.327     1.735 r  ps/axi_slave_gp0/bus\\.addr[6]_INST_0/O
                         net (fo=8, estimated)        2.354     4.089    sys_bus_interconnect/for_bus[7].inst_sys_bus_cdc/bus_s\\.addr[6]
    SLICE_X23Y81         FDRE                                         r  sys_bus_interconnect/for_bus[7].inst_sys_bus_cdc/bus_m\\.addr_reg[6]/D
  -------------------------------------------------------------------    -------------------

                         max delay                    8.000     8.000    
    SLICE_X23Y81         FDRE (Setup_fdre_C_D)       -0.313     7.687    sys_bus_interconnect/for_bus[7].inst_sys_bus_cdc/bus_m\\.addr_reg[6]
  -------------------------------------------------------------------
                         required time                          7.687    
                         arrival time                          -4.089    
  -------------------------------------------------------------------
                         slack                                  3.598    





---------------------------------------------------------------------------------------------------
From Clock:  pll_adc_clk
  To Clock:  pll_dac_clk_1x

Setup :            0  Failing Endpoints,  Worst Slack        4.324ns,  Total Violation        0.000ns
Hold  :            1  Failing Endpoint ,  Worst Slack       -0.063ns,  Total Violation       -0.063ns
---------------------------------------------------------------------------------------------------


Max Delay Paths
--------------------------------------------------------------------------------------
Slack (MET) :             4.324ns  (required time - arrival time)
  Source:                 i_hk/digital_loop_reg[1]/C
                            (rising edge-triggered cell FDRE clocked by pll_adc_clk  {rise@0.000ns fall@4.000ns period=8.000ns})
  Destination:            dac_dat_b_reg[12]/S
                            (rising edge-triggered cell FDSE clocked by pll_dac_clk_1x  {rise@0.000ns fall@4.000ns period=8.000ns})
  Path Group:             pll_dac_clk_1x
  Path Type:              Setup (Max at Slow Process Corner)
  Requirement:            8.000ns  (pll_dac_clk_1x rise@8.000ns - pll_adc_clk rise@0.000ns)
  Data Path Delay:        2.705ns  (logic 0.580ns (21.442%)  route 2.125ns (78.558%))
  Logic Levels:           1  (LUT1=1)
  Clock Path Skew:        -0.258ns (DCD - SCD + CPR)
    Destination Clock Delay (DCD):    5.585ns = ( 13.585 - 8.000 ) 
    Source Clock Delay      (SCD):    5.956ns
    Clock Pessimism Removal (CPR):    0.113ns
  Clock Uncertainty:      0.189ns  ((TSJ^2 + DJ^2)^1/2) / 2 + PE
    Total System Jitter     (TSJ):    0.071ns
    Discrete Jitter          (DJ):    0.118ns
    Phase Error              (PE):    0.120ns

    Location             Delay type                Incr(ns)  Path(ns)    Netlist Resource(s)
  -------------------------------------------------------------------    -------------------
                         (clock pll_adc_clk rise edge)
                                                      0.000     0.000 r  
    U18                                               0.000     0.000 r  adc_clk_i[1] (IN)
                         net (fo=0)                   0.000     0.000    adc_clk_i[1]
    U18                  IBUFDS (Prop_ibufds_I_O)     0.983     0.983 r  i_clk/O
                         net (fo=1, estimated)        1.306     2.289    pll/clk
    PLLE2_ADV_X0Y0       PLLE2_ADV (Prop_plle2_adv_CLKIN1_CLKOUT0)
                                                      0.089     2.378 r  pll/pll/CLKOUT0
                         net (fo=1, estimated)        1.754     4.132    pll_adc_clk
    BUFGCTRL_X0Y0        BUFG (Prop_bufg_I_O)         0.101     4.233 r  bufg_adc_clk/O
                         net (fo=9817, estimated)     1.723     5.956    i_hk/clk_i
    SLICE_X40Y77         FDRE                                         r  i_hk/digital_loop_reg[1]/C
  -------------------------------------------------------------------    -------------------
    SLICE_X40Y77         FDRE (Prop_fdre_C_Q)         0.456     6.412 f  i_hk/digital_loop_reg[1]/Q
                         net (fo=3, estimated)        0.910     7.322    digital_loop[1]
    SLICE_X41Y68         LUT1 (Prop_lut1_I0_O)        0.124     7.446 r  dac_dat_b[13]_i_1/O
                         net (fo=28, estimated)       1.215     8.661    p_0_in
    SLICE_X42Y52         FDSE                                         r  dac_dat_b_reg[12]/S
  -------------------------------------------------------------------    -------------------

                         (clock pll_dac_clk_1x rise edge)
                                                      8.000     8.000 r  
    U18                                               0.000     8.000 r  adc_clk_i[1] (IN)
                         net (fo=0)                   0.000     8.000    adc_clk_i[1]
    U18                  IBUFDS (Prop_ibufds_I_O)     0.940     8.940 r  i_clk/O
                         net (fo=1, estimated)        1.241    10.181    pll/clk
    PLLE2_ADV_X0Y0       PLLE2_ADV (Prop_plle2_adv_CLKIN1_CLKOUT1)
                                                      0.084    10.265 r  pll/pll/CLKOUT1
                         net (fo=1, estimated)        1.666    11.931    pll_dac_clk_1x
    BUFGCTRL_X0Y4        BUFG (Prop_bufg_I_O)         0.091    12.022 r  bufg_dac_clk_1x/O
                         net (fo=45, estimated)       1.563    13.585    dac_clk_1x
    SLICE_X42Y52         FDSE                                         r  dac_dat_b_reg[12]/C
                         clock pessimism              0.113    13.698    
                         clock uncertainty           -0.189    13.510    
    SLICE_X42Y52         FDSE (Setup_fdse_C_S)       -0.524    12.986    dac_dat_b_reg[12]
  -------------------------------------------------------------------
                         required time                         12.986    
                         arrival time                          -8.661    
  -------------------------------------------------------------------
                         slack                                  4.324    





Min Delay Paths
--------------------------------------------------------------------------------------
Slack (VIOLATED) :        -0.063ns  (arrival time - required time)
  Source:                 rst_cnt_reg[6]/C
                            (rising edge-triggered cell FDRE clocked by pll_adc_clk  {rise@0.000ns fall@4.000ns period=8.000ns})
  Destination:            dac_rst_reg/D
                            (rising edge-triggered cell FDRE clocked by pll_dac_clk_1x  {rise@0.000ns fall@4.000ns period=8.000ns})
  Path Group:             pll_dac_clk_1x
  Path Type:              Hold (Min at Fast Process Corner)
  Requirement:            0.000ns  (pll_dac_clk_1x rise@0.000ns - pll_adc_clk rise@0.000ns)
  Data Path Delay:        0.529ns  (logic 0.186ns (35.181%)  route 0.343ns (64.819%))
  Logic Levels:           1  (LUT3=1)
  Clock Path Skew:        0.312ns (DCD - SCD - CPR)
    Destination Clock Delay (DCD):    2.719ns
    Source Clock Delay      (SCD):    2.343ns
    Clock Pessimism Removal (CPR):    0.063ns
  Clock Uncertainty:      0.189ns  ((TSJ^2 + DJ^2)^1/2) / 2 + PE
    Total System Jitter     (TSJ):    0.071ns
    Discrete Jitter          (DJ):    0.118ns
    Phase Error              (PE):    0.120ns

    Location             Delay type                Incr(ns)  Path(ns)    Netlist Resource(s)
  -------------------------------------------------------------------    -------------------
                         (clock pll_adc_clk rise edge)
                                                      0.000     0.000 r  
    U18                                               0.000     0.000 r  adc_clk_i[1] (IN)
                         net (fo=0)                   0.000     0.000    adc_clk_i[1]
    U18                  IBUFDS (Prop_ibufds_I_O)     0.401     0.401 r  i_clk/O
                         net (fo=1, estimated)        0.551     0.952    pll/clk
    PLLE2_ADV_X0Y0       PLLE2_ADV (Prop_plle2_adv_CLKIN1_CLKOUT0)
                                                      0.051     1.003 r  pll/pll/CLKOUT0
                         net (fo=1, estimated)        0.739     1.742    pll_adc_clk
    BUFGCTRL_X0Y0        BUFG (Prop_bufg_I_O)         0.026     1.768 r  bufg_adc_clk/O
                         net (fo=9817, estimated)     0.575     2.343    adc_clk
    SLICE_X43Y73         FDRE                                         r  rst_cnt_reg[6]/C
  -------------------------------------------------------------------    -------------------
    SLICE_X43Y73         FDRE (Prop_fdre_C_Q)         0.141     2.484 r  rst_cnt_reg[6]/Q
                         net (fo=3, estimated)        0.343     2.827    rst_cnt[6]
    SLICE_X43Y72         LUT3 (Prop_lut3_I1_O)        0.045     2.872 r  dac_rst_i_1/O
                         net (fo=1, routed)           0.000     2.872    dac_rst_reg0
    SLICE_X43Y72         FDRE                                         r  dac_rst_reg/D
  -------------------------------------------------------------------    -------------------

                         (clock pll_dac_clk_1x rise edge)
                                                      0.000     0.000 r  
    U18                                               0.000     0.000 r  adc_clk_i[1] (IN)
                         net (fo=0)                   0.000     0.000    adc_clk_i[1]
    U18                  IBUFDS (Prop_ibufds_I_O)     0.433     0.433 r  i_clk/O
                         net (fo=1, estimated)        0.579     1.012    pll/clk
    PLLE2_ADV_X0Y0       PLLE2_ADV (Prop_plle2_adv_CLKIN1_CLKOUT1)
                                                      0.054     1.066 r  pll/pll/CLKOUT1
                         net (fo=1, estimated)        0.778     1.845    pll_dac_clk_1x
    BUFGCTRL_X0Y4        BUFG (Prop_bufg_I_O)         0.029     1.874 r  bufg_dac_clk_1x/O
                         net (fo=45, estimated)       0.845     2.719    dac_clk_1x
    SLICE_X43Y72         FDRE                                         r  dac_rst_reg/C
                         clock pessimism             -0.063     2.655    
                         clock uncertainty            0.189     2.844    
    SLICE_X43Y72         FDRE (Hold_fdre_C_D)         0.091     2.935    dac_rst_reg
  -------------------------------------------------------------------
                         required time                         -2.935    
                         arrival time                           2.872    
  -------------------------------------------------------------------
                         slack                                 -0.063    





---------------------------------------------------------------------------------------------------
From Clock:  pll_adc_clk
  To Clock:  clk_fpga_0

Setup :            0  Failing Endpoints,  Worst Slack        0.098ns,  Total Violation        0.000ns
Hold  :            0  Failing Endpoints,  Worst Slack        1.382ns,  Total Violation        0.000ns
---------------------------------------------------------------------------------------------------


Max Delay Paths
--------------------------------------------------------------------------------------
Slack (MET) :             0.098ns  (required time - arrival time)
  Source:                 i_mca/sys_rdata_reg[12]/C
                            (rising edge-triggered cell FDRE clocked by pll_adc_clk  {rise@0.000ns fall@4.000ns period=8.000ns})
  Destination:            ps/axi_slave_gp0/axi\\.RDATA_reg[12]/D
                            (rising edge-triggered cell FDRE clocked by clk_fpga_0  {rise@0.000ns fall@4.000ns period=8.000ns})
  Path Group:             clk_fpga_0
  Path Type:              Setup (Max at Slow Process Corner)
  Requirement:            8.000ns  (clk_fpga_0 rise@8.000ns - pll_adc_clk rise@0.000ns)
  Data Path Delay:        4.583ns  (logic 0.921ns (20.096%)  route 3.662ns (79.904%))
  Logic Levels:           3  (LUT2=1 LUT6=1 MUXF7=1)
  Clock Path Skew:        -3.147ns (DCD - SCD + CPR)
    Destination Clock Delay (DCD):    2.741ns = ( 10.741 - 8.000 ) 
    Source Clock Delay      (SCD):    5.888ns
    Clock Pessimism Removal (CPR):    0.000ns
  Clock Uncertainty:      0.235ns  ((TSJ^2 + TIJ^2 + DJ^2)^1/2) / 2 + PE
    Total System Jitter     (TSJ):    0.071ns
    Total Input Jitter      (TIJ):    0.240ns
    Discrete Jitter          (DJ):    0.118ns
    Phase Error              (PE):    0.097ns
  Clock Domain Crossing:  Inter clock paths are considered valid unless explicitly excluded by timing constraints such as set_clock_groups or set_false_path.

    Location             Delay type                Incr(ns)  Path(ns)    Netlist Resource(s)
  -------------------------------------------------------------------    -------------------
                         (clock pll_adc_clk rise edge)
                                                      0.000     0.000 r  
    U18                                               0.000     0.000 r  adc_clk_i[1] (IN)
                         net (fo=0)                   0.000     0.000    adc_clk_i[1]
    U18                  IBUFDS (Prop_ibufds_I_O)     0.983     0.983 r  i_clk/O
                         net (fo=1, estimated)        1.306     2.289    pll/clk
    PLLE2_ADV_X0Y0       PLLE2_ADV (Prop_plle2_adv_CLKIN1_CLKOUT0)
                                                      0.089     2.378 r  pll/pll/CLKOUT0
                         net (fo=1, estimated)        1.754     4.132    pll_adc_clk
    BUFGCTRL_X0Y0        BUFG (Prop_bufg_I_O)         0.101     4.233 r  bufg_adc_clk/O
                         net (fo=9817, estimated)     1.655     5.888    i_mca/adc_clk_i
    SLICE_X22Y95         FDRE                                         r  i_mca/sys_rdata_reg[12]/C
  -------------------------------------------------------------------    -------------------
    SLICE_X22Y95         FDRE (Prop_fdre_C_Q)         0.456     6.344 r  i_mca/sys_rdata_reg[12]/Q
                         net (fo=1, estimated)        1.566     7.910    sys_bus_interconnect/for_bus[7].inst_sys_bus_cdc/bus_m\\.rdata[12]
    SLICE_X25Y74         LUT2 (Prop_lut2_I0_O)        0.124     8.034 r  sys_bus_interconnect/for_bus[7].inst_sys_bus_cdc/bus_s\\.rdata[12]_INST_0/O
                         net (fo=1, estimated)        2.096    10.130    sys_bus_interconnect/bus_int_i\\.rdata[12]
    SLICE_X33Y44         LUT6 (Prop_lut6_I0_O)        0.124    10.254 r  sys_bus_interconnect/bus_m\\.rdata[12]_INST_0_i_2/O
                         net (fo=1, routed)           0.000    10.254    sys_bus_interconnect/bus_m\\.rdata[12]_INST_0_i_2_n_0
    SLICE_X33Y44         MUXF7 (Prop_muxf7_I1_O)      0.217    10.471 r  sys_bus_interconnect/bus_m\\.rdata[12]_INST_0/O
                         net (fo=1, routed)           0.000    10.471    ps/axi_slave_gp0/bus\\.rdata[12]
    SLICE_X33Y44         FDRE                                         r  ps/axi_slave_gp0/axi\\.RDATA_reg[12]/D
  -------------------------------------------------------------------    -------------------

                         (clock clk_fpga_0 rise edge)
                                                      8.000     8.000 r  
    PS7_X0Y0             PS7                          0.000     8.000 r  ps/system_i/processing_system7/inst/PS7_i/FCLKCLK[0]
                         net (fo=1, estimated)        1.147     9.147    ps/lopt
    BUFGCTRL_X0Y2        BUFG (Prop_bufg_I_O)         0.091     9.238 r  ps/fclk_buf[0]/O
                         net (fo=236, estimated)      1.503    10.741    ps/axi_slave_gp0/axi\\.ACLK
    SLICE_X33Y44         FDRE                                         r  ps/axi_slave_gp0/axi\\.RDATA_reg[12]/C
                         clock pessimism              0.000    10.741    
                         clock uncertainty           -0.235    10.505    
    SLICE_X33Y44         FDRE (Setup_fdre_C_D)        0.064    10.569    ps/axi_slave_gp0/axi\\.RDATA_reg[12]
  -------------------------------------------------------------------
                         required time                         10.569    
                         arrival time                         -10.471    
  -------------------------------------------------------------------
                         slack                                  0.098    





Min Delay Paths
--------------------------------------------------------------------------------------
Slack (MET) :             1.382ns  (arrival time - required time)
  Source:                 i_integration/sys_rdata_reg[2]/C
                            (rising edge-triggered cell FDRE clocked by pll_adc_clk  {rise@0.000ns fall@4.000ns period=8.000ns})
  Destination:            ps/axi_slave_gp0/axi\\.RDATA_reg[2]/D
                            (rising edge-triggered cell FDRE clocked by clk_fpga_0  {rise@0.000ns fall@4.000ns period=8.000ns})
  Path Group:             clk_fpga_0
  Path Type:              Hold (Min at Fast Process Corner)
  Requirement:            0.000ns  (clk_fpga_0 rise@0.000ns - pll_adc_clk rise@0.000ns)
  Data Path Delay:        0.819ns  (logic 0.295ns (36.022%)  route 0.524ns (63.978%))
  Logic Levels:           3  (LUT2=1 LUT6=1 MUXF7=1)
  Clock Path Skew:        -0.933ns (DCD - SCD - CPR)
    Destination Clock Delay (DCD):    1.394ns
    Source Clock Delay      (SCD):    2.326ns
    Clock Pessimism Removal (CPR):    -0.000ns
  Clock Uncertainty:      0.235ns  ((TSJ^2 + TIJ^2 + DJ^2)^1/2) / 2 + PE
    Total System Jitter     (TSJ):    0.071ns
    Total Input Jitter      (TIJ):    0.240ns
    Discrete Jitter          (DJ):    0.118ns
    Phase Error              (PE):    0.097ns
  Clock Domain Crossing:  Inter clock paths are considered valid unless explicitly excluded by timing constraints such as set_clock_groups or set_false_path.

    Location             Delay type                Incr(ns)  Path(ns)    Netlist Resource(s)
  -------------------------------------------------------------------    -------------------
                         (clock pll_adc_clk rise edge)
                                                      0.000     0.000 r  
    U18                                               0.000     0.000 r  adc_clk_i[1] (IN)
                         net (fo=0)                   0.000     0.000    adc_clk_i[1]
    U18                  IBUFDS (Prop_ibufds_I_O)     0.401     0.401 r  i_clk/O
                         net (fo=1, estimated)        0.551     0.952    pll/clk
    PLLE2_ADV_X0Y0       PLLE2_ADV (Prop_plle2_adv_CLKIN1_CLKOUT0)
                                                      0.051     1.003 r  pll/pll/CLKOUT0
                         net (fo=1, estimated)        0.739     1.742    pll_adc_clk
    BUFGCTRL_X0Y0        BUFG (Prop_bufg_I_O)         0.026     1.768 r  bufg_adc_clk/O
                         net (fo=9817, estimated)     0.558     2.326    i_integration/adc_clk_i
    SLICE_X35Y53         FDRE                                         r  i_integration/sys_rdata_reg[2]/C
  -------------------------------------------------------------------    -------------------
    SLICE_X35Y53         FDRE (Prop_fdre_C_Q)         0.141     2.467 r  i_integration/sys_rdata_reg[2]/Q
                         net (fo=1, estimated)        0.303     2.771    sys_bus_interconnect/for_bus[6].inst_sys_bus_cdc/bus_m\\.rdata[2]
    SLICE_X35Y50         LUT2 (Prop_lut2_I0_O)        0.045     2.816 r  sys_bus_interconnect/for_bus[6].inst_sys_bus_cdc/bus_s\\.rdata[2]_INST_0/O
                         net (fo=1, estimated)        0.220     3.036    sys_bus_interconnect/p_15_out[2]
    SLICE_X34Y50         LUT6 (Prop_lut6_I1_O)        0.045     3.081 r  sys_bus_interconnect/bus_m\\.rdata[2]_INST_0_i_2/O
                         net (fo=1, routed)           0.000     3.081    sys_bus_interconnect/bus_m\\.rdata[2]_INST_0_i_2_n_0
    SLICE_X34Y50         MUXF7 (Prop_muxf7_I1_O)      0.064     3.145 r  sys_bus_interconnect/bus_m\\.rdata[2]_INST_0/O
                         net (fo=1, routed)           0.000     3.145    ps/axi_slave_gp0/bus\\.rdata[2]
    SLICE_X34Y50         FDRE                                         r  ps/axi_slave_gp0/axi\\.RDATA_reg[2]/D
  -------------------------------------------------------------------    -------------------

                         (clock clk_fpga_0 rise edge)
                                                      0.000     0.000 r  
    PS7_X0Y0             PS7                          0.000     0.000 r  ps/system_i/processing_system7/inst/PS7_i/FCLKCLK[0]
                         net (fo=1, estimated)        0.536     0.536    ps/lopt
    BUFGCTRL_X0Y2        BUFG (Prop_bufg_I_O)         0.029     0.565 r  ps/fclk_buf[0]/O
                         net (fo=236, estimated)      0.829     1.394    ps/axi_slave_gp0/axi\\.ACLK
    SLICE_X34Y50         FDRE                                         r  ps/axi_slave_gp0/axi\\.RDATA_reg[2]/C
                         clock pessimism              0.000     1.394    
                         clock uncertainty            0.235     1.629    
    SLICE_X34Y50         FDRE (Hold_fdre_C_D)         0.134     1.763    ps/axi_slave_gp0/axi\\.RDATA_reg[2]
  -------------------------------------------------------------------
                         required time                         -1.763    
                         arrival time                           3.145    
  -------------------------------------------------------------------
                         slack                                  1.382    





