Copyright 1986-2020 Xilinx, Inc. All Rights Reserved.
------------------------------------------------------------------------------------------------------------------------------
| Tool Version : Vivado v.2020.1 (lin64) Build 2902540 Wed May 27 19:54:35 MDT 2020
| Date         : Thu Sep 17 15:40:46 2026
| Host         : LoloVictus running 64-bit Ubuntu 20.04.3 LTS
| Command      : report_timing -file out/v3_event_ring/post_route_timing.rpt -sort_by group -max_paths 100 -path_type summary
| Design       : event_ring_red_pitaya_top
| Device       : 7z010-clg400
| Speed File   : -1  PRODUCTION 1.12 2019-11-22
------------------------------------------------------------------------------------------------------------------------------

Timing Report

Startpoint                     Endpoint                       Slack(ns)     
----------------------------------------------------------------------------
ps/system_i/axi_protocol_converter_0/inst/gen_axilite.gen_b2s_conv.axilite_b2s/RD.ar_channel_0/ar_cmd_fsm_0/FSM_sequential_state_reg[0]/C
                               ps/system_i/xadc/inst/INTR_CTRLR_GEN_I.INTERRUPT_CONTROL_I/DO_IRPT_INPUT[12].GEN_POS_EDGE_DETECT.irpt_dly2_reg/CE
                                                              0.003         
ps/system_i/axi_protocol_converter_0/inst/gen_axilite.gen_b2s_conv.axilite_b2s/WR.aw_channel_0/aw_cmd_fsm_0/FSM_sequential_state_reg[0]/C
                               ps/system_i/xadc/inst/AXI_XADC_CORE_I/do_reg_reg[7]/CE
                                                              0.014         
ps/system_i/xadc/inst/INTR_CTRLR_GEN_I.ip2bus_rdack_reg/C
                               ps/system_i/axi_protocol_converter_0/inst/gen_axilite.gen_b2s_conv.axilite_b2s/RD.ar_channel_0/cmd_translator_0/incr_cmd_0/axlen_cnt_reg[4]/CE
                                                              0.042         
ps/system_i/xadc/inst/INTR_CTRLR_GEN_I.ip2bus_rdack_reg/C
                               ps/system_i/axi_protocol_converter_0/inst/gen_axilite.gen_b2s_conv.axilite_b2s/RD.ar_channel_0/cmd_translator_0/incr_cmd_0/axlen_cnt_reg[5]/CE
                                                              0.042         
ps/system_i/xadc/inst/INTR_CTRLR_GEN_I.ip2bus_rdack_reg/C
                               ps/system_i/axi_protocol_converter_0/inst/gen_axilite.gen_b2s_conv.axilite_b2s/RD.ar_channel_0/cmd_translator_0/incr_cmd_0/axlen_cnt_reg[6]/CE
                                                              0.042         
ps/system_i/xadc/inst/INTR_CTRLR_GEN_I.ip2bus_rdack_reg/C
                               ps/system_i/axi_protocol_converter_0/inst/gen_axilite.gen_b2s_conv.axilite_b2s/RD.ar_channel_0/cmd_translator_0/incr_cmd_0/axlen_cnt_reg[7]/CE
                                                              0.042         
ps/system_i/axi_protocol_converter_0/inst/gen_axilite.gen_b2s_conv.axilite_b2s/RD.ar_channel_0/ar_cmd_fsm_0/FSM_sequential_state_reg[0]/C
                               ps/system_i/xadc/inst/INTR_CTRLR_GEN_I.INTERRUPT_CONTROL_I/DO_IRPT_INPUT[2].GEN_POS_EDGE_DETECT.irpt_dly2_reg/CE
                                                              0.058         
i_mca/g_hist_2d.i_hist_2d/mem_reg_2/CLKBWRCLK
                               i_mca/g_hist_2d.i_hist_2d/wdata2_reg[29]/D
                                                              0.070         
ps/system_i/axi_protocol_converter_0/inst/gen_axilite.gen_b2s_conv.axilite_b2s/SI_REG/ar.ar_pipe/m_payload_i_reg[36]/C
                               ps/system_i/axi_protocol_converter_0/inst/gen_axilite.gen_b2s_conv.axilite_b2s/RD.ar_channel_0/cmd_translator_0/wrap_cmd_0/wrap_second_len_r_reg[0]/D
                                                              0.072         
ps/system_i/axi_protocol_converter_0/inst/gen_axilite.gen_b2s_conv.axilite_b2s/RD.ar_channel_0/ar_cmd_fsm_0/FSM_sequential_state_reg[0]/C
                               ps/system_i/xadc/inst/INTR_CTRLR_GEN_I.INTERRUPT_CONTROL_I/DO_IRPT_INPUT[10].GEN_POS_EDGE_DETECT.irpt_dly2_reg/CE
                                                              0.073         
i_mca/g_hist_2d.i_hist_2d/mem_reg_2/CLKBWRCLK
                               i_mca/g_hist_2d.i_hist_2d/wdata2_reg[31]/D
                                                              0.091         
ps/system_i/axi_protocol_converter_0/inst/gen_axilite.gen_b2s_conv.axilite_b2s/WR.aw_channel_0/aw_cmd_fsm_0/FSM_sequential_state_reg[1]/C
                               ps/system_i/axi_protocol_converter_0/inst/gen_axilite.gen_b2s_conv.axilite_b2s/WR.aw_channel_0/cmd_translator_0/wrap_cmd_0/wrap_second_len_r_reg[0]/D
                                                              0.096         
ps/system_i/axi_protocol_converter_0/inst/gen_axilite.gen_b2s_conv.axilite_b2s/WR.aw_channel_0/aw_cmd_fsm_0/FSM_sequential_state_reg[0]/C
                               ps/system_i/xadc/inst/INTR_CTRLR_GEN_I.INTERRUPT_CONTROL_I/DO_IRPT_INPUT[13].GEN_POS_EDGE_DETECT.irpt_dly2_reg/CE
                                                              0.101         
ps/system_i/xadc/inst/INTR_CTRLR_GEN_I.ip2bus_rdack_reg/C
                               ps/system_i/axi_protocol_converter_0/inst/gen_axilite.gen_b2s_conv.axilite_b2s/RD.ar_channel_0/cmd_translator_0/wrap_cmd_0/next_pending_r_reg/D
                                                              0.113         
ps/system_i/axi_protocol_converter_0/inst/gen_axilite.gen_b2s_conv.axilite_b2s/WR.b_channel_0/bid_fifo_0/cnt_read_reg[0]/C
                               ps/system_i/axi_protocol_converter_0/inst/gen_axilite.gen_b2s_conv.axilite_b2s/WR.aw_channel_0/cmd_translator_0/incr_cmd_0/axaddr_incr_reg[0]/CE
                                                              0.114         
ps/system_i/axi_protocol_converter_0/inst/gen_axilite.gen_b2s_conv.axilite_b2s/WR.b_channel_0/bid_fifo_0/cnt_read_reg[0]/C
                               ps/system_i/axi_protocol_converter_0/inst/gen_axilite.gen_b2s_conv.axilite_b2s/WR.aw_channel_0/cmd_translator_0/incr_cmd_0/axaddr_incr_reg[1]/CE
                                                              0.114         
ps/system_i/axi_protocol_converter_0/inst/gen_axilite.gen_b2s_conv.axilite_b2s/WR.b_channel_0/bid_fifo_0/cnt_read_reg[0]/C
                               ps/system_i/axi_protocol_converter_0/inst/gen_axilite.gen_b2s_conv.axilite_b2s/WR.aw_channel_0/cmd_translator_0/incr_cmd_0/axaddr_incr_reg[4]/CE
                                                              0.114         
ps/system_i/axi_protocol_converter_0/inst/gen_axilite.gen_b2s_conv.axilite_b2s/WR.b_channel_0/bid_fifo_0/cnt_read_reg[0]/C
                               ps/system_i/axi_protocol_converter_0/inst/gen_axilite.gen_b2s_conv.axilite_b2s/WR.aw_channel_0/cmd_translator_0/incr_cmd_0/axaddr_incr_reg[6]/CE
                                                              0.114         
ps/system_i/axi_protocol_converter_0/inst/gen_axilite.gen_b2s_conv.axilite_b2s/RD.ar_channel_0/ar_cmd_fsm_0/FSM_sequential_state_reg[0]/C
                               ps/system_i/xadc/inst/INTR_CTRLR_GEN_I.INTERRUPT_CONTROL_I/DO_IRPT_INPUT[11].GEN_POS_EDGE_DETECT.irpt_dly2_reg/CE
                                                              0.122         
i_event_ring/i_writer/wr_slot_o_reg[4]/C
                               i_event_ring/i_writer/samp_left_reg[1]/CE
                                                              0.142         
i_event_ring/i_writer/wr_slot_o_reg[4]/C
                               i_event_ring/i_writer/samp_left_reg[2]/CE
                                                              0.142         
i_event_ring/i_writer/wr_slot_o_reg[4]/C
                               i_event_ring/i_writer/samp_left_reg[3]/CE
                                                              0.142         
ps/system_i/axi_protocol_converter_0/inst/gen_axilite.gen_b2s_conv.axilite_b2s/WR.aw_channel_0/aw_cmd_fsm_0/FSM_sequential_state_reg[0]/C
                               ps/system_i/xadc/inst/AXI_XADC_CORE_I/status_reg_reg[0]/CE
                                                              0.147         
ps/system_i/axi_protocol_converter_0/inst/gen_axilite.gen_b2s_conv.axilite_b2s/WR.aw_channel_0/aw_cmd_fsm_0/FSM_sequential_state_reg[0]/C
                               ps/system_i/xadc/inst/AXI_XADC_CORE_I/status_reg_reg[10]/CE
                                                              0.147         
ps/system_i/axi_protocol_converter_0/inst/gen_axilite.gen_b2s_conv.axilite_b2s/WR.aw_channel_0/aw_cmd_fsm_0/FSM_sequential_state_reg[0]/C
                               ps/system_i/xadc/inst/AXI_XADC_CORE_I/status_reg_reg[1]/CE
                                                              0.147         
ps/system_i/axi_protocol_converter_0/inst/gen_axilite.gen_b2s_conv.axilite_b2s/WR.aw_channel_0/aw_cmd_fsm_0/FSM_sequential_state_reg[0]/C
                               ps/system_i/xadc/inst/AXI_XADC_CORE_I/status_reg_reg[2]/CE
                                                              0.147         
ps/system_i/axi_protocol_converter_0/inst/gen_axilite.gen_b2s_conv.axilite_b2s/WR.aw_channel_0/aw_cmd_fsm_0/FSM_sequential_state_reg[0]/C
                               ps/system_i/xadc/inst/AXI_XADC_CORE_I/status_reg_reg[3]/CE
                                                              0.147         
ps/system_i/axi_protocol_converter_0/inst/gen_axilite.gen_b2s_conv.axilite_b2s/WR.aw_channel_0/aw_cmd_fsm_0/FSM_sequential_state_reg[0]/C
                               ps/system_i/xadc/inst/AXI_XADC_CORE_I/status_reg_reg[4]/CE
                                                              0.147         
ps/system_i/axi_protocol_converter_0/inst/gen_axilite.gen_b2s_conv.axilite_b2s/WR.aw_channel_0/aw_cmd_fsm_0/FSM_sequential_state_reg[0]/C
                               ps/system_i/xadc/inst/AXI_XADC_CORE_I/status_reg_reg[7]/CE
                                                              0.158         
ps/system_i/axi_protocol_converter_0/inst/gen_axilite.gen_b2s_conv.axilite_b2s/WR.aw_channel_0/aw_cmd_fsm_0/FSM_sequential_state_reg[0]/C
                               ps/system_i/xadc/inst/AXI_XADC_CORE_I/status_reg_reg[8]/CE
                                                              0.158         
i_mca/g_hist_2d.i_hist_2d/mem_reg_2/CLKBWRCLK
                               i_mca/g_hist_2d.i_hist_2d/wdata2_reg[30]/D
                                                              0.165         
ps/system_i/axi_protocol_converter_0/inst/gen_axilite.gen_b2s_conv.axilite_b2s/WR.aw_channel_0/aw_cmd_fsm_0/FSM_sequential_state_reg[0]/C
                               ps/system_i/xadc/inst/AXI_LITE_IPIF_I/I_SLAVE_ATTACHMENT/I_DECODER/GEN_BKEND_CE_REGISTERS[1].ce_out_i_reg[1]/D
                                                              0.168         
ps/system_i/xadc/inst/INTR_CTRLR_GEN_I.ip2bus_rdack_reg/C
                               ps/system_i/axi_protocol_converter_0/inst/gen_axilite.gen_b2s_conv.axilite_b2s/RD.ar_channel_0/cmd_translator_0/incr_cmd_0/axaddr_incr_reg[9]/D
                                                              0.174         
i_mca/g_hist_2d.i_hist_2d/mem_reg_2/CLKBWRCLK
                               i_mca/g_hist_2d.i_hist_2d/wdata2_reg[28]/D
                                                              0.181         
ps/system_i/axi_protocol_converter_0/inst/gen_axilite.gen_b2s_conv.axilite_b2s/WR.aw_channel_0/aw_cmd_fsm_0/FSM_sequential_state_reg[0]/C
                               ps/system_i/xadc/inst/AXI_XADC_CORE_I/do_reg_reg[12]/CE
                                                              0.182         
ps/system_i/axi_protocol_converter_0/inst/gen_axilite.gen_b2s_conv.axilite_b2s/WR.aw_channel_0/aw_cmd_fsm_0/FSM_sequential_state_reg[0]/C
                               ps/system_i/xadc/inst/AXI_XADC_CORE_I/do_reg_reg[14]/CE
                                                              0.182         
ps/system_i/axi_protocol_converter_0/inst/gen_axilite.gen_b2s_conv.axilite_b2s/WR.aw_channel_0/aw_cmd_fsm_0/FSM_sequential_state_reg[0]/C
                               ps/system_i/xadc/inst/AXI_XADC_CORE_I/do_reg_reg[1]/CE
                                                              0.182         
ps/system_i/axi_protocol_converter_0/inst/gen_axilite.gen_b2s_conv.axilite_b2s/WR.aw_channel_0/aw_cmd_fsm_0/FSM_sequential_state_reg[0]/C
                               ps/system_i/xadc/inst/AXI_XADC_CORE_I/do_reg_reg[2]/CE
                                                              0.182         
ps/system_i/axi_protocol_converter_0/inst/gen_axilite.gen_b2s_conv.axilite_b2s/WR.aw_channel_0/aw_cmd_fsm_0/FSM_sequential_state_reg[0]/C
                               ps/system_i/xadc/inst/AXI_XADC_CORE_I/do_reg_reg[3]/CE
                                                              0.182         
ps/system_i/axi_protocol_converter_0/inst/gen_axilite.gen_b2s_conv.axilite_b2s/WR.aw_channel_0/aw_cmd_fsm_0/FSM_sequential_state_reg[0]/C
                               ps/system_i/xadc/inst/AXI_XADC_CORE_I/do_reg_reg[4]/CE
                                                              0.182         
ps/system_i/axi_protocol_converter_0/inst/gen_axilite.gen_b2s_conv.axilite_b2s/WR.aw_channel_0/aw_cmd_fsm_0/FSM_sequential_state_reg[0]/C
                               ps/system_i/xadc/inst/AXI_XADC_CORE_I/do_reg_reg[6]/CE
                                                              0.182         
ps/system_i/axi_protocol_converter_0/inst/gen_axilite.gen_b2s_conv.axilite_b2s/WR.aw_channel_0/cmd_translator_0/s_axburst_eq1_reg/C
                               ps/system_i/axi_protocol_converter_0/inst/gen_axilite.gen_b2s_conv.axilite_b2s/SI_REG/aw.aw_pipe/m_payload_i_reg[8]/CE
                                                              0.183         
ps/system_i/axi_protocol_converter_0/inst/gen_axilite.gen_b2s_conv.axilite_b2s/WR.aw_channel_0/cmd_translator_0/s_axburst_eq1_reg/C
                               ps/system_i/axi_protocol_converter_0/inst/gen_axilite.gen_b2s_conv.axilite_b2s/SI_REG/aw.aw_pipe/m_payload_i_reg[9]/CE
                                                              0.183         
ps/system_i/axi_protocol_converter_0/inst/gen_axilite.gen_b2s_conv.axilite_b2s/WR.aw_channel_0/aw_cmd_fsm_0/FSM_sequential_state_reg[0]/C
                               ps/system_i/xadc/inst/AXI_XADC_CORE_I/alarm_reg_reg[3]/CE
                                                              0.184         
ps/system_i/axi_protocol_converter_0/inst/gen_axilite.gen_b2s_conv.axilite_b2s/WR.aw_channel_0/aw_cmd_fsm_0/FSM_sequential_state_reg[0]/C
                               ps/system_i/xadc/inst/AXI_XADC_CORE_I/alarm_reg_reg[4]/CE
                                                              0.184         
ps/system_i/axi_protocol_converter_0/inst/gen_axilite.gen_b2s_conv.axilite_b2s/WR.aw_channel_0/aw_cmd_fsm_0/FSM_sequential_state_reg[0]/C
                               ps/system_i/xadc/inst/AXI_XADC_CORE_I/alarm_reg_reg[7]/CE
                                                              0.184         
i_mca/g_hist_2d.i_hist_2d/mem_reg_2/CLKBWRCLK
                               i_mca/g_hist_2d.i_hist_2d/wdata2_reg[25]/D
                                                              0.185         
i_mca/dat_q_reg[1]/C           i_mca/i_feat/q_tot_reg[15]/D   0.188         
ps/system_i/axi_protocol_converter_0/inst/gen_axilite.gen_b2s_conv.axilite_b2s/WR.aw_channel_0/aw_cmd_fsm_0/FSM_sequential_state_reg[0]/C
                               ps/system_i/xadc/inst/INTR_CTRLR_GEN_I.INTERRUPT_CONTROL_I/DO_IRPT_INPUT[1].GEN_POS_EDGE_DETECT.irpt_dly2_reg/CE
                                                              0.202         
i_mca/g_hist_2d.i_hist_2d/mem_reg_2/CLKBWRCLK
                               i_mca/g_hist_2d.i_hist_2d/wdata2_reg[27]/D
                                                              0.206         
ps/system_i/axi_protocol_converter_0/inst/gen_axilite.gen_b2s_conv.axilite_b2s/WR.b_channel_0/bid_fifo_0/cnt_read_reg[0]/C
                               ps/system_i/axi_protocol_converter_0/inst/gen_axilite.gen_b2s_conv.axilite_b2s/WR.aw_channel_0/cmd_translator_0/incr_cmd_0/axaddr_incr_reg[10]/CE
                                                              0.211         
ps/system_i/axi_protocol_converter_0/inst/gen_axilite.gen_b2s_conv.axilite_b2s/WR.b_channel_0/bid_fifo_0/cnt_read_reg[0]/C
                               ps/system_i/axi_protocol_converter_0/inst/gen_axilite.gen_b2s_conv.axilite_b2s/WR.aw_channel_0/cmd_translator_0/incr_cmd_0/axaddr_incr_reg[3]/CE
                                                              0.211         
ps/system_i/axi_protocol_converter_0/inst/gen_axilite.gen_b2s_conv.axilite_b2s/WR.b_channel_0/bid_fifo_0/cnt_read_reg[0]/C
                               ps/system_i/axi_protocol_converter_0/inst/gen_axilite.gen_b2s_conv.axilite_b2s/WR.aw_channel_0/cmd_translator_0/incr_cmd_0/axaddr_incr_reg[9]/CE
                                                              0.211         
ps/system_i/axi_protocol_converter_0/inst/gen_axilite.gen_b2s_conv.axilite_b2s/RD.ar_channel_0/ar_cmd_fsm_0/FSM_sequential_state_reg[0]/C
                               ps/system_i/xadc/inst/INTR_CTRLR_GEN_I.INTERRUPT_CONTROL_I/DO_IRPT_INPUT[0].GEN_POS_EDGE_DETECT.irpt_dly2_reg/CE
                                                              0.215         
ps/system_i/axi_protocol_converter_0/inst/gen_axilite.gen_b2s_conv.axilite_b2s/WR.aw_channel_0/cmd_translator_0/s_axburst_eq1_reg/C
                               ps/system_i/axi_protocol_converter_0/inst/gen_axilite.gen_b2s_conv.axilite_b2s/SI_REG/aw.aw_pipe/m_payload_i_reg[36]/CE
                                                              0.222         
ps/system_i/axi_protocol_converter_0/inst/gen_axilite.gen_b2s_conv.axilite_b2s/WR.aw_channel_0/cmd_translator_0/s_axburst_eq1_reg/C
                               ps/system_i/axi_protocol_converter_0/inst/gen_axilite.gen_b2s_conv.axilite_b2s/SI_REG/aw.aw_pipe/m_payload_i_reg[38]/CE
                                                              0.222         
ps/system_i/axi_protocol_converter_0/inst/gen_axilite.gen_b2s_conv.axilite_b2s/WR.aw_channel_0/cmd_translator_0/s_axburst_eq1_reg/C
                               ps/system_i/axi_protocol_converter_0/inst/gen_axilite.gen_b2s_conv.axilite_b2s/SI_REG/aw.aw_pipe/m_payload_i_reg[4]/CE
                                                              0.222         
ps/system_i/axi_protocol_converter_0/inst/gen_axilite.gen_b2s_conv.axilite_b2s/WR.aw_channel_0/cmd_translator_0/s_axburst_eq1_reg/C
                               ps/system_i/axi_protocol_converter_0/inst/gen_axilite.gen_b2s_conv.axilite_b2s/SI_REG/aw.aw_pipe/m_payload_i_reg[5]/CE
                                                              0.222         
i_event_ring/i_writer/wr_slot_o_reg[4]/C
                               i_event_ring/i_writer/samp_left_reg[6]/CE
                                                              0.237         
i_event_ring/i_writer/wr_slot_o_reg[4]/C
                               i_event_ring/i_writer/samp_left_reg[7]/CE
                                                              0.237         
i_event_ring/i_writer/wr_slot_o_reg[4]/C
                               i_event_ring/i_writer/samp_left_reg[8]/CE
                                                              0.237         
i_event_ring/i_writer/wr_slot_o_reg[4]/C
                               i_event_ring/i_writer/samp_left_reg[9]/CE
                                                              0.237         
i_mca/g_hist_h.i_hist_h/mem_reg_4/CLKBWRCLK
                               i_mca/g_hist_h.i_hist_h/wdata2_reg[29]/D
                                                              0.247         
ps/system_i/xadc/inst/INTR_CTRLR_GEN_I.ip2bus_rdack_reg/C
                               ps/system_i/axi_protocol_converter_0/inst/gen_axilite.gen_b2s_conv.axilite_b2s/RD.ar_channel_0/cmd_translator_0/incr_cmd_0/axlen_cnt_reg[0]/CE
                                                              0.255         
ps/system_i/xadc/inst/INTR_CTRLR_GEN_I.ip2bus_rdack_reg/C
                               ps/system_i/axi_protocol_converter_0/inst/gen_axilite.gen_b2s_conv.axilite_b2s/RD.ar_channel_0/cmd_translator_0/incr_cmd_0/axlen_cnt_reg[1]/CE
                                                              0.255         
ps/system_i/xadc/inst/INTR_CTRLR_GEN_I.ip2bus_rdack_reg/C
                               ps/system_i/axi_protocol_converter_0/inst/gen_axilite.gen_b2s_conv.axilite_b2s/RD.ar_channel_0/cmd_translator_0/incr_cmd_0/axlen_cnt_reg[3]/CE
                                                              0.255         
i_mca/g_hist_h.i_hist_h/mem_reg_4/CLKBWRCLK
                               i_mca/g_hist_h.i_hist_h/wdata2_reg[31]/D
                                                              0.255         
ps/system_i/axi_protocol_converter_0/inst/gen_axilite.gen_b2s_conv.axilite_b2s/RD.ar_channel_0/ar_cmd_fsm_0/FSM_sequential_state_reg[0]/C
                               ps/system_i/xadc/inst/INTR_CTRLR_GEN_I.INTERRUPT_CONTROL_I/GEN_IP_IRPT_STATUS_REG[5].GEN_REG_STATUS.ip_irpt_status_reg_reg[5]/CE
                                                              0.256         
ps/system_i/axi_protocol_converter_0/inst/gen_axilite.gen_b2s_conv.axilite_b2s/WR.aw_channel_0/cmd_translator_0/s_axburst_eq1_reg/C
                               ps/system_i/axi_protocol_converter_0/inst/gen_axilite.gen_b2s_conv.axilite_b2s/SI_REG/aw.aw_pipe/m_payload_i_reg[55]/CE
                                                              0.258         
ps/system_i/axi_protocol_converter_0/inst/gen_axilite.gen_b2s_conv.axilite_b2s/WR.aw_channel_0/cmd_translator_0/s_axburst_eq1_reg/C
                               ps/system_i/axi_protocol_converter_0/inst/gen_axilite.gen_b2s_conv.axilite_b2s/SI_REG/aw.aw_pipe/m_payload_i_reg[56]/CE
                                                              0.258         
ps/system_i/axi_protocol_converter_0/inst/gen_axilite.gen_b2s_conv.axilite_b2s/WR.aw_channel_0/cmd_translator_0/s_axburst_eq1_reg/C
                               ps/system_i/axi_protocol_converter_0/inst/gen_axilite.gen_b2s_conv.axilite_b2s/SI_REG/aw.aw_pipe/m_payload_i_reg[57]/CE
                                                              0.258         
ps/system_i/axi_protocol_converter_0/inst/gen_axilite.gen_b2s_conv.axilite_b2s/WR.aw_channel_0/cmd_translator_0/s_axburst_eq1_reg/C
                               ps/system_i/axi_protocol_converter_0/inst/gen_axilite.gen_b2s_conv.axilite_b2s/SI_REG/aw.aw_pipe/m_payload_i_reg[58]/CE
                                                              0.258         
ps/system_i/axi_protocol_converter_0/inst/gen_axilite.gen_b2s_conv.axilite_b2s/WR.aw_channel_0/cmd_translator_0/s_axburst_eq1_reg/C
                               ps/system_i/axi_protocol_converter_0/inst/gen_axilite.gen_b2s_conv.axilite_b2s/SI_REG/aw.aw_pipe/m_payload_i_reg[59]/CE
                                                              0.258         
ps/system_i/axi_protocol_converter_0/inst/gen_axilite.gen_b2s_conv.axilite_b2s/WR.aw_channel_0/cmd_translator_0/s_axburst_eq1_reg/C
                               ps/system_i/axi_protocol_converter_0/inst/gen_axilite.gen_b2s_conv.axilite_b2s/SI_REG/aw.aw_pipe/m_payload_i_reg[60]/CE
                                                              0.258         
sys_bus_interconnect/for_bus[1].inst_sys_bus_cdc/bus_m\\.addr_reg[9]/C
                               i_scope/i_osc_cfg/sys_rdata_reg[4]/D
                                                              0.262         
ps/system_i/processing_system7/inst/PS7_i/SAXIHP3ACLK
                               ps/axi_master_3/axi_awvalid_o_reg/D
                                                              0.266         
ps/system_i/axi_protocol_converter_0/inst/gen_axilite.gen_b2s_conv.axilite_b2s/WR.aw_channel_0/cmd_translator_0/s_axburst_eq1_reg/C
                               ps/system_i/axi_protocol_converter_0/inst/gen_axilite.gen_b2s_conv.axilite_b2s/WR.aw_channel_0/cmd_translator_0/wrap_cmd_0/wrap_second_len_r_reg[0]/CE
                                                              0.273         
ps/system_i/xadc/inst/INTR_CTRLR_GEN_I.ip2bus_rdack_reg/C
                               ps/system_i/axi_protocol_converter_0/inst/gen_axilite.gen_b2s_conv.axilite_b2s/RD.ar_channel_0/cmd_translator_0/incr_cmd_0/axaddr_incr_reg[10]/D
                                                              0.275         
ps/system_i/axi_protocol_converter_0/inst/gen_axilite.gen_b2s_conv.axilite_b2s/RD.ar_channel_0/ar_cmd_fsm_0/FSM_sequential_state_reg[0]/C
                               ps/system_i/xadc/inst/INTR_CTRLR_GEN_I.INTERRUPT_CONTROL_I/GEN_IP_IRPT_STATUS_REG[15].GEN_REG_STATUS.ip_irpt_status_reg_reg[15]/CE
                                                              0.277         
i_mca/g_hist_2d.i_hist_2d/mem_reg_2/CLKBWRCLK
                               i_mca/g_hist_2d.i_hist_2d/wdata2_reg[26]/D
                                                              0.280         
ps/system_i/axi_protocol_converter_0/inst/gen_axilite.gen_b2s_conv.axilite_b2s/RD.ar_channel_0/ar_cmd_fsm_0/FSM_sequential_state_reg[0]/C
                               ps/system_i/xadc/inst/INTR_CTRLR_GEN_I.INTERRUPT_CONTROL_I/GEN_IP_IRPT_STATUS_REG[8].GEN_REG_STATUS.ip_irpt_status_reg_reg[8]/CE
                                                              0.282         
i_event_ring/i_writer/wr_slot_o_reg[4]/C
                               i_event_ring/i_writer/samp_left_reg[0]/CE
                                                              0.283         
i_event_ring/i_writer/wr_slot_o_reg[4]/C
                               i_event_ring/i_writer/samp_left_reg[4]/CE
                                                              0.283         
i_event_ring/i_writer/wr_slot_o_reg[4]/C
                               i_event_ring/i_writer/samp_left_reg[5]/CE
                                                              0.283         
ps/system_i/axi_protocol_converter_0/inst/gen_axilite.gen_b2s_conv.axilite_b2s/RD.ar_channel_0/ar_cmd_fsm_0/FSM_sequential_state_reg[0]/C
                               ps/system_i/xadc/inst/INTR_CTRLR_GEN_I.INTERRUPT_CONTROL_I/GEN_IP_IRPT_STATUS_REG[9].GEN_REG_STATUS.ip_irpt_status_reg_reg[9]/CE
                                                              0.287         
ps/system_i/axi_protocol_converter_0/inst/gen_axilite.gen_b2s_conv.axilite_b2s/WR.b_channel_0/bid_fifo_0/cnt_read_reg[0]/C
                               ps/system_i/axi_protocol_converter_0/inst/gen_axilite.gen_b2s_conv.axilite_b2s/WR.aw_channel_0/cmd_translator_0/incr_cmd_0/axaddr_incr_reg[2]/CE
                                                              0.289         
ps/system_i/axi_protocol_converter_0/inst/gen_axilite.gen_b2s_conv.axilite_b2s/WR.b_channel_0/bid_fifo_0/cnt_read_reg[0]/C
                               ps/system_i/axi_protocol_converter_0/inst/gen_axilite.gen_b2s_conv.axilite_b2s/WR.aw_channel_0/cmd_translator_0/incr_cmd_0/axaddr_incr_reg[5]/CE
                                                              0.289         
ps/system_i/axi_protocol_converter_0/inst/gen_axilite.gen_b2s_conv.axilite_b2s/WR.b_channel_0/bid_fifo_0/cnt_read_reg[0]/C
                               ps/system_i/axi_protocol_converter_0/inst/gen_axilite.gen_b2s_conv.axilite_b2s/WR.aw_channel_0/cmd_translator_0/incr_cmd_0/axaddr_incr_reg[7]/CE
                                                              0.289         
ps/system_i/axi_protocol_converter_0/inst/gen_axilite.gen_b2s_conv.axilite_b2s/WR.b_channel_0/bid_fifo_0/cnt_read_reg[0]/C
                               ps/system_i/axi_protocol_converter_0/inst/gen_axilite.gen_b2s_conv.axilite_b2s/WR.aw_channel_0/cmd_translator_0/incr_cmd_0/axaddr_incr_reg[8]/CE
                                                              0.289         
i_mca/dat_q_reg[1]/C           i_mca/i_feat/q_tot_reg[14]/D   0.290         
i_mca/g_hist_2d.i_hist_2d/mem_reg_2/CLKBWRCLK
                               i_mca/g_hist_2d.i_hist_2d/wdata2_reg[24]/D
                                                              0.296         
ps/system_i/axi_protocol_converter_0/inst/gen_axilite.gen_b2s_conv.axilite_b2s/WR.b_channel_0/bresp_fifo_0/cnt_read_reg[1]/C
                               ps/system_i/xadc/inst/AXI_LITE_IPIF_I/I_SLAVE_ATTACHMENT/INCLUDE_DPHASE_TIMER.dpto_cnt_reg[6]/CE
                                                              0.296         
i_mca/g_hist_2d.i_hist_2d/mem_reg_2/CLKBWRCLK
                               i_mca/g_hist_2d.i_hist_2d/wdata2_reg[21]/D
                                                              0.301         
ps/system_i/xadc/inst/INTR_CTRLR_GEN_I.ip2bus_rdack_reg/C
                               ps/system_i/axi_protocol_converter_0/inst/gen_axilite.gen_b2s_conv.axilite_b2s/RD.ar_channel_0/cmd_translator_0/incr_cmd_0/axlen_cnt_reg[2]/CE
                                                              0.309         
ps/system_i/xadc/inst/INTR_CTRLR_GEN_I.ip2bus_rdack_reg/C
                               ps/system_i/axi_protocol_converter_0/inst/gen_axilite.gen_b2s_conv.axilite_b2s/RD.ar_channel_0/cmd_translator_0/incr_cmd_0/axaddr_incr_reg[11]/D
                                                              0.310         
sys_bus_interconnect/for_bus[1].inst_sys_bus_cdc/bus_m\\.addr_reg[9]/C
                               i_scope/i_osc_cfg/sys_rdata_reg[5]/D
                                                              0.313         
ps/system_i/axi_protocol_converter_0/inst/gen_axilite.gen_b2s_conv.axilite_b2s/WR.b_channel_0/bid_fifo_0/cnt_read_reg[0]/C
                               ps/system_i/axi_protocol_converter_0/inst/gen_axilite.gen_b2s_conv.axilite_b2s/WR.aw_channel_0/cmd_translator_0/incr_cmd_0/axaddr_incr_reg[9]/D
                                                              0.317         
i_mca/g_hist_2d.i_hist_2d/mem_reg_2/CLKBWRCLK
                               i_mca/g_hist_2d.i_hist_2d/wdata2_reg[23]/D
                                                              0.322         
i_mca/g_hist_h.i_hist_h/mem_reg_4/CLKBWRCLK
                               i_mca/g_hist_h.i_hist_h/wdata2_reg[30]/D
                                                              0.331         
ps/system_i/axi_protocol_converter_0/inst/gen_axilite.gen_b2s_conv.axilite_b2s/WR.aw_channel_0/aw_cmd_fsm_0/FSM_sequential_state_reg[0]/C
                               ps/system_i/xadc/inst/AXI_XADC_CORE_I/alarm_reg_reg[0]/CE
                                                              0.333         
ps/system_i/axi_protocol_converter_0/inst/gen_axilite.gen_b2s_conv.axilite_b2s/WR.aw_channel_0/aw_cmd_fsm_0/FSM_sequential_state_reg[0]/C
                               ps/system_i/xadc/inst/AXI_XADC_CORE_I/alarm_reg_reg[1]/CE
                                                              0.333         
ps/system_i/axi_protocol_converter_0/inst/gen_axilite.gen_b2s_conv.axilite_b2s/WR.aw_channel_0/aw_cmd_fsm_0/FSM_sequential_state_reg[0]/C
                               ps/system_i/xadc/inst/AXI_XADC_CORE_I/alarm_reg_reg[2]/CE
                                                              0.333         
ps/system_i/axi_protocol_converter_0/inst/gen_axilite.gen_b2s_conv.axilite_b2s/WR.aw_channel_0/aw_cmd_fsm_0/FSM_sequential_state_reg[0]/C
                               ps/system_i/xadc/inst/AXI_XADC_CORE_I/alarm_reg_reg[5]/CE
                                                              0.333         
ps/system_i/axi_protocol_converter_0/inst/gen_axilite.gen_b2s_conv.axilite_b2s/WR.aw_channel_0/aw_cmd_fsm_0/FSM_sequential_state_reg[0]/C
                               ps/system_i/xadc/inst/AXI_XADC_CORE_I/alarm_reg_reg[6]/CE
                                                              0.333         
ps/system_i/axi_protocol_converter_0/inst/gen_axilite.gen_b2s_conv.axilite_b2s/WR.aw_channel_0/aw_cmd_fsm_0/FSM_sequential_state_reg[0]/C
                               ps/system_i/xadc/inst/AXI_XADC_CORE_I/alarm_reg_reg[8]/CE
                                                              0.333         
ps/system_i/axi_protocol_converter_0/inst/gen_axilite.gen_b2s_conv.axilite_b2s/WR.aw_channel_0/aw_cmd_fsm_0/FSM_sequential_state_reg[0]/C
                               ps/system_i/xadc/inst/AXI_XADC_CORE_I/do_reg_reg[0]/CE
                                                              0.333         
ps/system_i/axi_protocol_converter_0/inst/gen_axilite.gen_b2s_conv.axilite_b2s/WR.aw_channel_0/aw_cmd_fsm_0/FSM_sequential_state_reg[0]/C
                               ps/system_i/xadc/inst/AXI_XADC_CORE_I/do_reg_reg[10]/CE
                                                              0.333         
ps/system_i/axi_protocol_converter_0/inst/gen_axilite.gen_b2s_conv.axilite_b2s/WR.aw_channel_0/aw_cmd_fsm_0/FSM_sequential_state_reg[0]/C
                               ps/system_i/xadc/inst/AXI_XADC_CORE_I/do_reg_reg[11]/CE
                                                              0.333         
ps/system_i/axi_protocol_converter_0/inst/gen_axilite.gen_b2s_conv.axilite_b2s/WR.aw_channel_0/aw_cmd_fsm_0/FSM_sequential_state_reg[0]/C
                               ps/system_i/xadc/inst/AXI_XADC_CORE_I/do_reg_reg[13]/CE
                                                              0.333         
ps/system_i/axi_protocol_converter_0/inst/gen_axilite.gen_b2s_conv.axilite_b2s/WR.aw_channel_0/aw_cmd_fsm_0/FSM_sequential_state_reg[0]/C
                               ps/system_i/xadc/inst/AXI_XADC_CORE_I/do_reg_reg[15]/CE
                                                              0.333         
ps/system_i/axi_protocol_converter_0/inst/gen_axilite.gen_b2s_conv.axilite_b2s/WR.aw_channel_0/aw_cmd_fsm_0/FSM_sequential_state_reg[0]/C
                               ps/system_i/xadc/inst/AXI_XADC_CORE_I/do_reg_reg[5]/CE
                                                              0.333         
ps/system_i/axi_protocol_converter_0/inst/gen_axilite.gen_b2s_conv.axilite_b2s/WR.aw_channel_0/aw_cmd_fsm_0/FSM_sequential_state_reg[0]/C
                               ps/system_i/xadc/inst/AXI_XADC_CORE_I/do_reg_reg[8]/CE
                                                              0.333         
ps/system_i/axi_protocol_converter_0/inst/gen_axilite.gen_b2s_conv.axilite_b2s/WR.aw_channel_0/aw_cmd_fsm_0/FSM_sequential_state_reg[0]/C
                               ps/system_i/xadc/inst/AXI_XADC_CORE_I/do_reg_reg[9]/CE
                                                              0.333         
i_event_ring/i_writer/wr_slot_o_reg[4]/C
                               i_event_ring/i_writer/samp_left_reg[10]/CE
                                                              0.335         
i_event_ring/i_writer/wr_slot_o_reg[4]/C
                               i_event_ring/i_writer/samp_left_reg[11]/CE
                                                              0.335         
i_event_ring/i_writer/wr_slot_o_reg[4]/C
                               i_event_ring/i_writer/samp_left_reg[12]/CE
                                                              0.335         
i_event_ring/i_writer/wr_slot_o_reg[4]/C
                               i_event_ring/i_writer/samp_left_reg[13]/CE
                                                              0.335         
sys_bus_interconnect/for_bus[1].inst_sys_bus_cdc/bus_m\\.addr_reg[6]/C
                               i_scope/i_osc_cfg/sys_rdata_reg[3]/D
                                                              0.346         
ps/system_i/axi_protocol_converter_0/inst/gen_axilite.gen_b2s_conv.axilite_b2s/WR.aw_channel_0/cmd_translator_0/s_axburst_eq1_reg/C
                               ps/system_i/axi_protocol_converter_0/inst/gen_axilite.gen_b2s_conv.axilite_b2s/SI_REG/aw.aw_pipe/m_payload_i_reg[2]/CE
                                                              0.346         
ps/system_i/axi_protocol_converter_0/inst/gen_axilite.gen_b2s_conv.axilite_b2s/WR.aw_channel_0/cmd_translator_0/s_axburst_eq1_reg/C
                               ps/system_i/axi_protocol_converter_0/inst/gen_axilite.gen_b2s_conv.axilite_b2s/SI_REG/aw.aw_pipe/m_payload_i_reg[3]/CE
                                                              0.346         
ps/system_i/axi_protocol_converter_0/inst/gen_axilite.gen_b2s_conv.axilite_b2s/WR.aw_channel_0/cmd_translator_0/s_axburst_eq1_reg/C
                               ps/system_i/axi_protocol_converter_0/inst/gen_axilite.gen_b2s_conv.axilite_b2s/SI_REG/aw.aw_pipe/m_payload_i_reg[6]/CE
                                                              0.346         
ps/system_i/axi_protocol_converter_0/inst/gen_axilite.gen_b2s_conv.axilite_b2s/WR.aw_channel_0/cmd_translator_0/s_axburst_eq1_reg/C
                               ps/system_i/axi_protocol_converter_0/inst/gen_axilite.gen_b2s_conv.axilite_b2s/SI_REG/aw.aw_pipe/m_payload_i_reg[7]/CE
                                                              0.346         
i_mca/g_hist_h.i_hist_h/mem_reg_4/CLKBWRCLK
                               i_mca/g_hist_h.i_hist_h/wdata2_reg[28]/D
                                                              0.351         
ps/system_i/xadc/inst/INTR_CTRLR_GEN_I.ip2bus_rdack_reg/C
                               ps/system_i/axi_protocol_converter_0/inst/gen_axilite.gen_b2s_conv.axilite_b2s/RD.ar_channel_0/cmd_translator_0/s_axburst_eq0_reg/D
                                                              0.355         
ps/system_i/processing_system7/inst/PS7_i/SAXIHP3ACLK
                               ps/axi_master_3/wdata_in_reg_reg/D
                                                              0.355         
ps/system_i/xadc/inst/INTR_CTRLR_GEN_I.ip2bus_rdack_reg/C
                               ps/system_i/axi_protocol_converter_0/inst/gen_axilite.gen_b2s_conv.axilite_b2s/RD.ar_channel_0/cmd_translator_0/incr_cmd_0/axaddr_incr_reg[4]/D
                                                              0.358         
sys_bus_interconnect/for_bus[1].inst_sys_bus_cdc/bus_m\\.addr_reg[7]/C
                               i_scope/i_osc_cfg/sys_rdata_reg[2]/D
                                                              0.358         
i_mca/g_hist_h.i_hist_h/mem_reg_4/CLKBWRCLK
                               i_mca/g_hist_h.i_hist_h/wdata2_reg[25]/D
                                                              0.362         
i_mca/g_hist_h.i_hist_h/mem_reg_4/CLKBWRCLK
                               i_mca/g_hist_h.i_hist_h/wdata2_reg[27]/D
                                                              0.370         
ps/system_i/axi_protocol_converter_0/inst/gen_axilite.gen_b2s_conv.axilite_b2s/WR.aw_channel_0/cmd_translator_0/s_axburst_eq1_reg/C
                               ps/system_i/axi_protocol_converter_0/inst/gen_axilite.gen_b2s_conv.axilite_b2s/SI_REG/aw.aw_pipe/m_payload_i_reg[39]/CE
                                                              0.373         
ps/system_i/axi_protocol_converter_0/inst/gen_axilite.gen_b2s_conv.axilite_b2s/WR.aw_channel_0/cmd_translator_0/s_axburst_eq1_reg/C
                               ps/system_i/axi_protocol_converter_0/inst/gen_axilite.gen_b2s_conv.axilite_b2s/SI_REG/aw.aw_pipe/m_payload_i_reg[44]/CE
                                                              0.373         
ps/system_i/xadc/inst/INTR_CTRLR_GEN_I.ip2bus_rdack_reg/C
                               ps/system_i/axi_protocol_converter_0/inst/gen_axilite.gen_b2s_conv.axilite_b2s/RD.ar_channel_0/cmd_translator_0/s_axburst_eq1_reg/D
                                                              0.375         
i_scope/genblk2[0].i_calib_ch/offset_calc_r_reg[13]/C
                               i_scope/genblk2[0].i_calib_ch/gain_calc_r1__0/PCIN[0]
                                                              0.378         
i_scope/genblk2[0].i_calib_ch/offset_calc_r_reg[13]/C
                               i_scope/genblk2[0].i_calib_ch/gain_calc_r1__0/PCIN[10]
                                                              0.378         
i_scope/genblk2[0].i_calib_ch/offset_calc_r_reg[13]/C
                               i_scope/genblk2[0].i_calib_ch/gain_calc_r1__0/PCIN[11]
                                                              0.378         
i_scope/genblk2[0].i_calib_ch/offset_calc_r_reg[13]/C
                               i_scope/genblk2[0].i_calib_ch/gain_calc_r1__0/PCIN[12]
                                                              0.378         
i_scope/genblk2[0].i_calib_ch/offset_calc_r_reg[13]/C
                               i_scope/genblk2[0].i_calib_ch/gain_calc_r1__0/PCIN[13]
                                                              0.378         
i_scope/genblk2[0].i_calib_ch/offset_calc_r_reg[13]/C
                               i_scope/genblk2[0].i_calib_ch/gain_calc_r1__0/PCIN[14]
                                                              0.378         
i_scope/genblk2[0].i_calib_ch/offset_calc_r_reg[13]/C
                               i_scope/genblk2[0].i_calib_ch/gain_calc_r1__0/PCIN[15]
                                                              0.378         
i_scope/genblk2[0].i_calib_ch/offset_calc_r_reg[13]/C
                               i_scope/genblk2[0].i_calib_ch/gain_calc_r1__0/PCIN[16]
                                                              0.378         
i_scope/genblk2[0].i_calib_ch/offset_calc_r_reg[13]/C
                               i_scope/genblk2[0].i_calib_ch/gain_calc_r1__0/PCIN[17]
                                                              0.378         
i_scope/genblk2[0].i_calib_ch/offset_calc_r_reg[13]/C
                               i_scope/genblk2[0].i_calib_ch/gain_calc_r1__0/PCIN[18]
                                                              0.378         
i_scope/genblk2[0].i_calib_ch/offset_calc_r_reg[13]/C
                               i_scope/genblk2[0].i_calib_ch/gain_calc_r1__0/PCIN[19]
                                                              0.378         
i_scope/genblk2[0].i_calib_ch/offset_calc_r_reg[13]/C
                               i_scope/genblk2[0].i_calib_ch/gain_calc_r1__0/PCIN[1]
                                                              0.378         
i_scope/genblk2[0].i_calib_ch/offset_calc_r_reg[13]/C
                               i_scope/genblk2[0].i_calib_ch/gain_calc_r1__0/PCIN[20]
                                                              0.378         
i_scope/genblk2[0].i_calib_ch/offset_calc_r_reg[13]/C
                               i_scope/genblk2[0].i_calib_ch/gain_calc_r1__0/PCIN[21]
                                                              0.378         
i_scope/genblk2[0].i_calib_ch/offset_calc_r_reg[13]/C
                               i_scope/genblk2[0].i_calib_ch/gain_calc_r1__0/PCIN[22]
                                                              0.378         
i_scope/genblk2[0].i_calib_ch/offset_calc_r_reg[13]/C
                               i_scope/genblk2[0].i_calib_ch/gain_calc_r1__0/PCIN[23]
                                                              0.378         
i_scope/genblk2[0].i_calib_ch/offset_calc_r_reg[13]/C
                               i_scope/genblk2[0].i_calib_ch/gain_calc_r1__0/PCIN[24]
                                                              0.378         
i_scope/genblk2[0].i_calib_ch/offset_calc_r_reg[13]/C
                               i_scope/genblk2[0].i_calib_ch/gain_calc_r1__0/PCIN[25]
                                                              0.378         
i_scope/genblk2[0].i_calib_ch/offset_calc_r_reg[13]/C
                               i_scope/genblk2[0].i_calib_ch/gain_calc_r1__0/PCIN[26]
                                                              0.378         
i_scope/genblk2[0].i_calib_ch/offset_calc_r_reg[13]/C
                               i_scope/genblk2[0].i_calib_ch/gain_calc_r1__0/PCIN[27]
                                                              0.378         
i_scope/genblk2[0].i_calib_ch/offset_calc_r_reg[13]/C
                               i_scope/genblk2[0].i_calib_ch/gain_calc_r1__0/PCIN[28]
                                                              0.378         
i_scope/genblk2[0].i_calib_ch/offset_calc_r_reg[13]/C
                               i_scope/genblk2[0].i_calib_ch/gain_calc_r1__0/PCIN[29]
                                                              0.378         
i_scope/genblk2[0].i_calib_ch/offset_calc_r_reg[13]/C
                               i_scope/genblk2[0].i_calib_ch/gain_calc_r1__0/PCIN[2]
                                                              0.378         
i_scope/genblk2[0].i_calib_ch/offset_calc_r_reg[13]/C
                               i_scope/genblk2[0].i_calib_ch/gain_calc_r1__0/PCIN[30]
                                                              0.378         
i_scope/genblk2[0].i_calib_ch/offset_calc_r_reg[13]/C
                               i_scope/genblk2[0].i_calib_ch/gain_calc_r1__0/PCIN[31]
                                                              0.378         
i_scope/genblk2[0].i_calib_ch/offset_calc_r_reg[13]/C
                               i_scope/genblk2[0].i_calib_ch/gain_calc_r1__0/PCIN[32]
                                                              0.378         
i_scope/genblk2[0].i_calib_ch/offset_calc_r_reg[13]/C
                               i_scope/genblk2[0].i_calib_ch/gain_calc_r1__0/PCIN[33]
                                                              0.378         
i_scope/genblk2[0].i_calib_ch/offset_calc_r_reg[13]/C
                               i_scope/genblk2[0].i_calib_ch/gain_calc_r1__0/PCIN[34]
                                                              0.378         
i_scope/genblk2[0].i_calib_ch/offset_calc_r_reg[13]/C
                               i_scope/genblk2[0].i_calib_ch/gain_calc_r1__0/PCIN[35]
                                                              0.378         
i_scope/genblk2[0].i_calib_ch/offset_calc_r_reg[13]/C
                               i_scope/genblk2[0].i_calib_ch/gain_calc_r1__0/PCIN[36]
                                                              0.378         
i_scope/genblk2[0].i_calib_ch/offset_calc_r_reg[13]/C
                               i_scope/genblk2[0].i_calib_ch/gain_calc_r1__0/PCIN[37]
                                                              0.378         
i_scope/genblk2[0].i_calib_ch/offset_calc_r_reg[13]/C
                               i_scope/genblk2[0].i_calib_ch/gain_calc_r1__0/PCIN[38]
                                                              0.378         
i_scope/genblk2[0].i_calib_ch/offset_calc_r_reg[13]/C
                               i_scope/genblk2[0].i_calib_ch/gain_calc_r1__0/PCIN[39]
                                                              0.378         
i_scope/genblk2[0].i_calib_ch/offset_calc_r_reg[13]/C
                               i_scope/genblk2[0].i_calib_ch/gain_calc_r1__0/PCIN[3]
                                                              0.378         
i_scope/genblk2[0].i_calib_ch/offset_calc_r_reg[13]/C
                               i_scope/genblk2[0].i_calib_ch/gain_calc_r1__0/PCIN[40]
                                                              0.378         
i_scope/genblk2[0].i_calib_ch/offset_calc_r_reg[13]/C
                               i_scope/genblk2[0].i_calib_ch/gain_calc_r1__0/PCIN[41]
                                                              0.378         
i_scope/genblk2[0].i_calib_ch/offset_calc_r_reg[13]/C
                               i_scope/genblk2[0].i_calib_ch/gain_calc_r1__0/PCIN[42]
                                                              0.378         
i_scope/genblk2[0].i_calib_ch/offset_calc_r_reg[13]/C
                               i_scope/genblk2[0].i_calib_ch/gain_calc_r1__0/PCIN[43]
                                                              0.378         
i_scope/genblk2[0].i_calib_ch/offset_calc_r_reg[13]/C
                               i_scope/genblk2[0].i_calib_ch/gain_calc_r1__0/PCIN[44]
                                                              0.378         
i_scope/genblk2[0].i_calib_ch/offset_calc_r_reg[13]/C
                               i_scope/genblk2[0].i_calib_ch/gain_calc_r1__0/PCIN[45]
                                                              0.378         
i_scope/genblk2[0].i_calib_ch/offset_calc_r_reg[13]/C
                               i_scope/genblk2[0].i_calib_ch/gain_calc_r1__0/PCIN[46]
                                                              0.378         
i_scope/genblk2[0].i_calib_ch/offset_calc_r_reg[13]/C
                               i_scope/genblk2[0].i_calib_ch/gain_calc_r1__0/PCIN[47]
                                                              0.378         
i_scope/genblk2[0].i_calib_ch/offset_calc_r_reg[13]/C
                               i_scope/genblk2[0].i_calib_ch/gain_calc_r1__0/PCIN[4]
                                                              0.378         
i_scope/genblk2[0].i_calib_ch/offset_calc_r_reg[13]/C
                               i_scope/genblk2[0].i_calib_ch/gain_calc_r1__0/PCIN[5]
                                                              0.378         
i_scope/genblk2[0].i_calib_ch/offset_calc_r_reg[13]/C
                               i_scope/genblk2[0].i_calib_ch/gain_calc_r1__0/PCIN[6]
                                                              0.378         
i_scope/genblk2[0].i_calib_ch/offset_calc_r_reg[13]/C
                               i_scope/genblk2[0].i_calib_ch/gain_calc_r1__0/PCIN[7]
                                                              0.378         
i_scope/genblk2[0].i_calib_ch/offset_calc_r_reg[13]/C
                               i_scope/genblk2[0].i_calib_ch/gain_calc_r1__0/PCIN[8]
                                                              0.378         
i_scope/genblk2[0].i_calib_ch/offset_calc_r_reg[13]/C
                               i_scope/genblk2[0].i_calib_ch/gain_calc_r1__0/PCIN[9]
                                                              0.378         
ps/system_i/xadc/inst/INTR_CTRLR_GEN_I.ip2bus_rdack_reg/C
                               ps/system_i/axi_protocol_converter_0/inst/gen_axilite.gen_b2s_conv.axilite_b2s/RD.ar_channel_0/cmd_translator_0/incr_cmd_0/axaddr_incr_reg[8]/D
                                                              0.383         
ps/system_i/axi_protocol_converter_0/inst/gen_axilite.gen_b2s_conv.axilite_b2s/SI_REG/ar.ar_pipe/m_payload_i_reg[36]/C
                               ps/system_i/axi_protocol_converter_0/inst/gen_axilite.gen_b2s_conv.axilite_b2s/RD.ar_channel_0/cmd_translator_0/wrap_cmd_0/wrap_cnt_r_reg[2]/D
                                                              0.387         
ps/system_i/axi_protocol_converter_0/inst/gen_axilite.gen_b2s_conv.axilite_b2s/WR.b_channel_0/bid_fifo_0/cnt_read_reg[0]/C
                               ps/system_i/axi_protocol_converter_0/inst/gen_axilite.gen_b2s_conv.axilite_b2s/WR.aw_channel_0/cmd_translator_0/wrap_cmd_0/axaddr_wrap_reg[6]/CE
                                                              0.391         
i_mca/g_hist_2d.i_hist_2d/mem_reg_2/CLKBWRCLK
                               i_mca/g_hist_2d.i_hist_2d/wdata2_reg[22]/D
                                                              0.396         
ps/system_i/processing_system7/inst/PS7_i/SAXIHP3ACLK
                               ps/axi_master_3/axi_rfill_lvl_reg[0]/CE
                                                              0.400         
ps/system_i/processing_system7/inst/PS7_i/SAXIHP3ACLK
                               ps/axi_master_3/axi_rfill_lvl_reg[1]/CE
                                                              0.400         
ps/system_i/processing_system7/inst/PS7_i/SAXIHP3ACLK
                               ps/axi_master_3/axi_rfill_lvl_reg[2]/CE
                                                              0.400         
ps/system_i/processing_system7/inst/PS7_i/SAXIHP3ACLK
                               ps/axi_master_3/axi_rfill_lvl_reg[3]/CE
                                                              0.400         
ps/system_i/xadc/inst/INTR_CTRLR_GEN_I.ip2bus_rdack_reg/C
                               ps/system_i/axi_protocol_converter_0/inst/gen_axilite.gen_b2s_conv.axilite_b2s/RD.ar_channel_0/cmd_translator_0/incr_cmd_0/axaddr_incr_reg[5]/D
                                                              0.405         
ps/system_i/axi_protocol_converter_0/inst/gen_axilite.gen_b2s_conv.axilite_b2s/SI_REG/ar.ar_pipe/m_payload_i_reg[36]/C
                               ps/system_i/axi_protocol_converter_0/inst/gen_axilite.gen_b2s_conv.axilite_b2s/RD.ar_channel_0/cmd_translator_0/wrap_cmd_0/wrap_cnt_r_reg[3]/D
                                                              0.405         
ps/system_i/axi_protocol_converter_0/inst/gen_axilite.gen_b2s_conv.axilite_b2s/RD.ar_channel_0/ar_cmd_fsm_0/FSM_sequential_state_reg[0]/C
                               ps/system_i/xadc/inst/INTR_CTRLR_GEN_I.ip2bus_wrack_reg/D
                                                              0.406         
i_mca/g_hist_2d.i_hist_2d/mem_reg_2/CLKBWRCLK
                               i_mca/g_hist_2d.i_hist_2d/wdata2_reg[20]/D
                                                              0.412         
i_mca/g_hist_2d.i_hist_2d/mem_reg_2/CLKBWRCLK
                               i_mca/g_hist_2d.i_hist_2d/wdata2_reg[17]/D
                                                              0.416         
i_scope/i_osc_cfg/set_dec_reg[32]/C
                               i_scope/genblk2[1].i_dec/adc_sum_reg[19]/D
                                                              0.418         
i_mca/dat_q_reg[1]/C           i_mca/i_feat/d_max_reg[2]/CE   0.431         
i_mca/dat_q_reg[1]/C           i_mca/i_feat/d_max_reg[3]/CE   0.431         
i_mca/g_hist_2d.i_hist_2d/mem_reg_2/CLKBWRCLK
                               i_mca/g_hist_2d.i_hist_2d/wdata2_reg[19]/D
                                                              0.437         
i_mca/dat_q_reg[1]/C           i_mca/i_feat/d_max_reg[29]/CE  0.441         
i_mca/dat_q_reg[1]/C           i_mca/i_feat/d_max_reg[30]/CE  0.441         
i_mca/dat_q_reg[1]/C           i_mca/i_feat/d_max_reg[32]/CE  0.441         
i_mca/dat_q_reg[1]/C           i_mca/i_feat/d_max_reg[33]/CE  0.441         
i_mca/dat_q_reg[1]/C           i_mca/i_feat/d_min_reg[29]/CE  0.441         
i_mca/dat_q_reg[1]/C           i_mca/i_feat/d_min_reg[30]/CE  0.441         
sys_bus_interconnect/for_bus[1].inst_sys_bus_cdc/bus_m\\.addr_reg[9]/C
                               i_scope/i_osc_cfg/sys_rdata_reg[22]/D
                                                              0.443         
i_mca/g_hist_h.i_hist_h/mem_reg_4/CLKBWRCLK
                               i_mca/g_hist_h.i_hist_h/wdata2_reg[26]/D
                                                              0.446         
dac_rst_reg/C                  oddr_dac_rst/D2                0.450         
ps/axi_slave_gp0/rd_do_reg/C   ps/axi_slave_gp0/ack_cnt_reg[1]/R
                                                              0.454         
ps/axi_slave_gp0/rd_do_reg/C   ps/axi_slave_gp0/ack_cnt_reg[2]/R
                                                              0.454         
ps/axi_slave_gp0/rd_do_reg/C   ps/axi_slave_gp0/ack_cnt_reg[3]/R
                                                              0.454         
ps/axi_slave_gp0/rd_do_reg/C   ps/axi_slave_gp0/ack_cnt_reg[4]/R
                                                              0.454         
ps/axi_slave_gp0/rd_do_reg/C   ps/axi_slave_gp0/ack_cnt_reg[5]/R
                                                              0.454         
i_mca/g_hist_h.i_hist_h/mem_reg_4/CLKBWRCLK
                               i_mca/g_hist_h.i_hist_h/wdata2_reg[24]/D
                                                              0.466         
i_mca/sys_rdata_reg[4]/C       ps/axi_slave_gp0/axi\\.RDATA_reg[4]/D
                                                              0.628         
dac_rst_reg/C                  oddr_dac_sel/R                 0.636         
i_mca/sys_rdata_reg[18]/C      ps/axi_slave_gp0/axi\\.RDATA_reg[18]/D
                                                              0.652         
dac_rst_reg/C                  oddr_dac_dat[1]/R              0.653         
dac_rst_reg/C                  oddr_dac_dat[0]/R              0.658         
i_mca/sys_rdata_reg[23]/C      ps/axi_slave_gp0/axi\\.RDATA_reg[23]/D
                                                              0.684         
dac_rst_reg/C                  oddr_dac_dat[7]/R              0.699         
dac_rst_reg/C                  oddr_dac_dat[12]/R             0.708         
dac_rst_reg/C                  oddr_dac_dat[8]/R              0.709         
i_mca/sys_rdata_reg[13]/C      ps/axi_slave_gp0/axi\\.RDATA_reg[13]/D
                                                              0.786         
dac_rst_reg/C                  oddr_dac_dat[13]/R             0.798         
dac_dat_a_reg[0]/C             oddr_dac_dat[0]/D2             0.829         
dac_rst_reg/C                  oddr_dac_dat[9]/R              0.843         
dac_rst_reg/C                  oddr_dac_dat[6]/R              0.852         
i_mca/sys_rdata_reg[17]/C      ps/axi_slave_gp0/axi\\.RDATA_reg[17]/D
                                                              0.859         
i_mca/sys_rdata_reg[21]/C      ps/axi_slave_gp0/axi\\.RDATA_reg[21]/D
                                                              0.861         
i_mca/sys_rdata_reg[12]/C      ps/axi_slave_gp0/axi\\.RDATA_reg[12]/D
                                                              0.882         
i_mca/sys_rdata_reg[9]/C       ps/axi_slave_gp0/axi\\.RDATA_reg[9]/D
                                                              0.891         
dac_rst_reg/C                  oddr_dac_dat[3]/R              0.904         
dac_rst_reg/C                  oddr_dac_dat[2]/R              0.932         
i_mca/sys_rdata_reg[2]/C       ps/axi_slave_gp0/axi\\.RDATA_reg[2]/D
                                                              0.939         
i_mca/sys_rdata_reg[27]/C      ps/axi_slave_gp0/axi\\.RDATA_reg[27]/D
                                                              0.947         
i_mca/sys_rdata_reg[28]/C      ps/axi_slave_gp0/axi\\.RDATA_reg[28]/D
                                                              0.961         
dac_dat_a_reg[1]/C             oddr_dac_dat[1]/D2             0.988         
i_mca/sys_rdata_reg[14]/C      ps/axi_slave_gp0/axi\\.RDATA_reg[14]/D
                                                              0.990         
i_mca/sys_rdata_reg[7]/C       ps/axi_slave_gp0/axi\\.RDATA_reg[7]/D
                                                              1.004         
i_mca/sys_rdata_reg[31]/C      ps/axi_slave_gp0/axi\\.RDATA_reg[31]/D
                                                              1.018         
i_mca/sys_rdata_reg[1]/C       ps/axi_slave_gp0/axi\\.RDATA_reg[1]/D
                                                              1.027         
i_mca/sys_rdata_reg[11]/C      ps/axi_slave_gp0/axi\\.RDATA_reg[11]/D
                                                              1.032         
dac_dat_a_reg[13]/C            oddr_dac_dat[13]/D2            1.040         
dac_rst_reg/C                  oddr_dac_dat[4]/R              1.041         
i_mca/sys_rdata_reg[5]/C       ps/axi_slave_gp0/axi\\.RDATA_reg[5]/D
                                                              1.052         
i_event_ring/sys_rdata_reg[29]/C
                               ps/axi_slave_gp0/axi\\.RDATA_reg[29]/D
                                                              1.054         
dac_rst_reg/C                  oddr_dac_dat[11]/R             1.056         
i_mca/sys_rdata_reg[6]/C       ps/axi_slave_gp0/axi\\.RDATA_reg[6]/D
                                                              1.065         
i_mca/sys_rdata_reg[8]/C       ps/axi_slave_gp0/axi\\.RDATA_reg[8]/D
                                                              1.067         
i_mca/sys_rdata_reg[20]/C      ps/axi_slave_gp0/axi\\.RDATA_reg[20]/D
                                                              1.068         
dac_rst_reg/C                  oddr_dac_dat[10]/R             1.069         
i_event_ring/sys_rdata_reg[22]/C
                               ps/axi_slave_gp0/axi\\.RDATA_reg[22]/D
                                                              1.071         
dac_dat_a_reg[5]/C             oddr_dac_dat[5]/D2             1.085         
i_mca/sys_rdata_reg[24]/C      ps/axi_slave_gp0/axi\\.RDATA_reg[24]/D
                                                              1.100         
i_event_ring/sys_rdata_reg[0]/C
                               ps/axi_slave_gp0/axi\\.RDATA_reg[0]/D
                                                              1.102         
ps/axi_slave_gp0/rd_do_reg/C   ps/axi_slave_gp0/ack_cnt_reg[0]/D
                                                              1.104         
ps/system_i/processing_system7/inst/PS7_i/SAXIHP3ACLK
                               ps/axi_master_3/awdata_in_reg_reg/D
                                                              1.106         
i_mca/sys_rdata_reg[3]/C       ps/axi_slave_gp0/axi\\.RDATA_reg[3]/D
                                                              1.107         
i_mca/sys_rdata_reg[10]/C      ps/axi_slave_gp0/axi\\.RDATA_reg[10]/D
                                                              1.109         
ps/system_i/processing_system7/inst/PS7_i/SAXIHP3ACLK
                               ps/axi_master_3/axi_rfill_lvl_reg[1]/D
                                                              1.137         
ps/axi_slave_gp0/rd_do_reg/C   ps/axi_slave_gp0/rd_do_reg/D   1.147         
ps/system_i/processing_system7/inst/PS7_i/SAXIHP3ACLK
                               ps/axi_master_3/axi_awfill_lvl_reg[0]/CE
                                                              1.161         
ps/system_i/processing_system7/inst/PS7_i/SAXIHP3ACLK
                               ps/axi_master_3/axi_awfill_lvl_reg[1]/CE
                                                              1.161         
ps/system_i/processing_system7/inst/PS7_i/SAXIHP3ACLK
                               ps/axi_master_3/axi_awfill_lvl_reg[2]/CE
                                                              1.161         
ps/system_i/processing_system7/inst/PS7_i/SAXIHP3ACLK
                               ps/axi_master_3/axi_awfill_lvl_reg[3]/CE
                                                              1.161         
ps/system_i/processing_system7/inst/PS7_i/SAXIHP3ACLK
                               ps/axi_master_3/axi_wvalid_o_reg/D
                                                              1.171         
i_mca/sys_rdata_reg[30]/C      ps/axi_slave_gp0/axi\\.RDATA_reg[30]/D
                                                              1.172         
i_mca/sys_rdata_reg[15]/C      ps/axi_slave_gp0/axi\\.RDATA_reg[15]/D
                                                              1.176         
ps/axi_slave_gp0/rd_do_reg/C   ps/axi_slave_gp0/axi\\.RVALID_reg/D
                                                              1.176         
dac_dat_a_reg[12]/C            oddr_dac_dat[12]/D2            1.186         
i_mca/sys_rdata_reg[26]/C      ps/axi_slave_gp0/axi\\.RDATA_reg[26]/D
                                                              1.195         
dac_rst_reg/C                  oddr_dac_dat[5]/R              1.201         
i_mca/sys_rdata_reg[16]/C      ps/axi_slave_gp0/axi\\.RDATA_reg[16]/D
                                                              1.201         
ps/axi_slave_gp0/rd_do_reg/C   ps/axi_slave_gp0/axi\\.RLAST_reg/D
                                                              1.231         
ps/system_i/processing_system7/inst/PS7_i/SAXIHP3ACLK
                               ps/axi_master_3/axi_rfill_lvl_reg[2]/D
                                                              1.285         
ps/system_i/processing_system7/inst/PS7_i/SAXIHP3ACLK
                               ps/axi_master_3/axi_rfill_lvl_reg[3]/D
                                                              1.290         
i_mca/sys_rdata_reg[25]/C      ps/axi_slave_gp0/axi\\.RDATA_reg[25]/D
                                                              1.295         
i_event_ring/sys_rdata_reg[19]/C
                               ps/axi_slave_gp0/axi\\.RDATA_reg[19]/D
                                                              1.305         
dac_dat_a_reg[9]/C             oddr_dac_dat[9]/D2             1.391         
ps/axi_master_3/axi_rfill_lvl_reg[0]/C
                               ps/axi_master_3/rdata_in_reg_reg/CE
                                                              1.402         
dac_dat_a_reg[4]/C             oddr_dac_dat[4]/D2             1.426         
dac_dat_a_reg[3]/C             oddr_dac_dat[3]/D2             1.429         
ps/system_i/processing_system7/inst/PS7_i/SAXIHP3ACLK
                               ps/axi_master_3/axi_wfill_lvl_reg[0]/CE
                                                              1.437         
ps/system_i/processing_system7/inst/PS7_i/SAXIHP3ACLK
                               ps/axi_master_3/axi_wfill_lvl_reg[1]/CE
                                                              1.437         
ps/system_i/processing_system7/inst/PS7_i/SAXIHP3ACLK
                               ps/axi_master_3/axi_wfill_lvl_reg[2]/CE
                                                              1.437         
ps/system_i/processing_system7/inst/PS7_i/SAXIHP3ACLK
                               ps/axi_master_3/axi_wfill_lvl_reg[3]/CE
                                                              1.437         
dac_dat_a_reg[2]/C             oddr_dac_dat[2]/D2             1.438         
dac_dat_a_reg[8]/C             oddr_dac_dat[8]/D2             1.469         
dac_axi_rstn_reg/C             ps/axi_master_3/axi_awvalid_o_reg/R
                                                              1.520         
ps/axi_slave_gp0/rd_do_reg/C   sys_bus_interconnect/for_bus[5].inst_sys_bus_cdc/ctrl_do_reg/D
                                                              1.587         
dac_axi_rstn_reg/C             ps/axi_master_3/axi_rfill_lvl_reg[0]/R
                                                              1.594         
dac_axi_rstn_reg/C             ps/axi_master_3/axi_rfill_lvl_reg[1]/R
                                                              1.594         
dac_axi_rstn_reg/C             ps/axi_master_3/axi_rfill_lvl_reg[2]/R
                                                              1.594         
dac_axi_rstn_reg/C             ps/axi_master_3/axi_rfill_lvl_reg[3]/R
                                                              1.594         
ps/axi_master_3/axi_awvalid_o_reg/C
                               ps/axi_master_3/awdata_in_reg_reg/CE
                                                              1.595         
dac_dat_a_reg[11]/C            oddr_dac_dat[11]/D2            1.598         
dac_dat_a_reg[10]/C            oddr_dac_dat[10]/D2            1.598         
ps/axi_master_3/axi_wvalid_o_reg/C
                               ps/axi_master_3/wdata_in_reg_reg/CE
                                                              1.624         
dac_dat_a_reg[6]/C             oddr_dac_dat[6]/D2             1.648         
dac_dat_a_reg[7]/C             oddr_dac_dat[7]/D2             1.650         
dac_axi_rstn_reg/C             ps/axi_master_3/awdata_in_reg_reg/R
                                                              1.688         
ps/axi_master_3/axi_awvalid_o_reg/C
                               ps/system_i/processing_system7/inst/PS7_i/SAXIHP3AWVALID
                                                              1.694         
ps/axi_slave_gp0/rd_do_reg/C   sys_bus_interconnect/for_bus[1].inst_sys_bus_cdc/ctrl_do_reg/D
                                                              1.695         
ps/axi_slave_gp0/rd_do_reg/C   ps/axi_slave_gp0/wr_do_reg/D   1.726         
ps/axi_slave_gp0/rd_do_reg/C   sys_bus_interconnect/for_bus[5].inst_sys_bus_cdc/ctrl_we_reg/D
                                                              1.734         
ps/axi_slave_gp0/rd_do_reg/C   ps/axi_slave_gp0/axi\\.BVALID_reg/D
                                                              1.786         
ps/axi_slave_gp0/rd_do_reg/C   sys_bus_interconnect/for_bus[1].inst_sys_bus_cdc/ctrl_re_reg/D
                                                              1.801         
ps/axi_slave_gp0/rd_do_reg/C   sys_bus_interconnect/for_bus[5].inst_sys_bus_cdc/ctrl_re_reg/D
                                                              1.802         
ps/axi_slave_gp0/rd_do_reg/C   sys_bus_interconnect/for_bus[4].inst_sys_bus_cdc/ctrl_we_reg/D
                                                              1.809         
ps/axi_slave_gp0/rd_do_reg/C   sys_bus_interconnect/for_bus[1].inst_sys_bus_cdc/ctrl_we_reg/D
                                                              1.818         
dac_axi_rstn_reg/C             ps/axi_master_3/axi_awfill_lvl_reg[0]/R
                                                              1.879         
dac_axi_rstn_reg/C             ps/axi_master_3/axi_awfill_lvl_reg[1]/R
                                                              1.879         
dac_axi_rstn_reg/C             ps/axi_master_3/axi_awfill_lvl_reg[2]/R
                                                              1.879         
dac_axi_rstn_reg/C             ps/axi_master_3/axi_awfill_lvl_reg[3]/R
                                                              1.879         
dac_axi_rstn_reg/C             ps/axi_master_3/axi_wfill_lvl_reg[0]/R
                                                              1.881         
dac_axi_rstn_reg/C             ps/axi_master_3/axi_wfill_lvl_reg[1]/R
                                                              1.881         
dac_axi_rstn_reg/C             ps/axi_master_3/axi_wfill_lvl_reg[2]/R
                                                              1.881         
dac_axi_rstn_reg/C             ps/axi_master_3/axi_wfill_lvl_reg[3]/R
                                                              1.881         
dac_axi_rstn_reg/C             ps/axi_master_3/wdata_in_reg_reg/R
                                                              1.885         
dac_axi_rstn_reg/C             ps/axi_master_3/axi_wvalid_o_reg/R
                                                              1.889         
ps/axi_slave_gp0/rd_do_reg/C   sys_bus_interconnect/for_bus[7].inst_sys_bus_cdc/ctrl_do_reg/D
                                                              1.910         
ps/axi_slave_gp0/rd_do_reg/C   sys_bus_interconnect/for_bus[4].inst_sys_bus_cdc/ctrl_re_reg/D
                                                              1.963         
ps/axi_slave_gp0/rd_do_reg/C   sys_bus_interconnect/for_bus[4].inst_sys_bus_cdc/ctrl_do_reg/D
                                                              1.999         
ps/axi_slave_gp0/rd_do_reg/C   sys_bus_interconnect/for_bus[6].inst_sys_bus_cdc/ctrl_re_reg/D
                                                              2.001         
ps/axi_slave_gp0/rd_do_reg/C   sys_bus_interconnect/for_bus[6].inst_sys_bus_cdc/ctrl_we_reg/D
                                                              2.003         
dac_axi_rstn_reg/C             ps/axi_master_3/axi_rready_o_reg/S
                                                              2.027         
ps/axi_slave_gp0/rd_do_reg/C   sys_bus_interconnect/for_bus[0].inst_sys_bus_cdc/ctrl_do_reg/D
                                                              2.053         
ps/axi_slave_gp0/rd_do_reg/C   sys_bus_interconnect/for_bus[7].inst_sys_bus_cdc/ctrl_we_reg/D
                                                              2.067         
ps/axi_slave_gp0/rd_do_reg/C   sys_bus_interconnect/for_bus[0].inst_sys_bus_cdc/ctrl_we_reg/D
                                                              2.068         
ps/axi_master_3/axi_rready_o_reg/C
                               ps/system_i/processing_system7/inst/PS7_i/SAXIHP3RREADY
                                                              2.104         
ps/axi_slave_gp0/rd_do_reg/C   sys_bus_interconnect/for_bus[3].inst_sys_bus_cdc/ctrl_re_reg/D
                                                              2.108         
ps/axi_slave_gp0/rd_do_reg/C   sys_bus_interconnect/for_bus[6].inst_sys_bus_cdc/ctrl_do_reg/D
                                                              2.143         
ps/axi_slave_gp0/rd_do_reg/C   sys_bus_interconnect/for_bus[0].inst_sys_bus_cdc/ctrl_re_reg/D
                                                              2.178         
ps/axi_master_3/axi_wfill_lvl_reg[0]/C
                               ps/axi_master_3/axi_wfill_lvl_reg[0]/D
                                                              2.221         
ps/axi_slave_gp0/rd_do_reg/C   sys_bus_interconnect/for_bus[7].inst_sys_bus_cdc/ctrl_re_reg/D
                                                              2.232         
ps/axi_master_3/axi_wfill_lvl_reg[0]/C
                               ps/axi_master_3/axi_wfill_lvl_reg[2]/D
                                                              2.234         
ps/axi_master_3/axi_wfill_lvl_reg[0]/C
                               ps/axi_master_3/axi_wfill_lvl_reg[1]/D
                                                              2.241         
ps/axi_master_3/axi_wfill_lvl_reg[0]/C
                               ps/axi_master_3/axi_wfill_lvl_reg[3]/D
                                                              2.252         
ps/axi_master_3/axi_wvalid_o_reg/C
                               ps/system_i/processing_system7/inst/PS7_i/SAXIHP3WVALID
                                                              2.272         
ps/axi_master_3/rdata_in_reg_reg/C
                               ps/axi_master_3/rdata_in_reg_reg/D
                                                              2.291         
ps/system_i/processing_system7/inst/PS7_i/MAXIGP0ACLK
                               ps/axi_slave_gp0/bus\\.ren_reg/D
                                                              2.326         
ps/axi_slave_gp0/rd_do_reg/C   sys_bus_interconnect/for_bus[3].inst_sys_bus_cdc/ctrl_we_reg/D
                                                              2.337         
ps/system_i/processing_system7/inst/PS7_i/MAXIGP0ACLK
                               ps/system_i/processing_system7/inst/PS7_i/MAXIGP0WREADY
                                                              2.381         
ps/axi_slave_gp0/rd_do_reg/C   sys_bus_interconnect/for_bus[3].inst_sys_bus_cdc/ctrl_do_reg/D
                                                              2.444         
ps/axi_master_3/axi_rfill_lvl_reg[2]/C
                               ps/axi_master_3/axi_rready_o_reg/D
                                                              2.461         
ps/axi_master_3/axi_awfill_lvl_reg[0]/C
                               ps/axi_master_3/axi_awfill_lvl_reg[2]/D
                                                              2.477         
ps/axi_slave_gp0/rd_do_reg/C   sys_bus_interconnect/for_bus[2].inst_sys_bus_cdc/ctrl_do_reg/D
                                                              2.488         
ps/axi_master_3/axi_awfill_lvl_reg[0]/C
                               ps/axi_master_3/axi_awfill_lvl_reg[3]/D
                                                              2.493         
ps/axi_master_3/axi_awfill_lvl_reg[1]/C
                               ps/axi_master_3/axi_awfill_lvl_reg[1]/D
                                                              2.506         
ps/axi_slave_gp0/rd_do_reg/C   sys_bus_interconnect/for_bus[2].inst_sys_bus_cdc/ctrl_we_reg/D
                                                              2.571         
ps/axi_master_3/axi_rfill_lvl_reg[0]/C
                               ps/axi_master_3/axi_rfill_lvl_reg[0]/D
                                                              2.688         
i_daisy/i_rx/genblk1[0].par_dat_r_reg[4]/C
                               i_daisy/i_rx/genblk1[0].par_dv_reg/CE
                                                              2.725         
ps/axi_slave_gp0/rd_do_reg/C   sys_bus_interconnect/for_bus[2].inst_sys_bus_cdc/ctrl_re_reg/D
                                                              2.775         
ps/system_i/processing_system7/inst/PS7_i/MAXIGP0ACLK
                               ps/axi_slave_gp0/bus\\.wen_reg/D
                                                              2.857         
ps/axi_master_3/axi_awfill_lvl_reg[0]/C
                               ps/axi_master_3/axi_awfill_lvl_reg[0]/D
                                                              2.870         
i_daisy/i_rx/par_rstn_o_reg/C  i_daisy/genblk3[0].i_test/rx_dat_cnt_reg[0]/R
                                                              2.936         
i_daisy/i_rx/par_rstn_o_reg/C  i_daisy/genblk3[0].i_test/rx_dat_cnt_reg[1]/R
                                                              2.936         
i_daisy/i_rx/par_rstn_o_reg/C  i_daisy/genblk3[0].i_test/rx_dat_cnt_reg[2]/R
                                                              2.936         
i_daisy/i_rx/par_rstn_o_reg/C  i_daisy/genblk3[0].i_test/rx_dat_cnt_reg[3]/R
                                                              2.936         
i_daisy/i_rx/par_rstn_o_reg/C  i_daisy/genblk3[0].i_test/rx_dat_cnt_reg[28]/R
                                                              2.941         
i_daisy/i_rx/par_rstn_o_reg/C  i_daisy/genblk3[0].i_test/rx_dat_cnt_reg[29]/R
                                                              2.941         
i_daisy/i_rx/par_rstn_o_reg/C  i_daisy/genblk3[0].i_test/rx_dat_cnt_reg[30]/R
                                                              2.941         
i_daisy/i_rx/par_rstn_o_reg/C  i_daisy/genblk3[0].i_test/rx_dat_cnt_reg[31]/R
                                                              2.941         
i_daisy/i_rx/par_rstn_o_reg/C  i_daisy/genblk3[0].i_test/rx_dat_cnt_reg[4]/R
                                                              3.027         
i_daisy/i_rx/par_rstn_o_reg/C  i_daisy/genblk3[0].i_test/rx_dat_cnt_reg[5]/R
                                                              3.027         
i_daisy/i_rx/par_rstn_o_reg/C  i_daisy/genblk3[0].i_test/rx_dat_cnt_reg[6]/R
                                                              3.027         
i_daisy/i_rx/par_rstn_o_reg/C  i_daisy/genblk3[0].i_test/rx_dat_cnt_reg[7]/R
                                                              3.027         
i_daisy/i_rx/par_rstn_o_reg/C  i_daisy/genblk3[0].i_test/rx_dat_cnt_reg[10]/R
                                                              3.076         
i_daisy/i_rx/par_rstn_o_reg/C  i_daisy/genblk3[0].i_test/rx_dat_cnt_reg[11]/R
                                                              3.076         
i_daisy/i_rx/par_rstn_o_reg/C  i_daisy/genblk3[0].i_test/rx_dat_cnt_reg[8]/R
                                                              3.076         
i_daisy/i_rx/par_rstn_o_reg/C  i_daisy/genblk3[0].i_test/rx_dat_cnt_reg[9]/R
                                                              3.076         
i_daisy/i_rx/par_rstn_o_reg/C  i_daisy/genblk3[0].i_test/rx_dat_reg[10]/R
                                                              3.088         
i_daisy/i_rx/par_rstn_o_reg/C  i_daisy/genblk3[0].i_test/rx_dat_reg[11]/R
                                                              3.088         
i_daisy/i_rx/par_rstn_o_reg/C  i_daisy/genblk3[0].i_test/rx_dat_reg[12]/R
                                                              3.088         
i_daisy/i_rx/par_rstn_o_reg/C  i_daisy/genblk3[0].i_test/rx_dat_reg[13]/R
                                                              3.088         
i_daisy/i_rx/par_rstn_o_reg/C  i_daisy/genblk3[0].i_test/rx_dat_reg[14]/R
                                                              3.088         
i_daisy/i_rx/par_rstn_o_reg/C  i_daisy/genblk3[0].i_test/rx_dat_reg[7]/R
                                                              3.088         
i_daisy/i_rx/par_rstn_o_reg/C  i_daisy/genblk3[0].i_test/rx_dat_reg[8]/R
                                                              3.088         
i_daisy/i_rx/par_rstn_o_reg/C  i_daisy/genblk3[0].i_test/rx_dat_reg[9]/R
                                                              3.088         
i_daisy/i_rx/par_rstn_o_reg/C  i_daisy/genblk3[0].i_test/rx_dat_inc_reg/R
                                                              3.183         
i_daisy/i_rx/par_rstn_o_reg/C  i_daisy/genblk3[0].i_test/rx_dat_reg[0]/R
                                                              3.183         
i_daisy/i_rx/par_rstn_o_reg/C  i_daisy/genblk3[0].i_test/rx_dat_reg[1]/R
                                                              3.183         
i_daisy/i_rx/par_rstn_o_reg/C  i_daisy/genblk3[0].i_test/rx_dat_reg[3]/R
                                                              3.183         
i_daisy/i_rx/par_rstn_o_reg/C  i_daisy/genblk3[0].i_test/rx_dat_reg[4]/R
                                                              3.183         
i_daisy/i_rx/par_rstn_o_reg/C  i_daisy/genblk3[0].i_test/rx_dat_reg[5]/R
                                                              3.183         
i_daisy/i_rx/par_rstn_o_reg/C  i_daisy/genblk3[0].i_test/rx_dat_reg[6]/R
                                                              3.183         
i_daisy/i_rx/par_rstn_o_reg/C  i_daisy/genblk3[0].i_test/rx_err_inc_reg/R
                                                              3.183         
i_daisy/i_rx/par_rstn_o_reg/C  i_daisy/genblk3[0].i_test/rx_dat_cnt_reg[12]/R
                                                              3.186         
i_daisy/i_rx/par_rstn_o_reg/C  i_daisy/genblk3[0].i_test/rx_dat_cnt_reg[13]/R
                                                              3.186         
i_daisy/i_rx/par_rstn_o_reg/C  i_daisy/genblk3[0].i_test/rx_dat_cnt_reg[14]/R
                                                              3.186         
i_daisy/i_rx/par_rstn_o_reg/C  i_daisy/genblk3[0].i_test/rx_dat_cnt_reg[15]/R
                                                              3.186         
i_daisy/i_rx/par_rstn_o_reg/C  i_daisy/genblk3[0].i_test/rx_err_cnt_reg[24]/R
                                                              3.214         
i_daisy/i_rx/par_rstn_o_reg/C  i_daisy/genblk3[0].i_test/rx_err_cnt_reg[25]/R
                                                              3.214         
i_daisy/i_rx/par_rstn_o_reg/C  i_daisy/genblk3[0].i_test/rx_err_cnt_reg[26]/R
                                                              3.214         
i_daisy/i_rx/par_rstn_o_reg/C  i_daisy/genblk3[0].i_test/rx_err_cnt_reg[27]/R
                                                              3.214         
i_daisy/i_rx/par_rstn_o_reg/C  i_daisy/genblk3[0].i_test/rx_dat_cnt_reg[16]/R
                                                              3.225         
i_daisy/i_rx/par_rstn_o_reg/C  i_daisy/genblk3[0].i_test/rx_dat_cnt_reg[17]/R
                                                              3.225         
i_daisy/i_rx/par_rstn_o_reg/C  i_daisy/genblk3[0].i_test/rx_dat_cnt_reg[18]/R
                                                              3.225         
i_daisy/i_rx/par_rstn_o_reg/C  i_daisy/genblk3[0].i_test/rx_dat_cnt_reg[19]/R
                                                              3.225         
i_daisy/i_rx/par_rstn_o_reg/C  i_daisy/genblk3[0].i_test/rx_dat_reg[15]/R
                                                              3.241         
i_daisy/i_rx/par_rstn_o_reg/C  i_daisy/genblk3[0].i_test/rx_dat_reg[2]/R
                                                              3.241         
i_daisy/i_rx/par_rstn_o_reg/C  i_daisy/genblk3[0].i_test/rx_dv_reg/R
                                                              3.241         
i_hk/digital_loop_reg[1]/C     dac_dat_b_reg[1]/S             3.325         
i_hk/digital_loop_reg[1]/C     dac_dat_b_reg[5]/S             3.325         
i_hk/digital_loop_reg[1]/C     dac_dat_b_reg[6]/S             3.325         
i_hk/digital_loop_reg[1]/C     dac_dat_b_reg[8]/S             3.325         
i_daisy/i_rx/par_rstn_o_reg/C  i_daisy/genblk3[0].i_test/rx_err_cnt_reg[0]/R
                                                              3.328         
i_daisy/i_rx/par_rstn_o_reg/C  i_daisy/genblk3[0].i_test/rx_err_cnt_reg[1]/R
                                                              3.328         
i_daisy/i_rx/par_rstn_o_reg/C  i_daisy/genblk3[0].i_test/rx_err_cnt_reg[2]/R
                                                              3.328         
i_daisy/i_rx/par_rstn_o_reg/C  i_daisy/genblk3[0].i_test/rx_err_cnt_reg[3]/R
                                                              3.328         
i_daisy/i_rx/par_rstn_o_reg/C  i_daisy/genblk3[0].i_test/rx_err_cnt_reg[28]/R
                                                              3.373         
i_daisy/i_rx/par_rstn_o_reg/C  i_daisy/genblk3[0].i_test/rx_err_cnt_reg[29]/R
                                                              3.373         
i_daisy/i_rx/par_rstn_o_reg/C  i_daisy/genblk3[0].i_test/rx_err_cnt_reg[30]/R
                                                              3.373         
i_daisy/i_rx/par_rstn_o_reg/C  i_daisy/genblk3[0].i_test/rx_err_cnt_reg[31]/R
                                                              3.373         
ps/system_i/processing_system7/inst/PS7_i/MAXIGP0ACLK
                               ps/axi_slave_gp0/wr_error_reg/D
                                                              3.406         
i_hk/digital_loop_reg[1]/C     dac_dat_a_reg[8]/S             3.420         
i_hk/digital_loop_reg[1]/C     dac_dat_a_reg[9]/S             3.420         
i_hk/digital_loop_reg[1]/C     dac_dat_b_reg[7]/S             3.420         
i_hk/digital_loop_reg[1]/C     dac_dat_b_reg[9]/S             3.420         
i_daisy/i_rx/par_rstn_o_reg/C  i_daisy/genblk3[0].i_test/rx_err_cnt_reg[20]/R
                                                              3.505         
i_daisy/i_rx/par_rstn_o_reg/C  i_daisy/genblk3[0].i_test/rx_err_cnt_reg[21]/R
                                                              3.505         
i_daisy/i_rx/par_rstn_o_reg/C  i_daisy/genblk3[0].i_test/rx_err_cnt_reg[22]/R
                                                              3.505         
i_daisy/i_rx/par_rstn_o_reg/C  i_daisy/genblk3[0].i_test/rx_err_cnt_reg[23]/R
                                                              3.505         
i_hk/digital_loop_reg[1]/C     dac_dat_a_reg[11]/S            3.506         
i_hk/digital_loop_reg[1]/C     dac_dat_a_reg[1]/S             3.506         
i_hk/digital_loop_reg[1]/C     dac_dat_b_reg[2]/S             3.506         
i_hk/digital_loop_reg[1]/C     dac_dat_b_reg[3]/S             3.506         
i_daisy/i_rx/par_rstn_o_reg/C  i_daisy/genblk3[0].i_test/rx_dat_cnt_reg[24]/R
                                                              3.524         
i_daisy/i_rx/par_rstn_o_reg/C  i_daisy/genblk3[0].i_test/rx_dat_cnt_reg[25]/R
                                                              3.524         
i_daisy/i_rx/par_rstn_o_reg/C  i_daisy/genblk3[0].i_test/rx_dat_cnt_reg[26]/R
                                                              3.524         
i_daisy/i_rx/par_rstn_o_reg/C  i_daisy/genblk3[0].i_test/rx_dat_cnt_reg[27]/R
                                                              3.524         
ps/system_i/processing_system7/inst/PS7_i/MAXIGP0ACLK
                               ps/axi_slave_gp0/rd_error_reg/D
                                                              3.525         
i_daisy/i_rx/par_rstn_o_reg/C  i_daisy/genblk3[0].i_test/rx_dat_cnt_reg[20]/R
                                                              3.533         
i_daisy/i_rx/par_rstn_o_reg/C  i_daisy/genblk3[0].i_test/rx_dat_cnt_reg[21]/R
                                                              3.533         
i_daisy/i_rx/par_rstn_o_reg/C  i_daisy/genblk3[0].i_test/rx_dat_cnt_reg[22]/R
                                                              3.533         
i_daisy/i_rx/par_rstn_o_reg/C  i_daisy/genblk3[0].i_test/rx_dat_cnt_reg[23]/R
                                                              3.533         
i_hk/digital_loop_reg[1]/C     dac_dat_b_reg[12]/S            3.545         
i_hk/digital_loop_reg[1]/C     dac_dat_b_reg[4]/S             3.545         
i_hk/digital_loop_reg[1]/C     dac_dat_a_reg[6]/S             3.640         
i_hk/digital_loop_reg[1]/C     dac_dat_a_reg[7]/S             3.640         
i_hk/digital_loop_reg[1]/C     dac_dat_b_reg[10]/S            3.640         
i_hk/digital_loop_reg[1]/C     dac_dat_b_reg[11]/S            3.640         
i_daisy/i_rx/par_rstn_o_reg/C  i_daisy/genblk3[0].i_test/rx_err_cnt_reg[10]/R
                                                              3.654         
i_daisy/i_rx/par_rstn_o_reg/C  i_daisy/genblk3[0].i_test/rx_err_cnt_reg[11]/R
                                                              3.654         
i_daisy/i_rx/par_rstn_o_reg/C  i_daisy/genblk3[0].i_test/rx_err_cnt_reg[8]/R
                                                              3.654         
i_daisy/i_rx/par_rstn_o_reg/C  i_daisy/genblk3[0].i_test/rx_err_cnt_reg[9]/R
                                                              3.654         
i_hk/i_freq_meter/ref_cnt_reg[10]/C
                               i_hk/i_freq_meter/ref_cnt_reg[24]/R
                                                              3.655         
i_hk/i_freq_meter/ref_cnt_reg[10]/C
                               i_hk/i_freq_meter/ref_cnt_reg[25]/R
                                                              3.655         
i_hk/i_freq_meter/ref_cnt_reg[10]/C
                               i_hk/i_freq_meter/ref_cnt_reg[26]/R
                                                              3.655         
i_hk/i_freq_meter/ref_cnt_reg[10]/C
                               i_hk/i_freq_meter/ref_cnt_reg[27]/R
                                                              3.655         
i_daisy/i_rx/par_rstn_o_reg/C  i_daisy/genblk3[0].i_test/rx_err_cnt_reg[4]/R
                                                              3.663         
i_daisy/i_rx/par_rstn_o_reg/C  i_daisy/genblk3[0].i_test/rx_err_cnt_reg[5]/R
                                                              3.663         
i_daisy/i_rx/par_rstn_o_reg/C  i_daisy/genblk3[0].i_test/rx_err_cnt_reg[6]/R
                                                              3.663         
i_daisy/i_rx/par_rstn_o_reg/C  i_daisy/genblk3[0].i_test/rx_err_cnt_reg[7]/R
                                                              3.663         
i_daisy/i_rx/par_rstn_o_reg/C  i_daisy/genblk3[0].i_test/rx_err_cnt_reg[16]/R
                                                              3.669         
i_daisy/i_rx/par_rstn_o_reg/C  i_daisy/genblk3[0].i_test/rx_err_cnt_reg[17]/R
                                                              3.669         
i_daisy/i_rx/par_rstn_o_reg/C  i_daisy/genblk3[0].i_test/rx_err_cnt_reg[18]/R
                                                              3.669         
i_daisy/i_rx/par_rstn_o_reg/C  i_daisy/genblk3[0].i_test/rx_err_cnt_reg[19]/R
                                                              3.669         
i_hk/digital_loop_reg[1]/C     dac_dat_a_reg[0]/S             3.797         
i_hk/digital_loop_reg[1]/C     dac_dat_a_reg[10]/S            3.797         
i_hk/digital_loop_reg[1]/C     dac_dat_a_reg[5]/S             3.797         
i_hk/digital_loop_reg[1]/C     dac_dat_b_reg[0]/S             3.797         
i_daisy/i_rx/par_rstn_o_reg/C  i_daisy/genblk3[0].i_test/rx_err_cnt_reg[12]/R
                                                              3.811         
i_daisy/i_rx/par_rstn_o_reg/C  i_daisy/genblk3[0].i_test/rx_err_cnt_reg[13]/R
                                                              3.811         
i_daisy/i_rx/par_rstn_o_reg/C  i_daisy/genblk3[0].i_test/rx_err_cnt_reg[14]/R
                                                              3.811         
i_daisy/i_rx/par_rstn_o_reg/C  i_daisy/genblk3[0].i_test/rx_err_cnt_reg[15]/R
                                                              3.811         
i_hk/i_freq_meter/ref_cnt_reg[10]/C
                               i_hk/i_freq_meter/ref_cnt_reg[28]/R
                                                              3.815         
i_hk/i_freq_meter/ref_cnt_reg[10]/C
                               i_hk/i_freq_meter/ref_cnt_reg[29]/R
                                                              3.815         
i_hk/i_freq_meter/ref_cnt_reg[10]/C
                               i_hk/i_freq_meter/ref_cnt_reg[30]/R
                                                              3.815         
i_hk/i_freq_meter/ref_cnt_reg[10]/C
                               i_hk/i_freq_meter/ref_cnt_reg[31]/R
                                                              3.815         
i_daisy/i_rx/genblk1[0].par_dat_r_reg[4]/C
                               i_daisy/i_rx/genblk1[0].par_ok_reg[0]/D
                                                              3.853         
ps/system_i/processing_system7/inst/PS7_i/MAXIGP0ACLK
                               ps/axi_slave_gp0/rd_araddr_reg[15]/CE
                                                              3.856         
ps/system_i/processing_system7/inst/PS7_i/MAXIGP0ACLK
                               ps/axi_slave_gp0/wr_wdata_reg[7]/CE
                                                              3.963         
ps/system_i/processing_system7/inst/PS7_i/MAXIGP0ACLK
                               ps/axi_slave_gp0/wr_wdata_reg[8]/CE
                                                              3.963         
ps/system_i/processing_system7/inst/PS7_i/MAXIGP0ACLK
                               ps/axi_slave_gp0/rd_araddr_reg[11]/CE
                                                              3.995         
ps/system_i/processing_system7/inst/PS7_i/MAXIGP0ACLK
                               ps/axi_slave_gp0/rd_araddr_reg[6]/CE
                                                              3.995         
ps/system_i/processing_system7/inst/PS7_i/MAXIGP0ACLK
                               ps/axi_slave_gp0/rd_araddr_reg[8]/CE
                                                              3.995         
ps/system_i/processing_system7/inst/PS7_i/MAXIGP0ACLK
                               ps/axi_slave_gp0/rd_araddr_reg[9]/CE
                                                              3.995         
i_hk/i_freq_meter/ref_cnt_reg[29]/C
                               i_hk/i_freq_meter/ref_cnt_reg[20]/R
                                                              4.003         
i_hk/i_freq_meter/ref_cnt_reg[29]/C
                               i_hk/i_freq_meter/ref_cnt_reg[21]/R
                                                              4.003         
i_hk/i_freq_meter/ref_cnt_reg[29]/C
                               i_hk/i_freq_meter/ref_cnt_reg[22]/R
                                                              4.003         
i_hk/i_freq_meter/ref_cnt_reg[29]/C
                               i_hk/i_freq_meter/ref_cnt_reg[23]/R
                                                              4.003         
i_hk/i_freq_meter/ref_cnt_reg[29]/C
                               i_hk/i_freq_meter/ref_cnt_reg[12]/R
                                                              4.010         
i_hk/i_freq_meter/ref_cnt_reg[29]/C
                               i_hk/i_freq_meter/ref_cnt_reg[13]/R
                                                              4.010         
i_hk/i_freq_meter/ref_cnt_reg[29]/C
                               i_hk/i_freq_meter/ref_cnt_reg[14]/R
                                                              4.010         
i_hk/i_freq_meter/ref_cnt_reg[29]/C
                               i_hk/i_freq_meter/ref_cnt_reg[15]/R
                                                              4.010         
i_hk/i_freq_meter/ref_cnt_reg[29]/C
                               i_hk/i_freq_meter/ref_cnt_reg[0]/S
                                                              4.016         
i_hk/i_freq_meter/ref_cnt_reg[29]/C
                               i_hk/i_freq_meter/ref_cnt_reg[1]/R
                                                              4.016         
i_hk/i_freq_meter/ref_cnt_reg[29]/C
                               i_hk/i_freq_meter/ref_cnt_reg[2]/R
                                                              4.016         
i_hk/i_freq_meter/ref_cnt_reg[29]/C
                               i_hk/i_freq_meter/ref_cnt_reg[3]/R
                                                              4.016         
i_daisy/i_rx/genblk1[0].par_dat_r_reg[4]/C
                               i_daisy/i_rx/genblk1[0].bitslip_l_reg/D
                                                              4.034         
ps/system_i/processing_system7/inst/PS7_i/MAXIGP0ACLK
                               ps/system_i/processing_system7/inst/PS7_i/MAXIGP0ARREADY
                                                              4.041         
i_daisy/genblk3[0].i_test/rx_dat_reg[5]/C
                               i_daisy/genblk3[0].i_test/rx_err_inc_reg/D
                                                              4.127         
i_hk/digital_loop_reg[1]/C     dac_dat_a_reg[13]/R            4.194         
i_hk/digital_loop_reg[1]/C     dac_dat_b_reg[13]/R            4.194         
i_daisy/genblk4[0].rxp_datr_reg[9]/C
                               i_daisy/genblk4[0].rxp_dv_n_reg/D
                                                              4.275         
i_daisy/i_rx/par_rstn_o_reg/C  i_daisy/i_rx/genblk1[0].par_dat_r_reg[0]/R
                                                              4.347         
i_daisy/i_rx/par_rstn_o_reg/C  i_daisy/i_rx/genblk1[0].par_dat_r_reg[10]/R
                                                              4.347         
i_daisy/i_rx/par_rstn_o_reg/C  i_daisy/i_rx/genblk1[0].par_dat_r_reg[11]/R
                                                              4.347         
i_daisy/i_rx/par_rstn_o_reg/C  i_daisy/i_rx/genblk1[0].par_dat_r_reg[15]/R
                                                              4.347         
i_daisy/i_rx/par_rstn_o_reg/C  i_daisy/i_rx/genblk1[0].par_dat_r_reg[3]/R
                                                              4.347         
i_daisy/i_rx/par_rstn_o_reg/C  i_daisy/i_rx/genblk1[0].par_dat_r_reg[6]/R
                                                              4.347         
i_daisy/i_rx/par_rstn_o_reg/C  i_daisy/i_rx/genblk1[0].par_dat_r_reg[7]/R
                                                              4.347         
i_daisy/i_rx/par_rstn_o_reg/C  i_daisy/i_rx/genblk1[0].par_dat_r_reg[8]/R
                                                              4.347         
dac_rst_reg/C                  oddr_dac_rst/D1                4.450         
i_hk/digital_loop_reg[1]/C     dac_dat_a_reg[12]/S            4.487         
i_hk/digital_loop_reg[1]/C     dac_dat_a_reg[2]/S             4.487         
i_hk/digital_loop_reg[1]/C     dac_dat_a_reg[3]/S             4.487         
i_hk/digital_loop_reg[1]/C     dac_dat_a_reg[4]/S             4.487         
i_daisy/genblk3[0].i_test/rx_dat_reg[8]/C
                               i_daisy/genblk3[0].i_test/rx_dat_inc_reg/D
                                                              4.498         
i_daisy/i_rx/par_rstn_o_reg/C  i_daisy/i_rx/genblk1[0].par_cnt_reg[0]/R
                                                              4.546         
i_daisy/i_rx/par_rstn_o_reg/C  i_daisy/i_rx/genblk1[0].par_cnt_reg[1]/R
                                                              4.546         
i_daisy/i_rx/par_rstn_o_reg/C  i_daisy/i_rx/genblk1[0].par_ok_reg[0]/R
                                                              4.546         
dac_dat_b_reg[1]/C             oddr_dac_dat[1]/D1             4.692         
dac_dat_b_reg[12]/C            oddr_dac_dat[12]/D1            4.829         
dac_dat_b_reg[5]/C             oddr_dac_dat[5]/D1             4.839         
rst_cnt_reg[1]/C               dac_rst_reg/D                  4.868         
dac_dat_b_reg[0]/C             oddr_dac_dat[0]/D1             4.876         
dac_dat_b_reg[3]/C             oddr_dac_dat[3]/D1             4.880         
dac_dat_b_reg[2]/C             oddr_dac_dat[2]/D1             5.002         
dac_dat_b_reg[4]/C             oddr_dac_dat[4]/D1             5.011         
dac_dat_b_reg[13]/C            oddr_dac_dat[13]/D1            5.030         
dac_dat_b_reg[6]/C             oddr_dac_dat[6]/D1             5.247         
dac_dat_b_reg[8]/C             oddr_dac_dat[8]/D1             5.302         
dac_dat_b_reg[9]/C             oddr_dac_dat[9]/D1             5.368         
dac_dat_b_reg[10]/C            oddr_dac_dat[10]/D1            5.441         
dac_dat_b_reg[11]/C            oddr_dac_dat[11]/D1            5.448         
dac_dat_b_reg[7]/C             oddr_dac_dat[7]/D1             5.465         



