Copyright 1986-2020 Xilinx, Inc. All Rights Reserved.
---------------------------------------------------------------------------------------------
| Tool Version : Vivado v.2020.1 (lin64) Build 2902540 Wed May 27 19:54:35 MDT 2020
| Date         : Thu Sep 17 15:40:46 2026
| Host         : LoloVictus running 64-bit Ubuntu 20.04.3 LTS
| Command      : report_timing_summary -file out/v3_event_ring/post_route_timing_summary.rpt
| Design       : event_ring_red_pitaya_top
| Device       : 7z010-clg400
| Speed File   : -1  PRODUCTION 1.12 2019-11-22
---------------------------------------------------------------------------------------------

Timing Summary Report

------------------------------------------------------------------------------------------------
| Timer Settings
| --------------
------------------------------------------------------------------------------------------------

  Enable Multi Corner Analysis               :  Yes
  Enable Pessimism Removal                   :  Yes
  Pessimism Removal Resolution               :  Nearest Common Node
  Enable Input Delay Default Clock           :  No
  Enable Preset / Clear Arcs                 :  No
  Disable Flight Delays                      :  No
  Ignore I/O Paths                           :  No
  Timing Early Launch at Borrowing Latches   :  No
  Borrow Time for Max Delay Exceptions       :  Yes
  Merge Timing Exceptions                    :  Yes

  Corner  Analyze    Analyze    
  Name    Max Paths  Min Paths  
  ------  ---------  ---------  
  Slow    Yes        Yes        
  Fast    Yes        Yes        



check_timing report

Table of Contents
-----------------
1. checking no_clock (52)
2. checking constant_clock (0)
3. checking pulse_width_clock (0)
4. checking unconstrained_internal_endpoints (19)
5. checking no_input_delay (17)
6. checking no_output_delay (50)
7. checking multiple_clock (0)
8. checking generated_clocks (0)
9. checking loops (0)
10. checking partial_input_delay (0)
11. checking partial_output_delay (0)
12. checking latch_loops (0)

1. checking no_clock (52)
-------------------------
 There are 17 register/latch pins with no clock driven by root clock pin: i_daisy/genblk4[0].tx_cfg_sel_reg[1]/Q (HIGH)

 There are 17 register/latch pins with no clock driven by root clock pin: i_daisy/genblk4[0].tx_cfg_sel_reg[2]/Q (HIGH)

 There are 17 register/latch pins with no clock driven by root clock pin: i_hk/daisy_mode_o_reg[0]/Q (HIGH)

 There is 1 register/latch pin with no clock driven by root clock pin: i_hk/dna_clk_reg/Q (HIGH)


2. checking constant_clock (0)
------------------------------
 There are 0 register/latch pins with constant_clock.


3. checking pulse_width_clock (0)
---------------------------------
 There are 0 register/latch pins which need pulse_width check


4. checking unconstrained_internal_endpoints (19)
-------------------------------------------------
 There are 19 pins that are not constrained for maximum delay. (HIGH)

 There are 0 pins that are not constrained for maximum delay due to constant clock.


5. checking no_input_delay (17)
-------------------------------
 There are 17 input ports with no input delay specified. (HIGH)

 There are 0 input ports with no input delay but user has a false path constraint.


6. checking no_output_delay (50)
--------------------------------
 There are 49 ports with no output delay specified. (HIGH)

 There are 0 ports with no output delay but user has a false path constraint

 There is 1 port with no output delay but with a timing clock defined on it or propagating through it (LOW)


7. checking multiple_clock (0)
------------------------------
 There are 0 register/latch pins with multiple clocks.


8. checking generated_clocks (0)
--------------------------------
 There are 0 generated clocks that are not connected to a clock source.


9. checking loops (0)
---------------------
 There are 0 combinational loops in the design.


10. checking partial_input_delay (0)
------------------------------------
 There are 0 input ports with partial input delay specified.


11. checking partial_output_delay (0)
-------------------------------------
 There are 0 ports with partial output delay specified.


12. checking latch_loops (0)
----------------------------
 There are 0 combinational latch loops in the design through latch input



------------------------------------------------------------------------------------------------
| Design Timing Summary
| ---------------------
------------------------------------------------------------------------------------------------

    WNS(ns)      TNS(ns)  TNS Failing Endpoints  TNS Total Endpoints      WHS(ns)      THS(ns)  THS Failing Endpoints  THS Total Endpoints     WPWS(ns)     TPWS(ns)  TPWS Failing Endpoints  TPWS Total Endpoints  
    -------      -------  ---------------------  -------------------      -------      -------  ---------------------  -------------------     --------     --------  ----------------------  --------------------  
      0.003        0.000                      0                31505        0.023        0.000                      0                31312        1.000        0.000                       0                 11406  


All user specified timing constraints are met.


------------------------------------------------------------------------------------------------
| Clock Summary
| -------------
------------------------------------------------------------------------------------------------

Clock             Waveform(ns)         Period(ns)      Frequency(MHz)
-----             ------------         ----------      --------------
adc_clk           {0.000 4.000}        8.000           125.000         
  clk_fb          {0.000 4.000}        8.000           125.000         
  pll_adc_clk     {0.000 4.000}        8.000           125.000         
  pll_dac_clk_1x  {0.000 4.000}        8.000           125.000         
  pll_dac_clk_2p  {-0.500 1.500}       4.000           250.000         
  pll_dac_clk_2x  {0.000 2.000}        4.000           250.000         
  pll_ser_clk     {0.000 2.000}        4.000           250.000         
clk_fpga_0        {0.000 4.000}        8.000           125.000         
clk_fpga_1        {0.000 2.000}        4.000           250.000         
clk_fpga_2        {0.000 10.000}       20.000          50.000          
clk_fpga_3        {0.000 2.500}        5.000           200.000         
dac_clk_o         {0.000 4.000}        8.000           125.000         
rx_clk            {0.000 2.000}        4.000           250.000         
  par_clk         {0.000 4.000}        8.000           125.000         


------------------------------------------------------------------------------------------------
| Intra Clock Table
| -----------------
------------------------------------------------------------------------------------------------

Clock                 WNS(ns)      TNS(ns)  TNS Failing Endpoints  TNS Total Endpoints      WHS(ns)      THS(ns)  THS Failing Endpoints  THS Total Endpoints     WPWS(ns)     TPWS(ns)  TPWS Failing Endpoints  TPWS Total Endpoints  
-----                 -------      -------  ---------------------  -------------------      -------      -------  ---------------------  -------------------     --------     --------  ----------------------  --------------------  
adc_clk                                                                                                                                                             2.000        0.000                       0                     1  
  clk_fb                                                                                                                                                            6.751        0.000                       0                     2  
  pll_adc_clk           0.070        0.000                      0                28145        0.023        0.000                      0                28145        2.750        0.000                       0                  9815  
  pll_dac_clk_1x        0.450        0.000                      0                   45        0.253        0.000                      0                   45        3.500        0.000                       0                    47  
  pll_dac_clk_2p                                                                                                                                                    1.845        0.000                       0                     3  
  pll_dac_clk_2x        0.266        0.000                      0                   53        0.185        0.000                      0                   53        1.500        0.000                       0                    23  
  pll_ser_clk                                                                                                                                                       1.845        0.000                       0                     4  
clk_fpga_0              0.454        0.000                      0                  434        0.160        0.000                      0                  434        3.500        0.000                       0                   236  
clk_fpga_3              0.003        0.000                      0                 2129        0.066        0.000                      0                 2129        1.000        0.000                       0                   987  
rx_clk                                                                                                                                                              2.333        0.000                       0                     4  
  par_clk               2.725        0.000                      0                  477        0.103        0.000                      0                  477        3.020        0.000                       0                   284  


------------------------------------------------------------------------------------------------
| Inter Clock Table
| -----------------
------------------------------------------------------------------------------------------------

From Clock      To Clock            WNS(ns)      TNS(ns)  TNS Failing Endpoints  TNS Total Endpoints      WHS(ns)      THS(ns)  THS Failing Endpoints  THS Total Endpoints  
----------      --------            -------      -------  ---------------------  -------------------      -------      -------  ---------------------  -------------------  
clk_fpga_0      pll_adc_clk           1.749        0.000                      0                  185                                                                        
pll_adc_clk     pll_dac_clk_1x        3.325        0.000                      0                   29        0.257        0.000                      0                   29  
pll_adc_clk     clk_fpga_0            0.628        0.000                      0                   40        0.972        0.000                      0                   32  


------------------------------------------------------------------------------------------------
| Other Path Groups Table
| -----------------------
------------------------------------------------------------------------------------------------

Path Group    From Clock    To Clock          WNS(ns)      TNS(ns)  TNS Failing Endpoints  TNS Total Endpoints      WHS(ns)      THS(ns)  THS Failing Endpoints  THS Total Endpoints  
----------    ----------    --------          -------      -------  ---------------------  -------------------      -------      -------  ---------------------  -------------------  


------------------------------------------------------------------------------------------------
| Timing Details
| --------------
------------------------------------------------------------------------------------------------


---------------------------------------------------------------------------------------------------
From Clock:  adc_clk
  To Clock:  adc_clk

Setup :           NA  Failing Endpoints,  Worst Slack           NA  ,  Total Violation           NA
Hold  :           NA  Failing Endpoints,  Worst Slack           NA  ,  Total Violation           NA
PW    :            0  Failing Endpoints,  Worst Slack        2.000ns,  Total Violation        0.000ns
---------------------------------------------------------------------------------------------------


Pulse Width Checks
--------------------------------------------------------------------------------------
Clock Name:         adc_clk
Waveform(ns):       { 0.000 4.000 }
Period(ns):         8.000
Sources:            { adc_clk_i[1] }

Check Type        Corner  Lib Pin           Reference Pin  Required(ns)  Actual(ns)  Slack(ns)  Location        Pin
Min Period        n/a     PLLE2_ADV/CLKIN1  n/a            1.249         8.000       6.751      PLLE2_ADV_X0Y0  pll/pll/CLKIN1
Max Period        n/a     PLLE2_ADV/CLKIN1  n/a            52.633        8.000       44.633     PLLE2_ADV_X0Y0  pll/pll/CLKIN1
Low Pulse Width   Fast    PLLE2_ADV/CLKIN1  n/a            2.000         4.000       2.000      PLLE2_ADV_X0Y0  pll/pll/CLKIN1
High Pulse Width  Slow    PLLE2_ADV/CLKIN1  n/a            2.000         4.000       2.000      PLLE2_ADV_X0Y0  pll/pll/CLKIN1



---------------------------------------------------------------------------------------------------
From Clock:  clk_fb
  To Clock:  clk_fb

Setup :           NA  Failing Endpoints,  Worst Slack           NA  ,  Total Violation           NA
Hold  :           NA  Failing Endpoints,  Worst Slack           NA  ,  Total Violation           NA
PW    :            0  Failing Endpoints,  Worst Slack        6.751ns,  Total Violation        0.000ns
---------------------------------------------------------------------------------------------------


Pulse Width Checks
--------------------------------------------------------------------------------------
Clock Name:         clk_fb
Waveform(ns):       { 0.000 4.000 }
Period(ns):         8.000
Sources:            { pll/pll/CLKFBOUT }

Check Type  Corner  Lib Pin             Reference Pin  Required(ns)  Actual(ns)  Slack(ns)  Location        Pin
Min Period  n/a     PLLE2_ADV/CLKFBOUT  n/a            1.249         8.000       6.751      PLLE2_ADV_X0Y0  pll/pll/CLKFBOUT
Max Period  n/a     PLLE2_ADV/CLKFBIN   n/a            52.633        8.000       44.633     PLLE2_ADV_X0Y0  pll/pll/CLKFBIN



---------------------------------------------------------------------------------------------------
From Clock:  pll_adc_clk
  To Clock:  pll_adc_clk

Setup :            0  Failing Endpoints,  Worst Slack        0.070ns,  Total Violation        0.000ns
Hold  :            0  Failing Endpoints,  Worst Slack        0.023ns,  Total Violation        0.000ns
PW    :            0  Failing Endpoints,  Worst Slack        2.750ns,  Total Violation        0.000ns
---------------------------------------------------------------------------------------------------


Max Delay Paths
--------------------------------------------------------------------------------------
Slack (MET) :             0.070ns  (required time - arrival time)
  Source:                 i_mca/g_hist_2d.i_hist_2d/mem_reg_2/CLKBWRCLK
                            (rising edge-triggered cell RAMB36E1 clocked by pll_adc_clk  {rise@0.000ns fall@4.000ns period=8.000ns})
  Destination:            i_mca/g_hist_2d.i_hist_2d/wdata2_reg[29]/D
                            (rising edge-triggered cell FDRE clocked by pll_adc_clk  {rise@0.000ns fall@4.000ns period=8.000ns})
  Path Group:             pll_adc_clk
  Path Type:              Setup (Max at Slow Process Corner)
  Requirement:            8.000ns  (pll_adc_clk rise@8.000ns - pll_adc_clk rise@0.000ns)
  Data Path Delay:        7.813ns  (logic 4.370ns (55.934%)  route 3.443ns (44.065%))
  Logic Levels:           11  (CARRY4=8 LUT4=2 LUT6=1)
  Clock Path Skew:        -0.110ns (DCD - SCD + CPR)
    Destination Clock Delay (DCD):    5.370ns = ( 13.370 - 8.000 ) 
    Source Clock Delay      (SCD):    5.938ns
    Clock Pessimism Removal (CPR):    0.457ns
  Clock Uncertainty:      0.069ns  ((TSJ^2 + DJ^2)^1/2) / 2 + PE
    Total System Jitter     (TSJ):    0.071ns
    Discrete Jitter          (DJ):    0.118ns
    Phase Error              (PE):    0.000ns

    Location             Delay type                Incr(ns)  Path(ns)    Netlist Resource(s)
  -------------------------------------------------------------------    -------------------
                         (clock pll_adc_clk rise edge)
                                                      0.000     0.000 r  
    U18                                               0.000     0.000 r  adc_clk_i[1] (IN)
                         net (fo=0)                   0.000     0.000    adc_clk_i[1]
    U18                  IBUFDS (Prop_ibufds_I_O)     0.983     0.983 r  i_clk/O
                         net (fo=1, routed)           1.306     2.289    pll/clk
    PLLE2_ADV_X0Y0       PLLE2_ADV (Prop_plle2_adv_CLKIN1_CLKOUT0)
                                                      0.089     2.378 r  pll/pll/CLKOUT0
                         net (fo=1, routed)           1.754     4.132    pll_adc_clk
    BUFGCTRL_X0Y0        BUFG (Prop_bufg_I_O)         0.101     4.233 r  bufg_adc_clk/O
                         net (fo=9817, routed)        1.704     5.938    i_mca/g_hist_2d.i_hist_2d/clk_i
    RAMB36_X0Y13         RAMB36E1                                     r  i_mca/g_hist_2d.i_hist_2d/mem_reg_2/CLKBWRCLK
  -------------------------------------------------------------------    -------------------
    RAMB36_X0Y13         RAMB36E1 (Prop_ramb36e1_CLKBWRCLK_DOBDO[0])
                                                      2.454     8.392 f  i_mca/g_hist_2d.i_hist_2d/mem_reg_2/DOBDO[0]
                         net (fo=3, routed)           1.344     9.736    i_mca/g_hist_2d.i_hist_2d/pb_dout[8]
    SLICE_X15Y65         LUT4 (Prop_lut4_I1_O)        0.124     9.860 r  i_mca/g_hist_2d.i_hist_2d/full_o_i_11/O
                         net (fo=1, routed)           0.907    10.766    i_mca/g_hist_2d.i_hist_2d/full_o_i_11_n_0
    SLICE_X17Y56         LUT4 (Prop_lut4_I3_O)        0.124    10.890 r  i_mca/g_hist_2d.i_hist_2d/full_o_i_3/O
                         net (fo=3, routed)           0.712    11.602    i_mca/g_hist_2d.i_hist_2d/full_o_i_3_n_0
    SLICE_X14Y61         LUT6 (Prop_lut6_I3_O)        0.124    11.726 r  i_mca/g_hist_2d.i_hist_2d/wdata2[0]_i_2/O
                         net (fo=1, routed)           0.480    12.206    i_mca/g_hist_2d.i_hist_2d/in
    SLICE_X14Y62         CARRY4 (Prop_carry4_DI[0]_CO[3])
                                                      0.526    12.732 r  i_mca/g_hist_2d.i_hist_2d/wdata2_reg[0]_i_1/CO[3]
                         net (fo=1, routed)           0.000    12.732    i_mca/g_hist_2d.i_hist_2d/wdata2_reg[0]_i_1_n_0
    SLICE_X14Y63         CARRY4 (Prop_carry4_CI_CO[3])
                                                      0.114    12.846 r  i_mca/g_hist_2d.i_hist_2d/wdata2_reg[4]_i_1/CO[3]
                         net (fo=1, routed)           0.000    12.846    i_mca/g_hist_2d.i_hist_2d/wdata2_reg[4]_i_1_n_0
    SLICE_X14Y64         CARRY4 (Prop_carry4_CI_CO[3])
                                                      0.114    12.960 r  i_mca/g_hist_2d.i_hist_2d/wdata2_reg[8]_i_1/CO[3]
                         net (fo=1, routed)           0.000    12.960    i_mca/g_hist_2d.i_hist_2d/wdata2_reg[8]_i_1_n_0
    SLICE_X14Y65         CARRY4 (Prop_carry4_CI_CO[3])
                                                      0.114    13.074 r  i_mca/g_hist_2d.i_hist_2d/wdata2_reg[12]_i_1/CO[3]
                         net (fo=1, routed)           0.000    13.074    i_mca/g_hist_2d.i_hist_2d/wdata2_reg[12]_i_1_n_0
    SLICE_X14Y66         CARRY4 (Prop_carry4_CI_CO[3])
                                                      0.114    13.188 r  i_mca/g_hist_2d.i_hist_2d/wdata2_reg[16]_i_1/CO[3]
                         net (fo=1, routed)           0.000    13.188    i_mca/g_hist_2d.i_hist_2d/wdata2_reg[16]_i_1_n_0
    SLICE_X14Y67         CARRY4 (Prop_carry4_CI_CO[3])
                                                      0.114    13.302 r  i_mca/g_hist_2d.i_hist_2d/wdata2_reg[20]_i_1/CO[3]
                         net (fo=1, routed)           0.000    13.302    i_mca/g_hist_2d.i_hist_2d/wdata2_reg[20]_i_1_n_0
    SLICE_X14Y68         CARRY4 (Prop_carry4_CI_CO[3])
                                                      0.114    13.416 r  i_mca/g_hist_2d.i_hist_2d/wdata2_reg[24]_i_1/CO[3]
                         net (fo=1, routed)           0.000    13.416    i_mca/g_hist_2d.i_hist_2d/wdata2_reg[24]_i_1_n_0
    SLICE_X14Y69         CARRY4 (Prop_carry4_CI_O[1])
                                                      0.334    13.750 r  i_mca/g_hist_2d.i_hist_2d/wdata2_reg[28]_i_1/O[1]
                         net (fo=1, routed)           0.000    13.750    i_mca/g_hist_2d.i_hist_2d/wdata2_reg[28]_i_1_n_6
    SLICE_X14Y69         FDRE                                         r  i_mca/g_hist_2d.i_hist_2d/wdata2_reg[29]/D
  -------------------------------------------------------------------    -------------------

                         (clock pll_adc_clk rise edge)
                                                      8.000     8.000 r  
    U18                                               0.000     8.000 r  adc_clk_i[1] (IN)
                         net (fo=0)                   0.000     8.000    adc_clk_i[1]
    U18                  IBUFDS (Prop_ibufds_I_O)     0.940     8.940 r  i_clk/O
                         net (fo=1, routed)           1.181    10.121    pll/clk
    PLLE2_ADV_X0Y0       PLLE2_ADV (Prop_plle2_adv_CLKIN1_CLKOUT0)
                                                      0.084    10.205 r  pll/pll/CLKOUT0
                         net (fo=1, routed)           1.594    11.799    pll_adc_clk
    BUFGCTRL_X0Y0        BUFG (Prop_bufg_I_O)         0.091    11.890 r  bufg_adc_clk/O
                         net (fo=9817, routed)        1.480    13.370    i_mca/g_hist_2d.i_hist_2d/clk_i
    SLICE_X14Y69         FDRE                                         r  i_mca/g_hist_2d.i_hist_2d/wdata2_reg[29]/C
                         clock pessimism              0.457    13.827    
                         clock uncertainty           -0.069    13.758    
    SLICE_X14Y69         FDRE (Setup_fdre_C_D)        0.062    13.820    i_mca/g_hist_2d.i_hist_2d/wdata2_reg[29]
  -------------------------------------------------------------------
                         required time                         13.820    
                         arrival time                         -13.750    
  -------------------------------------------------------------------
                         slack                                  0.070    





Min Delay Paths
--------------------------------------------------------------------------------------
Slack (MET) :             0.023ns  (arrival time - required time)
  Source:                 i_mca/cfg_baseline_reg[10]/C
                            (rising edge-triggered cell FDRE clocked by pll_adc_clk  {rise@0.000ns fall@4.000ns period=8.000ns})
  Destination:            i_mca/i_feat/baseline_reg[10]/D
                            (rising edge-triggered cell FDRE clocked by pll_adc_clk  {rise@0.000ns fall@4.000ns period=8.000ns})
  Path Group:             pll_adc_clk
  Path Type:              Hold (Min at Fast Process Corner)
  Requirement:            0.000ns  (pll_adc_clk rise@24.000ns - pll_adc_clk rise@24.000ns)
  Data Path Delay:        0.378ns  (logic 0.186ns (49.201%)  route 0.192ns (50.799%))
  Logic Levels:           1  (LUT3=1)
  Clock Path Skew:        0.264ns (DCD - SCD - CPR)
    Destination Clock Delay (DCD):    2.366ns
    Source Clock Delay      (SCD):    1.971ns
    Clock Pessimism Removal (CPR):    0.130ns
  Timing Exception:       MultiCycle Path   Setup -end   4    Hold  -start 3

    Location             Delay type                Incr(ns)  Path(ns)    Netlist Resource(s)
  -------------------------------------------------------------------    -------------------
                         (clock pll_adc_clk rise edge)
                                                     24.000    24.000 r  
    U18                                               0.000    24.000 r  adc_clk_i[1] (IN)
                         net (fo=0)                   0.000    24.000    adc_clk_i[1]
    U18                  IBUFDS (Prop_ibufds_I_O)     0.401    24.401 r  i_clk/O
                         net (fo=1, routed)           0.440    24.842    pll/clk
    PLLE2_ADV_X0Y0       PLLE2_ADV (Prop_plle2_adv_CLKIN1_CLKOUT0)
                                                      0.051    24.893 r  pll/pll/CLKOUT0
                         net (fo=1, routed)           0.497    25.390    pll_adc_clk
    BUFGCTRL_X0Y0        BUFG (Prop_bufg_I_O)         0.026    25.416 r  bufg_adc_clk/O
                         net (fo=9817, routed)        0.556    25.971    i_mca/adc_clk_i
    SLICE_X23Y88         FDRE                                         r  i_mca/cfg_baseline_reg[10]/C
  -------------------------------------------------------------------    -------------------
    SLICE_X23Y88         FDRE (Prop_fdre_C_Q)         0.141    26.112 r  i_mca/cfg_baseline_reg[10]/Q
                         net (fo=2, routed)           0.192    26.304    i_mca/i_feat/cfg_baseline_i[10]
    SLICE_X21Y87         LUT3 (Prop_lut3_I2_O)        0.045    26.349 r  i_mca/i_feat/baseline[10]_i_1/O
                         net (fo=1, routed)           0.000    26.349    i_mca/i_feat/baseline[10]_i_1_n_0
    SLICE_X21Y87         FDRE                                         r  i_mca/i_feat/baseline_reg[10]/D
  -------------------------------------------------------------------    -------------------

                         (clock pll_adc_clk rise edge)
                                                     24.000    24.000 r  
    U18                                               0.000    24.000 r  adc_clk_i[1] (IN)
                         net (fo=0)                   0.000    24.000    adc_clk_i[1]
    U18                  IBUFDS (Prop_ibufds_I_O)     0.433    24.433 r  i_clk/O
                         net (fo=1, routed)           0.481    24.914    pll/clk
    PLLE2_ADV_X0Y0       PLLE2_ADV (Prop_plle2_adv_CLKIN1_CLKOUT0)
                                                      0.054    24.968 r  pll/pll/CLKOUT0
                         net (fo=1, routed)           0.544    25.512    pll_adc_clk
    BUFGCTRL_X0Y0        BUFG (Prop_bufg_I_O)         0.029    25.541 r  bufg_adc_clk/O
                         net (fo=9817, routed)        0.825    26.366    i_mca/i_feat/clk_i
    SLICE_X21Y87         FDRE                                         r  i_mca/i_feat/baseline_reg[10]/C
                         clock pessimism             -0.130    26.236    
    SLICE_X21Y87         FDRE (Hold_fdre_C_D)         0.091    26.327    i_mca/i_feat/baseline_reg[10]
  -------------------------------------------------------------------
                         required time                        -26.327    
                         arrival time                          26.349    
  -------------------------------------------------------------------
                         slack                                  0.023    





Pulse Width Checks
--------------------------------------------------------------------------------------
Clock Name:         pll_adc_clk
Waveform(ns):       { 0.000 4.000 }
Period(ns):         8.000
Sources:            { pll/pll/CLKOUT0 }

Check Type        Corner  Lib Pin            Reference Pin  Required(ns)  Actual(ns)  Slack(ns)  Location        Pin
Min Period        n/a     DSP48E1/CLK        n/a            3.884         8.000       4.116      DSP48_X0Y15     i_scope/genblk2[0].i_calib_ch/gain_calc_r1__0/CLK
Max Period        n/a     PLLE2_ADV/CLKOUT0  n/a            160.000       8.000       152.000    PLLE2_ADV_X0Y0  pll/pll/CLKOUT0
Low Pulse Width   Slow    RAMD32/CLK         n/a            1.250         4.000       2.750      SLICE_X4Y14     ps/axi_master_1/axi_wfifo_reg_0_15_18_23/RAMA/CLK
High Pulse Width  Slow    RAMD32/CLK         n/a            1.250         4.000       2.750      SLICE_X4Y12     ps/axi_master_1/axi_wfifo_reg_0_15_12_17/RAMA/CLK



---------------------------------------------------------------------------------------------------
From Clock:  pll_dac_clk_1x
  To Clock:  pll_dac_clk_1x

Setup :            0  Failing Endpoints,  Worst Slack        0.450ns,  Total Violation        0.000ns
Hold  :            0  Failing Endpoints,  Worst Slack        0.253ns,  Total Violation        0.000ns
PW    :            0  Failing Endpoints,  Worst Slack        3.500ns,  Total Violation        0.000ns
---------------------------------------------------------------------------------------------------


Max Delay Paths
--------------------------------------------------------------------------------------
Slack (MET) :             0.450ns  (required time - arrival time)
  Source:                 dac_rst_reg/C
                            (rising edge-triggered cell FDRE clocked by pll_dac_clk_1x  {rise@0.000ns fall@4.000ns period=8.000ns})
  Destination:            oddr_dac_rst/D2
                            (falling edge-triggered cell ODDR clocked by pll_dac_clk_1x  {rise@0.000ns fall@4.000ns period=8.000ns})
  Path Group:             pll_dac_clk_1x
  Path Type:              Setup (Max at Slow Process Corner)
  Requirement:            4.000ns  (pll_dac_clk_1x fall@4.000ns - pll_dac_clk_1x rise@0.000ns)
  Data Path Delay:        2.580ns  (logic 0.456ns (17.676%)  route 2.124ns (82.324%))
  Logic Levels:           0  
  Clock Path Skew:        -0.068ns (DCD - SCD + CPR)
    Destination Clock Delay (DCD):    5.434ns = ( 9.434 - 4.000 ) 
    Source Clock Delay      (SCD):    5.959ns
    Clock Pessimism Removal (CPR):    0.457ns
  Clock Uncertainty:      0.069ns  ((TSJ^2 + DJ^2)^1/2) / 2 + PE
    Total System Jitter     (TSJ):    0.071ns
    Discrete Jitter          (DJ):    0.118ns
    Phase Error              (PE):    0.000ns

    Location             Delay type                Incr(ns)  Path(ns)    Netlist Resource(s)
  -------------------------------------------------------------------    -------------------
                         (clock pll_dac_clk_1x rise edge)
                                                      0.000     0.000 r  
    U18                                               0.000     0.000 r  adc_clk_i[1] (IN)
                         net (fo=0)                   0.000     0.000    adc_clk_i[1]
    U18                  IBUFDS (Prop_ibufds_I_O)     0.983     0.983 r  i_clk/O
                         net (fo=1, routed)           1.306     2.289    pll/clk
    PLLE2_ADV_X0Y0       PLLE2_ADV (Prop_plle2_adv_CLKIN1_CLKOUT1)
                                                      0.089     2.378 r  pll/pll/CLKOUT1
                         net (fo=1, routed)           1.754     4.132    pll_dac_clk_1x
    BUFGCTRL_X0Y4        BUFG (Prop_bufg_I_O)         0.101     4.233 r  bufg_dac_clk_1x/O
                         net (fo=45, routed)          1.726     5.959    dac_clk_1x
    SLICE_X43Y72         FDRE                                         r  dac_rst_reg/C
  -------------------------------------------------------------------    -------------------
    SLICE_X43Y72         FDRE (Prop_fdre_C_Q)         0.456     6.415 r  dac_rst_reg/Q
                         net (fo=17, routed)          2.124     8.539    dac_rst
    OLOGIC_X0Y58         ODDR                                         r  oddr_dac_rst/D2
  -------------------------------------------------------------------    -------------------

                         (clock pll_dac_clk_1x fall edge)
                                                      4.000     4.000 f  
    U18                                               0.000     4.000 f  adc_clk_i[1] (IN)
                         net (fo=0)                   0.000     4.000    adc_clk_i[1]
    U18                  IBUFDS (Prop_ibufds_I_O)     0.940     4.940 f  i_clk/O
                         net (fo=1, routed)           1.181     6.121    pll/clk
    PLLE2_ADV_X0Y0       PLLE2_ADV (Prop_plle2_adv_CLKIN1_CLKOUT1)
                                                      0.084     6.205 f  pll/pll/CLKOUT1
                         net (fo=1, routed)           1.594     7.799    pll_dac_clk_1x
    BUFGCTRL_X0Y4        BUFG (Prop_bufg_I_O)         0.091     7.890 f  bufg_dac_clk_1x/O
                         net (fo=45, routed)          1.544     9.434    dac_clk_1x
    OLOGIC_X0Y58         ODDR                                         f  oddr_dac_rst/C
                         clock pessimism              0.457     9.892    
                         clock uncertainty           -0.069     9.823    
    OLOGIC_X0Y58         ODDR (Setup_oddr_C_D2)      -0.834     8.989    oddr_dac_rst
  -------------------------------------------------------------------
                         required time                          8.989    
                         arrival time                          -8.539    
  -------------------------------------------------------------------
                         slack                                  0.450    





Min Delay Paths
--------------------------------------------------------------------------------------
Slack (MET) :             0.253ns  (arrival time - required time)
  Source:                 dac_rst_reg/C
                            (rising edge-triggered cell FDRE clocked by pll_dac_clk_1x  {rise@0.000ns fall@4.000ns period=8.000ns})
  Destination:            oddr_dac_dat[5]/R
                            (rising edge-triggered cell ODDR clocked by pll_dac_clk_1x  {rise@0.000ns fall@4.000ns period=8.000ns})
  Path Group:             pll_dac_clk_1x
  Path Type:              Hold (Min at Fast Process Corner)
  Requirement:            0.000ns  (pll_dac_clk_1x rise@0.000ns - pll_dac_clk_1x rise@0.000ns)
  Data Path Delay:        0.762ns  (logic 0.141ns (18.509%)  route 0.621ns (81.491%))
  Logic Levels:           0  
  Clock Path Skew:        0.033ns (DCD - SCD - CPR)
    Destination Clock Delay (DCD):    2.388ns
    Source Clock Delay      (SCD):    1.995ns
    Clock Pessimism Removal (CPR):    0.360ns

    Location             Delay type                Incr(ns)  Path(ns)    Netlist Resource(s)
  -------------------------------------------------------------------    -------------------
                         (clock pll_dac_clk_1x rise edge)
                                                      0.000     0.000 r  
    U18                                               0.000     0.000 r  adc_clk_i[1] (IN)
                         net (fo=0)                   0.000     0.000    adc_clk_i[1]
    U18                  IBUFDS (Prop_ibufds_I_O)     0.401     0.401 r  i_clk/O
                         net (fo=1, routed)           0.440     0.842    pll/clk
    PLLE2_ADV_X0Y0       PLLE2_ADV (Prop_plle2_adv_CLKIN1_CLKOUT1)
                                                      0.051     0.893 r  pll/pll/CLKOUT1
                         net (fo=1, routed)           0.497     1.390    pll_dac_clk_1x
    BUFGCTRL_X0Y4        BUFG (Prop_bufg_I_O)         0.026     1.416 r  bufg_dac_clk_1x/O
                         net (fo=45, routed)          0.580     1.995    dac_clk_1x
    SLICE_X43Y72         FDRE                                         r  dac_rst_reg/C
  -------------------------------------------------------------------    -------------------
    SLICE_X43Y72         FDRE (Prop_fdre_C_Q)         0.141     2.136 r  dac_rst_reg/Q
                         net (fo=17, routed)          0.621     2.757    dac_rst
    OLOGIC_X0Y79         ODDR                                         r  oddr_dac_dat[5]/R
  -------------------------------------------------------------------    -------------------

                         (clock pll_dac_clk_1x rise edge)
                                                      0.000     0.000 r  
    U18                                               0.000     0.000 r  adc_clk_i[1] (IN)
                         net (fo=0)                   0.000     0.000    adc_clk_i[1]
    U18                  IBUFDS (Prop_ibufds_I_O)     0.433     0.433 r  i_clk/O
                         net (fo=1, routed)           0.481     0.914    pll/clk
    PLLE2_ADV_X0Y0       PLLE2_ADV (Prop_plle2_adv_CLKIN1_CLKOUT1)
                                                      0.054     0.968 r  pll/pll/CLKOUT1
                         net (fo=1, routed)           0.544     1.512    pll_dac_clk_1x
    BUFGCTRL_X0Y4        BUFG (Prop_bufg_I_O)         0.029     1.541 r  bufg_dac_clk_1x/O
                         net (fo=45, routed)          0.847     2.388    dac_clk_1x
    OLOGIC_X0Y79         ODDR                                         r  oddr_dac_dat[5]/C
                         clock pessimism             -0.360     2.028    
    OLOGIC_X0Y79         ODDR (Hold_oddr_C_R)         0.476     2.504    oddr_dac_dat[5]
  -------------------------------------------------------------------
                         required time                         -2.504    
                         arrival time                           2.757    
  -------------------------------------------------------------------
                         slack                                  0.253    





Pulse Width Checks
--------------------------------------------------------------------------------------
Clock Name:         pll_dac_clk_1x
Waveform(ns):       { 0.000 4.000 }
Period(ns):         8.000
Sources:            { pll/pll/CLKOUT1 }

Check Type        Corner  Lib Pin            Reference Pin  Required(ns)  Actual(ns)  Slack(ns)  Location        Pin
Min Period        n/a     BUFG/I             n/a            2.155         8.000       5.845      BUFGCTRL_X0Y4   bufg_dac_clk_1x/I
Max Period        n/a     PLLE2_ADV/CLKOUT1  n/a            160.000       8.000       152.000    PLLE2_ADV_X0Y0  pll/pll/CLKOUT1
Low Pulse Width   Slow    FDSE/C             n/a            0.500         4.000       3.500      SLICE_X43Y53    dac_dat_a_reg[0]/C
High Pulse Width  Slow    FDSE/C             n/a            0.500         4.000       3.500      SLICE_X43Y51    dac_dat_a_reg[11]/C



---------------------------------------------------------------------------------------------------
From Clock:  pll_dac_clk_2p
  To Clock:  pll_dac_clk_2p

Setup :           NA  Failing Endpoints,  Worst Slack           NA  ,  Total Violation           NA
Hold  :           NA  Failing Endpoints,  Worst Slack           NA  ,  Total Violation           NA
PW    :            0  Failing Endpoints,  Worst Slack        1.845ns,  Total Violation        0.000ns
---------------------------------------------------------------------------------------------------


Pulse Width Checks
--------------------------------------------------------------------------------------
Clock Name:         pll_dac_clk_2p
Waveform(ns):       { -0.500 1.500 }
Period(ns):         4.000
Sources:            { pll/pll/CLKOUT3 }

Check Type  Corner  Lib Pin            Reference Pin  Required(ns)  Actual(ns)  Slack(ns)  Location        Pin
Min Period  n/a     BUFG/I             n/a            2.155         4.000       1.845      BUFGCTRL_X0Y7   bufg_dac_clk_2p/I
Max Period  n/a     PLLE2_ADV/CLKOUT3  n/a            160.000       4.000       156.000    PLLE2_ADV_X0Y0  pll/pll/CLKOUT3



---------------------------------------------------------------------------------------------------
From Clock:  pll_dac_clk_2x
  To Clock:  pll_dac_clk_2x

Setup :            0  Failing Endpoints,  Worst Slack        0.266ns,  Total Violation        0.000ns
Hold  :            0  Failing Endpoints,  Worst Slack        0.185ns,  Total Violation        0.000ns
PW    :            0  Failing Endpoints,  Worst Slack        1.500ns,  Total Violation        0.000ns
---------------------------------------------------------------------------------------------------


Max Delay Paths
--------------------------------------------------------------------------------------
Slack (MET) :             0.266ns  (required time - arrival time)
  Source:                 ps/system_i/processing_system7/inst/PS7_i/SAXIHP3ACLK
                            (rising edge-triggered cell PS7 clocked by pll_dac_clk_2x  {rise@0.000ns fall@2.000ns period=4.000ns})
  Destination:            ps/axi_master_3/axi_awvalid_o_reg/D
                            (rising edge-triggered cell FDRE clocked by pll_dac_clk_2x  {rise@0.000ns fall@2.000ns period=4.000ns})
  Path Group:             pll_dac_clk_2x
  Path Type:              Setup (Max at Slow Process Corner)
  Requirement:            4.000ns  (pll_dac_clk_2x rise@4.000ns - pll_dac_clk_2x rise@0.000ns)
  Data Path Delay:        3.255ns  (logic 1.561ns (47.955%)  route 1.694ns (52.045%))
  Logic Levels:           2  (LUT3=1 LUT6=1)
  Clock Path Skew:        -0.148ns (DCD - SCD + CPR)
    Destination Clock Delay (DCD):    5.420ns = ( 9.420 - 4.000 ) 
    Source Clock Delay      (SCD):    6.026ns
    Clock Pessimism Removal (CPR):    0.458ns
  Clock Uncertainty:      0.063ns  ((TSJ^2 + DJ^2)^1/2) / 2 + PE
    Total System Jitter     (TSJ):    0.071ns
    Discrete Jitter          (DJ):    0.104ns
    Phase Error              (PE):    0.000ns

    Location             Delay type                Incr(ns)  Path(ns)    Netlist Resource(s)
  -------------------------------------------------------------------    -------------------
                         (clock pll_dac_clk_2x rise edge)
                                                      0.000     0.000 r  
    U18                                               0.000     0.000 r  adc_clk_i[1] (IN)
                         net (fo=0)                   0.000     0.000    adc_clk_i[1]
    U18                  IBUFDS (Prop_ibufds_I_O)     0.983     0.983 r  i_clk/O
                         net (fo=1, routed)           1.306     2.289    pll/clk
    PLLE2_ADV_X0Y0       PLLE2_ADV (Prop_plle2_adv_CLKIN1_CLKOUT2)
                                                      0.089     2.378 r  pll/pll/CLKOUT2
                         net (fo=2, routed)           1.754     4.132    pll_dac_clk_2x
    BUFGCTRL_X0Y5        BUFG (Prop_bufg_I_O)         0.101     4.233 r  bufg_dac_axi_clk/O
                         net (fo=20, routed)          1.793     6.026    ps/system_i/processing_system7/inst/S_AXI_HP3_ACLK
    PS7_X0Y0             PS7                                          r  ps/system_i/processing_system7/inst/PS7_i/SAXIHP3ACLK
  -------------------------------------------------------------------    -------------------
    PS7_X0Y0             PS7 (Prop_ps7_SAXIHP3ACLK_SAXIHP3AWREADY)
                                                      1.319     7.345 r  ps/system_i/processing_system7/inst/PS7_i/SAXIHP3AWREADY
                         net (fo=3, routed)           0.628     7.972    ps/axi_master_3/axi_awready_i
    SLICE_X1Y26          LUT6 (Prop_lut6_I5_O)        0.124     8.096 r  ps/axi_master_3/axi_awfill_lvl[3]_i_1/O
                         net (fo=6, routed)           0.555     8.651    ps/axi_master_3/axi_awpop
    SLICE_X1Y25          LUT3 (Prop_lut3_I0_O)        0.118     8.769 r  ps/axi_master_3/axi_awvalid_o_i_2/O
                         net (fo=1, routed)           0.512     9.281    ps/axi_master_3/axi_awvalid_o_i_2_n_0
    SLICE_X1Y24          FDRE                                         r  ps/axi_master_3/axi_awvalid_o_reg/D
  -------------------------------------------------------------------    -------------------

                         (clock pll_dac_clk_2x rise edge)
                                                      4.000     4.000 r  
    U18                                               0.000     4.000 r  adc_clk_i[1] (IN)
                         net (fo=0)                   0.000     4.000    adc_clk_i[1]
    U18                  IBUFDS (Prop_ibufds_I_O)     0.940     4.940 r  i_clk/O
                         net (fo=1, routed)           1.181     6.121    pll/clk
    PLLE2_ADV_X0Y0       PLLE2_ADV (Prop_plle2_adv_CLKIN1_CLKOUT2)
                                                      0.084     6.205 r  pll/pll/CLKOUT2
                         net (fo=2, routed)           1.594     7.799    pll_dac_clk_2x
    BUFGCTRL_X0Y5        BUFG (Prop_bufg_I_O)         0.091     7.890 r  bufg_dac_axi_clk/O
                         net (fo=20, routed)          1.530     9.420    ps/axi_master_3/axi_clk_i
    SLICE_X1Y24          FDRE                                         r  ps/axi_master_3/axi_awvalid_o_reg/C
                         clock pessimism              0.458     9.878    
                         clock uncertainty           -0.063     9.815    
    SLICE_X1Y24          FDRE (Setup_fdre_C_D)       -0.269     9.546    ps/axi_master_3/axi_awvalid_o_reg
  -------------------------------------------------------------------
                         required time                          9.546    
                         arrival time                          -9.281    
  -------------------------------------------------------------------
                         slack                                  0.266    





Min Delay Paths
--------------------------------------------------------------------------------------
Slack (MET) :             0.185ns  (arrival time - required time)
  Source:                 ps/axi_master_3/axi_rfill_lvl_reg[0]/C
                            (rising edge-triggered cell FDRE clocked by pll_dac_clk_2x  {rise@0.000ns fall@2.000ns period=4.000ns})
  Destination:            ps/axi_master_3/rdata_in_reg_reg/D
                            (rising edge-triggered cell FDRE clocked by pll_dac_clk_2x  {rise@0.000ns fall@2.000ns period=4.000ns})
  Path Group:             pll_dac_clk_2x
  Path Type:              Hold (Min at Fast Process Corner)
  Requirement:            0.000ns  (pll_dac_clk_2x rise@0.000ns - pll_dac_clk_2x rise@0.000ns)
  Data Path Delay:        0.289ns  (logic 0.186ns (64.428%)  route 0.103ns (35.572%))
  Logic Levels:           1  (LUT6=1)
  Clock Path Skew:        0.013ns (DCD - SCD - CPR)
    Destination Clock Delay (DCD):    2.381ns
    Source Clock Delay      (SCD):    1.990ns
    Clock Pessimism Removal (CPR):    0.378ns

    Location             Delay type                Incr(ns)  Path(ns)    Netlist Resource(s)
  -------------------------------------------------------------------    -------------------
                         (clock pll_dac_clk_2x rise edge)
                                                      0.000     0.000 r  
    U18                                               0.000     0.000 r  adc_clk_i[1] (IN)
                         net (fo=0)                   0.000     0.000    adc_clk_i[1]
    U18                  IBUFDS (Prop_ibufds_I_O)     0.401     0.401 r  i_clk/O
                         net (fo=1, routed)           0.440     0.842    pll/clk
    PLLE2_ADV_X0Y0       PLLE2_ADV (Prop_plle2_adv_CLKIN1_CLKOUT2)
                                                      0.051     0.893 r  pll/pll/CLKOUT2
                         net (fo=2, routed)           0.497     1.390    pll_dac_clk_2x
    BUFGCTRL_X0Y5        BUFG (Prop_bufg_I_O)         0.026     1.416 r  bufg_dac_axi_clk/O
                         net (fo=20, routed)          0.575     1.990    ps/axi_master_3/axi_clk_i
    SLICE_X3Y27          FDRE                                         r  ps/axi_master_3/axi_rfill_lvl_reg[0]/C
  -------------------------------------------------------------------    -------------------
    SLICE_X3Y27          FDRE (Prop_fdre_C_Q)         0.141     2.131 r  ps/axi_master_3/axi_rfill_lvl_reg[0]/Q
                         net (fo=7, routed)           0.103     2.234    ps/axi_master_3/axi_rfill_lvl_reg[0]
    SLICE_X2Y27          LUT6 (Prop_lut6_I4_O)        0.045     2.279 r  ps/axi_master_3/rdata_in_reg_i_1/O
                         net (fo=1, routed)           0.000     2.279    ps/axi_master_3/rdata_in_reg_i_1_n_0
    SLICE_X2Y27          FDRE                                         r  ps/axi_master_3/rdata_in_reg_reg/D
  -------------------------------------------------------------------    -------------------

                         (clock pll_dac_clk_2x rise edge)
                                                      0.000     0.000 r  
    U18                                               0.000     0.000 r  adc_clk_i[1] (IN)
                         net (fo=0)                   0.000     0.000    adc_clk_i[1]
    U18                  IBUFDS (Prop_ibufds_I_O)     0.433     0.433 r  i_clk/O
                         net (fo=1, routed)           0.481     0.914    pll/clk
    PLLE2_ADV_X0Y0       PLLE2_ADV (Prop_plle2_adv_CLKIN1_CLKOUT2)
                                                      0.054     0.968 r  pll/pll/CLKOUT2
                         net (fo=2, routed)           0.544     1.512    pll_dac_clk_2x
    BUFGCTRL_X0Y5        BUFG (Prop_bufg_I_O)         0.029     1.541 r  bufg_dac_axi_clk/O
                         net (fo=20, routed)          0.840     2.381    ps/axi_master_3/axi_clk_i
    SLICE_X2Y27          FDRE                                         r  ps/axi_master_3/rdata_in_reg_reg/C
                         clock pessimism             -0.378     2.003    
    SLICE_X2Y27          FDRE (Hold_fdre_C_D)         0.091     2.094    ps/axi_master_3/rdata_in_reg_reg
  -------------------------------------------------------------------
                         required time                         -2.094    
                         arrival time                           2.279    
  -------------------------------------------------------------------
                         slack                                  0.185    





Pulse Width Checks
--------------------------------------------------------------------------------------
Clock Name:         pll_dac_clk_2x
Waveform(ns):       { 0.000 2.000 }
Period(ns):         4.000
Sources:            { pll/pll/CLKOUT2 }

Check Type        Corner  Lib Pin            Reference Pin  Required(ns)  Actual(ns)  Slack(ns)  Location        Pin
Min Period        n/a     BUFG/I             n/a            2.155         4.000       1.845      BUFGCTRL_X0Y5   bufg_dac_axi_clk/I
Max Period        n/a     PLLE2_ADV/CLKOUT2  n/a            160.000       4.000       156.000    PLLE2_ADV_X0Y0  pll/pll/CLKOUT2
Low Pulse Width   Slow    FDRE/C             n/a            0.500         2.000       1.500      SLICE_X1Y26     ps/axi_master_3/axi_awfill_lvl_reg[0]/C
High Pulse Width  Slow    FDRE/C             n/a            0.500         2.000       1.500      SLICE_X2Y26     dac_axi_rstn_reg/C



---------------------------------------------------------------------------------------------------
From Clock:  pll_ser_clk
  To Clock:  pll_ser_clk

Setup :           NA  Failing Endpoints,  Worst Slack           NA  ,  Total Violation           NA
Hold  :           NA  Failing Endpoints,  Worst Slack           NA  ,  Total Violation           NA
PW    :            0  Failing Endpoints,  Worst Slack        1.845ns,  Total Violation        0.000ns
---------------------------------------------------------------------------------------------------


Pulse Width Checks
--------------------------------------------------------------------------------------
Clock Name:         pll_ser_clk
Waveform(ns):       { 0.000 2.000 }
Period(ns):         4.000
Sources:            { pll/pll/CLKOUT4 }

Check Type  Corner  Lib Pin            Reference Pin  Required(ns)  Actual(ns)  Slack(ns)  Location        Pin
Min Period  n/a     BUFG/I             n/a            2.155         4.000       1.845      BUFGCTRL_X0Y6   bufg_ser_clk/I
Max Period  n/a     PLLE2_ADV/CLKOUT4  n/a            160.000       4.000       156.000    PLLE2_ADV_X0Y0  pll/pll/CLKOUT4



---------------------------------------------------------------------------------------------------
From Clock:  clk_fpga_0
  To Clock:  clk_fpga_0

Setup :            0  Failing Endpoints,  Worst Slack        0.454ns,  Total Violation        0.000ns
Hold  :            0  Failing Endpoints,  Worst Slack        0.160ns,  Total Violation        0.000ns
PW    :            0  Failing Endpoints,  Worst Slack        3.500ns,  Total Violation        0.000ns
---------------------------------------------------------------------------------------------------


Max Delay Paths
--------------------------------------------------------------------------------------
Slack (MET) :             0.454ns  (required time - arrival time)
  Source:                 ps/axi_slave_gp0/rd_do_reg/C
                            (rising edge-triggered cell FDRE clocked by clk_fpga_0  {rise@0.000ns fall@4.000ns period=8.000ns})
  Destination:            ps/axi_slave_gp0/ack_cnt_reg[1]/R
                            (rising edge-triggered cell FDRE clocked by clk_fpga_0  {rise@0.000ns fall@4.000ns period=8.000ns})
  Path Group:             clk_fpga_0
  Path Type:              Setup (Max at Slow Process Corner)
  Requirement:            8.000ns  (clk_fpga_0 rise@8.000ns - clk_fpga_0 rise@0.000ns)
  Data Path Delay:        6.871ns  (logic 1.443ns (21.000%)  route 5.428ns (79.000%))
  Logic Levels:           4  (LUT3=1 LUT6=2 MUXF7=1)
  Clock Path Skew:        -0.025ns (DCD - SCD + CPR)
    Destination Clock Delay (DCD):    2.743ns = ( 10.743 - 8.000 ) 
    Source Clock Delay      (SCD):    3.036ns
    Clock Pessimism Removal (CPR):    0.267ns
  Clock Uncertainty:      0.125ns  ((TSJ^2 + TIJ^2)^1/2 + DJ) / 2 + PE
    Total System Jitter     (TSJ):    0.071ns
    Total Input Jitter      (TIJ):    0.240ns
    Discrete Jitter          (DJ):    0.000ns
    Phase Error              (PE):    0.000ns

    Location             Delay type                Incr(ns)  Path(ns)    Netlist Resource(s)
  -------------------------------------------------------------------    -------------------
                         (clock clk_fpga_0 rise edge)
                                                      0.000     0.000 r  
    PS7_X0Y0             PS7                          0.000     0.000 r  ps/system_i/processing_system7/inst/PS7_i/FCLKCLK[0]
                         net (fo=1, routed)           1.207     1.207    ps/lopt
    BUFGCTRL_X0Y2        BUFG (Prop_bufg_I_O)         0.101     1.308 r  ps/fclk_buf[0]/O
                         net (fo=236, routed)         1.728     3.036    ps/axi_slave_gp0/axi\\.ACLK
    SLICE_X2Y45          FDRE                                         r  ps/axi_slave_gp0/rd_do_reg/C
  -------------------------------------------------------------------    -------------------
    SLICE_X2Y45          FDRE (Prop_fdre_C_Q)         0.456     3.492 r  ps/axi_slave_gp0/rd_do_reg/Q
                         net (fo=37, routed)          0.860     4.352    ps/axi_slave_gp0/rd_do
    SLICE_X3Y47          LUT3 (Prop_lut3_I2_O)        0.150     4.502 r  ps/axi_slave_gp0/bus\\.addr[21]_INST_0/O
                         net (fo=82, routed)          2.110     6.612    sys_bus_interconnect/bus_m\\.addr[21]
    SLICE_X25Y74         LUT6 (Prop_lut6_I2_O)        0.326     6.938 r  sys_bus_interconnect/bus_m\\.ack_INST_0_i_1/O
                         net (fo=1, routed)           0.000     6.938    sys_bus_interconnect/bus_m\\.ack_INST_0_i_1_n_0
    SLICE_X25Y74         MUXF7 (Prop_muxf7_I0_O)      0.212     7.150 r  sys_bus_interconnect/bus_m\\.ack_INST_0/O
                         net (fo=5, routed)           1.852     9.002    ps/axi_slave_gp0/bus\\.ack
    SLICE_X4Y45          LUT6 (Prop_lut6_I3_O)        0.299     9.301 r  ps/axi_slave_gp0/ack_cnt[5]_i_1/O
                         net (fo=5, routed)           0.607     9.907    ps/axi_slave_gp0/ack_cnt[5]
    SLICE_X4Y44          FDRE                                         r  ps/axi_slave_gp0/ack_cnt_reg[1]/R
  -------------------------------------------------------------------    -------------------

                         (clock clk_fpga_0 rise edge)
                                                      8.000     8.000 r  
    PS7_X0Y0             PS7                          0.000     8.000 r  ps/system_i/processing_system7/inst/PS7_i/FCLKCLK[0]
                         net (fo=1, routed)           1.101     9.101    ps/lopt
    BUFGCTRL_X0Y2        BUFG (Prop_bufg_I_O)         0.091     9.192 r  ps/fclk_buf[0]/O
                         net (fo=236, routed)         1.551    10.743    ps/axi_slave_gp0/axi\\.ACLK
    SLICE_X4Y44          FDRE                                         r  ps/axi_slave_gp0/ack_cnt_reg[1]/C
                         clock pessimism              0.267    11.011    
                         clock uncertainty           -0.125    10.886    
    SLICE_X4Y44          FDRE (Setup_fdre_C_R)       -0.524    10.362    ps/axi_slave_gp0/ack_cnt_reg[1]
  -------------------------------------------------------------------
                         required time                         10.362    
                         arrival time                          -9.907    
  -------------------------------------------------------------------
                         slack                                  0.454    





Min Delay Paths
--------------------------------------------------------------------------------------
Slack (MET) :             0.160ns  (arrival time - required time)
  Source:                 sys_bus_interconnect/for_bus[5].inst_sys_bus_cdc/ctrl_done_csff_reg[0]/C
                            (rising edge-triggered cell FDRE clocked by clk_fpga_0  {rise@0.000ns fall@4.000ns period=8.000ns})
  Destination:            sys_bus_interconnect/for_bus[5].inst_sys_bus_cdc/ctrl_done_csff_reg[1]/D
                            (rising edge-triggered cell FDRE clocked by clk_fpga_0  {rise@0.000ns fall@4.000ns period=8.000ns})
  Path Group:             clk_fpga_0
  Path Type:              Hold (Min at Fast Process Corner)
  Requirement:            0.000ns  (clk_fpga_0 rise@0.000ns - clk_fpga_0 rise@0.000ns)
  Data Path Delay:        0.220ns  (logic 0.164ns (74.580%)  route 0.056ns (25.420%))
  Logic Levels:           0  
  Clock Path Skew:        0.000ns (DCD - SCD - CPR)
    Destination Clock Delay (DCD):    1.188ns
    Source Clock Delay      (SCD):    0.892ns
    Clock Pessimism Removal (CPR):    0.296ns

    Location             Delay type                Incr(ns)  Path(ns)    Netlist Resource(s)
  -------------------------------------------------------------------    -------------------
                         (clock clk_fpga_0 rise edge)
                                                      0.000     0.000 r  
    PS7_X0Y0             PS7                          0.000     0.000 r  ps/system_i/processing_system7/inst/PS7_i/FCLKCLK[0]
                         net (fo=1, routed)           0.315     0.315    ps/lopt
    BUFGCTRL_X0Y2        BUFG (Prop_bufg_I_O)         0.026     0.341 r  ps/fclk_buf[0]/O
                         net (fo=236, routed)         0.551     0.892    sys_bus_interconnect/for_bus[5].inst_sys_bus_cdc/bus_s\\.clk
    SLICE_X34Y72         FDRE                                         r  sys_bus_interconnect/for_bus[5].inst_sys_bus_cdc/ctrl_done_csff_reg[0]/C
  -------------------------------------------------------------------    -------------------
    SLICE_X34Y72         FDRE (Prop_fdre_C_Q)         0.164     1.056 r  sys_bus_interconnect/for_bus[5].inst_sys_bus_cdc/ctrl_done_csff_reg[0]/Q
                         net (fo=1, routed)           0.056     1.111    sys_bus_interconnect/for_bus[5].inst_sys_bus_cdc/ctrl_done_csff[0]
    SLICE_X34Y72         FDRE                                         r  sys_bus_interconnect/for_bus[5].inst_sys_bus_cdc/ctrl_done_csff_reg[1]/D
  -------------------------------------------------------------------    -------------------

                         (clock clk_fpga_0 rise edge)
                                                      0.000     0.000 r  
    PS7_X0Y0             PS7                          0.000     0.000 r  ps/system_i/processing_system7/inst/PS7_i/FCLKCLK[0]
                         net (fo=1, routed)           0.341     0.341    ps/lopt
    BUFGCTRL_X0Y2        BUFG (Prop_bufg_I_O)         0.029     0.370 r  ps/fclk_buf[0]/O
                         net (fo=236, routed)         0.818     1.188    sys_bus_interconnect/for_bus[5].inst_sys_bus_cdc/bus_s\\.clk
    SLICE_X34Y72         FDRE                                         r  sys_bus_interconnect/for_bus[5].inst_sys_bus_cdc/ctrl_done_csff_reg[1]/C
                         clock pessimism             -0.296     0.892    
    SLICE_X34Y72         FDRE (Hold_fdre_C_D)         0.060     0.952    sys_bus_interconnect/for_bus[5].inst_sys_bus_cdc/ctrl_done_csff_reg[1]
  -------------------------------------------------------------------
                         required time                         -0.952    
                         arrival time                           1.111    
  -------------------------------------------------------------------
                         slack                                  0.160    





Pulse Width Checks
--------------------------------------------------------------------------------------
Clock Name:         clk_fpga_0
Waveform(ns):       { 0.000 4.000 }
Period(ns):         8.000
Sources:            { ps/system_i/processing_system7/inst/PS7_i/FCLKCLK[0] }

Check Type        Corner  Lib Pin  Reference Pin  Required(ns)  Actual(ns)  Slack(ns)  Location       Pin
Min Period        n/a     BUFG/I   n/a            2.155         8.000       5.845      BUFGCTRL_X0Y2  ps/fclk_buf[0]/I
Low Pulse Width   Fast    FDSE/C   n/a            0.500         4.000       3.500      SLICE_X36Y69   i_hk/i_freq_meter/ref_cnt_reg[0]/C
High Pulse Width  Slow    FDRE/C   n/a            0.500         4.000       3.500      SLICE_X42Y29   fpll_locked_r2_reg/C



---------------------------------------------------------------------------------------------------
From Clock:  clk_fpga_3
  To Clock:  clk_fpga_3

Setup :            0  Failing Endpoints,  Worst Slack        0.003ns,  Total Violation        0.000ns
Hold  :            0  Failing Endpoints,  Worst Slack        0.066ns,  Total Violation        0.000ns
PW    :            0  Failing Endpoints,  Worst Slack        1.000ns,  Total Violation        0.000ns
---------------------------------------------------------------------------------------------------


Max Delay Paths
--------------------------------------------------------------------------------------
Slack (MET) :             0.003ns  (required time - arrival time)
  Source:                 ps/system_i/axi_protocol_converter_0/inst/gen_axilite.gen_b2s_conv.axilite_b2s/RD.ar_channel_0/ar_cmd_fsm_0/FSM_sequential_state_reg[0]/C
                            (rising edge-triggered cell FDSE clocked by clk_fpga_3  {rise@0.000ns fall@2.500ns period=5.000ns})
  Destination:            ps/system_i/xadc/inst/INTR_CTRLR_GEN_I.INTERRUPT_CONTROL_I/DO_IRPT_INPUT[12].GEN_POS_EDGE_DETECT.irpt_dly2_reg/CE
                            (rising edge-triggered cell FDSE clocked by clk_fpga_3  {rise@0.000ns fall@2.500ns period=5.000ns})
  Path Group:             clk_fpga_3
  Path Type:              Setup (Max at Slow Process Corner)
  Requirement:            5.000ns  (clk_fpga_3 rise@5.000ns - clk_fpga_3 rise@0.000ns)
  Data Path Delay:        4.693ns  (logic 1.138ns (24.249%)  route 3.555ns (75.751%))
  Logic Levels:           5  (LUT2=2 LUT3=1 LUT5=1 LUT6=1)
  Clock Path Skew:        -0.052ns (DCD - SCD + CPR)
    Destination Clock Delay (DCD):    2.678ns = ( 7.678 - 5.000 ) 
    Source Clock Delay      (SCD):    2.960ns
    Clock Pessimism Removal (CPR):    0.230ns
  Clock Uncertainty:      0.083ns  ((TSJ^2 + TIJ^2)^1/2 + DJ) / 2 + PE
    Total System Jitter     (TSJ):    0.071ns
    Total Input Jitter      (TIJ):    0.150ns
    Discrete Jitter          (DJ):    0.000ns
    Phase Error              (PE):    0.000ns

    Location             Delay type                Incr(ns)  Path(ns)    Netlist Resource(s)
  -------------------------------------------------------------------    -------------------
                         (clock clk_fpga_3 rise edge)
                                                      0.000     0.000 r  
    PS7_X0Y0             PS7                          0.000     0.000 r  ps/system_i/processing_system7/inst/PS7_i/FCLKCLK[3]
                         net (fo=1, routed)           1.207     1.207    ps/system_i/processing_system7/inst/FCLK_CLK_unbuffered[3]
    BUFGCTRL_X0Y1        BUFG (Prop_bufg_I_O)         0.101     1.308 r  ps/system_i/processing_system7/inst/buffer_fclk_clk_3.FCLK_CLK_3_BUFG/O
                         net (fo=987, routed)         1.652     2.960    ps/system_i/axi_protocol_converter_0/inst/gen_axilite.gen_b2s_conv.axilite_b2s/RD.ar_channel_0/ar_cmd_fsm_0/clk
    SLICE_X10Y73         FDSE                                         r  ps/system_i/axi_protocol_converter_0/inst/gen_axilite.gen_b2s_conv.axilite_b2s/RD.ar_channel_0/ar_cmd_fsm_0/FSM_sequential_state_reg[0]/C
  -------------------------------------------------------------------    -------------------
    SLICE_X10Y73         FDSE (Prop_fdse_C_Q)         0.518     3.478 r  ps/system_i/axi_protocol_converter_0/inst/gen_axilite.gen_b2s_conv.axilite_b2s/RD.ar_channel_0/ar_cmd_fsm_0/FSM_sequential_state_reg[0]/Q
                         net (fo=9, routed)           0.702     4.180    ps/system_i/axi_protocol_converter_0/inst/gen_axilite.gen_b2s_conv.axilite_b2s/RD.ar_channel_0/ar_cmd_fsm_0/state[0]
    SLICE_X8Y74          LUT2 (Prop_lut2_I0_O)        0.124     4.304 r  ps/system_i/axi_protocol_converter_0/inst/gen_axilite.gen_b2s_conv.axilite_b2s/RD.ar_channel_0/ar_cmd_fsm_0/m_arvalid_INST_0/O
                         net (fo=21, routed)          0.660     4.964    ps/system_i/xadc/inst/AXI_LITE_IPIF_I/I_SLAVE_ATTACHMENT/s_axi_arvalid
    SLICE_X10Y73         LUT2 (Prop_lut2_I0_O)        0.124     5.088 r  ps/system_i/xadc/inst/AXI_LITE_IPIF_I/I_SLAVE_ATTACHMENT/Bus2IP_BE[3]_INST_0/O
                         net (fo=27, routed)          0.577     5.665    ps/system_i/xadc/inst/INTR_CTRLR_GEN_I.INTERRUPT_CONTROL_I/Bus2IP_BE[0]
    SLICE_X13Y79         LUT3 (Prop_lut3_I2_O)        0.124     5.789 r  ps/system_i/xadc/inst/INTR_CTRLR_GEN_I.INTERRUPT_CONTROL_I/GEN_IP_IRPT_STATUS_REG[0].GEN_REG_STATUS.ip_irpt_status_reg[0]_i_2/O
                         net (fo=32, routed)          0.681     6.469    ps/system_i/xadc/inst/INTR_CTRLR_GEN_I.INTERRUPT_CONTROL_I/GEN_IP_IRPT_STATUS_REG[0].GEN_REG_STATUS.ip_irpt_status_reg[0]_i_2_n_0
    SLICE_X9Y79          LUT5 (Prop_lut5_I1_O)        0.124     6.593 f  ps/system_i/xadc/inst/INTR_CTRLR_GEN_I.INTERRUPT_CONTROL_I/GEN_IP_IRPT_STATUS_REG[12].GEN_REG_STATUS.ip_irpt_status_reg[12]_i_1/O
                         net (fo=2, routed)           0.327     6.920    ps/system_i/xadc/inst/INTR_CTRLR_GEN_I.INTERRUPT_CONTROL_I/GEN_IP_IRPT_STATUS_REG[12].GEN_REG_STATUS.ip_irpt_status_reg[12]_i_1_n_0
    SLICE_X11Y79         LUT6 (Prop_lut6_I0_O)        0.124     7.044 r  ps/system_i/xadc/inst/INTR_CTRLR_GEN_I.INTERRUPT_CONTROL_I/DO_IRPT_INPUT[12].GEN_POS_EDGE_DETECT.irpt_dly2_reg_CE_cooolgate_en_gate_768/O
                         net (fo=1, routed)           0.609     7.653    ps/system_i/xadc/inst/INTR_CTRLR_GEN_I.INTERRUPT_CONTROL_I/DO_IRPT_INPUT[12].GEN_POS_EDGE_DETECT.irpt_dly2_reg_CE_cooolgate_en_sig_192
    SLICE_X10Y79         FDSE                                         r  ps/system_i/xadc/inst/INTR_CTRLR_GEN_I.INTERRUPT_CONTROL_I/DO_IRPT_INPUT[12].GEN_POS_EDGE_DETECT.irpt_dly2_reg/CE
  -------------------------------------------------------------------    -------------------

                         (clock clk_fpga_3 rise edge)
                                                      5.000     5.000 r  
    PS7_X0Y0             PS7                          0.000     5.000 r  ps/system_i/processing_system7/inst/PS7_i/FCLKCLK[3]
                         net (fo=1, routed)           1.101     6.101    ps/system_i/processing_system7/inst/FCLK_CLK_unbuffered[3]
    BUFGCTRL_X0Y1        BUFG (Prop_bufg_I_O)         0.091     6.192 r  ps/system_i/processing_system7/inst/buffer_fclk_clk_3.FCLK_CLK_3_BUFG/O
                         net (fo=987, routed)         1.486     7.678    ps/system_i/xadc/inst/INTR_CTRLR_GEN_I.INTERRUPT_CONTROL_I/Bus2IP_Clk
    SLICE_X10Y79         FDSE                                         r  ps/system_i/xadc/inst/INTR_CTRLR_GEN_I.INTERRUPT_CONTROL_I/DO_IRPT_INPUT[12].GEN_POS_EDGE_DETECT.irpt_dly2_reg/C
                         clock pessimism              0.230     7.908    
                         clock uncertainty           -0.083     7.825    
    SLICE_X10Y79         FDSE (Setup_fdse_C_CE)      -0.169     7.656    ps/system_i/xadc/inst/INTR_CTRLR_GEN_I.INTERRUPT_CONTROL_I/DO_IRPT_INPUT[12].GEN_POS_EDGE_DETECT.irpt_dly2_reg
  -------------------------------------------------------------------
                         required time                          7.656    
                         arrival time                          -7.653    
  -------------------------------------------------------------------
                         slack                                  0.003    





Min Delay Paths
--------------------------------------------------------------------------------------
Slack (MET) :             0.066ns  (arrival time - required time)
  Source:                 ps/system_i/axi_protocol_converter_0/inst/gen_axilite.gen_b2s_conv.axilite_b2s/RD.r_channel_0/r_arid_r_reg[9]/C
                            (rising edge-triggered cell FDRE clocked by clk_fpga_3  {rise@0.000ns fall@2.500ns period=5.000ns})
  Destination:            ps/system_i/axi_protocol_converter_0/inst/gen_axilite.gen_b2s_conv.axilite_b2s/RD.r_channel_0/transaction_fifo_0/memory_reg[31][10]_srl32/D
                            (rising edge-triggered cell SRLC32E clocked by clk_fpga_3  {rise@0.000ns fall@2.500ns period=5.000ns})
  Path Group:             clk_fpga_3
  Path Type:              Hold (Min at Fast Process Corner)
  Requirement:            0.000ns  (clk_fpga_3 rise@0.000ns - clk_fpga_3 rise@0.000ns)
  Data Path Delay:        0.396ns  (logic 0.148ns (37.378%)  route 0.248ns (62.622%))
  Logic Levels:           0  
  Clock Path Skew:        0.266ns (DCD - SCD - CPR)
    Destination Clock Delay (DCD):    1.220ns
    Source Clock Delay      (SCD):    0.925ns
    Clock Pessimism Removal (CPR):    0.029ns

    Location             Delay type                Incr(ns)  Path(ns)    Netlist Resource(s)
  -------------------------------------------------------------------    -------------------
                         (clock clk_fpga_3 rise edge)
                                                      0.000     0.000 r  
    PS7_X0Y0             PS7                          0.000     0.000 r  ps/system_i/processing_system7/inst/PS7_i/FCLKCLK[3]
                         net (fo=1, routed)           0.315     0.315    ps/system_i/processing_system7/inst/FCLK_CLK_unbuffered[3]
    BUFGCTRL_X0Y1        BUFG (Prop_bufg_I_O)         0.026     0.341 r  ps/system_i/processing_system7/inst/buffer_fclk_clk_3.FCLK_CLK_3_BUFG/O
                         net (fo=987, routed)         0.584     0.925    ps/system_i/axi_protocol_converter_0/inst/gen_axilite.gen_b2s_conv.axilite_b2s/RD.r_channel_0/clk
    SLICE_X0Y48          FDRE                                         r  ps/system_i/axi_protocol_converter_0/inst/gen_axilite.gen_b2s_conv.axilite_b2s/RD.r_channel_0/r_arid_r_reg[9]/C
  -------------------------------------------------------------------    -------------------
    SLICE_X0Y48          FDRE (Prop_fdre_C_Q)         0.148     1.072 r  ps/system_i/axi_protocol_converter_0/inst/gen_axilite.gen_b2s_conv.axilite_b2s/RD.r_channel_0/r_arid_r_reg[9]/Q
                         net (fo=1, routed)           0.248     1.320    ps/system_i/axi_protocol_converter_0/inst/gen_axilite.gen_b2s_conv.axilite_b2s/RD.r_channel_0/transaction_fifo_0/din[10]
    SLICE_X0Y53          SRLC32E                                      r  ps/system_i/axi_protocol_converter_0/inst/gen_axilite.gen_b2s_conv.axilite_b2s/RD.r_channel_0/transaction_fifo_0/memory_reg[31][10]_srl32/D
  -------------------------------------------------------------------    -------------------

                         (clock clk_fpga_3 rise edge)
                                                      0.000     0.000 r  
    PS7_X0Y0             PS7                          0.000     0.000 r  ps/system_i/processing_system7/inst/PS7_i/FCLKCLK[3]
                         net (fo=1, routed)           0.341     0.341    ps/system_i/processing_system7/inst/FCLK_CLK_unbuffered[3]
    BUFGCTRL_X0Y1        BUFG (Prop_bufg_I_O)         0.029     0.370 r  ps/system_i/processing_system7/inst/buffer_fclk_clk_3.FCLK_CLK_3_BUFG/O
                         net (fo=987, routed)         0.850     1.220    ps/system_i/axi_protocol_converter_0/inst/gen_axilite.gen_b2s_conv.axilite_b2s/RD.r_channel_0/transaction_fifo_0/clk
    SLICE_X0Y53          SRLC32E                                      r  ps/system_i/axi_protocol_converter_0/inst/gen_axilite.gen_b2s_conv.axilite_b2s/RD.r_channel_0/transaction_fifo_0/memory_reg[31][10]_srl32/CLK
                         clock pessimism             -0.029     1.191    
    SLICE_X0Y53          SRLC32E (Hold_srlc32e_CLK_D)
                                                      0.064     1.255    ps/system_i/axi_protocol_converter_0/inst/gen_axilite.gen_b2s_conv.axilite_b2s/RD.r_channel_0/transaction_fifo_0/memory_reg[31][10]_srl32
  -------------------------------------------------------------------
                         required time                         -1.255    
                         arrival time                           1.320    
  -------------------------------------------------------------------
                         slack                                  0.066    





Pulse Width Checks
--------------------------------------------------------------------------------------
Clock Name:         clk_fpga_3
Waveform(ns):       { 0.000 2.500 }
Period(ns):         5.000
Sources:            { ps/system_i/processing_system7/inst/PS7_i/FCLKCLK[3] }

Check Type        Corner  Lib Pin      Reference Pin  Required(ns)  Actual(ns)  Slack(ns)  Location     Pin
Min Period        n/a     XADC/DCLK    n/a            4.000         5.000       1.000      XADC_X0Y0    ps/system_i/xadc/inst/AXI_XADC_CORE_I/XADC_INST/DCLK
Low Pulse Width   Slow    SRLC32E/CLK  n/a            0.980         2.500       1.520      SLICE_X4Y52  ps/system_i/axi_protocol_converter_0/inst/gen_axilite.gen_b2s_conv.axilite_b2s/RD.r_channel_0/transaction_fifo_0/memory_reg[31][1]_srl32/CLK
High Pulse Width  Fast    SRLC32E/CLK  n/a            0.980         2.500       1.520      SLICE_X8Y69  ps/system_i/axi_protocol_converter_0/inst/gen_axilite.gen_b2s_conv.axilite_b2s/RD.r_channel_0/rd_data_fifo_0/memory_reg[31][16]_srl32/CLK



---------------------------------------------------------------------------------------------------
From Clock:  rx_clk
  To Clock:  rx_clk

Setup :           NA  Failing Endpoints,  Worst Slack           NA  ,  Total Violation           NA
Hold  :           NA  Failing Endpoints,  Worst Slack           NA  ,  Total Violation           NA
PW    :            0  Failing Endpoints,  Worst Slack        2.333ns,  Total Violation        0.000ns
---------------------------------------------------------------------------------------------------


Pulse Width Checks
--------------------------------------------------------------------------------------
Clock Name:         rx_clk
Waveform(ns):       { 0.000 2.000 }
Period(ns):         4.000
Sources:            { daisy_p_i[1] }

Check Type  Corner  Lib Pin        Reference Pin  Required(ns)  Actual(ns)  Slack(ns)  Location      Pin
Min Period  n/a     ISERDESE2/CLK  n/a            1.667         4.000       2.333      ILOGIC_X0Y38  i_daisy/i_rx/genblk1[0].i_iserdese/CLK



---------------------------------------------------------------------------------------------------
From Clock:  par_clk
  To Clock:  par_clk

Setup :            0  Failing Endpoints,  Worst Slack        2.725ns,  Total Violation        0.000ns
Hold  :            0  Failing Endpoints,  Worst Slack        0.103ns,  Total Violation        0.000ns
PW    :            0  Failing Endpoints,  Worst Slack        3.020ns,  Total Violation        0.000ns
---------------------------------------------------------------------------------------------------


Max Delay Paths
--------------------------------------------------------------------------------------
Slack (MET) :             2.725ns  (required time - arrival time)
  Source:                 i_daisy/i_rx/genblk1[0].par_dat_r_reg[4]/C
                            (rising edge-triggered cell FDRE clocked by par_clk  {rise@0.000ns fall@4.000ns period=8.000ns})
  Destination:            i_daisy/i_rx/genblk1[0].par_dv_reg/CE
                            (rising edge-triggered cell FDRE clocked by par_clk  {rise@0.000ns fall@4.000ns period=8.000ns})
  Path Group:             par_clk
  Path Type:              Setup (Max at Slow Process Corner)
  Requirement:            8.000ns  (par_clk rise@8.000ns - par_clk rise@0.000ns)
  Data Path Delay:        4.971ns  (logic 1.151ns (23.155%)  route 3.820ns (76.845%))
  Logic Levels:           4  (LUT4=3 LUT6=1)
  Clock Path Skew:        -0.064ns (DCD - SCD + CPR)
    Destination Clock Delay (DCD):    4.674ns = ( 12.674 - 8.000 ) 
    Source Clock Delay      (SCD):    5.151ns
    Clock Pessimism Removal (CPR):    0.413ns
  Clock Uncertainty:      0.035ns  ((TSJ^2 + TIJ^2)^1/2 + DJ) / 2 + PE
    Total System Jitter     (TSJ):    0.071ns
    Total Input Jitter      (TIJ):    0.000ns
    Discrete Jitter          (DJ):    0.000ns
    Phase Error              (PE):    0.000ns

    Location             Delay type                Incr(ns)  Path(ns)    Netlist Resource(s)
  -------------------------------------------------------------------    -------------------
                         (clock par_clk rise edge)    0.000     0.000 r  
    N18                                               0.000     0.000 r  daisy_p_i[1] (IN)
                         net (fo=0)                   0.000     0.000    i_daisy/daisy_p_i[1]
    N18                  IBUFDS (Prop_ibufds_I_O)     0.945     0.945 r  i_daisy/i_IBUFGDS_clk/O
                         net (fo=2, routed)           0.510     1.455    i_daisy/i_rx/ser_clk_i
    BUFR_X0Y1            BUFR (Prop_bufr_I_O)         1.032     2.487 r  i_daisy/i_rx/i_BUFR_clk/O
                         net (fo=51, routed)          0.814     3.301    i_daisy/i_rx/par_clk
    BUFGCTRL_X0Y3        BUFG (Prop_bufg_I_O)         0.101     3.402 r  i_daisy/i_rx/i_parclk_buf/O
                         net (fo=233, routed)         1.749     5.151    i_daisy/i_rx/par_clk_o
    SLICE_X42Y36         FDRE                                         r  i_daisy/i_rx/genblk1[0].par_dat_r_reg[4]/C
  -------------------------------------------------------------------    -------------------
    SLICE_X42Y36         FDRE (Prop_fdre_C_Q)         0.478     5.629 r  i_daisy/i_rx/genblk1[0].par_dat_r_reg[4]/Q
                         net (fo=2, routed)           0.810     6.439    i_daisy/i_rx/genblk1[0].par_dat_r[4]
    SLICE_X43Y37         LUT4 (Prop_lut4_I1_O)        0.301     6.740 f  i_daisy/i_rx/genblk1[0].par_ok[0]_i_4/O
                         net (fo=1, routed)           1.331     8.071    i_daisy/i_rx/genblk1[0].par_ok[0]_i_4_n_0
    SLICE_X43Y39         LUT4 (Prop_lut4_I0_O)        0.124     8.195 f  i_daisy/i_rx/genblk1[0].par_ok[0]_i_3/O
                         net (fo=2, routed)           0.513     8.708    i_daisy/i_rx/genblk1[0].par_ok[0]_i_3_n_0
    SLICE_X40Y35         LUT6 (Prop_lut6_I2_O)        0.124     8.832 r  i_daisy/i_rx/genblk1[0].par_ok[0]_i_2/O
                         net (fo=2, routed)           0.447     9.280    i_daisy/i_rx/genblk1[0].par_ok[0]_i_2_n_0
    SLICE_X38Y36         LUT4 (Prop_lut4_I1_O)        0.124     9.404 r  i_daisy/i_rx/genblk1[0].par_dv_reg_CE_cooolgate_en_gate_818/O
                         net (fo=1, routed)           0.718    10.122    i_daisy/i_rx/genblk1[0].par_dv_reg_CE_cooolgate_en_sig_214
    SLICE_X39Y36         FDRE                                         r  i_daisy/i_rx/genblk1[0].par_dv_reg/CE
  -------------------------------------------------------------------    -------------------

                         (clock par_clk rise edge)    8.000     8.000 r  
    N18                                               0.000     8.000 r  daisy_p_i[1] (IN)
                         net (fo=0)                   0.000     8.000    i_daisy/daisy_p_i[1]
    N18                  IBUFDS (Prop_ibufds_I_O)     0.902     8.902 r  i_daisy/i_IBUFGDS_clk/O
                         net (fo=2, routed)           0.459     9.361    i_daisy/i_rx/ser_clk_i
    BUFR_X0Y1            BUFR (Prop_bufr_I_O)         0.919    10.280 r  i_daisy/i_rx/i_BUFR_clk/O
                         net (fo=51, routed)          0.732    11.012    i_daisy/i_rx/par_clk
    BUFGCTRL_X0Y3        BUFG (Prop_bufg_I_O)         0.091    11.103 r  i_daisy/i_rx/i_parclk_buf/O
                         net (fo=233, routed)         1.570    12.674    i_daisy/i_rx/par_clk_o
    SLICE_X39Y36         FDRE                                         r  i_daisy/i_rx/genblk1[0].par_dv_reg/C
                         clock pessimism              0.413    13.087    
                         clock uncertainty           -0.035    13.052    
    SLICE_X39Y36         FDRE (Setup_fdre_C_CE)      -0.205    12.847    i_daisy/i_rx/genblk1[0].par_dv_reg
  -------------------------------------------------------------------
                         required time                         12.847    
                         arrival time                         -10.122    
  -------------------------------------------------------------------
                         slack                                  2.725    





Min Delay Paths
--------------------------------------------------------------------------------------
Slack (MET) :             0.103ns  (arrival time - required time)
  Source:                 i_daisy/i_rx/genblk1[0].par_dat_reg[14]/C
                            (rising edge-triggered cell FDRE clocked by par_clk  {rise@0.000ns fall@4.000ns period=8.000ns})
  Destination:            i_daisy/i_rx/genblk1[0].par_dat_r_reg[14]/D
                            (rising edge-triggered cell FDRE clocked by par_clk  {rise@0.000ns fall@4.000ns period=8.000ns})
  Path Group:             par_clk
  Path Type:              Hold (Min at Slow Process Corner)
  Requirement:            0.000ns  (par_clk rise@0.000ns - par_clk rise@0.000ns)
  Data Path Delay:        2.240ns  (logic 0.418ns (18.658%)  route 1.822ns (81.342%))
  Logic Levels:           0  
  Clock Path Skew:        1.906ns (DCD - SCD - CPR)
    Destination Clock Delay (DCD):    5.151ns
    Source Clock Delay      (SCD):    3.038ns
    Clock Pessimism Removal (CPR):    0.207ns

    Location             Delay type                Incr(ns)  Path(ns)    Netlist Resource(s)
  -------------------------------------------------------------------    -------------------
                         (clock par_clk rise edge)    0.000     0.000 r  
    N18                                               0.000     0.000 r  daisy_p_i[1] (IN)
                         net (fo=0)                   0.000     0.000    i_daisy/daisy_p_i[1]
    N18                  IBUFDS (Prop_ibufds_I_O)     0.902     0.902 r  i_daisy/i_IBUFGDS_clk/O
                         net (fo=2, routed)           0.459     1.361    i_daisy/i_rx/ser_clk_i
    BUFR_X0Y1            BUFR (Prop_bufr_I_O)         0.919     2.280 r  i_daisy/i_rx/i_BUFR_clk/O
                         net (fo=51, routed)          0.758     3.038    i_daisy/i_rx/par_clk
    SLICE_X42Y37         FDRE                                         r  i_daisy/i_rx/genblk1[0].par_dat_reg[14]/C
  -------------------------------------------------------------------    -------------------
    SLICE_X42Y37         FDRE (Prop_fdre_C_Q)         0.418     3.456 r  i_daisy/i_rx/genblk1[0].par_dat_reg[14]/Q
                         net (fo=1, routed)           1.822     5.279    i_daisy/i_rx/genblk1[0].par_dat[14]
    SLICE_X42Y36         FDRE                                         r  i_daisy/i_rx/genblk1[0].par_dat_r_reg[14]/D
  -------------------------------------------------------------------    -------------------

                         (clock par_clk rise edge)    0.000     0.000 r  
    N18                                               0.000     0.000 r  daisy_p_i[1] (IN)
                         net (fo=0)                   0.000     0.000    i_daisy/daisy_p_i[1]
    N18                  IBUFDS (Prop_ibufds_I_O)     0.945     0.945 r  i_daisy/i_IBUFGDS_clk/O
                         net (fo=2, routed)           0.510     1.455    i_daisy/i_rx/ser_clk_i
    BUFR_X0Y1            BUFR (Prop_bufr_I_O)         1.032     2.487 r  i_daisy/i_rx/i_BUFR_clk/O
                         net (fo=51, routed)          0.814     3.301    i_daisy/i_rx/par_clk
    BUFGCTRL_X0Y3        BUFG (Prop_bufg_I_O)         0.101     3.402 r  i_daisy/i_rx/i_parclk_buf/O
                         net (fo=233, routed)         1.749     5.151    i_daisy/i_rx/par_clk_o
    SLICE_X42Y36         FDRE                                         r  i_daisy/i_rx/genblk1[0].par_dat_r_reg[14]/C
                         clock pessimism             -0.207     4.944    
    SLICE_X42Y36         FDRE (Hold_fdre_C_D)         0.231     5.175    i_daisy/i_rx/genblk1[0].par_dat_r_reg[14]
  -------------------------------------------------------------------
                         required time                         -5.175    
                         arrival time                           5.279    
  -------------------------------------------------------------------
                         slack                                  0.103    





Pulse Width Checks
--------------------------------------------------------------------------------------
Clock Name:         par_clk
Waveform(ns):       { 0.000 4.000 }
Period(ns):         8.000
Sources:            { i_daisy/i_rx/i_BUFR_clk/O }

Check Type        Corner  Lib Pin     Reference Pin  Required(ns)  Actual(ns)  Slack(ns)  Location       Pin
Min Period        n/a     BUFG/I      n/a            2.155         8.000       5.845      BUFGCTRL_X0Y3  i_daisy/i_rx/i_parclk_buf/I
Low Pulse Width   Slow    SRL16E/CLK  n/a            0.980         4.000       3.020      SLICE_X38Y36   i_daisy/i_rx/genblk1[0].bitslip_r_reg[1]_srl2/CLK
High Pulse Width  Slow    SRL16E/CLK  n/a            0.980         4.000       3.020      SLICE_X38Y36   i_daisy/i_rx/genblk1[0].bitslip_r_reg[1]_srl2/CLK



---------------------------------------------------------------------------------------------------
From Clock:  clk_fpga_0
  To Clock:  pll_adc_clk

Setup :            0  Failing Endpoints,  Worst Slack        1.749ns,  Total Violation        0.000ns
Hold  :           NA  Failing Endpoints,  Worst Slack           NA  ,  Total Violation           NA
---------------------------------------------------------------------------------------------------


Max Delay Paths
--------------------------------------------------------------------------------------
Slack (MET) :             1.749ns  (required time - arrival time)
  Source:                 ps/axi_slave_gp0/rd_do_reg/C
                            (rising edge-triggered cell FDRE clocked by clk_fpga_0  {rise@0.000ns fall@4.000ns period=8.000ns})
  Destination:            sys_bus_interconnect/for_bus[7].inst_sys_bus_cdc/bus_m\\.addr_reg[10]/D
                            (rising edge-triggered cell FDRE clocked by pll_adc_clk  {rise@0.000ns fall@4.000ns period=8.000ns})
  Path Group:             pll_adc_clk
  Path Type:              Setup (Max at Slow Process Corner)
  Requirement:            8.000ns  (MaxDelay Path 8.000ns)
  Data Path Delay:        6.148ns  (logic 0.580ns (9.434%)  route 5.568ns (90.566%))
  Logic Levels:           1  (LUT3=1)
  Timing Exception:       MaxDelay Path 8.000ns -datapath_only

    Location             Delay type                Incr(ns)  Path(ns)    Netlist Resource(s)
  -------------------------------------------------------------------    -------------------
    SLICE_X2Y45                                       0.000     0.000 r  ps/axi_slave_gp0/rd_do_reg/C
    SLICE_X2Y45          FDRE (Prop_fdre_C_Q)         0.456     0.456 r  ps/axi_slave_gp0/rd_do_reg/Q
                         net (fo=37, routed)          0.882     1.338    ps/axi_slave_gp0/rd_do
    SLICE_X3Y44          LUT3 (Prop_lut3_I2_O)        0.124     1.462 r  ps/axi_slave_gp0/bus\\.addr[10]_INST_0/O
                         net (fo=8, routed)           4.686     6.148    sys_bus_interconnect/for_bus[7].inst_sys_bus_cdc/bus_s\\.addr[10]
    SLICE_X21Y77         FDRE                                         r  sys_bus_interconnect/for_bus[7].inst_sys_bus_cdc/bus_m\\.addr_reg[10]/D
  -------------------------------------------------------------------    -------------------

                         max delay                    8.000     8.000    
    SLICE_X21Y77         FDRE (Setup_fdre_C_D)       -0.103     7.897    sys_bus_interconnect/for_bus[7].inst_sys_bus_cdc/bus_m\\.addr_reg[10]
  -------------------------------------------------------------------
                         required time                          7.897    
                         arrival time                          -6.148    
  -------------------------------------------------------------------
                         slack                                  1.749    





---------------------------------------------------------------------------------------------------
From Clock:  pll_adc_clk
  To Clock:  pll_dac_clk_1x

Setup :            0  Failing Endpoints,  Worst Slack        3.325ns,  Total Violation        0.000ns
Hold  :            0  Failing Endpoints,  Worst Slack        0.257ns,  Total Violation        0.000ns
---------------------------------------------------------------------------------------------------


Max Delay Paths
--------------------------------------------------------------------------------------
Slack (MET) :             3.325ns  (required time - arrival time)
  Source:                 i_hk/digital_loop_reg[1]/C
                            (rising edge-triggered cell FDRE clocked by pll_adc_clk  {rise@0.000ns fall@4.000ns period=8.000ns})
  Destination:            dac_dat_b_reg[1]/S
                            (rising edge-triggered cell FDSE clocked by pll_dac_clk_1x  {rise@0.000ns fall@4.000ns period=8.000ns})
  Path Group:             pll_dac_clk_1x
  Path Type:              Setup (Max at Slow Process Corner)
  Requirement:            8.000ns  (pll_dac_clk_1x rise@8.000ns - pll_adc_clk rise@0.000ns)
  Data Path Delay:        3.643ns  (logic 0.580ns (15.920%)  route 3.063ns (84.080%))
  Logic Levels:           1  (LUT1=1)
  Clock Path Skew:        -0.318ns (DCD - SCD + CPR)
    Destination Clock Delay (DCD):    5.467ns = ( 13.467 - 8.000 ) 
    Source Clock Delay      (SCD):    5.959ns
    Clock Pessimism Removal (CPR):    0.173ns
  Clock Uncertainty:      0.189ns  ((TSJ^2 + DJ^2)^1/2) / 2 + PE
    Total System Jitter     (TSJ):    0.071ns
    Discrete Jitter          (DJ):    0.118ns
    Phase Error              (PE):    0.120ns

    Location             Delay type                Incr(ns)  Path(ns)    Netlist Resource(s)
  -------------------------------------------------------------------    -------------------
                         (clock pll_adc_clk rise edge)
                                                      0.000     0.000 r  
    U18                                               0.000     0.000 r  adc_clk_i[1] (IN)
                         net (fo=0)                   0.000     0.000    adc_clk_i[1]
    U18                  IBUFDS (Prop_ibufds_I_O)     0.983     0.983 r  i_clk/O
                         net (fo=1, routed)           1.306     2.289    pll/clk
    PLLE2_ADV_X0Y0       PLLE2_ADV (Prop_plle2_adv_CLKIN1_CLKOUT0)
                                                      0.089     2.378 r  pll/pll/CLKOUT0
                         net (fo=1, routed)           1.754     4.132    pll_adc_clk
    BUFGCTRL_X0Y0        BUFG (Prop_bufg_I_O)         0.101     4.233 r  bufg_adc_clk/O
                         net (fo=9817, routed)        1.726     5.959    i_hk/clk_i
    SLICE_X40Y77         FDRE                                         r  i_hk/digital_loop_reg[1]/C
  -------------------------------------------------------------------    -------------------
    SLICE_X40Y77         FDRE (Prop_fdre_C_Q)         0.456     6.415 f  i_hk/digital_loop_reg[1]/Q
                         net (fo=3, routed)           1.213     7.629    digital_loop[1]
    SLICE_X41Y68         LUT1 (Prop_lut1_I0_O)        0.124     7.753 r  dac_dat_b[13]_i_1/O
                         net (fo=28, routed)          1.850     9.602    p_0_in
    SLICE_X42Y49         FDSE                                         r  dac_dat_b_reg[1]/S
  -------------------------------------------------------------------    -------------------

                         (clock pll_dac_clk_1x rise edge)
                                                      8.000     8.000 r  
    U18                                               0.000     8.000 r  adc_clk_i[1] (IN)
                         net (fo=0)                   0.000     8.000    adc_clk_i[1]
    U18                  IBUFDS (Prop_ibufds_I_O)     0.940     8.940 r  i_clk/O
                         net (fo=1, routed)           1.181    10.121    pll/clk
    PLLE2_ADV_X0Y0       PLLE2_ADV (Prop_plle2_adv_CLKIN1_CLKOUT1)
                                                      0.084    10.205 r  pll/pll/CLKOUT1
                         net (fo=1, routed)           1.594    11.799    pll_dac_clk_1x
    BUFGCTRL_X0Y4        BUFG (Prop_bufg_I_O)         0.091    11.890 r  bufg_dac_clk_1x/O
                         net (fo=45, routed)          1.577    13.467    dac_clk_1x
    SLICE_X42Y49         FDSE                                         r  dac_dat_b_reg[1]/C
                         clock pessimism              0.173    13.641    
                         clock uncertainty           -0.189    13.452    
    SLICE_X42Y49         FDSE (Setup_fdse_C_S)       -0.524    12.928    dac_dat_b_reg[1]
  -------------------------------------------------------------------
                         required time                         12.928    
                         arrival time                          -9.602    
  -------------------------------------------------------------------
                         slack                                  3.325    





Min Delay Paths
--------------------------------------------------------------------------------------
Slack (MET) :             0.257ns  (arrival time - required time)
  Source:                 rst_cnt_reg[3]/C
                            (rising edge-triggered cell FDRE clocked by pll_adc_clk  {rise@0.000ns fall@4.000ns period=8.000ns})
  Destination:            dac_rst_reg/D
                            (rising edge-triggered cell FDRE clocked by pll_dac_clk_1x  {rise@0.000ns fall@4.000ns period=8.000ns})
  Path Group:             pll_dac_clk_1x
  Path Type:              Hold (Min at Fast Process Corner)
  Requirement:            0.000ns  (pll_dac_clk_1x rise@0.000ns - pll_adc_clk rise@0.000ns)
  Data Path Delay:        0.856ns  (logic 0.231ns (26.984%)  route 0.625ns (73.016%))
  Logic Levels:           2  (LUT3=1 LUT6=1)
  Clock Path Skew:        0.319ns (DCD - SCD - CPR)
    Destination Clock Delay (DCD):    2.388ns
    Source Clock Delay      (SCD):    1.993ns
    Clock Pessimism Removal (CPR):    0.075ns
  Clock Uncertainty:      0.189ns  ((TSJ^2 + DJ^2)^1/2) / 2 + PE
    Total System Jitter     (TSJ):    0.071ns
    Discrete Jitter          (DJ):    0.118ns
    Phase Error              (PE):    0.120ns

    Location             Delay type                Incr(ns)  Path(ns)    Netlist Resource(s)
  -------------------------------------------------------------------    -------------------
                         (clock pll_adc_clk rise edge)
                                                      0.000     0.000 r  
    U18                                               0.000     0.000 r  adc_clk_i[1] (IN)
                         net (fo=0)                   0.000     0.000    adc_clk_i[1]
    U18                  IBUFDS (Prop_ibufds_I_O)     0.401     0.401 r  i_clk/O
                         net (fo=1, routed)           0.440     0.842    pll/clk
    PLLE2_ADV_X0Y0       PLLE2_ADV (Prop_plle2_adv_CLKIN1_CLKOUT0)
                                                      0.051     0.893 r  pll/pll/CLKOUT0
                         net (fo=1, routed)           0.497     1.390    pll_adc_clk
    BUFGCTRL_X0Y0        BUFG (Prop_bufg_I_O)         0.026     1.416 r  bufg_adc_clk/O
                         net (fo=9817, routed)        0.578     1.993    adc_clk
    SLICE_X43Y73         FDRE                                         r  rst_cnt_reg[3]/C
  -------------------------------------------------------------------    -------------------
    SLICE_X43Y73         FDRE (Prop_fdre_C_Q)         0.141     2.134 r  rst_cnt_reg[3]/Q
                         net (fo=5, routed)           0.219     2.353    rst_cnt[3]
    SLICE_X43Y73         LUT6 (Prop_lut6_I3_O)        0.045     2.398 r  rst_cnt[6]_i_4/O
                         net (fo=4, routed)           0.406     2.804    rst_cnt[6]_i_4_n_0
    SLICE_X43Y72         LUT3 (Prop_lut3_I0_O)        0.045     2.849 r  dac_rst_i_1/O
                         net (fo=1, routed)           0.000     2.849    dac_rst_reg0
    SLICE_X43Y72         FDRE                                         r  dac_rst_reg/D
  -------------------------------------------------------------------    -------------------

                         (clock pll_dac_clk_1x rise edge)
                                                      0.000     0.000 r  
    U18                                               0.000     0.000 r  adc_clk_i[1] (IN)
                         net (fo=0)                   0.000     0.000    adc_clk_i[1]
    U18                  IBUFDS (Prop_ibufds_I_O)     0.433     0.433 r  i_clk/O
                         net (fo=1, routed)           0.481     0.914    pll/clk
    PLLE2_ADV_X0Y0       PLLE2_ADV (Prop_plle2_adv_CLKIN1_CLKOUT1)
                                                      0.054     0.968 r  pll/pll/CLKOUT1
                         net (fo=1, routed)           0.544     1.512    pll_dac_clk_1x
    BUFGCTRL_X0Y4        BUFG (Prop_bufg_I_O)         0.029     1.541 r  bufg_dac_clk_1x/O
                         net (fo=45, routed)          0.847     2.388    dac_clk_1x
    SLICE_X43Y72         FDRE                                         r  dac_rst_reg/C
                         clock pessimism             -0.075     2.313    
                         clock uncertainty            0.189     2.502    
    SLICE_X43Y72         FDRE (Hold_fdre_C_D)         0.091     2.593    dac_rst_reg
  -------------------------------------------------------------------
                         required time                         -2.593    
                         arrival time                           2.849    
  -------------------------------------------------------------------
                         slack                                  0.257    





---------------------------------------------------------------------------------------------------
From Clock:  pll_adc_clk
  To Clock:  clk_fpga_0

Setup :            0  Failing Endpoints,  Worst Slack        0.628ns,  Total Violation        0.000ns
Hold  :            0  Failing Endpoints,  Worst Slack        0.972ns,  Total Violation        0.000ns
---------------------------------------------------------------------------------------------------


Max Delay Paths
--------------------------------------------------------------------------------------
Slack (MET) :             0.628ns  (required time - arrival time)
  Source:                 i_mca/sys_rdata_reg[4]/C
                            (rising edge-triggered cell FDRE clocked by pll_adc_clk  {rise@0.000ns fall@4.000ns period=8.000ns})
  Destination:            ps/axi_slave_gp0/axi\\.RDATA_reg[4]/D
                            (rising edge-triggered cell FDRE clocked by clk_fpga_0  {rise@0.000ns fall@4.000ns period=8.000ns})
  Path Group:             clk_fpga_0
  Path Type:              Setup (Max at Slow Process Corner)
  Requirement:            8.000ns  (clk_fpga_0 rise@8.000ns - pll_adc_clk rise@0.000ns)
  Data Path Delay:        4.040ns  (logic 0.951ns (23.542%)  route 3.089ns (76.458%))
  Logic Levels:           3  (LUT2=1 LUT5=1 MUXF7=1)
  Clock Path Skew:        -3.210ns (DCD - SCD + CPR)
    Destination Clock Delay (DCD):    2.683ns = ( 10.683 - 8.000 ) 
    Source Clock Delay      (SCD):    5.893ns
    Clock Pessimism Removal (CPR):    0.000ns
  Clock Uncertainty:      0.235ns  ((TSJ^2 + TIJ^2 + DJ^2)^1/2) / 2 + PE
    Total System Jitter     (TSJ):    0.071ns
    Total Input Jitter      (TIJ):    0.240ns
    Discrete Jitter          (DJ):    0.118ns
    Phase Error              (PE):    0.097ns
  Clock Domain Crossing:  Inter clock paths are considered valid unless explicitly excluded by timing constraints such as set_clock_groups or set_false_path.

    Location             Delay type                Incr(ns)  Path(ns)    Netlist Resource(s)
  -------------------------------------------------------------------    -------------------
                         (clock pll_adc_clk rise edge)
                                                      0.000     0.000 r  
    U18                                               0.000     0.000 r  adc_clk_i[1] (IN)
                         net (fo=0)                   0.000     0.000    adc_clk_i[1]
    U18                  IBUFDS (Prop_ibufds_I_O)     0.983     0.983 r  i_clk/O
                         net (fo=1, routed)           1.306     2.289    pll/clk
    PLLE2_ADV_X0Y0       PLLE2_ADV (Prop_plle2_adv_CLKIN1_CLKOUT0)
                                                      0.089     2.378 r  pll/pll/CLKOUT0
                         net (fo=1, routed)           1.754     4.132    pll_adc_clk
    BUFGCTRL_X0Y0        BUFG (Prop_bufg_I_O)         0.101     4.233 r  bufg_adc_clk/O
                         net (fo=9817, routed)        1.660     5.893    i_mca/adc_clk_i
    SLICE_X15Y86         FDRE                                         r  i_mca/sys_rdata_reg[4]/C
  -------------------------------------------------------------------    -------------------
    SLICE_X15Y86         FDRE (Prop_fdre_C_Q)         0.456     6.349 r  i_mca/sys_rdata_reg[4]/Q
                         net (fo=1, routed)           1.372     7.721    sys_bus_interconnect/for_bus[7].inst_sys_bus_cdc/bus_m\\.rdata[4]
    SLICE_X25Y73         LUT2 (Prop_lut2_I1_O)        0.124     7.845 r  sys_bus_interconnect/for_bus[7].inst_sys_bus_cdc/bus_s\\.rdata[4]_INST_0/O
                         net (fo=1, routed)           1.716     9.562    sys_bus_interconnect/bus_int_i\\.rdata[4]
    SLICE_X34Y50         LUT5 (Prop_lut5_I0_O)        0.124     9.686 r  sys_bus_interconnect/bus_m\\.rdata[4]_INST_0_i_2/O
                         net (fo=1, routed)           0.000     9.686    sys_bus_interconnect/bus_m\\.rdata[4]_INST_0_i_2_n_0
    SLICE_X34Y50         MUXF7 (Prop_muxf7_I1_O)      0.247     9.933 r  sys_bus_interconnect/bus_m\\.rdata[4]_INST_0/O
                         net (fo=1, routed)           0.000     9.933    ps/axi_slave_gp0/bus\\.rdata[4]
    SLICE_X34Y50         FDRE                                         r  ps/axi_slave_gp0/axi\\.RDATA_reg[4]/D
  -------------------------------------------------------------------    -------------------

                         (clock clk_fpga_0 rise edge)
                                                      8.000     8.000 r  
    PS7_X0Y0             PS7                          0.000     8.000 r  ps/system_i/processing_system7/inst/PS7_i/FCLKCLK[0]
                         net (fo=1, routed)           1.101     9.101    ps/lopt
    BUFGCTRL_X0Y2        BUFG (Prop_bufg_I_O)         0.091     9.192 r  ps/fclk_buf[0]/O
                         net (fo=236, routed)         1.491    10.683    ps/axi_slave_gp0/axi\\.ACLK
    SLICE_X34Y50         FDRE                                         r  ps/axi_slave_gp0/axi\\.RDATA_reg[4]/C
                         clock pessimism              0.000    10.683    
                         clock uncertainty           -0.235    10.447    
    SLICE_X34Y50         FDRE (Setup_fdre_C_D)        0.113    10.560    ps/axi_slave_gp0/axi\\.RDATA_reg[4]
  -------------------------------------------------------------------
                         required time                         10.560    
                         arrival time                          -9.933    
  -------------------------------------------------------------------
                         slack                                  0.628    





Min Delay Paths
--------------------------------------------------------------------------------------
Slack (MET) :             0.972ns  (arrival time - required time)
  Source:                 i_integration/sys_rdata_reg[20]/C
                            (rising edge-triggered cell FDRE clocked by pll_adc_clk  {rise@0.000ns fall@4.000ns period=8.000ns})
  Destination:            ps/axi_slave_gp0/axi\\.RDATA_reg[20]/D
                            (rising edge-triggered cell FDRE clocked by clk_fpga_0  {rise@0.000ns fall@4.000ns period=8.000ns})
  Path Group:             clk_fpga_0
  Path Type:              Hold (Min at Fast Process Corner)
  Requirement:            0.000ns  (clk_fpga_0 rise@0.000ns - pll_adc_clk rise@0.000ns)
  Data Path Delay:        0.537ns  (logic 0.296ns (55.072%)  route 0.241ns (44.928%))
  Logic Levels:           3  (LUT2=1 LUT6=1 MUXF7=1)
  Clock Path Skew:        -0.775ns (DCD - SCD - CPR)
    Destination Clock Delay (DCD):    1.199ns
    Source Clock Delay      (SCD):    1.974ns
    Clock Pessimism Removal (CPR):    -0.000ns
  Clock Uncertainty:      0.235ns  ((TSJ^2 + TIJ^2 + DJ^2)^1/2) / 2 + PE
    Total System Jitter     (TSJ):    0.071ns
    Total Input Jitter      (TIJ):    0.240ns
    Discrete Jitter          (DJ):    0.118ns
    Phase Error              (PE):    0.097ns
  Clock Domain Crossing:  Inter clock paths are considered valid unless explicitly excluded by timing constraints such as set_clock_groups or set_false_path.

    Location             Delay type                Incr(ns)  Path(ns)    Netlist Resource(s)
  -------------------------------------------------------------------    -------------------
                         (clock pll_adc_clk rise edge)
                                                      0.000     0.000 r  
    U18                                               0.000     0.000 r  adc_clk_i[1] (IN)
                         net (fo=0)                   0.000     0.000    adc_clk_i[1]
    U18                  IBUFDS (Prop_ibufds_I_O)     0.401     0.401 r  i_clk/O
                         net (fo=1, routed)           0.440     0.842    pll/clk
    PLLE2_ADV_X0Y0       PLLE2_ADV (Prop_plle2_adv_CLKIN1_CLKOUT0)
                                                      0.051     0.893 r  pll/pll/CLKOUT0
                         net (fo=1, routed)           0.497     1.390    pll_adc_clk
    BUFGCTRL_X0Y0        BUFG (Prop_bufg_I_O)         0.026     1.416 r  bufg_adc_clk/O
                         net (fo=9817, routed)        0.559     1.974    i_integration/adc_clk_i
    SLICE_X33Y60         FDRE                                         r  i_integration/sys_rdata_reg[20]/C
  -------------------------------------------------------------------    -------------------
    SLICE_X33Y60         FDRE (Prop_fdre_C_Q)         0.141     2.115 r  i_integration/sys_rdata_reg[20]/Q
                         net (fo=1, routed)           0.190     2.305    sys_bus_interconnect/for_bus[6].inst_sys_bus_cdc/bus_m\\.rdata[20]
    SLICE_X33Y59         LUT2 (Prop_lut2_I1_O)        0.045     2.350 r  sys_bus_interconnect/for_bus[6].inst_sys_bus_cdc/bus_s\\.rdata[20]_INST_0/O
                         net (fo=1, routed)           0.051     2.402    sys_bus_interconnect/p_15_out[20]
    SLICE_X33Y59         LUT6 (Prop_lut6_I1_O)        0.045     2.447 r  sys_bus_interconnect/bus_m\\.rdata[20]_INST_0_i_2/O
                         net (fo=1, routed)           0.000     2.447    sys_bus_interconnect/bus_m\\.rdata[20]_INST_0_i_2_n_0
    SLICE_X33Y59         MUXF7 (Prop_muxf7_I1_O)      0.065     2.512 r  sys_bus_interconnect/bus_m\\.rdata[20]_INST_0/O
                         net (fo=1, routed)           0.000     2.512    ps/axi_slave_gp0/bus\\.rdata[20]
    SLICE_X33Y59         FDRE                                         r  ps/axi_slave_gp0/axi\\.RDATA_reg[20]/D
  -------------------------------------------------------------------    -------------------

                         (clock clk_fpga_0 rise edge)
                                                      0.000     0.000 r  
    PS7_X0Y0             PS7                          0.000     0.000 r  ps/system_i/processing_system7/inst/PS7_i/FCLKCLK[0]
                         net (fo=1, routed)           0.341     0.341    ps/lopt
    BUFGCTRL_X0Y2        BUFG (Prop_bufg_I_O)         0.029     0.370 r  ps/fclk_buf[0]/O
                         net (fo=236, routed)         0.829     1.199    ps/axi_slave_gp0/axi\\.ACLK
    SLICE_X33Y59         FDRE                                         r  ps/axi_slave_gp0/axi\\.RDATA_reg[20]/C
                         clock pessimism              0.000     1.199    
                         clock uncertainty            0.235     1.434    
    SLICE_X33Y59         FDRE (Hold_fdre_C_D)         0.105     1.539    ps/axi_slave_gp0/axi\\.RDATA_reg[20]
  -------------------------------------------------------------------
                         required time                         -1.539    
                         arrival time                           2.512    
  -------------------------------------------------------------------
                         slack                                  0.972    





