Copyright 1986-2020 Xilinx, Inc. All Rights Reserved.
----------------------------------------------------------------------------------------------------------------
| Tool Version : Vivado v.2020.1 (lin64) Build 2902540 Wed May 27 19:54:35 MDT 2020
| Date         : Thu Sep 17 15:29:24 2026
| Host         : LoloVictus running 64-bit Ubuntu 20.04.3 LTS
| Command      : report_timing -file out/post_route_timing.rpt -sort_by group -max_paths 100 -path_type summary
| Design       : mca_red_pitaya_top
| Device       : 7z010-clg400
| Speed File   : -1  PRODUCTION 1.12 2019-11-22
----------------------------------------------------------------------------------------------------------------

Timing Report

Startpoint                     Endpoint                       Slack(ns)     
----------------------------------------------------------------------------
ps/system_i/axi_protocol_converter_0/inst/gen_axilite.gen_b2s_conv.axilite_b2s/WR.b_channel_0/bid_fifo_0/cnt_read_reg[1]/C
                               ps/system_i/axi_protocol_converter_0/inst/gen_axilite.gen_b2s_conv.axilite_b2s/WR.aw_channel_0/cmd_translator_0/s_axburst_eq1_reg/D
                                                              0.050         
ps/system_i/axi_protocol_converter_0/inst/gen_axilite.gen_b2s_conv.axilite_b2s/RD.ar_channel_0/ar_cmd_fsm_0/FSM_sequential_state_reg[0]/C
                               ps/system_i/axi_protocol_converter_0/inst/gen_axilite.gen_b2s_conv.axilite_b2s/RD.ar_channel_0/cmd_translator_0/wrap_cmd_0/wrap_cnt_r_reg[0]/CE
                                                              0.088         
ps/system_i/axi_protocol_converter_0/inst/gen_axilite.gen_b2s_conv.axilite_b2s/RD.ar_channel_0/ar_cmd_fsm_0/FSM_sequential_state_reg[0]/C
                               ps/system_i/axi_protocol_converter_0/inst/gen_axilite.gen_b2s_conv.axilite_b2s/RD.ar_channel_0/cmd_translator_0/wrap_cmd_0/wrap_cnt_r_reg[1]/CE
                                                              0.088         
ps/system_i/axi_protocol_converter_0/inst/gen_axilite.gen_b2s_conv.axilite_b2s/RD.ar_channel_0/ar_cmd_fsm_0/FSM_sequential_state_reg[0]/C
                               ps/system_i/axi_protocol_converter_0/inst/gen_axilite.gen_b2s_conv.axilite_b2s/RD.ar_channel_0/cmd_translator_0/wrap_cmd_0/wrap_cnt_r_reg[2]/CE
                                                              0.088         
ps/system_i/axi_protocol_converter_0/inst/gen_axilite.gen_b2s_conv.axilite_b2s/WR.aw_channel_0/aw_cmd_fsm_0/FSM_sequential_state_reg[1]/C
                               ps/system_i/xadc/inst/INTR_CTRLR_GEN_I.INTERRUPT_CONTROL_I/DO_IRPT_INPUT[13].GEN_POS_EDGE_DETECT.irpt_dly2_reg/CE
                                                              0.105         
i_scope/i_osc_cfg/indep_mode_reg[1]/C
                               i_scope/genblk2[1].i_dec/adc_sum_reg[19]/D
                                                              0.112         
ps/system_i/axi_protocol_converter_0/inst/gen_axilite.gen_b2s_conv.axilite_b2s/SI_REG/aw.aw_pipe/m_payload_i_reg[5]/C
                               ps/system_i/xadc/inst/AXI_XADC_CORE_I/do_reg_reg[9]/CE
                                                              0.129         
ps/system_i/axi_protocol_converter_0/inst/gen_axilite.gen_b2s_conv.axilite_b2s/SI_REG/aw.aw_pipe/m_payload_i_reg[5]/C
                               ps/system_i/xadc/inst/AXI_XADC_CORE_I/alarm_reg_reg[3]/CE
                                                              0.135         
ps/system_i/axi_protocol_converter_0/inst/gen_axilite.gen_b2s_conv.axilite_b2s/SI_REG/aw.aw_pipe/m_payload_i_reg[5]/C
                               ps/system_i/xadc/inst/AXI_XADC_CORE_I/alarm_reg_reg[4]/CE
                                                              0.135         
sys_bus_interconnect/for_bus[1].inst_sys_bus_cdc/bus_m\\.addr_reg[7]/C
                               i_scope/i_osc_cfg/set_axi_start_reg[69]/CE
                                                              0.136         
sys_bus_interconnect/for_bus[1].inst_sys_bus_cdc/bus_m\\.addr_reg[7]/C
                               i_scope/i_osc_cfg/set_axi_start_reg[72]/CE
                                                              0.136         
ps/system_i/axi_protocol_converter_0/inst/gen_axilite.gen_b2s_conv.axilite_b2s/SI_REG/aw.aw_pipe/m_payload_i_reg[5]/C
                               ps/system_i/xadc/inst/AXI_XADC_CORE_I/do_reg_reg[0]/CE
                                                              0.164         
ps/system_i/axi_protocol_converter_0/inst/gen_axilite.gen_b2s_conv.axilite_b2s/SI_REG/aw.aw_pipe/m_payload_i_reg[5]/C
                               ps/system_i/xadc/inst/AXI_XADC_CORE_I/do_reg_reg[10]/CE
                                                              0.164         
ps/system_i/axi_protocol_converter_0/inst/gen_axilite.gen_b2s_conv.axilite_b2s/SI_REG/aw.aw_pipe/m_payload_i_reg[5]/C
                               ps/system_i/xadc/inst/AXI_XADC_CORE_I/do_reg_reg[11]/CE
                                                              0.164         
ps/system_i/axi_protocol_converter_0/inst/gen_axilite.gen_b2s_conv.axilite_b2s/SI_REG/aw.aw_pipe/m_payload_i_reg[5]/C
                               ps/system_i/xadc/inst/AXI_XADC_CORE_I/do_reg_reg[12]/CE
                                                              0.164         
ps/system_i/axi_protocol_converter_0/inst/gen_axilite.gen_b2s_conv.axilite_b2s/SI_REG/aw.aw_pipe/m_payload_i_reg[5]/C
                               ps/system_i/xadc/inst/AXI_XADC_CORE_I/do_reg_reg[13]/CE
                                                              0.164         
ps/system_i/axi_protocol_converter_0/inst/gen_axilite.gen_b2s_conv.axilite_b2s/SI_REG/aw.aw_pipe/m_payload_i_reg[5]/C
                               ps/system_i/xadc/inst/AXI_XADC_CORE_I/do_reg_reg[14]/CE
                                                              0.164         
ps/system_i/axi_protocol_converter_0/inst/gen_axilite.gen_b2s_conv.axilite_b2s/SI_REG/aw.aw_pipe/m_payload_i_reg[5]/C
                               ps/system_i/xadc/inst/AXI_XADC_CORE_I/do_reg_reg[15]/CE
                                                              0.164         
ps/system_i/axi_protocol_converter_0/inst/gen_axilite.gen_b2s_conv.axilite_b2s/SI_REG/aw.aw_pipe/m_payload_i_reg[5]/C
                               ps/system_i/xadc/inst/AXI_XADC_CORE_I/alarm_reg_reg[0]/CE
                                                              0.171         
ps/system_i/axi_protocol_converter_0/inst/gen_axilite.gen_b2s_conv.axilite_b2s/SI_REG/aw.aw_pipe/m_payload_i_reg[5]/C
                               ps/system_i/xadc/inst/AXI_XADC_CORE_I/alarm_reg_reg[1]/CE
                                                              0.171         
ps/system_i/axi_protocol_converter_0/inst/gen_axilite.gen_b2s_conv.axilite_b2s/SI_REG/aw.aw_pipe/m_payload_i_reg[5]/C
                               ps/system_i/xadc/inst/AXI_XADC_CORE_I/alarm_reg_reg[2]/CE
                                                              0.171         
ps/system_i/axi_protocol_converter_0/inst/gen_axilite.gen_b2s_conv.axilite_b2s/SI_REG/aw.aw_pipe/m_payload_i_reg[5]/C
                               ps/system_i/xadc/inst/AXI_XADC_CORE_I/alarm_reg_reg[5]/CE
                                                              0.171         
ps/system_i/axi_protocol_converter_0/inst/gen_axilite.gen_b2s_conv.axilite_b2s/SI_REG/aw.aw_pipe/m_payload_i_reg[5]/C
                               ps/system_i/xadc/inst/AXI_XADC_CORE_I/alarm_reg_reg[6]/CE
                                                              0.171         
ps/system_i/axi_protocol_converter_0/inst/gen_axilite.gen_b2s_conv.axilite_b2s/SI_REG/aw.aw_pipe/m_payload_i_reg[5]/C
                               ps/system_i/xadc/inst/AXI_XADC_CORE_I/alarm_reg_reg[7]/CE
                                                              0.171         
ps/system_i/axi_protocol_converter_0/inst/gen_axilite.gen_b2s_conv.axilite_b2s/SI_REG/aw.aw_pipe/m_payload_i_reg[5]/C
                               ps/system_i/xadc/inst/AXI_XADC_CORE_I/alarm_reg_reg[8]/CE
                                                              0.171         
ps/system_i/axi_protocol_converter_0/inst/gen_axilite.gen_b2s_conv.axilite_b2s/SI_REG/aw.aw_pipe/m_payload_i_reg[5]/C
                               ps/system_i/xadc/inst/AXI_XADC_CORE_I/status_reg_reg[0]/CE
                                                              0.189         
ps/system_i/axi_protocol_converter_0/inst/gen_axilite.gen_b2s_conv.axilite_b2s/SI_REG/aw.aw_pipe/m_payload_i_reg[5]/C
                               ps/system_i/xadc/inst/AXI_XADC_CORE_I/status_reg_reg[10]/CE
                                                              0.189         
ps/system_i/axi_protocol_converter_0/inst/gen_axilite.gen_b2s_conv.axilite_b2s/SI_REG/aw.aw_pipe/m_payload_i_reg[5]/C
                               ps/system_i/xadc/inst/AXI_XADC_CORE_I/status_reg_reg[1]/CE
                                                              0.189         
ps/system_i/axi_protocol_converter_0/inst/gen_axilite.gen_b2s_conv.axilite_b2s/SI_REG/aw.aw_pipe/m_payload_i_reg[5]/C
                               ps/system_i/xadc/inst/AXI_XADC_CORE_I/status_reg_reg[2]/CE
                                                              0.189         
ps/system_i/axi_protocol_converter_0/inst/gen_axilite.gen_b2s_conv.axilite_b2s/SI_REG/aw.aw_pipe/m_payload_i_reg[5]/C
                               ps/system_i/xadc/inst/AXI_XADC_CORE_I/status_reg_reg[3]/CE
                                                              0.189         
ps/system_i/axi_protocol_converter_0/inst/gen_axilite.gen_b2s_conv.axilite_b2s/SI_REG/aw.aw_pipe/m_payload_i_reg[5]/C
                               ps/system_i/xadc/inst/AXI_XADC_CORE_I/status_reg_reg[4]/CE
                                                              0.189         
ps/system_i/axi_protocol_converter_0/inst/gen_axilite.gen_b2s_conv.axilite_b2s/SI_REG/aw.aw_pipe/m_payload_i_reg[5]/C
                               ps/system_i/xadc/inst/AXI_XADC_CORE_I/status_reg_reg[7]/CE
                                                              0.189         
ps/system_i/axi_protocol_converter_0/inst/gen_axilite.gen_b2s_conv.axilite_b2s/SI_REG/aw.aw_pipe/m_payload_i_reg[5]/C
                               ps/system_i/xadc/inst/AXI_XADC_CORE_I/status_reg_reg[8]/CE
                                                              0.189         
sys_bus_interconnect/for_bus[1].inst_sys_bus_cdc/bus_m\\.addr_reg[7]/C
                               i_scope/i_osc_cfg/set_axi_start_reg[65]/CE
                                                              0.205         
sys_bus_interconnect/for_bus[1].inst_sys_bus_cdc/bus_m\\.addr_reg[7]/C
                               i_scope/i_osc_cfg/set_axi_start_reg[73]/CE
                                                              0.205         
ps/system_i/axi_protocol_converter_0/inst/gen_axilite.gen_b2s_conv.axilite_b2s/RD.r_channel_0/rd_data_fifo_0/cnt_read_reg[2]/C
                               ps/system_i/axi_protocol_converter_0/inst/gen_axilite.gen_b2s_conv.axilite_b2s/RD.ar_channel_0/cmd_translator_0/incr_cmd_0/axlen_cnt_reg[4]/CE
                                                              0.205         
ps/system_i/axi_protocol_converter_0/inst/gen_axilite.gen_b2s_conv.axilite_b2s/RD.r_channel_0/rd_data_fifo_0/cnt_read_reg[2]/C
                               ps/system_i/axi_protocol_converter_0/inst/gen_axilite.gen_b2s_conv.axilite_b2s/RD.ar_channel_0/cmd_translator_0/incr_cmd_0/axlen_cnt_reg[5]/CE
                                                              0.205         
ps/system_i/axi_protocol_converter_0/inst/gen_axilite.gen_b2s_conv.axilite_b2s/RD.r_channel_0/rd_data_fifo_0/cnt_read_reg[2]/C
                               ps/system_i/axi_protocol_converter_0/inst/gen_axilite.gen_b2s_conv.axilite_b2s/RD.ar_channel_0/cmd_translator_0/incr_cmd_0/axlen_cnt_reg[6]/CE
                                                              0.205         
ps/system_i/axi_protocol_converter_0/inst/gen_axilite.gen_b2s_conv.axilite_b2s/RD.r_channel_0/rd_data_fifo_0/cnt_read_reg[2]/C
                               ps/system_i/axi_protocol_converter_0/inst/gen_axilite.gen_b2s_conv.axilite_b2s/RD.ar_channel_0/cmd_translator_0/incr_cmd_0/axlen_cnt_reg[7]/CE
                                                              0.205         
ps/system_i/axi_protocol_converter_0/inst/gen_axilite.gen_b2s_conv.axilite_b2s/WR.aw_channel_0/aw_cmd_fsm_0/FSM_sequential_state_reg[1]/C
                               ps/system_i/xadc/inst/INTR_CTRLR_GEN_I.INTERRUPT_CONTROL_I/DO_IRPT_INPUT[10].GEN_POS_EDGE_DETECT.irpt_dly2_reg/CE
                                                              0.209         
ps/system_i/axi_protocol_converter_0/inst/gen_axilite.gen_b2s_conv.axilite_b2s/WR.aw_channel_0/aw_cmd_fsm_0/FSM_sequential_state_reg[1]/C
                               ps/system_i/xadc/inst/INTR_CTRLR_GEN_I.INTERRUPT_CONTROL_I/DO_IRPT_INPUT[0].GEN_POS_EDGE_DETECT.irpt_dly2_reg/CE
                                                              0.212         
sys_bus_interconnect/for_bus[1].inst_sys_bus_cdc/bus_m\\.addr_reg[7]/C
                               i_scope/i_osc_cfg/set_axi_start_reg[66]/CE
                                                              0.224         
sys_bus_interconnect/for_bus[1].inst_sys_bus_cdc/bus_m\\.addr_reg[7]/C
                               i_scope/i_osc_cfg/set_axi_start_reg[67]/CE
                                                              0.224         
sys_bus_interconnect/for_bus[1].inst_sys_bus_cdc/bus_m\\.addr_reg[7]/C
                               i_scope/i_osc_cfg/set_axi_start_reg[68]/CE
                                                              0.224         
ps/system_i/axi_protocol_converter_0/inst/gen_axilite.gen_b2s_conv.axilite_b2s/WR.b_channel_0/bid_fifo_0/cnt_read_reg[1]/C
                               ps/system_i/axi_protocol_converter_0/inst/gen_axilite.gen_b2s_conv.axilite_b2s/WR.aw_channel_0/cmd_translator_0/incr_cmd_0/axaddr_incr_reg[10]/D
                                                              0.229         
ps/system_i/axi_protocol_converter_0/inst/gen_axilite.gen_b2s_conv.axilite_b2s/WR.aw_channel_0/aw_cmd_fsm_0/FSM_sequential_state_reg[1]/C
                               ps/system_i/axi_protocol_converter_0/inst/gen_axilite.gen_b2s_conv.axilite_b2s/WR.aw_channel_0/cmd_translator_0/wrap_cmd_0/wrap_cnt_r_reg[3]/D
                                                              0.238         
ps/system_i/processing_system7/inst/PS7_i/SAXIHP3ACLK
                               ps/axi_master_3/axi_rfill_lvl_reg[0]/CE
                                                              0.238         
ps/system_i/processing_system7/inst/PS7_i/SAXIHP3ACLK
                               ps/axi_master_3/axi_rfill_lvl_reg[1]/CE
                                                              0.238         
ps/system_i/processing_system7/inst/PS7_i/SAXIHP3ACLK
                               ps/axi_master_3/axi_rfill_lvl_reg[2]/CE
                                                              0.238         
ps/system_i/processing_system7/inst/PS7_i/SAXIHP3ACLK
                               ps/axi_master_3/axi_rfill_lvl_reg[3]/CE
                                                              0.238         
ps/system_i/axi_protocol_converter_0/inst/gen_axilite.gen_b2s_conv.axilite_b2s/RD.ar_channel_0/ar_cmd_fsm_0/FSM_sequential_state_reg[1]/C
                               ps/system_i/xadc/inst/INTR_CTRLR_GEN_I.INTERRUPT_CONTROL_I/DO_IRPT_INPUT[11].GEN_POS_EDGE_DETECT.irpt_dly2_reg/CE
                                                              0.262         
ps/system_i/axi_protocol_converter_0/inst/gen_axilite.gen_b2s_conv.axilite_b2s/SI_REG/aw.aw_pipe/m_payload_i_reg[5]/C
                               ps/system_i/xadc/inst/AXI_XADC_CORE_I/do_reg_reg[1]/CE
                                                              0.270         
ps/system_i/axi_protocol_converter_0/inst/gen_axilite.gen_b2s_conv.axilite_b2s/SI_REG/aw.aw_pipe/m_payload_i_reg[5]/C
                               ps/system_i/xadc/inst/AXI_XADC_CORE_I/do_reg_reg[2]/CE
                                                              0.270         
ps/system_i/axi_protocol_converter_0/inst/gen_axilite.gen_b2s_conv.axilite_b2s/SI_REG/aw.aw_pipe/m_payload_i_reg[5]/C
                               ps/system_i/xadc/inst/AXI_XADC_CORE_I/do_reg_reg[3]/CE
                                                              0.270         
ps/system_i/axi_protocol_converter_0/inst/gen_axilite.gen_b2s_conv.axilite_b2s/SI_REG/aw.aw_pipe/m_payload_i_reg[5]/C
                               ps/system_i/xadc/inst/AXI_XADC_CORE_I/do_reg_reg[4]/CE
                                                              0.270         
ps/system_i/axi_protocol_converter_0/inst/gen_axilite.gen_b2s_conv.axilite_b2s/SI_REG/aw.aw_pipe/m_payload_i_reg[5]/C
                               ps/system_i/xadc/inst/AXI_XADC_CORE_I/do_reg_reg[5]/CE
                                                              0.270         
ps/system_i/axi_protocol_converter_0/inst/gen_axilite.gen_b2s_conv.axilite_b2s/SI_REG/aw.aw_pipe/m_payload_i_reg[5]/C
                               ps/system_i/xadc/inst/AXI_XADC_CORE_I/do_reg_reg[6]/CE
                                                              0.270         
ps/system_i/axi_protocol_converter_0/inst/gen_axilite.gen_b2s_conv.axilite_b2s/SI_REG/aw.aw_pipe/m_payload_i_reg[5]/C
                               ps/system_i/xadc/inst/AXI_XADC_CORE_I/do_reg_reg[7]/CE
                                                              0.270         
ps/system_i/axi_protocol_converter_0/inst/gen_axilite.gen_b2s_conv.axilite_b2s/SI_REG/aw.aw_pipe/m_payload_i_reg[5]/C
                               ps/system_i/xadc/inst/AXI_XADC_CORE_I/do_reg_reg[8]/CE
                                                              0.270         
sys_bus_interconnect/for_bus[1].inst_sys_bus_cdc/bus_m\\.addr_reg[7]/C
                               i_scope/genblk2[0].i_axi_sm/axi_dat_sel_reg[1]/CE
                                                              0.277         
ps/system_i/axi_protocol_converter_0/inst/gen_axilite.gen_b2s_conv.axilite_b2s/WR.b_channel_0/bid_fifo_0/cnt_read_reg[1]/C
                               ps/system_i/axi_protocol_converter_0/inst/gen_axilite.gen_b2s_conv.axilite_b2s/WR.aw_channel_0/cmd_translator_0/incr_cmd_0/axaddr_incr_reg[9]/D
                                                              0.289         
ps/system_i/axi_protocol_converter_0/inst/gen_axilite.gen_b2s_conv.axilite_b2s/RD.r_channel_0/rd_data_fifo_0/cnt_read_reg[2]/C
                               ps/system_i/xadc/inst/AXI_LITE_IPIF_I/I_SLAVE_ATTACHMENT/INCLUDE_DPHASE_TIMER.dpto_cnt_reg[0]/CE
                                                              0.298         
ps/system_i/axi_protocol_converter_0/inst/gen_axilite.gen_b2s_conv.axilite_b2s/RD.r_channel_0/rd_data_fifo_0/cnt_read_reg[2]/C
                               ps/system_i/xadc/inst/AXI_LITE_IPIF_I/I_SLAVE_ATTACHMENT/INCLUDE_DPHASE_TIMER.dpto_cnt_reg[1]/CE
                                                              0.298         
ps/system_i/axi_protocol_converter_0/inst/gen_axilite.gen_b2s_conv.axilite_b2s/WR.aw_channel_0/aw_cmd_fsm_0/FSM_sequential_state_reg[1]/C
                               ps/system_i/xadc/inst/INTR_CTRLR_GEN_I.INTERRUPT_CONTROL_I/DO_IRPT_INPUT[2].GEN_POS_EDGE_DETECT.irpt_dly2_reg/CE
                                                              0.310         
i_mca/dat_q_reg[1]/C           i_mca/i_feat/d_min_reg[0]/CE   0.312         
i_mca/dat_q_reg[1]/C           i_mca/i_feat/d_min_reg[1]/CE   0.312         
i_mca/dat_q_reg[1]/C           i_mca/i_feat/d_min_reg[2]/CE   0.312         
i_mca/dat_q_reg[1]/C           i_mca/i_feat/d_min_reg[3]/CE   0.312         
sys_bus_interconnect/for_bus[1].inst_sys_bus_cdc/bus_m\\.addr_reg[7]/C
                               i_scope/i_osc_cfg/set_axi_start_reg[70]/CE
                                                              0.315         
ps/system_i/axi_protocol_converter_0/inst/gen_axilite.gen_b2s_conv.axilite_b2s/RD.ar_channel_0/ar_cmd_fsm_0/FSM_sequential_state_reg[0]/C
                               ps/system_i/axi_protocol_converter_0/inst/gen_axilite.gen_b2s_conv.axilite_b2s/RD.ar_channel_0/cmd_translator_0/wrap_cmd_0/wrap_cnt_r_reg[3]/D
                                                              0.333         
i_mca/dat_q_reg[1]/C           i_mca/i_feat/q_tot_reg[28]/CE  0.335         
i_mca/dat_q_reg[1]/C           i_mca/i_feat/q_tot_reg[29]/CE  0.335         
i_mca/dat_q_reg[1]/C           i_mca/i_feat/q_tot_reg[30]/CE  0.335         
i_mca/dat_q_reg[1]/C           i_mca/i_feat/q_tot_reg[31]/CE  0.335         
sys_bus_interconnect/for_bus[1].inst_sys_bus_cdc/bus_m\\.addr_reg[7]/C
                               i_scope/i_osc_cfg/set_axi_start_reg[81]/CE
                                                              0.346         
sys_bus_interconnect/for_bus[1].inst_sys_bus_cdc/bus_m\\.addr_reg[7]/C
                               i_scope/i_osc_cfg/set_axi_start_reg[82]/CE
                                                              0.346         
sys_bus_interconnect/for_bus[1].inst_sys_bus_cdc/bus_m\\.addr_reg[7]/C
                               i_scope/i_osc_cfg/set_axi_start_reg[94]/CE
                                                              0.346         
ps/system_i/axi_protocol_converter_0/inst/gen_axilite.gen_b2s_conv.axilite_b2s/RD.ar_channel_0/ar_cmd_fsm_0/FSM_sequential_state_reg[1]/C
                               ps/system_i/xadc/inst/AXI_XADC_CORE_I/alarm_0_d1_reg/CE
                                                              0.349         
ps/system_i/axi_protocol_converter_0/inst/gen_axilite.gen_b2s_conv.axilite_b2s/RD.ar_channel_0/ar_cmd_fsm_0/FSM_sequential_state_reg[1]/C
                               ps/system_i/xadc/inst/AXI_XADC_CORE_I/ot_d1_reg/CE
                                                              0.349         
sys_bus_interconnect/for_bus[1].inst_sys_bus_cdc/bus_m\\.addr_reg[7]/C
                               i_scope/i_osc_cfg/set_axi_start_reg[105]/CE
                                                              0.354         
sys_bus_interconnect/for_bus[1].inst_sys_bus_cdc/bus_m\\.addr_reg[7]/C
                               i_scope/i_osc_cfg/set_axi_start_reg[97]/CE
                                                              0.354         
sys_bus_interconnect/for_bus[1].inst_sys_bus_cdc/bus_m\\.addr_reg[7]/C
                               i_scope/i_osc_cfg/set_axi_start_reg[83]/CE
                                                              0.354         
sys_bus_interconnect/for_bus[1].inst_sys_bus_cdc/bus_m\\.addr_reg[7]/C
                               i_scope/i_osc_cfg/set_axi_start_reg[84]/CE
                                                              0.354         
sys_bus_interconnect/for_bus[1].inst_sys_bus_cdc/bus_m\\.addr_reg[7]/C
                               i_scope/i_osc_cfg/set_axi_start_reg[89]/CE
                                                              0.354         
sys_bus_interconnect/for_bus[1].inst_sys_bus_cdc/bus_m\\.addr_reg[7]/C
                               i_scope/i_osc_cfg/set_axi_start_reg[90]/CE
                                                              0.354         
sys_bus_interconnect/for_bus[1].inst_sys_bus_cdc/bus_m\\.addr_reg[7]/C
                               i_scope/i_osc_cfg/set_axi_start_reg[93]/CE
                                                              0.354         
i_mca/dat_q_reg[1]/C           i_mca/i_feat/q_tot_reg[24]/CE  0.357         
i_mca/dat_q_reg[1]/C           i_mca/i_feat/q_tot_reg[25]/CE  0.357         
i_mca/dat_q_reg[1]/C           i_mca/i_feat/q_tot_reg[26]/CE  0.357         
i_mca/dat_q_reg[1]/C           i_mca/i_feat/q_tot_reg[27]/CE  0.357         
ps/system_i/axi_protocol_converter_0/inst/gen_axilite.gen_b2s_conv.axilite_b2s/RD.ar_channel_0/ar_cmd_fsm_0/FSM_sequential_state_reg[1]/C
                               ps/system_i/xadc/inst/INTR_CTRLR_GEN_I.INTERRUPT_CONTROL_I/DO_IRPT_INPUT[1].GEN_POS_EDGE_DETECT.irpt_dly2_reg/CE
                                                              0.359         
i_mca/dat_q_reg[1]/C           i_mca/i_feat/d_min_reg[10]/CE  0.361         
i_mca/dat_q_reg[1]/C           i_mca/i_feat/d_min_reg[11]/CE  0.361         
i_mca/dat_q_reg[1]/C           i_mca/i_feat/d_min_reg[8]/CE   0.361         
i_mca/dat_q_reg[1]/C           i_mca/i_feat/d_min_reg[9]/CE   0.361         
sys_bus_interconnect/for_bus[1].inst_sys_bus_cdc/bus_m\\.addr_reg[7]/C
                               i_scope/i_osc_cfg/set_axi_start_reg[71]/CE
                                                              0.362         
sys_bus_interconnect/for_bus[1].inst_sys_bus_cdc/bus_m\\.addr_reg[7]/C
                               i_scope/i_osc_cfg/set_axi_start_reg[74]/CE
                                                              0.362         
sys_bus_interconnect/for_bus[1].inst_sys_bus_cdc/bus_m\\.addr_reg[7]/C
                               i_scope/i_osc_cfg/set_axi_start_reg[76]/CE
                                                              0.362         
i_mca/dat_q_reg[1]/C           i_mca/i_feat/d_min_reg[4]/CE   0.365         
i_mca/dat_q_reg[1]/C           i_mca/i_feat/d_min_reg[5]/CE   0.365         
i_mca/dat_q_reg[1]/C           i_mca/i_feat/d_min_reg[6]/CE   0.365         
i_mca/dat_q_reg[1]/C           i_mca/i_feat/d_min_reg[7]/CE   0.365         
i_scope/i_osc_cfg/set_dec_reg[24]/C
                               i_scope/genblk2[1].i_axi_sm/axi_dly_cnt_reg[29]/D
                                                              0.378         
ps/system_i/xadc/inst/AXI_LITE_IPIF_I/I_SLAVE_ATTACHMENT/INCLUDE_DPHASE_TIMER.dpto_cnt_reg[2]/C
                               ps/system_i/axi_protocol_converter_0/inst/gen_axilite.gen_b2s_conv.axilite_b2s/WR.aw_channel_0/cmd_translator_0/incr_cmd_0/axlen_cnt_reg[5]/CE
                                                              0.378         
ps/system_i/xadc/inst/AXI_LITE_IPIF_I/I_SLAVE_ATTACHMENT/INCLUDE_DPHASE_TIMER.dpto_cnt_reg[2]/C
                               ps/system_i/axi_protocol_converter_0/inst/gen_axilite.gen_b2s_conv.axilite_b2s/WR.aw_channel_0/cmd_translator_0/incr_cmd_0/axlen_cnt_reg[6]/CE
                                                              0.378         
ps/system_i/xadc/inst/AXI_LITE_IPIF_I/I_SLAVE_ATTACHMENT/INCLUDE_DPHASE_TIMER.dpto_cnt_reg[2]/C
                               ps/system_i/axi_protocol_converter_0/inst/gen_axilite.gen_b2s_conv.axilite_b2s/WR.aw_channel_0/cmd_translator_0/incr_cmd_0/axlen_cnt_reg[7]/CE
                                                              0.378         
sys_bus_interconnect/for_bus[1].inst_sys_bus_cdc/bus_m\\.addr_reg[7]/C
                               i_scope/i_osc_cfg/set_axi_start_reg[100]/CE
                                                              0.379         
sys_bus_interconnect/for_bus[1].inst_sys_bus_cdc/bus_m\\.addr_reg[7]/C
                               i_scope/i_osc_cfg/set_axi_start_reg[101]/CE
                                                              0.379         
sys_bus_interconnect/for_bus[1].inst_sys_bus_cdc/bus_m\\.addr_reg[7]/C
                               i_scope/i_osc_cfg/set_axi_start_reg[104]/CE
                                                              0.379         
sys_bus_interconnect/for_bus[1].inst_sys_bus_cdc/bus_m\\.addr_reg[7]/C
                               i_scope/i_osc_cfg/set_axi_start_reg[99]/CE
                                                              0.379         
sys_bus_interconnect/for_bus[1].inst_sys_bus_cdc/bus_m\\.addr_reg[7]/C
                               i_scope/i_osc_cfg/set_axi_start_reg[85]/CE
                                                              0.382         
sys_bus_interconnect/for_bus[1].inst_sys_bus_cdc/bus_m\\.addr_reg[7]/C
                               i_scope/i_osc_cfg/set_axi_start_reg[86]/CE
                                                              0.382         
sys_bus_interconnect/for_bus[1].inst_sys_bus_cdc/bus_m\\.addr_reg[7]/C
                               i_scope/i_osc_cfg/set_axi_start_reg[87]/CE
                                                              0.382         
sys_bus_interconnect/for_bus[1].inst_sys_bus_cdc/bus_m\\.addr_reg[7]/C
                               i_scope/i_osc_cfg/set_axi_start_reg[88]/CE
                                                              0.382         
sys_bus_interconnect/for_bus[1].inst_sys_bus_cdc/bus_m\\.addr_reg[7]/C
                               i_scope/i_osc_cfg/set_axi_start_reg[91]/CE
                                                              0.382         
sys_bus_interconnect/for_bus[1].inst_sys_bus_cdc/bus_m\\.addr_reg[7]/C
                               i_scope/i_osc_cfg/set_axi_start_reg[92]/CE
                                                              0.382         
sys_bus_interconnect/for_bus[1].inst_sys_bus_cdc/bus_m\\.addr_reg[7]/C
                               i_scope/i_osc_cfg/set_axi_start_reg[95]/CE
                                                              0.382         
ps/system_i/axi_protocol_converter_0/inst/gen_axilite.gen_b2s_conv.axilite_b2s/WR.b_channel_0/bid_fifo_0/cnt_read_reg[1]/C
                               ps/system_i/axi_protocol_converter_0/inst/gen_axilite.gen_b2s_conv.axilite_b2s/WR.aw_channel_0/cmd_translator_0/incr_cmd_0/axaddr_incr_reg[5]/D
                                                              0.382         
sys_bus_interconnect/for_bus[1].inst_sys_bus_cdc/bus_m\\.addr_reg[7]/C
                               i_scope/i_osc_cfg/set_axi_start_reg[98]/CE
                                                              0.385         
i_scope/i_osc_cfg/set_dec_reg[24]/C
                               i_scope/genblk2[1].i_axi_sm/axi_dly_cnt_reg[31]/D
                                                              0.386         
ps/system_i/axi_protocol_converter_0/inst/gen_axilite.gen_b2s_conv.axilite_b2s/WR.b_channel_0/bid_fifo_0/cnt_read_reg[1]/C
                               ps/system_i/axi_protocol_converter_0/inst/gen_axilite.gen_b2s_conv.axilite_b2s/WR.aw_channel_0/cmd_translator_0/incr_cmd_0/axaddr_incr_reg[7]/D
                                                              0.393         
sys_bus_interconnect/for_bus[1].inst_sys_bus_cdc/bus_m\\.addr_reg[7]/C
                               i_scope/i_osc_cfg/set_axi_start_reg[77]/CE
                                                              0.397         
sys_bus_interconnect/for_bus[1].inst_sys_bus_cdc/bus_m\\.addr_reg[7]/C
                               i_scope/i_osc_cfg/set_axi_start_reg[78]/CE
                                                              0.397         
sys_bus_interconnect/for_bus[1].inst_sys_bus_cdc/bus_m\\.addr_reg[7]/C
                               i_scope/i_osc_cfg/set_axi_start_reg[79]/CE
                                                              0.397         
sys_bus_interconnect/for_bus[1].inst_sys_bus_cdc/bus_m\\.addr_reg[7]/C
                               i_scope/i_osc_cfg/set_axi_start_reg[80]/CE
                                                              0.397         
ps/system_i/axi_protocol_converter_0/inst/gen_axilite.gen_b2s_conv.axilite_b2s/WR.b_channel_0/bid_fifo_0/cnt_read_reg[1]/C
                               ps/system_i/axi_protocol_converter_0/inst/gen_axilite.gen_b2s_conv.axilite_b2s/WR.aw_channel_0/cmd_translator_0/incr_cmd_0/axaddr_incr_reg[11]/D
                                                              0.404         
sys_bus_interconnect/for_bus[1].inst_sys_bus_cdc/bus_m\\.addr_reg[7]/C
                               i_scope/i_osc_cfg/set_axi_start_reg[35]/CE
                                                              0.406         
sys_bus_interconnect/for_bus[1].inst_sys_bus_cdc/bus_m\\.addr_reg[7]/C
                               i_scope/i_osc_cfg/set_axi_start_reg[41]/CE
                                                              0.406         
ps/system_i/axi_protocol_converter_0/inst/gen_axilite.gen_b2s_conv.axilite_b2s/RD.r_channel_0/rd_data_fifo_0/cnt_read_reg[2]/C
                               ps/system_i/xadc/inst/AXI_LITE_IPIF_I/I_SLAVE_ATTACHMENT/INCLUDE_DPHASE_TIMER.dpto_cnt_reg[6]/CE
                                                              0.414         
ps/system_i/axi_protocol_converter_0/inst/gen_axilite.gen_b2s_conv.axilite_b2s/RD.ar_channel_0/ar_cmd_fsm_0/FSM_sequential_state_reg[0]/C
                               ps/system_i/axi_protocol_converter_0/inst/gen_axilite.gen_b2s_conv.axilite_b2s/RD.ar_channel_0/cmd_translator_0/wrap_cmd_0/wrap_second_len_r_reg[0]/D
                                                              0.414         
i_mca/i_feat/ev_feat_o_reg[44]/C
                               i_mca/h2y_bin_q_reg[5]/D       0.421         
sys_bus_interconnect/for_bus[1].inst_sys_bus_cdc/bus_m\\.addr_reg[9]/C
                               i_scope/i_osc_cfg/sys_rdata_reg[27]/D
                                                              0.421         
ps/system_i/axi_protocol_converter_0/inst/gen_axilite.gen_b2s_conv.axilite_b2s/RD.r_channel_0/rd_data_fifo_0/cnt_read_reg[2]/C
                               ps/system_i/xadc/inst/AXI_LITE_IPIF_I/I_SLAVE_ATTACHMENT/INCLUDE_DPHASE_TIMER.dpto_cnt_reg[2]/CE
                                                              0.426         
ps/system_i/axi_protocol_converter_0/inst/gen_axilite.gen_b2s_conv.axilite_b2s/RD.r_channel_0/rd_data_fifo_0/cnt_read_reg[2]/C
                               ps/system_i/xadc/inst/AXI_LITE_IPIF_I/I_SLAVE_ATTACHMENT/INCLUDE_DPHASE_TIMER.dpto_cnt_reg[3]/CE
                                                              0.426         
ps/system_i/axi_protocol_converter_0/inst/gen_axilite.gen_b2s_conv.axilite_b2s/RD.r_channel_0/rd_data_fifo_0/cnt_read_reg[2]/C
                               ps/system_i/xadc/inst/AXI_LITE_IPIF_I/I_SLAVE_ATTACHMENT/INCLUDE_DPHASE_TIMER.dpto_cnt_reg[4]/CE
                                                              0.426         
ps/system_i/axi_protocol_converter_0/inst/gen_axilite.gen_b2s_conv.axilite_b2s/RD.r_channel_0/rd_data_fifo_0/cnt_read_reg[2]/C
                               ps/system_i/xadc/inst/AXI_LITE_IPIF_I/I_SLAVE_ATTACHMENT/INCLUDE_DPHASE_TIMER.dpto_cnt_reg[5]/CE
                                                              0.426         
i_mca/dat_q_reg[1]/C           i_mca/i_feat/len_reg[10]/CE    0.434         
i_mca/dat_q_reg[1]/C           i_mca/i_feat/len_reg[12]/CE    0.434         
i_mca/dat_q_reg[1]/C           i_mca/i_feat/len_reg[13]/CE    0.434         
i_mca/dat_q_reg[1]/C           i_mca/i_feat/len_reg[15]/CE    0.434         
i_scope/genblk2[0].i_calib_ch/offset_calc_r_reg[13]/C
                               i_scope/genblk2[0].i_calib_ch/gain_calc_r1__0/PCIN[0]
                                                              0.440         
i_scope/genblk2[0].i_calib_ch/offset_calc_r_reg[13]/C
                               i_scope/genblk2[0].i_calib_ch/gain_calc_r1__0/PCIN[10]
                                                              0.440         
i_scope/genblk2[0].i_calib_ch/offset_calc_r_reg[13]/C
                               i_scope/genblk2[0].i_calib_ch/gain_calc_r1__0/PCIN[11]
                                                              0.440         
i_scope/genblk2[0].i_calib_ch/offset_calc_r_reg[13]/C
                               i_scope/genblk2[0].i_calib_ch/gain_calc_r1__0/PCIN[12]
                                                              0.440         
i_scope/genblk2[0].i_calib_ch/offset_calc_r_reg[13]/C
                               i_scope/genblk2[0].i_calib_ch/gain_calc_r1__0/PCIN[13]
                                                              0.440         
i_scope/genblk2[0].i_calib_ch/offset_calc_r_reg[13]/C
                               i_scope/genblk2[0].i_calib_ch/gain_calc_r1__0/PCIN[14]
                                                              0.440         
i_scope/genblk2[0].i_calib_ch/offset_calc_r_reg[13]/C
                               i_scope/genblk2[0].i_calib_ch/gain_calc_r1__0/PCIN[15]
                                                              0.440         
i_scope/genblk2[0].i_calib_ch/offset_calc_r_reg[13]/C
                               i_scope/genblk2[0].i_calib_ch/gain_calc_r1__0/PCIN[16]
                                                              0.440         
i_scope/genblk2[0].i_calib_ch/offset_calc_r_reg[13]/C
                               i_scope/genblk2[0].i_calib_ch/gain_calc_r1__0/PCIN[17]
                                                              0.440         
i_scope/genblk2[0].i_calib_ch/offset_calc_r_reg[13]/C
                               i_scope/genblk2[0].i_calib_ch/gain_calc_r1__0/PCIN[18]
                                                              0.440         
i_scope/genblk2[0].i_calib_ch/offset_calc_r_reg[13]/C
                               i_scope/genblk2[0].i_calib_ch/gain_calc_r1__0/PCIN[19]
                                                              0.440         
i_scope/genblk2[0].i_calib_ch/offset_calc_r_reg[13]/C
                               i_scope/genblk2[0].i_calib_ch/gain_calc_r1__0/PCIN[1]
                                                              0.440         
i_scope/genblk2[0].i_calib_ch/offset_calc_r_reg[13]/C
                               i_scope/genblk2[0].i_calib_ch/gain_calc_r1__0/PCIN[20]
                                                              0.440         
i_scope/genblk2[0].i_calib_ch/offset_calc_r_reg[13]/C
                               i_scope/genblk2[0].i_calib_ch/gain_calc_r1__0/PCIN[21]
                                                              0.440         
i_scope/genblk2[0].i_calib_ch/offset_calc_r_reg[13]/C
                               i_scope/genblk2[0].i_calib_ch/gain_calc_r1__0/PCIN[22]
                                                              0.440         
i_scope/genblk2[0].i_calib_ch/offset_calc_r_reg[13]/C
                               i_scope/genblk2[0].i_calib_ch/gain_calc_r1__0/PCIN[23]
                                                              0.440         
i_scope/genblk2[0].i_calib_ch/offset_calc_r_reg[13]/C
                               i_scope/genblk2[0].i_calib_ch/gain_calc_r1__0/PCIN[24]
                                                              0.440         
i_scope/genblk2[0].i_calib_ch/offset_calc_r_reg[13]/C
                               i_scope/genblk2[0].i_calib_ch/gain_calc_r1__0/PCIN[25]
                                                              0.440         
i_scope/genblk2[0].i_calib_ch/offset_calc_r_reg[13]/C
                               i_scope/genblk2[0].i_calib_ch/gain_calc_r1__0/PCIN[26]
                                                              0.440         
i_scope/genblk2[0].i_calib_ch/offset_calc_r_reg[13]/C
                               i_scope/genblk2[0].i_calib_ch/gain_calc_r1__0/PCIN[27]
                                                              0.440         
i_scope/genblk2[0].i_calib_ch/offset_calc_r_reg[13]/C
                               i_scope/genblk2[0].i_calib_ch/gain_calc_r1__0/PCIN[28]
                                                              0.440         
i_scope/genblk2[0].i_calib_ch/offset_calc_r_reg[13]/C
                               i_scope/genblk2[0].i_calib_ch/gain_calc_r1__0/PCIN[29]
                                                              0.440         
i_scope/genblk2[0].i_calib_ch/offset_calc_r_reg[13]/C
                               i_scope/genblk2[0].i_calib_ch/gain_calc_r1__0/PCIN[2]
                                                              0.440         
i_scope/genblk2[0].i_calib_ch/offset_calc_r_reg[13]/C
                               i_scope/genblk2[0].i_calib_ch/gain_calc_r1__0/PCIN[30]
                                                              0.440         
i_scope/genblk2[0].i_calib_ch/offset_calc_r_reg[13]/C
                               i_scope/genblk2[0].i_calib_ch/gain_calc_r1__0/PCIN[31]
                                                              0.440         
i_scope/genblk2[0].i_calib_ch/offset_calc_r_reg[13]/C
                               i_scope/genblk2[0].i_calib_ch/gain_calc_r1__0/PCIN[32]
                                                              0.440         
i_scope/genblk2[0].i_calib_ch/offset_calc_r_reg[13]/C
                               i_scope/genblk2[0].i_calib_ch/gain_calc_r1__0/PCIN[33]
                                                              0.440         
i_scope/genblk2[0].i_calib_ch/offset_calc_r_reg[13]/C
                               i_scope/genblk2[0].i_calib_ch/gain_calc_r1__0/PCIN[34]
                                                              0.440         
i_scope/genblk2[0].i_calib_ch/offset_calc_r_reg[13]/C
                               i_scope/genblk2[0].i_calib_ch/gain_calc_r1__0/PCIN[35]
                                                              0.440         
i_scope/genblk2[0].i_calib_ch/offset_calc_r_reg[13]/C
                               i_scope/genblk2[0].i_calib_ch/gain_calc_r1__0/PCIN[36]
                                                              0.440         
i_scope/genblk2[0].i_calib_ch/offset_calc_r_reg[13]/C
                               i_scope/genblk2[0].i_calib_ch/gain_calc_r1__0/PCIN[37]
                                                              0.440         
dac_dat_a_reg[2]/C             oddr_dac_dat[2]/D2             0.442         
ps/system_i/processing_system7/inst/PS7_i/SAXIHP3ACLK
                               ps/axi_master_3/wdata_in_reg_reg/D
                                                              0.444         
ps/system_i/axi_protocol_converter_0/inst/gen_axilite.gen_b2s_conv.axilite_b2s/WR.aw_channel_0/aw_cmd_fsm_0/FSM_sequential_state_reg[1]/C
                               ps/system_i/xadc/inst/AXI_LITE_IPIF_I/I_SLAVE_ATTACHMENT/I_DECODER/GEN_BKEND_CE_REGISTERS[19].ce_out_i_reg[19]/D
                                                              0.472         
ps/system_i/axi_protocol_converter_0/inst/gen_axilite.gen_b2s_conv.axilite_b2s/WR.b_channel_0/bid_fifo_0/cnt_read_reg[1]/C
                               ps/system_i/axi_protocol_converter_0/inst/gen_axilite.gen_b2s_conv.axilite_b2s/WR.aw_channel_0/cmd_translator_0/incr_cmd_0/axaddr_incr_reg[6]/D
                                                              0.477         
ps/system_i/axi_protocol_converter_0/inst/gen_axilite.gen_b2s_conv.axilite_b2s/SI_REG/aw.aw_pipe/m_payload_i_reg[39]/C
                               ps/system_i/axi_protocol_converter_0/inst/gen_axilite.gen_b2s_conv.axilite_b2s/WR.aw_channel_0/cmd_translator_0/s_axburst_eq0_reg/CE
                                                              0.482         
ps/system_i/axi_protocol_converter_0/inst/gen_axilite.gen_b2s_conv.axilite_b2s/WR.b_channel_0/bid_fifo_0/cnt_read_reg[1]/C
                               ps/system_i/axi_protocol_converter_0/inst/gen_axilite.gen_b2s_conv.axilite_b2s/WR.aw_channel_0/cmd_translator_0/incr_cmd_0/axaddr_incr_reg[4]/D
                                                              0.483         
dac_dat_a_reg[1]/C             oddr_dac_dat[1]/D2             0.484         
ps/system_i/axi_protocol_converter_0/inst/gen_axilite.gen_b2s_conv.axilite_b2s/WR.aw_channel_0/aw_cmd_fsm_0/FSM_sequential_state_reg[1]/C
                               ps/system_i/xadc/inst/AXI_LITE_IPIF_I/I_SLAVE_ATTACHMENT/I_DECODER/GEN_BKEND_CE_REGISTERS[15].ce_out_i_reg[15]/D
                                                              0.485         
ps/system_i/axi_protocol_converter_0/inst/gen_axilite.gen_b2s_conv.axilite_b2s/WR.aw_channel_0/aw_cmd_fsm_0/FSM_sequential_state_reg[1]/C
                               ps/system_i/xadc/inst/AXI_LITE_IPIF_I/I_SLAVE_ATTACHMENT/I_DECODER/GEN_BKEND_CE_REGISTERS[16].ce_out_i_reg[16]/D
                                                              0.494         
ps/system_i/xadc/inst/INTR_CTRLR_GEN_I.ip2bus_wrack_reg/C
                               ps/system_i/xadc/inst/AXI_LITE_IPIF_I/I_SLAVE_ATTACHMENT/I_DECODER/GEN_BKEND_CE_REGISTERS[11].ce_out_i_reg[11]/R
                                                              0.494         
ps/system_i/xadc/inst/INTR_CTRLR_GEN_I.ip2bus_wrack_reg/C
                               ps/system_i/xadc/inst/AXI_LITE_IPIF_I/I_SLAVE_ATTACHMENT/I_DECODER/GEN_BKEND_CE_REGISTERS[12].ce_out_i_reg[12]/R
                                                              0.494         
ps/system_i/xadc/inst/INTR_CTRLR_GEN_I.ip2bus_wrack_reg/C
                               ps/system_i/xadc/inst/AXI_LITE_IPIF_I/I_SLAVE_ATTACHMENT/I_DECODER/GEN_BKEND_CE_REGISTERS[14].ce_out_i_reg[14]/R
                                                              0.494         
ps/system_i/xadc/inst/INTR_CTRLR_GEN_I.ip2bus_wrack_reg/C
                               ps/system_i/xadc/inst/AXI_LITE_IPIF_I/I_SLAVE_ATTACHMENT/I_DECODER/GEN_BKEND_CE_REGISTERS[8].ce_out_i_reg[8]/R
                                                              0.494         
ps/system_i/xadc/inst/AXI_LITE_IPIF_I/I_SLAVE_ATTACHMENT/INCLUDE_DPHASE_TIMER.dpto_cnt_reg[2]/C
                               ps/system_i/axi_protocol_converter_0/inst/gen_axilite.gen_b2s_conv.axilite_b2s/WR.aw_channel_0/cmd_translator_0/incr_cmd_0/axlen_cnt_reg[0]/CE
                                                              0.506         
ps/system_i/axi_protocol_converter_0/inst/gen_axilite.gen_b2s_conv.axilite_b2s/WR.aw_channel_0/aw_cmd_fsm_0/FSM_sequential_state_reg[1]/C
                               ps/system_i/xadc/inst/AXI_LITE_IPIF_I/I_SLAVE_ATTACHMENT/I_DECODER/GEN_BKEND_CE_REGISTERS[23].ce_out_i_reg[23]/D
                                                              0.508         
ps/system_i/xadc/inst/AXI_LITE_IPIF_I/I_SLAVE_ATTACHMENT/INCLUDE_DPHASE_TIMER.dpto_cnt_reg[6]/C
                               ps/system_i/axi_protocol_converter_0/inst/gen_axilite.gen_b2s_conv.axilite_b2s/RD.ar_channel_0/cmd_translator_0/incr_cmd_0/axaddr_incr_reg[8]/D
                                                              0.509         
ps/system_i/axi_protocol_converter_0/inst/gen_axilite.gen_b2s_conv.axilite_b2s/SI_REG/aw.aw_pipe/m_payload_i_reg[39]/C
                               ps/system_i/axi_protocol_converter_0/inst/gen_axilite.gen_b2s_conv.axilite_b2s/WR.aw_channel_0/cmd_translator_0/wrap_cmd_0/wrap_second_len_r_reg[0]/CE
                                                              0.510         
ps/system_i/axi_protocol_converter_0/inst/gen_axilite.gen_b2s_conv.axilite_b2s/RD.ar_channel_0/ar_cmd_fsm_0/FSM_sequential_state_reg[1]/C
                               ps/system_i/xadc/inst/INTR_CTRLR_GEN_I.ip2bus_wrack_reg/D
                                                              0.515         
ps/system_i/axi_protocol_converter_0/inst/gen_axilite.gen_b2s_conv.axilite_b2s/WR.b_channel_0/bid_fifo_0/cnt_read_reg[1]/C
                               ps/system_i/axi_protocol_converter_0/inst/gen_axilite.gen_b2s_conv.axilite_b2s/WR.aw_channel_0/cmd_translator_0/incr_cmd_0/axaddr_incr_reg[8]/D
                                                              0.517         
ps/system_i/xadc/inst/AXI_LITE_IPIF_I/I_SLAVE_ATTACHMENT/INCLUDE_DPHASE_TIMER.dpto_cnt_reg[6]/C
                               ps/system_i/axi_protocol_converter_0/inst/gen_axilite.gen_b2s_conv.axilite_b2s/RD.ar_channel_0/cmd_translator_0/incr_cmd_0/axaddr_incr_reg[11]/D
                                                              0.517         
ps/system_i/axi_protocol_converter_0/inst/gen_axilite.gen_b2s_conv.axilite_b2s/WR.aw_channel_0/aw_cmd_fsm_0/FSM_sequential_state_reg[1]/C
                               ps/system_i/xadc/inst/AXI_LITE_IPIF_I/I_SLAVE_ATTACHMENT/I_DECODER/GEN_BKEND_CE_REGISTERS[18].ce_out_i_reg[18]/D
                                                              0.522         
ps/system_i/xadc/inst/AXI_LITE_IPIF_I/I_SLAVE_ATTACHMENT/INCLUDE_DPHASE_TIMER.dpto_cnt_reg[6]/C
                               ps/system_i/axi_protocol_converter_0/inst/gen_axilite.gen_b2s_conv.axilite_b2s/RD.ar_channel_0/cmd_translator_0/incr_cmd_0/axaddr_incr_reg[10]/D
                                                              0.537         
ps/system_i/axi_protocol_converter_0/inst/gen_axilite.gen_b2s_conv.axilite_b2s/SI_REG/ar.ar_pipe/m_payload_i_reg[2]/C
                               ps/system_i/xadc/inst/AXI_XADC_CORE_I/XADC_INST/DADDR[0]
                                                              0.538         
ps/system_i/axi_protocol_converter_0/inst/gen_axilite.gen_b2s_conv.axilite_b2s/RD.r_channel_0/transaction_fifo_0/cnt_read_reg[1]/C
                               ps/system_i/axi_protocol_converter_0/inst/gen_axilite.gen_b2s_conv.axilite_b2s/RD.r_channel_0/rd_data_fifo_0/cnt_read_reg[0]/CE
                                                              0.552         
ps/system_i/axi_protocol_converter_0/inst/gen_axilite.gen_b2s_conv.axilite_b2s/RD.r_channel_0/transaction_fifo_0/cnt_read_reg[1]/C
                               ps/system_i/axi_protocol_converter_0/inst/gen_axilite.gen_b2s_conv.axilite_b2s/RD.r_channel_0/rd_data_fifo_0/cnt_read_reg[4]/CE
                                                              0.552         
ps/system_i/axi_protocol_converter_0/inst/gen_axilite.gen_b2s_conv.axilite_b2s/RD.r_channel_0/rd_data_fifo_0/cnt_read_reg[2]/C
                               ps/system_i/axi_protocol_converter_0/inst/gen_axilite.gen_b2s_conv.axilite_b2s/RD.ar_channel_0/cmd_translator_0/incr_cmd_0/axlen_cnt_reg[0]/CE
                                                              0.552         
ps/system_i/axi_protocol_converter_0/inst/gen_axilite.gen_b2s_conv.axilite_b2s/RD.r_channel_0/rd_data_fifo_0/cnt_read_reg[2]/C
                               ps/system_i/axi_protocol_converter_0/inst/gen_axilite.gen_b2s_conv.axilite_b2s/RD.ar_channel_0/cmd_translator_0/incr_cmd_0/axlen_cnt_reg[1]/CE
                                                              0.552         
ps/system_i/axi_protocol_converter_0/inst/gen_axilite.gen_b2s_conv.axilite_b2s/WR.b_channel_0/bid_fifo_0/cnt_read_reg[1]/C
                               ps/system_i/axi_protocol_converter_0/inst/gen_axilite.gen_b2s_conv.axilite_b2s/WR.aw_channel_0/cmd_translator_0/incr_cmd_0/axaddr_incr_reg[2]/CE
                                                              0.556         
ps/system_i/axi_protocol_converter_0/inst/gen_axilite.gen_b2s_conv.axilite_b2s/WR.b_channel_0/bid_fifo_0/cnt_read_reg[1]/C
                               ps/system_i/axi_protocol_converter_0/inst/gen_axilite.gen_b2s_conv.axilite_b2s/WR.aw_channel_0/cmd_translator_0/incr_cmd_0/axaddr_incr_reg[7]/CE
                                                              0.556         
ps/system_i/axi_protocol_converter_0/inst/gen_axilite.gen_b2s_conv.axilite_b2s/RD.r_channel_0/rd_data_fifo_0/cnt_read_reg[0]/C
                               ps/system_i/axi_protocol_converter_0/inst/gen_axilite.gen_b2s_conv.axilite_b2s/RD.r_channel_0/rd_data_fifo_0/cnt_read_reg[3]/CE
                                                              0.556         
ps/system_i/processing_system7/inst/PS7_i/SAXIHP3ACLK
                               ps/axi_master_3/axi_awvalid_o_reg/D
                                                              0.556         
ps/system_i/xadc/inst/AXI_LITE_IPIF_I/I_SLAVE_ATTACHMENT/INCLUDE_DPHASE_TIMER.dpto_cnt_reg[6]/C
                               ps/system_i/axi_protocol_converter_0/inst/gen_axilite.gen_b2s_conv.axilite_b2s/RD.ar_channel_0/cmd_translator_0/incr_cmd_0/axaddr_incr_reg[9]/D
                                                              0.558         
ps/system_i/axi_protocol_converter_0/inst/gen_axilite.gen_b2s_conv.axilite_b2s/RD.r_channel_0/rd_data_fifo_0/cnt_read_reg[2]/C
                               ps/system_i/axi_protocol_converter_0/inst/gen_axilite.gen_b2s_conv.axilite_b2s/RD.ar_channel_0/cmd_translator_0/s_axburst_eq1_reg/CE
                                                              0.559         
ps/system_i/axi_protocol_converter_0/inst/gen_axilite.gen_b2s_conv.axilite_b2s/RD.ar_channel_0/ar_cmd_fsm_0/FSM_sequential_state_reg[0]/C
                               ps/system_i/axi_protocol_converter_0/inst/gen_axilite.gen_b2s_conv.axilite_b2s/RD.ar_channel_0/cmd_translator_0/s_axburst_eq1_reg/D
                                                              0.560         
ps/system_i/xadc/inst/INTR_CTRLR_GEN_I.ip2bus_wrack_reg/C
                               ps/system_i/xadc/inst/AXI_LITE_IPIF_I/I_SLAVE_ATTACHMENT/I_DECODER/GEN_BKEND_CE_REGISTERS[13].ce_out_i_reg[13]/R
                                                              0.563         
ps/system_i/axi_protocol_converter_0/inst/gen_axilite.gen_b2s_conv.axilite_b2s/SI_REG/ar.ar_pipe/m_payload_i_reg[3]/C
                               ps/system_i/axi_protocol_converter_0/inst/gen_axilite.gen_b2s_conv.axilite_b2s/RD.ar_channel_0/cmd_translator_0/wrap_cmd_0/wrap_cnt_r_reg[2]/D
                                                              0.565         
ps/system_i/axi_protocol_converter_0/inst/gen_axilite.gen_b2s_conv.axilite_b2s/WR.aw_channel_0/aw_cmd_fsm_0/FSM_sequential_state_reg[1]/C
                               ps/system_i/axi_protocol_converter_0/inst/gen_axilite.gen_b2s_conv.axilite_b2s/WR.aw_channel_0/cmd_translator_0/wrap_cmd_0/wrap_second_len_r_reg[0]/D
                                                              0.577         
dac_rst_reg/C                  oddr_dac_dat[2]/R              0.578         
dac_dat_a_reg[0]/C             oddr_dac_dat[0]/D2             0.601         
dac_rst_reg/C                  oddr_dac_dat[11]/R             0.632         
dac_rst_reg/C                  oddr_dac_dat[6]/R              0.636         
dac_rst_reg/C                  oddr_dac_dat[12]/R             0.642         
dac_rst_reg/C                  oddr_dac_dat[13]/R             0.643         
dac_rst_reg/C                  oddr_dac_dat[0]/R              0.652         
ps/system_i/processing_system7/inst/PS7_i/SAXIHP2ACLK
                               ps/axi_master_2/axi_rfill_lvl_reg[0]/CE
                                                              0.687         
dac_dat_a_reg[12]/C            oddr_dac_dat[12]/D2            0.694         
dac_rst_reg/C                  oddr_dac_dat[5]/R              0.708         
dac_rst_reg/C                  oddr_dac_dat[3]/R              0.716         
dac_rst_reg/C                  oddr_dac_dat[7]/R              0.777         
dac_rst_reg/C                  oddr_dac_dat[10]/R             0.779         
ps/system_i/processing_system7/inst/PS7_i/SAXIHP2ACLK
                               ps/axi_master_2/axi_rfill_lvl_reg[1]/CE
                                                              0.780         
ps/system_i/processing_system7/inst/PS7_i/SAXIHP2ACLK
                               ps/axi_master_2/axi_rfill_lvl_reg[2]/CE
                                                              0.780         
ps/system_i/processing_system7/inst/PS7_i/SAXIHP2ACLK
                               ps/axi_master_2/axi_rfill_lvl_reg[3]/CE
                                                              0.780         
dac_rst_reg/C                  oddr_dac_dat[1]/R              0.791         
dac_dat_a_reg[3]/C             oddr_dac_dat[3]/D2             0.810         
dac_rst_reg/C                  oddr_dac_dat[9]/R              0.816         
ps/system_i/processing_system7/inst/PS7_i/SAXIHP2ACLK
                               ps/axi_master_2/axi_wfill_lvl_reg[0]/CE
                                                              0.858         
ps/system_i/processing_system7/inst/PS7_i/SAXIHP2ACLK
                               ps/axi_master_2/axi_wfill_lvl_reg[1]/CE
                                                              0.858         
ps/system_i/processing_system7/inst/PS7_i/SAXIHP2ACLK
                               ps/axi_master_2/axi_wfill_lvl_reg[2]/CE
                                                              0.858         
ps/system_i/processing_system7/inst/PS7_i/SAXIHP2ACLK
                               ps/axi_master_2/axi_wfill_lvl_reg[3]/CE
                                                              0.858         
dac_rst_reg/C                  oddr_dac_dat[4]/R              0.862         
dac_dat_a_reg[13]/C            oddr_dac_dat[13]/D2            0.886         
ps/system_i/processing_system7/inst/PS7_i/SAXIHP2ACLK
                               ps/axi_master_2/axi_awfill_lvl_reg[0]/CE
                                                              0.921         
ps/system_i/processing_system7/inst/PS7_i/SAXIHP2ACLK
                               ps/axi_master_2/axi_awfill_lvl_reg[1]/CE
                                                              0.921         
ps/system_i/processing_system7/inst/PS7_i/SAXIHP2ACLK
                               ps/axi_master_2/axi_awfill_lvl_reg[2]/CE
                                                              0.921         
ps/system_i/processing_system7/inst/PS7_i/SAXIHP2ACLK
                               ps/axi_master_2/axi_awfill_lvl_reg[3]/CE
                                                              0.921         
dac_rst_reg/C                  oddr_dac_dat[8]/R              0.964         
dac_axi_rstn_reg/C             ps/axi_master_2/axi_rfill_lvl_reg[1]/R
                                                              0.969         
dac_axi_rstn_reg/C             ps/axi_master_2/axi_rfill_lvl_reg[2]/R
                                                              0.969         
dac_axi_rstn_reg/C             ps/axi_master_2/axi_rfill_lvl_reg[3]/R
                                                              0.969         
ps/system_i/processing_system7/inst/PS7_i/SAXIHP3ACLK
                               ps/axi_master_3/axi_rfill_lvl_reg[1]/D
                                                              0.971         
ps/system_i/processing_system7/inst/PS7_i/SAXIHP3ACLK
                               ps/axi_master_3/axi_rfill_lvl_reg[2]/D
                                                              0.989         
ps/system_i/processing_system7/inst/PS7_i/SAXIHP3ACLK
                               ps/axi_master_3/axi_rfill_lvl_reg[3]/D
                                                              0.994         
dac_axi_rstn_reg/C             ps/axi_master_2/axi_rfill_lvl_reg[0]/R
                                                              1.000         
ps/system_i/processing_system7/inst/PS7_i/SAXIHP2ACLK
                               ps/axi_master_2/awdata_in_reg_reg/D
                                                              1.014         
dac_dat_a_reg[4]/C             oddr_dac_dat[4]/D2             1.025         
ps/system_i/processing_system7/inst/PS7_i/SAXIHP2ACLK
                               ps/axi_master_2/axi_awvalid_o_reg/D
                                                              1.038         
dac_rst_reg/C                  oddr_dac_sel/R                 1.050         
ps/system_i/processing_system7/inst/PS7_i/SAXIHP3ACLK
                               ps/axi_master_3/axi_awfill_lvl_reg[0]/CE
                                                              1.059         
ps/system_i/processing_system7/inst/PS7_i/SAXIHP3ACLK
                               ps/axi_master_3/axi_awfill_lvl_reg[1]/CE
                                                              1.059         
ps/system_i/processing_system7/inst/PS7_i/SAXIHP3ACLK
                               ps/axi_master_3/axi_awfill_lvl_reg[2]/CE
                                                              1.059         
ps/system_i/processing_system7/inst/PS7_i/SAXIHP3ACLK
                               ps/axi_master_3/axi_awfill_lvl_reg[3]/CE
                                                              1.059         
ps/system_i/processing_system7/inst/PS7_i/SAXIHP2ACLK
                               ps/axi_master_2/wdata_in_reg_reg/D
                                                              1.062         
i_mca/sys_rdata_reg[16]/C      ps/axi_slave_gp0/axi\\.RDATA_reg[16]/D
                                                              1.071         
dac_dat_a_reg[11]/C            oddr_dac_dat[11]/D2            1.080         
i_mca/sys_rdata_reg[31]/C      ps/axi_slave_gp0/axi\\.RDATA_reg[31]/D
                                                              1.110         
dac_dat_a_reg[5]/C             oddr_dac_dat[5]/D2             1.118         
dac_dat_a_reg[9]/C             oddr_dac_dat[9]/D2             1.125         
dac_axi_rstn_reg/C             ps/axi_master_3/axi_wvalid_o_reg/R
                                                              1.142         
dac_dat_a_reg[6]/C             oddr_dac_dat[6]/D2             1.142         
dac_axi_rstn_reg/C             ps/axi_master_2/axi_rready_o_reg/S
                                                              1.143         
dac_axi_rstn_reg/C             ps/axi_master_2/awdata_in_reg_reg/R
                                                              1.144         
ps/system_i/processing_system7/inst/PS7_i/SAXIHP3ACLK
                               ps/axi_master_3/axi_wvalid_o_reg/D
                                                              1.166         
ps/system_i/processing_system7/inst/PS7_i/SAXIHP2ACLK
                               ps/axi_master_2/axi_wvalid_o_reg/D
                                                              1.194         
ps/system_i/processing_system7/inst/PS7_i/SAXIHP2ACLK
                               ps/axi_master_2/axi_rfill_lvl_reg[2]/D
                                                              1.204         
ps/system_i/processing_system7/inst/PS7_i/SAXIHP2ACLK
                               ps/axi_master_2/axi_rfill_lvl_reg[3]/D
                                                              1.209         
i_scope/i_osc_cfg/sys_rdata_reg[13]/C
                               ps/axi_slave_gp0/axi\\.RDATA_reg[13]/D
                                                              1.231         
dac_axi_rstn_reg/C             ps/axi_master_3/wdata_in_reg_reg/R
                                                              1.237         
i_mca/sys_rdata_reg[28]/C      ps/axi_slave_gp0/axi\\.RDATA_reg[28]/D
                                                              1.242         
i_mca/sys_rdata_reg[27]/C      ps/axi_slave_gp0/axi\\.RDATA_reg[27]/D
                                                              1.259         
i_mca/sys_rdata_reg[29]/C      ps/axi_slave_gp0/axi\\.RDATA_reg[29]/D
                                                              1.263         
dac_dat_a_reg[7]/C             oddr_dac_dat[7]/D2             1.273         
ps/system_i/processing_system7/inst/PS7_i/SAXIHP3ACLK
                               ps/axi_master_3/awdata_in_reg_reg/D
                                                              1.274         
dac_axi_rstn_reg/C             ps/axi_master_3/axi_wfill_lvl_reg[0]/R
                                                              1.290         
dac_axi_rstn_reg/C             ps/axi_master_3/axi_wfill_lvl_reg[1]/R
                                                              1.290         
dac_axi_rstn_reg/C             ps/axi_master_3/axi_wfill_lvl_reg[2]/R
                                                              1.290         
dac_axi_rstn_reg/C             ps/axi_master_3/axi_wfill_lvl_reg[3]/R
                                                              1.290         
i_mca/sys_rdata_reg[26]/C      ps/axi_slave_gp0/axi\\.RDATA_reg[26]/D
                                                              1.304         
dac_axi_rstn_reg/C             ps/axi_master_2/axi_awfill_lvl_reg[0]/R
                                                              1.312         
dac_axi_rstn_reg/C             ps/axi_master_2/axi_awfill_lvl_reg[1]/R
                                                              1.312         
dac_axi_rstn_reg/C             ps/axi_master_2/axi_awfill_lvl_reg[2]/R
                                                              1.312         
dac_axi_rstn_reg/C             ps/axi_master_2/axi_awfill_lvl_reg[3]/R
                                                              1.312         
dac_axi_rstn_reg/C             ps/axi_master_2/awdata_in_reg_reg/CE
                                                              1.315         
ps/system_i/processing_system7/inst/PS7_i/SAXIHP3ACLK
                               ps/axi_master_3/axi_wfill_lvl_reg[0]/CE
                                                              1.317         
ps/system_i/processing_system7/inst/PS7_i/SAXIHP3ACLK
                               ps/axi_master_3/axi_wfill_lvl_reg[1]/CE
                                                              1.317         
ps/system_i/processing_system7/inst/PS7_i/SAXIHP3ACLK
                               ps/axi_master_3/axi_wfill_lvl_reg[2]/CE
                                                              1.317         
ps/system_i/processing_system7/inst/PS7_i/SAXIHP3ACLK
                               ps/axi_master_3/axi_wfill_lvl_reg[3]/CE
                                                              1.317         
dac_axi_rstn_reg/C             ps/axi_master_2/rdata_in_reg_reg/CE
                                                              1.317         
i_scope/i_osc_cfg/sys_rdata_reg[5]/C
                               ps/axi_slave_gp0/axi\\.RDATA_reg[5]/D
                                                              1.328         
i_mca/sys_rdata_reg[19]/C      ps/axi_slave_gp0/axi\\.RDATA_reg[19]/D
                                                              1.377         
dac_axi_rstn_reg/C             ps/axi_master_3/axi_rfill_lvl_reg[0]/R
                                                              1.382         
dac_axi_rstn_reg/C             ps/axi_master_3/axi_rfill_lvl_reg[1]/R
                                                              1.382         
dac_axi_rstn_reg/C             ps/axi_master_3/axi_rfill_lvl_reg[2]/R
                                                              1.382         
dac_axi_rstn_reg/C             ps/axi_master_3/axi_rfill_lvl_reg[3]/R
                                                              1.382         
i_scope/i_osc_cfg/sys_rdata_reg[30]/C
                               ps/axi_slave_gp0/axi\\.RDATA_reg[30]/D
                                                              1.383         
i_mca/sys_rdata_reg[23]/C      ps/axi_slave_gp0/axi\\.RDATA_reg[23]/D
                                                              1.405         
dac_axi_rstn_reg/C             ps/axi_master_3/axi_rready_o_reg/S
                                                              1.407         
ps/system_i/processing_system7/inst/PS7_i/SAXIHP2ACLK
                               ps/axi_master_2/axi_rfill_lvl_reg[1]/D
                                                              1.410         
i_scope/i_osc_cfg/sys_rdata_reg[2]/C
                               ps/axi_slave_gp0/axi\\.RDATA_reg[2]/D
                                                              1.414         
i_mca/sys_rdata_reg[22]/C      ps/axi_slave_gp0/axi\\.RDATA_reg[22]/D
                                                              1.432         
i_scope/i_osc_cfg/sys_rdata_reg[0]/C
                               ps/axi_slave_gp0/axi\\.RDATA_reg[0]/D
                                                              1.435         
i_scope/i_osc_cfg/sys_rdata_reg[8]/C
                               ps/axi_slave_gp0/axi\\.RDATA_reg[8]/D
                                                              1.436         
dac_axi_rstn_reg/C             ps/axi_master_3/awdata_in_reg_reg/R
                                                              1.442         
i_mca/sys_rdata_reg[14]/C      ps/axi_slave_gp0/axi\\.RDATA_reg[14]/D
                                                              1.443         
dac_dat_a_reg[10]/C            oddr_dac_dat[10]/D2            1.452         
dac_axi_rstn_reg/C             ps/axi_master_2/axi_awvalid_o_reg/R
                                                              1.465         
i_scope/i_osc_cfg/sys_rdata_reg[12]/C
                               ps/axi_slave_gp0/axi\\.RDATA_reg[12]/D
                                                              1.465         
i_mca/sys_rdata_reg[21]/C      ps/axi_slave_gp0/axi\\.RDATA_reg[21]/D
                                                              1.475         
i_scope/i_osc_cfg/sys_rdata_reg[3]/C
                               ps/axi_slave_gp0/axi\\.RDATA_reg[3]/D
                                                              1.478         
i_scope/i_mtrg_cfg/sys_rdata_reg[9]/C
                               ps/axi_slave_gp0/axi\\.RDATA_reg[9]/D
                                                              1.490         
i_scope/i_mtrg_cfg/sys_rdata_reg[17]/C
                               ps/axi_slave_gp0/axi\\.RDATA_reg[17]/D
                                                              1.509         
i_scope/i_osc_cfg/sys_rdata_reg[11]/C
                               ps/axi_slave_gp0/axi\\.RDATA_reg[11]/D
                                                              1.511         
dac_axi_rstn_reg/C             ps/axi_master_3/axi_awfill_lvl_reg[0]/R
                                                              1.537         
dac_axi_rstn_reg/C             ps/axi_master_3/axi_awfill_lvl_reg[1]/R
                                                              1.537         
dac_axi_rstn_reg/C             ps/axi_master_3/axi_awfill_lvl_reg[2]/R
                                                              1.537         
dac_axi_rstn_reg/C             ps/axi_master_3/axi_awfill_lvl_reg[3]/R
                                                              1.537         
dac_axi_rstn_reg/C             ps/axi_master_3/awdata_in_reg_reg/CE
                                                              1.542         
i_scope/i_osc_cfg/sys_rdata_reg[4]/C
                               ps/axi_slave_gp0/axi\\.RDATA_reg[4]/D
                                                              1.553         
i_scope/i_osc_cfg/sys_rdata_reg[1]/C
                               ps/axi_slave_gp0/axi\\.RDATA_reg[1]/D
                                                              1.557         
i_scope/i_osc_cfg/sys_rdata_reg[25]/C
                               ps/axi_slave_gp0/axi\\.RDATA_reg[25]/D
                                                              1.560         
dac_axi_rstn_reg/C             ps/axi_master_2/wdata_in_reg_reg/R
                                                              1.593         
dac_axi_rstn_reg/C             ps/axi_master_2/axi_wfill_lvl_reg[0]/R
                                                              1.597         
dac_axi_rstn_reg/C             ps/axi_master_2/axi_wfill_lvl_reg[1]/R
                                                              1.597         
dac_axi_rstn_reg/C             ps/axi_master_2/axi_wfill_lvl_reg[2]/R
                                                              1.597         
dac_axi_rstn_reg/C             ps/axi_master_2/axi_wfill_lvl_reg[3]/R
                                                              1.597         
dac_axi_rstn_reg/C             ps/axi_master_2/wdata_in_reg_reg/CE
                                                              1.599         
i_ams/sys_rdata_reg[20]/C      ps/axi_slave_gp0/axi\\.RDATA_reg[20]/D
                                                              1.640         
ps/axi_master_3/axi_rfill_lvl_reg[1]/C
                               ps/axi_master_3/rdata_in_reg_reg/CE
                                                              1.645         
i_scope/i_osc_cfg/sys_rdata_reg[6]/C
                               ps/axi_slave_gp0/axi\\.RDATA_reg[6]/D
                                                              1.654         
ps/axi_master_2/axi_wvalid_o_reg/C
                               ps/system_i/processing_system7/inst/PS7_i/SAXIHP2WVALID
                                                              1.673         
i_mca/sys_rdata_reg[18]/C      ps/axi_slave_gp0/axi\\.RDATA_reg[18]/D
                                                              1.708         
dac_axi_rstn_reg/C             ps/axi_master_3/axi_awvalid_o_reg/R
                                                              1.729         
i_scope/i_osc_cfg/sys_rdata_reg[10]/C
                               ps/axi_slave_gp0/axi\\.RDATA_reg[10]/D
                                                              1.732         
dac_dat_a_reg[8]/C             oddr_dac_dat[8]/D2             1.739         
i_mca/sys_rdata_reg[24]/C      ps/axi_slave_gp0/axi\\.RDATA_reg[24]/D
                                                              1.742         
dac_axi_rstn_reg/C             ps/axi_master_2/axi_wvalid_o_reg/R
                                                              1.745         
i_scope/i_osc_cfg/sys_rdata_reg[7]/C
                               ps/axi_slave_gp0/axi\\.RDATA_reg[7]/D
                                                              1.756         
i_scope/i_osc_cfg/sys_rdata_reg[15]/C
                               ps/axi_slave_gp0/axi\\.RDATA_reg[15]/D
                                                              1.797         
ps/axi_master_2/axi_rready_o_reg/C
                               ps/system_i/processing_system7/inst/PS7_i/SAXIHP2RREADY
                                                              1.821         
ps/axi_master_3/axi_wvalid_o_reg/C
                               ps/axi_master_3/wdata_in_reg_reg/CE
                                                              1.897         
ps/axi_master_2/axi_awvalid_o_reg/C
                               ps/system_i/processing_system7/inst/PS7_i/SAXIHP2AWVALID
                                                              1.905         
ps/axi_master_3/axi_wvalid_o_reg/C
                               ps/system_i/processing_system7/inst/PS7_i/SAXIHP3WVALID
                                                              1.922         
ps/axi_master_3/axi_rready_o_reg/C
                               ps/system_i/processing_system7/inst/PS7_i/SAXIHP3RREADY
                                                              1.954         
dac_rst_reg/C                  oddr_dac_rst/D2                1.971         
ps/axi_master_3/axi_awvalid_o_reg/C
                               ps/system_i/processing_system7/inst/PS7_i/SAXIHP3AWVALID
                                                              1.993         
dac_axi_rstn_reg/C             ps/axi_master_2/rdata_in_reg_reg/D
                                                              2.146         
ps/axi_master_2/axi_wfill_lvl_reg[0]/C
                               ps/axi_master_2/axi_wfill_lvl_reg[0]/D
                                                              2.170         
ps/axi_master_2/axi_wfill_lvl_reg[0]/C
                               ps/axi_master_2/axi_wfill_lvl_reg[2]/D
                                                              2.170         
ps/axi_master_2/axi_wfill_lvl_reg[0]/C
                               ps/axi_master_2/axi_wfill_lvl_reg[3]/D
                                                              2.186         
ps/axi_master_2/axi_wfill_lvl_reg[0]/C
                               ps/axi_master_2/axi_wfill_lvl_reg[1]/D
                                                              2.188         
ps/axi_master_2/axi_awfill_lvl_reg[0]/C
                               ps/axi_master_2/axi_awfill_lvl_reg[0]/D
                                                              2.248         
ps/axi_master_3/axi_wfill_lvl_reg[0]/C
                               ps/axi_master_3/axi_wfill_lvl_reg[0]/D
                                                              2.248         
ps/axi_master_2/axi_awfill_lvl_reg[0]/C
                               ps/axi_master_2/axi_awfill_lvl_reg[2]/D
                                                              2.254         
ps/axi_master_3/axi_wfill_lvl_reg[0]/C
                               ps/axi_master_3/axi_wfill_lvl_reg[2]/D
                                                              2.254         
ps/axi_master_2/axi_awfill_lvl_reg[0]/C
                               ps/axi_master_2/axi_awfill_lvl_reg[1]/D
                                                              2.265         
ps/axi_master_2/axi_awfill_lvl_reg[0]/C
                               ps/axi_master_2/axi_awfill_lvl_reg[3]/D
                                                              2.265         
ps/axi_master_3/axi_wfill_lvl_reg[0]/C
                               ps/axi_master_3/axi_wfill_lvl_reg[3]/D
                                                              2.265         
ps/axi_master_3/axi_wfill_lvl_reg[0]/C
                               ps/axi_master_3/axi_wfill_lvl_reg[1]/D
                                                              2.265         
ps/axi_master_3/axi_awfill_lvl_reg[0]/C
                               ps/axi_master_3/axi_awfill_lvl_reg[2]/D
                                                              2.300         
ps/axi_master_3/axi_rfill_lvl_reg[2]/C
                               ps/axi_master_3/rdata_in_reg_reg/D
                                                              2.317         
ps/axi_master_3/axi_awfill_lvl_reg[0]/C
                               ps/axi_master_3/axi_awfill_lvl_reg[3]/D
                                                              2.318         
ps/axi_slave_gp0/wr_awaddr_reg[21]/C
                               ps/axi_slave_gp0/ack_cnt_reg[0]/D
                                                              2.585         
ps/axi_slave_gp0/wr_awaddr_reg[21]/C
                               ps/axi_slave_gp0/ack_cnt_reg[1]/R
                                                              2.699         
ps/axi_slave_gp0/wr_awaddr_reg[21]/C
                               ps/axi_slave_gp0/ack_cnt_reg[2]/R
                                                              2.699         
ps/axi_slave_gp0/wr_awaddr_reg[21]/C
                               ps/axi_slave_gp0/ack_cnt_reg[3]/R
                                                              2.699         
ps/axi_slave_gp0/wr_awaddr_reg[21]/C
                               ps/axi_slave_gp0/ack_cnt_reg[4]/R
                                                              2.699         
ps/axi_slave_gp0/wr_awaddr_reg[21]/C
                               ps/axi_slave_gp0/ack_cnt_reg[5]/R
                                                              2.699         
ps/axi_slave_gp0/wr_awaddr_reg[21]/C
                               ps/axi_slave_gp0/rd_do_reg/D   2.764         
i_daisy/i_rx/genblk1[0].par_dat_r_reg[15]/C
                               i_daisy/i_rx/genblk1[0].par_dv_reg/CE
                                                              2.836         
ps/system_i/processing_system7/inst/PS7_i/MAXIGP0ACLK
                               ps/system_i/processing_system7/inst/PS7_i/MAXIGP0WREADY
                                                              2.897         
i_hk/digital_loop_reg[1]/C     dac_dat_a_reg[5]/S             2.929         
i_hk/digital_loop_reg[1]/C     dac_dat_a_reg[8]/S             2.929         
ps/axi_slave_gp0/wr_awaddr_reg[21]/C
                               ps/axi_slave_gp0/axi\\.RLAST_reg/D
                                                              2.973         
i_hk/digital_loop_reg[1]/C     dac_dat_a_reg[10]/S            3.024         
i_hk/digital_loop_reg[1]/C     dac_dat_a_reg[12]/S            3.024         
i_hk/digital_loop_reg[1]/C     dac_dat_a_reg[4]/S             3.024         
i_hk/digital_loop_reg[1]/C     dac_dat_b_reg[4]/S             3.024         
i_hk/digital_loop_reg[1]/C     dac_dat_a_reg[13]/R            3.177         
i_hk/digital_loop_reg[1]/C     dac_dat_b_reg[13]/R            3.177         
ps/system_i/processing_system7/inst/PS7_i/MAXIGP0ACLK
                               ps/axi_slave_gp0/wr_error_reg/D
                                                              3.207         
ps/system_i/processing_system7/inst/PS7_i/MAXIGP0ACLK
                               ps/axi_slave_gp0/bus\\.wen_reg/D
                                                              3.217         
ps/axi_slave_gp0/wr_awaddr_reg[21]/C
                               ps/axi_slave_gp0/axi\\.RVALID_reg/D
                                                              3.250         
ps/system_i/processing_system7/inst/PS7_i/MAXIGP0ACLK
                               ps/axi_slave_gp0/axi\\.BVALID_reg/D
                                                              3.259         
ps/axi_slave_gp0/wr_awaddr_reg[21]/C
                               sys_bus_interconnect/for_bus[1].inst_sys_bus_cdc/ctrl_re_reg/D
                                                              3.357         
ps/system_i/processing_system7/inst/PS7_i/MAXIGP0ACLK
                               ps/axi_slave_gp0/bus\\.ren_reg/D
                                                              3.367         
i_hk/digital_loop_reg[1]/C     dac_dat_b_reg[3]/S             3.372         
i_hk/digital_loop_reg[1]/C     dac_dat_b_reg[6]/S             3.372         
i_hk/digital_loop_reg[1]/C     dac_dat_b_reg[8]/S             3.372         
i_hk/digital_loop_reg[1]/C     dac_dat_b_reg[9]/S             3.372         
i_hk/i_freq_meter/ref_cnt_reg[19]/C
                               i_hk/i_freq_meter/ref_cnt_reg[10]/R
                                                              3.385         
i_hk/i_freq_meter/ref_cnt_reg[19]/C
                               i_hk/i_freq_meter/ref_cnt_reg[11]/R
                                                              3.385         
i_hk/i_freq_meter/ref_cnt_reg[19]/C
                               i_hk/i_freq_meter/ref_cnt_reg[8]/R
                                                              3.385         
i_hk/i_freq_meter/ref_cnt_reg[19]/C
                               i_hk/i_freq_meter/ref_cnt_reg[9]/R
                                                              3.385         
i_hk/digital_loop_reg[1]/C     dac_dat_a_reg[3]/S             3.396         
i_hk/digital_loop_reg[1]/C     dac_dat_a_reg[6]/S             3.396         
i_hk/i_freq_meter/ref_cnt_reg[19]/C
                               i_hk/i_freq_meter/ref_cnt_reg[12]/R
                                                              3.435         
i_hk/i_freq_meter/ref_cnt_reg[19]/C
                               i_hk/i_freq_meter/ref_cnt_reg[13]/R
                                                              3.435         
i_hk/i_freq_meter/ref_cnt_reg[19]/C
                               i_hk/i_freq_meter/ref_cnt_reg[14]/R
                                                              3.435         
i_hk/i_freq_meter/ref_cnt_reg[19]/C
                               i_hk/i_freq_meter/ref_cnt_reg[15]/R
                                                              3.435         
i_hk/i_freq_meter/ref_cnt_reg[19]/C
                               i_hk/i_freq_meter/ref_cnt_reg[24]/R
                                                              3.438         
i_hk/i_freq_meter/ref_cnt_reg[19]/C
                               i_hk/i_freq_meter/ref_cnt_reg[25]/R
                                                              3.438         
i_hk/i_freq_meter/ref_cnt_reg[19]/C
                               i_hk/i_freq_meter/ref_cnt_reg[26]/R
                                                              3.438         
i_hk/i_freq_meter/ref_cnt_reg[19]/C
                               i_hk/i_freq_meter/ref_cnt_reg[27]/R
                                                              3.438         
i_hk/digital_loop_reg[1]/C     dac_dat_b_reg[0]/S             3.467         
i_hk/digital_loop_reg[1]/C     dac_dat_b_reg[10]/S            3.467         
i_hk/digital_loop_reg[1]/C     dac_dat_b_reg[5]/S             3.467         
i_hk/digital_loop_reg[1]/C     dac_dat_b_reg[7]/S             3.467         
ps/system_i/processing_system7/inst/PS7_i/MAXIGP0ACLK
                               ps/axi_slave_gp0/wr_do_reg/D   3.482         
rst_cnt_reg[4]/C               dac_rst_reg/D                  3.508         
ps/axi_slave_gp0/wr_awaddr_reg[22]/C
                               sys_bus_interconnect/for_bus[3].inst_sys_bus_cdc/ctrl_we_reg/D
                                                              3.522         
i_hk/i_freq_meter/ref_cnt_reg[19]/C
                               i_hk/i_freq_meter/ref_cnt_reg[4]/R
                                                              3.531         
i_hk/i_freq_meter/ref_cnt_reg[19]/C
                               i_hk/i_freq_meter/ref_cnt_reg[5]/R
                                                              3.531         
i_hk/i_freq_meter/ref_cnt_reg[19]/C
                               i_hk/i_freq_meter/ref_cnt_reg[6]/R
                                                              3.531         
i_hk/i_freq_meter/ref_cnt_reg[19]/C
                               i_hk/i_freq_meter/ref_cnt_reg[7]/R
                                                              3.531         
ps/axi_slave_gp0/wr_awaddr_reg[22]/C
                               sys_bus_interconnect/for_bus[3].inst_sys_bus_cdc/ctrl_re_reg/D
                                                              3.532         
i_hk/i_freq_meter/ref_cnt_reg[19]/C
                               i_hk/i_freq_meter/ref_cnt_reg[16]/R
                                                              3.561         
i_hk/i_freq_meter/ref_cnt_reg[19]/C
                               i_hk/i_freq_meter/ref_cnt_reg[17]/R
                                                              3.561         
i_hk/i_freq_meter/ref_cnt_reg[19]/C
                               i_hk/i_freq_meter/ref_cnt_reg[18]/R
                                                              3.561         
i_hk/i_freq_meter/ref_cnt_reg[19]/C
                               i_hk/i_freq_meter/ref_cnt_reg[19]/R
                                                              3.561         
i_hk/i_freq_meter/ref_cnt_reg[19]/C
                               i_hk/i_freq_meter/ref_cnt_reg[20]/R
                                                              3.576         
i_hk/i_freq_meter/ref_cnt_reg[19]/C
                               i_hk/i_freq_meter/ref_cnt_reg[21]/R
                                                              3.576         
i_hk/i_freq_meter/ref_cnt_reg[19]/C
                               i_hk/i_freq_meter/ref_cnt_reg[22]/R
                                                              3.576         
i_hk/i_freq_meter/ref_cnt_reg[19]/C
                               i_hk/i_freq_meter/ref_cnt_reg[23]/R
                                                              3.576         
i_hk/digital_loop_reg[1]/C     dac_dat_a_reg[11]/S            3.615         
i_hk/digital_loop_reg[1]/C     dac_dat_a_reg[1]/S             3.615         
i_hk/digital_loop_reg[1]/C     dac_dat_a_reg[2]/S             3.615         
i_hk/digital_loop_reg[1]/C     dac_dat_a_reg[9]/S             3.615         
i_daisy/i_rx/par_rstn_o_reg/C  i_daisy/genblk3[0].i_test/rx_err_cnt_reg[12]/R
                                                              3.623         
i_daisy/i_rx/par_rstn_o_reg/C  i_daisy/genblk3[0].i_test/rx_err_cnt_reg[13]/R
                                                              3.623         
i_daisy/i_rx/par_rstn_o_reg/C  i_daisy/genblk3[0].i_test/rx_err_cnt_reg[14]/R
                                                              3.623         
i_daisy/i_rx/par_rstn_o_reg/C  i_daisy/genblk3[0].i_test/rx_err_cnt_reg[15]/R
                                                              3.623         
i_daisy/i_rx/par_rstn_o_reg/C  i_daisy/genblk3[0].i_test/rx_err_cnt_reg[20]/R
                                                              3.633         
i_daisy/i_rx/par_rstn_o_reg/C  i_daisy/genblk3[0].i_test/rx_err_cnt_reg[21]/R
                                                              3.633         
i_daisy/i_rx/par_rstn_o_reg/C  i_daisy/genblk3[0].i_test/rx_err_cnt_reg[22]/R
                                                              3.633         
i_daisy/i_rx/par_rstn_o_reg/C  i_daisy/genblk3[0].i_test/rx_err_cnt_reg[23]/R
                                                              3.633         
ps/axi_slave_gp0/wr_awaddr_reg[22]/C
                               sys_bus_interconnect/for_bus[1].inst_sys_bus_cdc/ctrl_we_reg/D
                                                              3.637         
ps/axi_slave_gp0/wr_awaddr_reg[22]/C
                               sys_bus_interconnect/for_bus[3].inst_sys_bus_cdc/ctrl_do_reg/D
                                                              3.646         
ps/axi_slave_gp0/wr_awaddr_reg[21]/C
                               sys_bus_interconnect/for_bus[7].inst_sys_bus_cdc/ctrl_re_reg/D
                                                              3.661         
i_hk/digital_loop_reg[1]/C     dac_dat_b_reg[11]/S            3.665         
i_hk/digital_loop_reg[1]/C     dac_dat_b_reg[2]/S             3.665         
i_hk/i_freq_meter/ref_cnt_reg[19]/C
                               i_hk/i_freq_meter/ref_cnt_reg[0]/S
                                                              3.669         
i_hk/i_freq_meter/ref_cnt_reg[19]/C
                               i_hk/i_freq_meter/ref_cnt_reg[1]/R
                                                              3.669         
i_hk/i_freq_meter/ref_cnt_reg[19]/C
                               i_hk/i_freq_meter/ref_cnt_reg[2]/R
                                                              3.669         
i_hk/i_freq_meter/ref_cnt_reg[19]/C
                               i_hk/i_freq_meter/ref_cnt_reg[3]/R
                                                              3.669         
ps/axi_slave_gp0/wr_awaddr_reg[21]/C
                               sys_bus_interconnect/for_bus[7].inst_sys_bus_cdc/ctrl_we_reg/D
                                                              3.700         
ps/axi_slave_gp0/wr_awaddr_reg[21]/C
                               sys_bus_interconnect/for_bus[6].inst_sys_bus_cdc/ctrl_do_reg/D
                                                              3.704         
ps/axi_slave_gp0/wr_awaddr_reg[21]/C
                               sys_bus_interconnect/for_bus[5].inst_sys_bus_cdc/ctrl_do_reg/D
                                                              3.730         
i_hk/i_freq_meter/ref_cnt_reg[19]/C
                               i_hk/i_freq_meter/ref_cnt_reg[28]/R
                                                              3.746         
i_hk/i_freq_meter/ref_cnt_reg[19]/C
                               i_hk/i_freq_meter/ref_cnt_reg[29]/R
                                                              3.746         
i_hk/i_freq_meter/ref_cnt_reg[19]/C
                               i_hk/i_freq_meter/ref_cnt_reg[30]/R
                                                              3.746         
i_hk/i_freq_meter/ref_cnt_reg[19]/C
                               i_hk/i_freq_meter/ref_cnt_reg[31]/R
                                                              3.746         
i_hk/digital_loop_reg[1]/C     dac_dat_a_reg[0]/S             3.760         
i_hk/digital_loop_reg[1]/C     dac_dat_a_reg[7]/S             3.760         
i_hk/digital_loop_reg[1]/C     dac_dat_b_reg[12]/S            3.760         
i_hk/digital_loop_reg[1]/C     dac_dat_b_reg[1]/S             3.760         
ps/axi_slave_gp0/wr_awaddr_reg[21]/C
                               sys_bus_interconnect/for_bus[1].inst_sys_bus_cdc/ctrl_do_reg/D
                                                              3.778         
ps/system_i/processing_system7/inst/PS7_i/MAXIGP0ACLK
                               ps/axi_slave_gp0/rd_error_reg/D
                                                              3.783         
i_daisy/i_rx/par_rstn_o_reg/C  i_daisy/genblk3[0].i_test/rx_err_cnt_reg[16]/R
                                                              3.790         
i_daisy/i_rx/par_rstn_o_reg/C  i_daisy/genblk3[0].i_test/rx_err_cnt_reg[17]/R
                                                              3.790         
i_daisy/i_rx/par_rstn_o_reg/C  i_daisy/genblk3[0].i_test/rx_err_cnt_reg[18]/R
                                                              3.790         
i_daisy/i_rx/par_rstn_o_reg/C  i_daisy/genblk3[0].i_test/rx_err_cnt_reg[19]/R
                                                              3.790         
ps/axi_slave_gp0/wr_awaddr_reg[21]/C
                               sys_bus_interconnect/for_bus[4].inst_sys_bus_cdc/ctrl_re_reg/D
                                                              3.791         
ps/axi_slave_gp0/wr_awaddr_reg[22]/C
                               sys_bus_interconnect/for_bus[2].inst_sys_bus_cdc/ctrl_we_reg/D
                                                              3.840         
ps/axi_slave_gp0/wr_awaddr_reg[22]/C
                               sys_bus_interconnect/for_bus[2].inst_sys_bus_cdc/ctrl_do_reg/D
                                                              3.877         
i_daisy/i_rx/genblk1[0].par_dat_r_reg[15]/C
                               i_daisy/i_rx/genblk1[0].par_ok_reg[0]/D
                                                              3.878         
ps/axi_slave_gp0/wr_awaddr_reg[22]/C
                               sys_bus_interconnect/for_bus[5].inst_sys_bus_cdc/ctrl_re_reg/D
                                                              3.895         
i_daisy/i_rx/par_rstn_o_reg/C  i_daisy/genblk3[0].i_test/rx_err_cnt_reg[10]/R
                                                              3.923         
i_daisy/i_rx/par_rstn_o_reg/C  i_daisy/genblk3[0].i_test/rx_err_cnt_reg[11]/R
                                                              3.923         
i_daisy/i_rx/par_rstn_o_reg/C  i_daisy/genblk3[0].i_test/rx_err_cnt_reg[8]/R
                                                              3.923         
i_daisy/i_rx/par_rstn_o_reg/C  i_daisy/genblk3[0].i_test/rx_err_cnt_reg[9]/R
                                                              3.923         
ps/system_i/processing_system7/inst/PS7_i/MAXIGP0ACLK
                               ps/axi_slave_gp0/wr_awid_reg[10]/CE
                                                              3.938         
ps/system_i/processing_system7/inst/PS7_i/MAXIGP0ACLK
                               ps/axi_slave_gp0/wr_awid_reg[11]/CE
                                                              3.938         
ps/system_i/processing_system7/inst/PS7_i/MAXIGP0ACLK
                               ps/axi_slave_gp0/wr_awid_reg[8]/CE
                                                              3.938         
ps/system_i/processing_system7/inst/PS7_i/MAXIGP0ACLK
                               ps/axi_slave_gp0/wr_awid_reg[9]/CE
                                                              3.938         
i_daisy/genblk3[0].i_test/rx_dat_reg[0]/C
                               i_daisy/genblk3[0].i_test/rx_err_inc_reg/D
                                                              3.938         
ps/system_i/processing_system7/inst/PS7_i/MAXIGP0ACLK
                               ps/system_i/processing_system7/inst/PS7_i/MAXIGP0ARREADY
                                                              3.958         
ps/axi_slave_gp0/wr_awaddr_reg[21]/C
                               sys_bus_interconnect/for_bus[0].inst_sys_bus_cdc/ctrl_re_reg/D
                                                              3.962         
i_daisy/i_rx/par_rstn_o_reg/C  i_daisy/genblk3[0].i_test/rx_dat_cnt_reg[24]/R
                                                              4.045         
i_daisy/i_rx/par_rstn_o_reg/C  i_daisy/genblk3[0].i_test/rx_dat_cnt_reg[25]/R
                                                              4.045         
i_daisy/i_rx/par_rstn_o_reg/C  i_daisy/genblk3[0].i_test/rx_dat_cnt_reg[26]/R
                                                              4.045         
i_daisy/i_rx/par_rstn_o_reg/C  i_daisy/genblk3[0].i_test/rx_dat_cnt_reg[27]/R
                                                              4.045         
i_daisy/i_rx/par_rstn_o_reg/C  i_daisy/genblk3[0].i_test/rx_dat_cnt_reg[16]/R
                                                              4.067         
i_daisy/i_rx/par_rstn_o_reg/C  i_daisy/genblk3[0].i_test/rx_dat_cnt_reg[17]/R
                                                              4.067         
i_daisy/i_rx/par_rstn_o_reg/C  i_daisy/genblk3[0].i_test/rx_dat_cnt_reg[18]/R
                                                              4.067         
i_daisy/i_rx/par_rstn_o_reg/C  i_daisy/genblk3[0].i_test/rx_dat_cnt_reg[19]/R
                                                              4.067         
i_daisy/i_rx/par_rstn_o_reg/C  i_daisy/genblk3[0].i_test/rx_err_cnt_reg[4]/R
                                                              4.070         
i_daisy/i_rx/par_rstn_o_reg/C  i_daisy/genblk3[0].i_test/rx_err_cnt_reg[5]/R
                                                              4.070         
i_daisy/i_rx/par_rstn_o_reg/C  i_daisy/genblk3[0].i_test/rx_err_cnt_reg[6]/R
                                                              4.070         
i_daisy/i_rx/par_rstn_o_reg/C  i_daisy/genblk3[0].i_test/rx_err_cnt_reg[7]/R
                                                              4.070         
dac_dat_b_reg[12]/C            oddr_dac_dat[12]/D1            4.149         
i_daisy/i_rx/par_rstn_o_reg/C  i_daisy/genblk3[0].i_test/rx_dat_cnt_reg[10]/R
                                                              4.208         
i_daisy/i_rx/par_rstn_o_reg/C  i_daisy/genblk3[0].i_test/rx_dat_cnt_reg[11]/R
                                                              4.208         
i_daisy/i_rx/par_rstn_o_reg/C  i_daisy/genblk3[0].i_test/rx_dat_cnt_reg[8]/R
                                                              4.208         
i_daisy/i_rx/par_rstn_o_reg/C  i_daisy/genblk3[0].i_test/rx_dat_cnt_reg[9]/R
                                                              4.208         
i_daisy/i_rx/par_rstn_o_reg/C  i_daisy/genblk3[0].i_test/rx_dat_cnt_reg[20]/R
                                                              4.215         
i_daisy/i_rx/par_rstn_o_reg/C  i_daisy/genblk3[0].i_test/rx_dat_cnt_reg[21]/R
                                                              4.215         
i_daisy/i_rx/par_rstn_o_reg/C  i_daisy/genblk3[0].i_test/rx_dat_cnt_reg[22]/R
                                                              4.215         
i_daisy/i_rx/par_rstn_o_reg/C  i_daisy/genblk3[0].i_test/rx_dat_cnt_reg[23]/R
                                                              4.215         
i_daisy/i_rx/par_rstn_o_reg/C  i_daisy/genblk3[0].i_test/rx_err_cnt_reg[0]/R
                                                              4.227         
i_daisy/i_rx/par_rstn_o_reg/C  i_daisy/genblk3[0].i_test/rx_err_cnt_reg[1]/R
                                                              4.227         
i_daisy/i_rx/par_rstn_o_reg/C  i_daisy/genblk3[0].i_test/rx_err_cnt_reg[2]/R
                                                              4.227         
i_daisy/i_rx/par_rstn_o_reg/C  i_daisy/genblk3[0].i_test/rx_err_cnt_reg[3]/R
                                                              4.227         
i_daisy/i_rx/genblk1[0].bitslip_reg/C
                               i_daisy/i_rx/genblk1[0].nibslip_cnt_reg[0]/CE
                                                              4.272         
i_daisy/genblk3[0].i_test/rx_dat_reg[0]/C
                               i_daisy/genblk3[0].i_test/rx_dat_inc_reg/D
                                                              4.297         
i_daisy/i_rx/par_rstn_o_reg/C  i_daisy/genblk3[0].i_test/rx_err_cnt_reg[28]/R
                                                              4.315         
i_daisy/i_rx/par_rstn_o_reg/C  i_daisy/genblk3[0].i_test/rx_err_cnt_reg[29]/R
                                                              4.315         
i_daisy/i_rx/par_rstn_o_reg/C  i_daisy/genblk3[0].i_test/rx_err_cnt_reg[30]/R
                                                              4.315         
i_daisy/i_rx/par_rstn_o_reg/C  i_daisy/genblk3[0].i_test/rx_err_cnt_reg[31]/R
                                                              4.315         
i_daisy/i_rx/par_rstn_o_reg/C  i_daisy/genblk3[0].i_test/rx_dat_cnt_reg[28]/R
                                                              4.317         
i_daisy/i_rx/par_rstn_o_reg/C  i_daisy/genblk3[0].i_test/rx_dat_cnt_reg[29]/R
                                                              4.317         
i_daisy/i_rx/par_rstn_o_reg/C  i_daisy/genblk3[0].i_test/rx_dat_cnt_reg[30]/R
                                                              4.317         
i_daisy/i_rx/par_rstn_o_reg/C  i_daisy/genblk3[0].i_test/rx_dat_cnt_reg[31]/R
                                                              4.317         
dac_dat_b_reg[1]/C             oddr_dac_dat[1]/D1             4.347         
i_daisy/i_rx/par_rstn_o_reg/C  i_daisy/genblk3[0].i_test/rx_dat_cnt_reg[12]/R
                                                              4.356         
i_daisy/i_rx/par_rstn_o_reg/C  i_daisy/genblk3[0].i_test/rx_dat_cnt_reg[13]/R
                                                              4.356         
i_daisy/i_rx/par_rstn_o_reg/C  i_daisy/genblk3[0].i_test/rx_dat_cnt_reg[14]/R
                                                              4.356         
i_daisy/i_rx/par_rstn_o_reg/C  i_daisy/genblk3[0].i_test/rx_dat_cnt_reg[15]/R
                                                              4.356         
i_daisy/i_rx/par_rstn_o_reg/C  i_daisy/genblk3[0].i_test/rx_dat_cnt_reg[0]/R
                                                              4.358         
i_daisy/i_rx/par_rstn_o_reg/C  i_daisy/genblk3[0].i_test/rx_dat_cnt_reg[1]/R
                                                              4.358         
i_daisy/i_rx/par_rstn_o_reg/C  i_daisy/genblk3[0].i_test/rx_dat_cnt_reg[2]/R
                                                              4.358         
i_daisy/i_rx/par_rstn_o_reg/C  i_daisy/genblk3[0].i_test/rx_dat_cnt_reg[3]/R
                                                              4.358         
dac_dat_b_reg[2]/C             oddr_dac_dat[2]/D1             4.451         
i_daisy/i_rx/par_rstn_o_reg/C  i_daisy/genblk3[0].i_test/rx_err_cnt_reg[24]/R
                                                              4.453         
i_daisy/i_rx/par_rstn_o_reg/C  i_daisy/genblk3[0].i_test/rx_err_cnt_reg[25]/R
                                                              4.453         
i_daisy/i_rx/par_rstn_o_reg/C  i_daisy/genblk3[0].i_test/rx_err_cnt_reg[26]/R
                                                              4.453         
i_daisy/i_rx/par_rstn_o_reg/C  i_daisy/genblk3[0].i_test/rx_err_cnt_reg[27]/R
                                                              4.453         
i_daisy/i_rx/par_rstn_o_reg/C  i_daisy/genblk3[0].i_test/rx_dat_cnt_reg[4]/R
                                                              4.507         
i_daisy/i_rx/par_rstn_o_reg/C  i_daisy/genblk3[0].i_test/rx_dat_cnt_reg[5]/R
                                                              4.507         
i_daisy/i_rx/par_rstn_o_reg/C  i_daisy/genblk3[0].i_test/rx_dat_cnt_reg[6]/R
                                                              4.507         
i_daisy/i_rx/par_rstn_o_reg/C  i_daisy/genblk3[0].i_test/rx_dat_cnt_reg[7]/R
                                                              4.507         
i_daisy/i_rx/genblk1[0].par_dat_r_reg[15]/C
                               i_daisy/i_rx/genblk1[0].bitslip_l_reg/D
                                                              4.556         
dac_dat_b_reg[3]/C             oddr_dac_dat[3]/D1             4.618         
dac_dat_b_reg[5]/C             oddr_dac_dat[5]/D1             4.632         
i_daisy/i_rx/par_rstn_o_reg/C  i_daisy/i_rx/genblk1[0].par_dat_r_reg[10]/R
                                                              4.784         
i_daisy/i_rx/par_rstn_o_reg/C  i_daisy/i_rx/genblk1[0].par_dat_r_reg[1]/R
                                                              4.784         
i_daisy/i_rx/par_rstn_o_reg/C  i_daisy/i_rx/genblk1[0].par_dat_r_reg[2]/R
                                                              4.784         
i_daisy/i_rx/par_rstn_o_reg/C  i_daisy/i_rx/genblk1[0].par_dat_r_reg[4]/R
                                                              4.784         
i_daisy/i_rx/par_rstn_o_reg/C  i_daisy/i_rx/genblk1[0].par_dat_r_reg[5]/R
                                                              4.784         
i_daisy/i_rx/par_rstn_o_reg/C  i_daisy/i_rx/genblk1[0].par_dat_r_reg[8]/R
                                                              4.784         
i_daisy/i_rx/par_rstn_o_reg/C  i_daisy/i_rx/genblk1[0].par_dat_r_reg[9]/R
                                                              4.784         
dac_dat_b_reg[13]/C            oddr_dac_dat[13]/D1            4.794         
dac_dat_b_reg[0]/C             oddr_dac_dat[0]/D1             4.798         
i_daisy/genblk4[0].rxp_datr_reg[3]/C
                               i_daisy/genblk4[0].rxp_dv_n_reg/D
                                                              4.833         
i_daisy/i_rx/par_rstn_o_reg/C  i_daisy/genblk3[0].i_test/rx_dat_reg[10]/R
                                                              4.903         
i_daisy/i_rx/par_rstn_o_reg/C  i_daisy/genblk3[0].i_test/rx_dat_reg[11]/R
                                                              4.903         
i_daisy/i_rx/par_rstn_o_reg/C  i_daisy/genblk3[0].i_test/rx_dat_reg[12]/R
                                                              4.903         
i_daisy/i_rx/par_rstn_o_reg/C  i_daisy/genblk3[0].i_test/rx_dat_reg[13]/R
                                                              4.903         
i_daisy/i_rx/par_rstn_o_reg/C  i_daisy/genblk3[0].i_test/rx_dat_reg[14]/R
                                                              4.903         
i_daisy/i_rx/par_rstn_o_reg/C  i_daisy/genblk3[0].i_test/rx_dat_reg[15]/R
                                                              4.903         
i_daisy/i_rx/par_rstn_o_reg/C  i_daisy/genblk3[0].i_test/rx_dat_reg[1]/R
                                                              4.903         
i_daisy/i_rx/par_rstn_o_reg/C  i_daisy/genblk3[0].i_test/rx_dat_reg[9]/R
                                                              4.903         
i_daisy/i_rx/par_rstn_o_reg/C  i_daisy/i_rx/genblk1[0].par_dat_r_reg[11]/R
                                                              4.925         
i_daisy/i_rx/par_rstn_o_reg/C  i_daisy/i_rx/genblk1[0].par_dat_r_reg[12]/R
                                                              4.925         
i_daisy/i_rx/par_rstn_o_reg/C  i_daisy/i_rx/genblk1[0].par_dat_r_reg[13]/R
                                                              4.925         
i_daisy/i_rx/par_rstn_o_reg/C  i_daisy/i_rx/genblk1[0].par_dat_r_reg[14]/R
                                                              4.925         
i_daisy/i_rx/par_rstn_o_reg/C  i_daisy/i_rx/genblk1[0].par_dat_r_reg[15]/R
                                                              4.925         
i_daisy/i_rx/par_rstn_o_reg/C  i_daisy/i_rx/genblk1[0].par_dat_r_reg[3]/R
                                                              4.925         
i_daisy/i_rx/par_rstn_o_reg/C  i_daisy/i_rx/genblk1[0].par_dat_r_reg[6]/R
                                                              4.925         
i_daisy/i_rx/par_rstn_o_reg/C  i_daisy/i_rx/genblk1[0].par_dat_r_reg[7]/R
                                                              4.925         
dac_dat_b_reg[10]/C            oddr_dac_dat[10]/D1            4.932         
dac_dat_b_reg[11]/C            oddr_dac_dat[11]/D1            4.941         
i_daisy/i_rx/par_rstn_reg/C    i_daisy/i_rx/genblk1[0].par_cnt_reg[0]/CE
                                                              4.996         
i_daisy/i_rx/par_rstn_reg/C    i_daisy/i_rx/genblk1[0].par_cnt_reg[1]/CE
                                                              4.996         
dac_dat_b_reg[4]/C             oddr_dac_dat[4]/D1             4.999         
i_daisy/i_rx/par_rstn_o_reg/C  i_daisy/genblk3[0].i_test/rx_dat_reg[3]/R
                                                              5.009         
i_daisy/i_rx/par_rstn_o_reg/C  i_daisy/genblk3[0].i_test/rx_dat_reg[7]/R
                                                              5.009         
i_daisy/i_rx/par_rstn_o_reg/C  i_daisy/genblk3[0].i_test/rx_dat_reg[8]/R
                                                              5.009         
i_daisy/i_rx/par_rstn_o_reg/C  i_daisy/i_rx/genblk1[0].par_dat_r_reg[0]/R
                                                              5.018         
dac_dat_b_reg[6]/C             oddr_dac_dat[6]/D1             5.025         
dac_dat_b_reg[8]/C             oddr_dac_dat[8]/D1             5.048         
dac_dat_b_reg[9]/C             oddr_dac_dat[9]/D1             5.060         
dac_dat_b_reg[7]/C             oddr_dac_dat[7]/D1             5.208         
dac_rst_reg/C                  oddr_dac_rst/D1                5.811         



