Copyright 1986-2020 Xilinx, Inc. All Rights Reserved.
----------------------------------------------------------------------------------------------------------------
| Tool Version : Vivado v.2020.1 (lin64) Build 2902540 Wed May 27 19:54:35 MDT 2020
| Date         : Fri Sep  4 18:32:21 2026
| Host         : LoloVictus running 64-bit Ubuntu 20.04.3 LTS
| Command      : report_timing -file out/post_route_timing.rpt -sort_by group -max_paths 100 -path_type summary
| Design       : mca_red_pitaya_top
| Device       : 7z010-clg400
| Speed File   : -1  PRODUCTION 1.12 2019-11-22
----------------------------------------------------------------------------------------------------------------

Timing Report

Startpoint                     Endpoint                       Slack(ns)     
----------------------------------------------------------------------------
i_mca/i_feat/q_tot_reg[29]/C   i_mca/i_feat/hold_amp_reg[14]/CE
                                                              0.006         
i_mca/i_feat/q_tot_reg[29]/C   i_mca/i_feat/hold_amp_reg[15]/CE
                                                              0.006         
i_mca/i_feat/q_tot_reg[29]/C   i_mca/i_feat/hold_len_reg[8]/CE
                                                              0.006         
i_mca/i_feat/q_tot_reg[29]/C   i_mca/i_feat/hold_peak_reg[10]/CE
                                                              0.006         
i_mca/i_feat/q_tot_reg[29]/C   i_mca/i_feat/hold_peak_reg[12]/CE
                                                              0.006         
i_mca/i_feat/q_tot_reg[29]/C   i_mca/i_feat/hold_peak_reg[4]/CE
                                                              0.006         
i_mca/i_feat/q_tot_reg[29]/C   i_mca/i_feat/hold_peak_reg[9]/CE
                                                              0.006         
i_mca/i_feat/q_tot_reg[29]/C   i_mca/i_feat/hold_tpk_reg[0]/CE
                                                              0.006         
ps/system_i/axi_protocol_converter_0/inst/gen_axilite.gen_b2s_conv.axilite_b2s/SI_REG/aw.aw_pipe/m_payload_i_reg[36]/C
                               ps/system_i/axi_protocol_converter_0/inst/gen_axilite.gen_b2s_conv.axilite_b2s/WR.aw_channel_0/cmd_translator_0/wrap_cmd_0/wrap_cnt_r_reg[3]/D
                                                              0.007         
i_mca/i_feat/q_tot_reg[29]/C   i_mca/i_feat/hold_amp_reg[3]/CE
                                                              0.009         
i_mca/i_feat/q_tot_reg[29]/C   i_mca/i_feat/hold_amp_reg[6]/CE
                                                              0.009         
i_mca/i_feat/q_tot_reg[29]/C   i_mca/i_feat/hold_tpk_reg[7]/CE
                                                              0.009         
i_mca/i_feat/q_tot_reg[29]/C   i_mca/i_feat/hold_tpk_reg[8]/CE
                                                              0.009         
i_mca/i_feat/q_tot_reg[29]/C   i_mca/i_feat/hold_amp_int_reg[8]/CE
                                                              0.010         
i_mca/i_feat/q_tot_reg[29]/C   i_mca/i_feat/hold_amp_int_reg[9]/CE
                                                              0.010         
i_mca/i_feat/q_tot_reg[29]/C   i_mca/i_feat/cnt_rej_amp_o_reg[5]/CE
                                                              0.017         
ps/system_i/xadc/inst/AXI_LITE_IPIF_I/I_SLAVE_ATTACHMENT/INCLUDE_DPHASE_TIMER.dpto_cnt_reg[6]/C
                               ps/system_i/axi_protocol_converter_0/inst/gen_axilite.gen_b2s_conv.axilite_b2s/WR.aw_channel_0/cmd_translator_0/incr_cmd_0/axaddr_incr_reg[11]/D
                                                              0.051         
ps/system_i/axi_protocol_converter_0/inst/gen_axilite.gen_b2s_conv.axilite_b2s/SI_REG/ar.ar_pipe/m_payload_i_reg[3]/C
                               ps/system_i/axi_protocol_converter_0/inst/gen_axilite.gen_b2s_conv.axilite_b2s/RD.ar_channel_0/cmd_translator_0/wrap_cmd_0/wrap_cnt_r_reg[0]/CE
                                                              0.051         
ps/system_i/axi_protocol_converter_0/inst/gen_axilite.gen_b2s_conv.axilite_b2s/SI_REG/ar.ar_pipe/m_payload_i_reg[3]/C
                               ps/system_i/axi_protocol_converter_0/inst/gen_axilite.gen_b2s_conv.axilite_b2s/RD.ar_channel_0/cmd_translator_0/wrap_cmd_0/wrap_cnt_r_reg[1]/CE
                                                              0.051         
ps/system_i/axi_protocol_converter_0/inst/gen_axilite.gen_b2s_conv.axilite_b2s/SI_REG/aw.aw_pipe/m_payload_i_reg[7]/C
                               ps/system_i/xadc/inst/AXI_LITE_IPIF_I/I_SLAVE_ATTACHMENT/I_DECODER/GEN_BKEND_CE_REGISTERS[1].ce_out_i_reg[1]/D
                                                              0.055         
ps/system_i/axi_protocol_converter_0/inst/gen_axilite.gen_b2s_conv.axilite_b2s/WR.aw_channel_0/cmd_translator_0/wrap_cmd_0/sel_first_reg/C
                               ps/system_i/xadc/inst/AXI_XADC_CORE_I/alarm_reg_reg[0]/CE
                                                              0.061         
ps/system_i/axi_protocol_converter_0/inst/gen_axilite.gen_b2s_conv.axilite_b2s/WR.aw_channel_0/cmd_translator_0/wrap_cmd_0/sel_first_reg/C
                               ps/system_i/xadc/inst/AXI_XADC_CORE_I/alarm_reg_reg[5]/CE
                                                              0.061         
ps/system_i/axi_protocol_converter_0/inst/gen_axilite.gen_b2s_conv.axilite_b2s/WR.aw_channel_0/cmd_translator_0/wrap_cmd_0/sel_first_reg/C
                               ps/system_i/xadc/inst/AXI_XADC_CORE_I/alarm_reg_reg[6]/CE
                                                              0.061         
ps/system_i/axi_protocol_converter_0/inst/gen_axilite.gen_b2s_conv.axilite_b2s/WR.aw_channel_0/cmd_translator_0/wrap_cmd_0/sel_first_reg/C
                               ps/system_i/xadc/inst/AXI_XADC_CORE_I/alarm_reg_reg[7]/CE
                                                              0.061         
ps/system_i/axi_protocol_converter_0/inst/gen_axilite.gen_b2s_conv.axilite_b2s/WR.aw_channel_0/cmd_translator_0/wrap_cmd_0/sel_first_reg/C
                               ps/system_i/xadc/inst/AXI_XADC_CORE_I/alarm_reg_reg[8]/CE
                                                              0.061         
ps/system_i/axi_protocol_converter_0/inst/gen_axilite.gen_b2s_conv.axilite_b2s/SI_REG/aw.aw_pipe/m_payload_i_reg[7]/C
                               ps/system_i/xadc/inst/AXI_XADC_CORE_I/status_reg_reg[0]/CE
                                                              0.061         
ps/system_i/axi_protocol_converter_0/inst/gen_axilite.gen_b2s_conv.axilite_b2s/SI_REG/aw.aw_pipe/m_payload_i_reg[7]/C
                               ps/system_i/xadc/inst/AXI_XADC_CORE_I/status_reg_reg[10]/CE
                                                              0.061         
ps/system_i/axi_protocol_converter_0/inst/gen_axilite.gen_b2s_conv.axilite_b2s/SI_REG/aw.aw_pipe/m_payload_i_reg[7]/C
                               ps/system_i/xadc/inst/AXI_XADC_CORE_I/status_reg_reg[1]/CE
                                                              0.061         
ps/system_i/axi_protocol_converter_0/inst/gen_axilite.gen_b2s_conv.axilite_b2s/SI_REG/aw.aw_pipe/m_payload_i_reg[7]/C
                               ps/system_i/xadc/inst/AXI_XADC_CORE_I/status_reg_reg[2]/CE
                                                              0.061         
i_mca/i_feat/q_tot_reg[29]/C   i_mca/i_feat/hold_amp_int_reg[15]/CE
                                                              0.062         
i_mca/i_feat/q_tot_reg[29]/C   i_mca/i_feat/hold_amp_reg[0]/CE
                                                              0.062         
i_mca/i_feat/q_tot_reg[29]/C   i_mca/i_feat/hold_amp_reg[13]/CE
                                                              0.062         
i_mca/i_feat/q_tot_reg[29]/C   i_mca/i_feat/hold_amp_reg[1]/CE
                                                              0.062         
ps/system_i/axi_protocol_converter_0/inst/gen_axilite.gen_b2s_conv.axilite_b2s/SI_REG/aw.aw_pipe/m_payload_i_reg[7]/C
                               ps/system_i/xadc/inst/AXI_XADC_CORE_I/status_reg_reg[3]/CE
                                                              0.064         
ps/system_i/axi_protocol_converter_0/inst/gen_axilite.gen_b2s_conv.axilite_b2s/SI_REG/aw.aw_pipe/m_payload_i_reg[7]/C
                               ps/system_i/xadc/inst/AXI_XADC_CORE_I/status_reg_reg[4]/CE
                                                              0.064         
ps/system_i/axi_protocol_converter_0/inst/gen_axilite.gen_b2s_conv.axilite_b2s/SI_REG/aw.aw_pipe/m_payload_i_reg[7]/C
                               ps/system_i/xadc/inst/AXI_XADC_CORE_I/status_reg_reg[7]/CE
                                                              0.064         
ps/system_i/axi_protocol_converter_0/inst/gen_axilite.gen_b2s_conv.axilite_b2s/SI_REG/aw.aw_pipe/m_payload_i_reg[7]/C
                               ps/system_i/xadc/inst/AXI_XADC_CORE_I/status_reg_reg[8]/CE
                                                              0.064         
ps/system_i/axi_protocol_converter_0/inst/gen_axilite.gen_b2s_conv.axilite_b2s/SI_REG/aw.aw_pipe/m_payload_i_reg[7]/C
                               ps/system_i/xadc/inst/AXI_LITE_IPIF_I/I_SLAVE_ATTACHMENT/I_DECODER/GEN_BKEND_CE_REGISTERS[19].ce_out_i_reg[19]/D
                                                              0.070         
i_mca/g_hist_h.i_hist_h/mem_reg_0/CLKBWRCLK
                               i_mca/g_hist_h.i_hist_h/wdata2_reg[29]/D
                                                              0.072         
ps/system_i/axi_protocol_converter_0/inst/gen_axilite.gen_b2s_conv.axilite_b2s/SI_REG/aw.aw_pipe/m_payload_i_reg[7]/C
                               ps/system_i/xadc/inst/AXI_LITE_IPIF_I/I_SLAVE_ATTACHMENT/I_DECODER/GEN_BKEND_CE_REGISTERS[15].ce_out_i_reg[15]/D
                                                              0.074         
ps/system_i/axi_protocol_converter_0/inst/gen_axilite.gen_b2s_conv.axilite_b2s/SI_REG/aw.aw_pipe/m_payload_i_reg[7]/C
                               ps/system_i/xadc/inst/AXI_LITE_IPIF_I/I_SLAVE_ATTACHMENT/I_DECODER/GEN_BKEND_CE_REGISTERS[20].ce_out_i_reg[20]/D
                                                              0.076         
ps/system_i/axi_protocol_converter_0/inst/gen_axilite.gen_b2s_conv.axilite_b2s/WR.aw_channel_0/cmd_translator_0/wrap_cmd_0/sel_first_reg/C
                               ps/system_i/xadc/inst/AXI_XADC_CORE_I/do_reg_reg[13]/CE
                                                              0.076         
ps/system_i/axi_protocol_converter_0/inst/gen_axilite.gen_b2s_conv.axilite_b2s/WR.aw_channel_0/cmd_translator_0/wrap_cmd_0/sel_first_reg/C
                               ps/system_i/xadc/inst/AXI_XADC_CORE_I/do_reg_reg[14]/CE
                                                              0.076         
ps/system_i/axi_protocol_converter_0/inst/gen_axilite.gen_b2s_conv.axilite_b2s/WR.aw_channel_0/cmd_translator_0/wrap_cmd_0/sel_first_reg/C
                               ps/system_i/xadc/inst/AXI_XADC_CORE_I/do_reg_reg[15]/CE
                                                              0.076         
ps/system_i/axi_protocol_converter_0/inst/gen_axilite.gen_b2s_conv.axilite_b2s/WR.aw_channel_0/cmd_translator_0/wrap_cmd_0/sel_first_reg/C
                               ps/system_i/xadc/inst/AXI_XADC_CORE_I/do_reg_reg[1]/CE
                                                              0.076         
i_mca/g_hist_h.i_hist_h/mem_reg_0/CLKBWRCLK
                               i_mca/g_hist_h.i_hist_h/wdata2_reg[31]/D
                                                              0.080         
i_mca/i_feat/q_tot_reg[29]/C   i_mca/i_feat/cnt_rej_amp_o_reg[8]/CE
                                                              0.083         
ps/system_i/axi_protocol_converter_0/inst/gen_axilite.gen_b2s_conv.axilite_b2s/SI_REG/aw.aw_pipe/m_payload_i_reg[7]/C
                               ps/system_i/xadc/inst/AXI_LITE_IPIF_I/I_SLAVE_ATTACHMENT/I_DECODER/GEN_BKEND_CE_REGISTERS[17].ce_out_i_reg[17]/D
                                                              0.087         
ps/system_i/axi_protocol_converter_0/inst/gen_axilite.gen_b2s_conv.axilite_b2s/SI_REG/aw.aw_pipe/m_payload_i_reg[7]/C
                               ps/system_i/xadc/inst/AXI_LITE_IPIF_I/I_SLAVE_ATTACHMENT/I_DECODER/GEN_BKEND_CE_REGISTERS[9].ce_out_i_reg[9]/D
                                                              0.091         
i_mca/i_feat/q_tot_reg[29]/C   i_mca/i_feat/cnt_rej_amp_o_reg[20]/CE
                                                              0.094         
i_mca/i_feat/q_tot_reg[29]/C   i_mca/i_feat/cnt_rej_amp_o_reg[21]/CE
                                                              0.094         
i_mca/i_feat/q_tot_reg[29]/C   i_mca/i_feat/cnt_rej_amp_o_reg[22]/CE
                                                              0.094         
i_mca/i_feat/q_tot_reg[29]/C   i_mca/i_feat/cnt_rej_amp_o_reg[23]/CE
                                                              0.094         
i_mca/i_feat/q_tot_reg[29]/C   i_mca/i_feat/cnt_rej_amp_o_reg[24]/CE
                                                              0.098         
i_mca/i_feat/q_tot_reg[29]/C   i_mca/i_feat/cnt_rej_amp_o_reg[25]/CE
                                                              0.098         
i_mca/i_feat/q_tot_reg[29]/C   i_mca/i_feat/cnt_rej_amp_o_reg[26]/CE
                                                              0.098         
i_mca/i_feat/q_tot_reg[29]/C   i_mca/i_feat/cnt_rej_amp_o_reg[27]/CE
                                                              0.098         
ps/system_i/axi_protocol_converter_0/inst/gen_axilite.gen_b2s_conv.axilite_b2s/SI_REG/aw.aw_pipe/m_payload_i_reg[7]/C
                               ps/system_i/xadc/inst/AXI_LITE_IPIF_I/I_SLAVE_ATTACHMENT/I_DECODER/GEN_BKEND_CE_REGISTERS[11].ce_out_i_reg[11]/D
                                                              0.101         
ps/system_i/axi_protocol_converter_0/inst/gen_axilite.gen_b2s_conv.axilite_b2s/SI_REG/ar.ar_pipe/m_payload_i_reg[3]/C
                               ps/system_i/axi_protocol_converter_0/inst/gen_axilite.gen_b2s_conv.axilite_b2s/RD.ar_channel_0/cmd_translator_0/wrap_cmd_0/wrap_second_len_r_reg[0]/D
                                                              0.103         
ps/system_i/axi_protocol_converter_0/inst/gen_axilite.gen_b2s_conv.axilite_b2s/SI_REG/aw.aw_pipe/m_payload_i_reg[7]/C
                               ps/system_i/xadc/inst/AXI_LITE_IPIF_I/I_SLAVE_ATTACHMENT/I_DECODER/GEN_BKEND_CE_REGISTERS[13].ce_out_i_reg[13]/D
                                                              0.108         
i_mca/i_feat/q_tot_reg[29]/C   i_mca/i_feat/cnt_rej_amp_o_reg[12]/CE
                                                              0.109         
i_mca/i_feat/q_tot_reg[29]/C   i_mca/i_feat/cnt_rej_amp_o_reg[13]/CE
                                                              0.109         
i_mca/i_feat/q_tot_reg[29]/C   i_mca/i_feat/cnt_rej_amp_o_reg[14]/CE
                                                              0.109         
i_mca/i_feat/q_tot_reg[29]/C   i_mca/i_feat/cnt_rej_amp_o_reg[15]/CE
                                                              0.109         
ps/system_i/axi_protocol_converter_0/inst/gen_axilite.gen_b2s_conv.axilite_b2s/WR.aw_channel_0/cmd_translator_0/wrap_cmd_0/sel_first_reg/C
                               ps/system_i/xadc/inst/AXI_XADC_CORE_I/do_reg_reg[2]/CE
                                                              0.113         
ps/system_i/axi_protocol_converter_0/inst/gen_axilite.gen_b2s_conv.axilite_b2s/WR.aw_channel_0/cmd_translator_0/wrap_cmd_0/sel_first_reg/C
                               ps/system_i/xadc/inst/AXI_XADC_CORE_I/do_reg_reg[3]/CE
                                                              0.113         
ps/system_i/axi_protocol_converter_0/inst/gen_axilite.gen_b2s_conv.axilite_b2s/WR.aw_channel_0/cmd_translator_0/wrap_cmd_0/sel_first_reg/C
                               ps/system_i/xadc/inst/AXI_XADC_CORE_I/do_reg_reg[4]/CE
                                                              0.113         
ps/system_i/axi_protocol_converter_0/inst/gen_axilite.gen_b2s_conv.axilite_b2s/WR.aw_channel_0/cmd_translator_0/wrap_cmd_0/sel_first_reg/C
                               ps/system_i/xadc/inst/AXI_XADC_CORE_I/do_reg_reg[5]/CE
                                                              0.113         
i_mca/i_feat/q_tot_reg[29]/C   i_mca/i_feat/hold_len_reg[14]/CE
                                                              0.113         
i_mca/i_feat/q_tot_reg[29]/C   i_mca/i_feat/hold_len_reg[3]/CE
                                                              0.113         
i_mca/i_feat/q_tot_reg[29]/C   i_mca/i_feat/hold_tpk_reg[14]/CE
                                                              0.113         
i_mca/i_feat/q_tot_reg[29]/C   i_mca/i_feat/hold_tpk_reg[15]/CE
                                                              0.113         
i_mca/i_feat/q_tot_reg[29]/C   i_mca/i_feat/hold_peak_reg[3]/CE
                                                              0.118         
i_mca/i_feat/q_tot_reg[29]/C   i_mca/i_feat/hold_peak_reg[7]/CE
                                                              0.118         
i_mca/i_feat/q_tot_reg[29]/C   i_mca/i_feat/hold_peak_reg[8]/CE
                                                              0.118         
i_mca/i_feat/q_tot_reg[29]/C   i_mca/i_feat/hold_tpk_reg[11]/CE
                                                              0.118         
i_mca/i_feat/q_tot_reg[29]/C   i_mca/i_feat/hold_tpk_reg[10]/CE
                                                              0.137         
i_mca/i_feat/q_tot_reg[29]/C   i_mca/i_feat/hold_tpk_reg[12]/CE
                                                              0.137         
i_mca/i_feat/q_tot_reg[29]/C   i_mca/i_feat/hold_tpk_reg[13]/CE
                                                              0.137         
i_mca/i_feat/q_tot_reg[29]/C   i_mca/i_feat/hold_tpk_reg[1]/CE
                                                              0.137         
i_mca/i_feat/q_tot_reg[29]/C   i_mca/i_feat/hold_amp_reg[11]/CE
                                                              0.138         
i_mca/i_feat/q_tot_reg[29]/C   i_mca/i_feat/hold_amp_reg[12]/CE
                                                              0.138         
i_mca/i_feat/q_tot_reg[29]/C   i_mca/i_feat/hold_amp_reg[2]/CE
                                                              0.138         
i_mca/i_feat/q_tot_reg[29]/C   i_mca/i_feat/hold_tpk_reg[2]/CE
                                                              0.138         
i_mca/i_feat/q_tot_reg[29]/C   i_mca/i_feat/hold_amp_reg[4]/CE
                                                              0.145         
i_mca/i_feat/q_tot_reg[29]/C   i_mca/i_feat/hold_amp_reg[8]/CE
                                                              0.145         
i_mca/i_feat/q_tot_reg[29]/C   i_mca/i_feat/hold_amp_reg[9]/CE
                                                              0.145         
i_mca/i_feat/q_tot_reg[29]/C   i_mca/i_feat/hold_len_reg[7]/CE
                                                              0.145         
i_mca/i_feat/q_tot_reg[29]/C   i_mca/i_feat/hold_amp_int_reg[0]/CE
                                                              0.146         
i_mca/i_feat/q_tot_reg[29]/C   i_mca/i_feat/hold_amp_int_reg[12]/CE
                                                              0.146         
i_mca/i_feat/q_tot_reg[29]/C   i_mca/i_feat/hold_amp_int_reg[14]/CE
                                                              0.146         
i_mca/i_feat/q_tot_reg[29]/C   i_mca/i_feat/hold_amp_int_reg[1]/CE
                                                              0.146         
i_mca/i_feat/q_tot_reg[29]/C   i_mca/i_feat/hold_amp_reg[7]/CE
                                                              0.146         
i_mca/i_feat/q_tot_reg[29]/C   i_mca/i_feat/hold_len_reg[1]/CE
                                                              0.146         
i_mca/i_feat/q_tot_reg[29]/C   i_mca/i_feat/hold_len_reg[2]/CE
                                                              0.146         
i_mca/i_feat/q_tot_reg[29]/C   i_mca/i_feat/hold_tpk_reg[6]/CE
                                                              0.146         
i_mca/i_feat/q_tot_reg[29]/C   i_mca/i_feat/hold_amp_reg[10]/CE
                                                              0.149         
i_mca/i_feat/q_tot_reg[29]/C   i_mca/i_feat/hold_len_reg[13]/CE
                                                              0.149         
i_mca/i_feat/q_tot_reg[29]/C   i_mca/i_feat/hold_len_reg[15]/CE
                                                              0.149         
i_mca/i_feat/q_tot_reg[29]/C   i_mca/i_feat/hold_len_reg[5]/CE
                                                              0.149         
i_mca/i_feat/q_tot_reg[29]/C   i_mca/i_feat/hold_peak_reg[0]/CE
                                                              0.149         
i_mca/i_feat/q_tot_reg[29]/C   i_mca/i_feat/hold_peak_reg[11]/CE
                                                              0.149         
i_mca/i_feat/q_tot_reg[29]/C   i_mca/i_feat/hold_tpk_reg[5]/CE
                                                              0.149         
i_mca/i_feat/q_tot_reg[29]/C   i_mca/i_feat/hold_amp_reg[5]/CE
                                                              0.151         
i_mca/i_feat/q_tot_reg[29]/C   i_mca/i_feat/hold_len_reg[4]/CE
                                                              0.151         
i_mca/i_feat/q_tot_reg[29]/C   i_mca/i_feat/hold_len_reg[6]/CE
                                                              0.151         
i_mca/i_feat/q_tot_reg[29]/C   i_mca/i_feat/hold_peak_reg[13]/CE
                                                              0.151         
i_mca/g_hist_h.i_hist_h/mem_reg_0/CLKBWRCLK
                               i_mca/g_hist_h.i_hist_h/wdata2_reg[30]/D
                                                              0.156         
ps/system_i/axi_protocol_converter_0/inst/gen_axilite.gen_b2s_conv.axilite_b2s/RD.r_channel_0/rd_data_fifo_0/cnt_read_reg[2]/C
                               ps/system_i/axi_protocol_converter_0/inst/gen_axilite.gen_b2s_conv.axilite_b2s/RD.r_channel_0/transaction_fifo_0/cnt_read_reg[0]/CE
                                                              0.165         
ps/system_i/axi_protocol_converter_0/inst/gen_axilite.gen_b2s_conv.axilite_b2s/RD.r_channel_0/rd_data_fifo_0/cnt_read_reg[2]/C
                               ps/system_i/axi_protocol_converter_0/inst/gen_axilite.gen_b2s_conv.axilite_b2s/RD.r_channel_0/transaction_fifo_0/cnt_read_reg[1]/CE
                                                              0.165         
ps/system_i/axi_protocol_converter_0/inst/gen_axilite.gen_b2s_conv.axilite_b2s/RD.r_channel_0/rd_data_fifo_0/cnt_read_reg[2]/C
                               ps/system_i/axi_protocol_converter_0/inst/gen_axilite.gen_b2s_conv.axilite_b2s/RD.r_channel_0/transaction_fifo_0/cnt_read_reg[2]/CE
                                                              0.165         
ps/system_i/axi_protocol_converter_0/inst/gen_axilite.gen_b2s_conv.axilite_b2s/RD.r_channel_0/rd_data_fifo_0/cnt_read_reg[2]/C
                               ps/system_i/axi_protocol_converter_0/inst/gen_axilite.gen_b2s_conv.axilite_b2s/RD.r_channel_0/transaction_fifo_0/cnt_read_reg[3]/CE
                                                              0.165         
ps/system_i/axi_protocol_converter_0/inst/gen_axilite.gen_b2s_conv.axilite_b2s/RD.r_channel_0/rd_data_fifo_0/cnt_read_reg[2]/C
                               ps/system_i/axi_protocol_converter_0/inst/gen_axilite.gen_b2s_conv.axilite_b2s/RD.r_channel_0/transaction_fifo_0/cnt_read_reg[4]/CE
                                                              0.165         
i_mca/i_feat/q_tot_reg[29]/C   i_mca/i_feat/hold_amp_int_reg[10]/CE
                                                              0.173         
i_mca/i_feat/q_tot_reg[29]/C   i_mca/i_feat/hold_amp_int_reg[11]/CE
                                                              0.173         
i_mca/i_feat/q_tot_reg[29]/C   i_mca/i_feat/hold_amp_int_reg[2]/CE
                                                              0.173         
i_mca/i_feat/q_tot_reg[29]/C   i_mca/i_feat/hold_amp_int_reg[3]/CE
                                                              0.173         
i_mca/i_feat/q_tot_reg[29]/C   i_mca/i_feat/hold_amp_int_reg[4]/CE
                                                              0.173         
i_mca/i_feat/q_tot_reg[29]/C   i_mca/i_feat/hold_amp_int_reg[5]/CE
                                                              0.173         
i_mca/i_feat/q_tot_reg[29]/C   i_mca/i_feat/hold_amp_int_reg[6]/CE
                                                              0.173         
i_mca/i_feat/q_tot_reg[29]/C   i_mca/i_feat/hold_amp_int_reg[7]/CE
                                                              0.173         
i_mca/i_feat/q_tot_reg[29]/C   i_mca/i_feat/hold_len_reg[0]/CE
                                                              0.176         
i_mca/i_feat/q_tot_reg[29]/C   i_mca/i_feat/hold_len_reg[10]/CE
                                                              0.176         
i_mca/i_feat/q_tot_reg[29]/C   i_mca/i_feat/hold_len_reg[11]/CE
                                                              0.176         
i_mca/i_feat/q_tot_reg[29]/C   i_mca/i_feat/hold_len_reg[12]/CE
                                                              0.176         
i_mca/g_hist_h.i_hist_h/mem_reg_0/CLKBWRCLK
                               i_mca/g_hist_h.i_hist_h/wdata2_reg[28]/D
                                                              0.176         
i_mca/g_hist_h.i_hist_h/mem_reg_0/CLKBWRCLK
                               i_mca/g_hist_h.i_hist_h/wdata2_reg[25]/D
                                                              0.189         
i_mca/g_hist_h.i_hist_h/mem_reg_0/CLKBWRCLK
                               i_mca/g_hist_h.i_hist_h/wdata2_reg[27]/D
                                                              0.197         
ps/system_i/axi_protocol_converter_0/inst/gen_axilite.gen_b2s_conv.axilite_b2s/WR.aw_channel_0/cmd_translator_0/wrap_cmd_0/sel_first_reg/C
                               ps/system_i/xadc/inst/AXI_XADC_CORE_I/do_reg_reg[6]/CE
                                                              0.200         
ps/system_i/axi_protocol_converter_0/inst/gen_axilite.gen_b2s_conv.axilite_b2s/WR.aw_channel_0/cmd_translator_0/wrap_cmd_0/sel_first_reg/C
                               ps/system_i/xadc/inst/AXI_XADC_CORE_I/do_reg_reg[7]/CE
                                                              0.200         
ps/system_i/axi_protocol_converter_0/inst/gen_axilite.gen_b2s_conv.axilite_b2s/WR.aw_channel_0/cmd_translator_0/wrap_cmd_0/sel_first_reg/C
                               ps/system_i/xadc/inst/AXI_XADC_CORE_I/do_reg_reg[8]/CE
                                                              0.200         
ps/system_i/axi_protocol_converter_0/inst/gen_axilite.gen_b2s_conv.axilite_b2s/WR.aw_channel_0/cmd_translator_0/wrap_cmd_0/sel_first_reg/C
                               ps/system_i/xadc/inst/AXI_XADC_CORE_I/do_reg_reg[9]/CE
                                                              0.200         
i_mca/i_feat/q_tot_reg[29]/C   i_mca/i_feat/hold_peak_reg[6]/CE
                                                              0.202         
ps/system_i/xadc/inst/AXI_LITE_IPIF_I/I_SLAVE_ATTACHMENT/INCLUDE_DPHASE_TIMER.dpto_cnt_reg[6]/C
                               ps/system_i/axi_protocol_converter_0/inst/gen_axilite.gen_b2s_conv.axilite_b2s/WR.aw_channel_0/cmd_translator_0/incr_cmd_0/axaddr_incr_reg[10]/D
                                                              0.211         
ps/system_i/axi_protocol_converter_0/inst/gen_axilite.gen_b2s_conv.axilite_b2s/SI_REG/aw.aw_pipe/m_payload_i_reg[7]/C
                               ps/system_i/xadc/inst/AXI_LITE_IPIF_I/I_SLAVE_ATTACHMENT/I_DECODER/GEN_BKEND_CE_REGISTERS[8].ce_out_i_reg[8]/D
                                                              0.214         
i_mca/i_feat/q_tot_reg[29]/C   i_mca/i_feat/hold_peak_reg[5]/CE
                                                              0.215         
i_mca/i_feat/q_tot_reg[29]/C   i_mca/i_feat/hold_tpk_reg[3]/CE
                                                              0.215         
i_mca/i_feat/q_tot_reg[29]/C   i_mca/i_feat/hold_tpk_reg[4]/CE
                                                              0.215         
i_mca/i_feat/q_tot_reg[29]/C   i_mca/i_feat/hold_tpk_reg[9]/CE
                                                              0.215         
ps/system_i/axi_protocol_converter_0/inst/gen_axilite.gen_b2s_conv.axilite_b2s/SI_REG/aw.aw_pipe/m_payload_i_reg[7]/C
                               ps/system_i/xadc/inst/AXI_LITE_IPIF_I/I_SLAVE_ATTACHMENT/I_DECODER/GEN_BKEND_CE_REGISTERS[18].ce_out_i_reg[18]/D
                                                              0.219         
ps/system_i/axi_protocol_converter_0/inst/gen_axilite.gen_b2s_conv.axilite_b2s/WR.aw_channel_0/cmd_translator_0/wrap_cmd_0/sel_first_reg/C
                               ps/system_i/xadc/inst/AXI_XADC_CORE_I/do_reg_reg[0]/CE
                                                              0.236         
ps/system_i/axi_protocol_converter_0/inst/gen_axilite.gen_b2s_conv.axilite_b2s/WR.aw_channel_0/cmd_translator_0/wrap_cmd_0/sel_first_reg/C
                               ps/system_i/xadc/inst/AXI_XADC_CORE_I/do_reg_reg[10]/CE
                                                              0.236         
ps/system_i/axi_protocol_converter_0/inst/gen_axilite.gen_b2s_conv.axilite_b2s/WR.aw_channel_0/cmd_translator_0/wrap_cmd_0/sel_first_reg/C
                               ps/system_i/xadc/inst/AXI_XADC_CORE_I/do_reg_reg[11]/CE
                                                              0.236         
ps/system_i/axi_protocol_converter_0/inst/gen_axilite.gen_b2s_conv.axilite_b2s/WR.aw_channel_0/cmd_translator_0/wrap_cmd_0/sel_first_reg/C
                               ps/system_i/xadc/inst/AXI_XADC_CORE_I/do_reg_reg[12]/CE
                                                              0.236         
i_mca/i_feat/q_tot_reg[29]/C   i_mca/i_feat/cnt_rej_amp_o_reg[10]/CE
                                                              0.239         
i_mca/i_feat/q_tot_reg[29]/C   i_mca/i_feat/cnt_rej_amp_o_reg[11]/CE
                                                              0.239         
i_mca/i_feat/q_tot_reg[29]/C   i_mca/i_feat/cnt_rej_amp_o_reg[16]/CE
                                                              0.239         
i_mca/i_feat/q_tot_reg[29]/C   i_mca/i_feat/cnt_rej_amp_o_reg[17]/CE
                                                              0.239         
i_mca/i_feat/q_tot_reg[29]/C   i_mca/i_feat/cnt_rej_amp_o_reg[18]/CE
                                                              0.239         
i_mca/i_feat/q_tot_reg[29]/C   i_mca/i_feat/cnt_rej_amp_o_reg[19]/CE
                                                              0.239         
ps/system_i/axi_protocol_converter_0/inst/gen_axilite.gen_b2s_conv.axilite_b2s/WR.aw_channel_0/cmd_translator_0/wrap_cmd_0/sel_first_reg/C
                               ps/system_i/xadc/inst/AXI_XADC_CORE_I/alarm_reg_reg[1]/CE
                                                              0.245         
ps/system_i/axi_protocol_converter_0/inst/gen_axilite.gen_b2s_conv.axilite_b2s/WR.aw_channel_0/cmd_translator_0/wrap_cmd_0/sel_first_reg/C
                               ps/system_i/xadc/inst/AXI_XADC_CORE_I/alarm_reg_reg[2]/CE
                                                              0.245         
ps/system_i/axi_protocol_converter_0/inst/gen_axilite.gen_b2s_conv.axilite_b2s/WR.aw_channel_0/cmd_translator_0/wrap_cmd_0/sel_first_reg/C
                               ps/system_i/xadc/inst/AXI_XADC_CORE_I/alarm_reg_reg[3]/CE
                                                              0.245         
ps/system_i/axi_protocol_converter_0/inst/gen_axilite.gen_b2s_conv.axilite_b2s/WR.aw_channel_0/cmd_translator_0/wrap_cmd_0/sel_first_reg/C
                               ps/system_i/xadc/inst/AXI_XADC_CORE_I/alarm_reg_reg[4]/CE
                                                              0.245         
ps/system_i/axi_protocol_converter_0/inst/gen_axilite.gen_b2s_conv.axilite_b2s/SI_REG/aw.aw_pipe/m_payload_i_reg[7]/C
                               ps/system_i/xadc/inst/AXI_LITE_IPIF_I/I_SLAVE_ATTACHMENT/I_DECODER/GEN_BKEND_CE_REGISTERS[14].ce_out_i_reg[14]/D
                                                              0.261         
ps/system_i/axi_protocol_converter_0/inst/gen_axilite.gen_b2s_conv.axilite_b2s/RD.r_channel_0/rd_data_fifo_0/cnt_read_reg[2]/C
                               ps/system_i/axi_protocol_converter_0/inst/gen_axilite.gen_b2s_conv.axilite_b2s/RD.r_channel_0/rd_data_fifo_0/cnt_read_reg[0]/CE
                                                              0.300         
ps/system_i/axi_protocol_converter_0/inst/gen_axilite.gen_b2s_conv.axilite_b2s/RD.r_channel_0/rd_data_fifo_0/cnt_read_reg[2]/C
                               ps/system_i/axi_protocol_converter_0/inst/gen_axilite.gen_b2s_conv.axilite_b2s/RD.r_channel_0/transaction_fifo_0/cnt_read_reg[4]/D
                                                              0.310         
ps/system_i/axi_protocol_converter_0/inst/gen_axilite.gen_b2s_conv.axilite_b2s/SI_REG/ar.ar_pipe/m_payload_i_reg[3]/C
                               ps/system_i/axi_protocol_converter_0/inst/gen_axilite.gen_b2s_conv.axilite_b2s/RD.ar_channel_0/cmd_translator_0/wrap_cmd_0/wrap_cnt_r_reg[1]/D
                                                              0.311         
ps/system_i/processing_system7/inst/PS7_i/SAXIHP3ACLK
                               ps/axi_master_3/axi_awvalid_o_reg/D
                                                              0.315         
ps/system_i/axi_protocol_converter_0/inst/gen_axilite.gen_b2s_conv.axilite_b2s/RD.ar_channel_0/ar_cmd_fsm_0/FSM_sequential_state_reg[1]/C
                               ps/system_i/axi_protocol_converter_0/inst/gen_axilite.gen_b2s_conv.axilite_b2s/SI_REG/ar.ar_pipe/skid_buffer_reg[51]/CE
                                                              0.321         
ps/system_i/axi_protocol_converter_0/inst/gen_axilite.gen_b2s_conv.axilite_b2s/RD.ar_channel_0/ar_cmd_fsm_0/FSM_sequential_state_reg[1]/C
                               ps/system_i/axi_protocol_converter_0/inst/gen_axilite.gen_b2s_conv.axilite_b2s/SI_REG/ar.ar_pipe/skid_buffer_reg[52]/CE
                                                              0.321         
ps/system_i/axi_protocol_converter_0/inst/gen_axilite.gen_b2s_conv.axilite_b2s/RD.r_channel_0/rd_data_fifo_0/cnt_read_reg[2]/C
                               ps/system_i/axi_protocol_converter_0/inst/gen_axilite.gen_b2s_conv.axilite_b2s/RD.r_channel_0/rd_data_fifo_0/cnt_read_reg[1]/CE
                                                              0.324         
ps/system_i/axi_protocol_converter_0/inst/gen_axilite.gen_b2s_conv.axilite_b2s/RD.r_channel_0/rd_data_fifo_0/cnt_read_reg[2]/C
                               ps/system_i/axi_protocol_converter_0/inst/gen_axilite.gen_b2s_conv.axilite_b2s/RD.r_channel_0/rd_data_fifo_0/cnt_read_reg[2]/CE
                                                              0.324         
ps/system_i/axi_protocol_converter_0/inst/gen_axilite.gen_b2s_conv.axilite_b2s/RD.r_channel_0/rd_data_fifo_0/cnt_read_reg[2]/C
                               ps/system_i/axi_protocol_converter_0/inst/gen_axilite.gen_b2s_conv.axilite_b2s/RD.r_channel_0/rd_data_fifo_0/cnt_read_reg[3]/CE
                                                              0.324         
ps/system_i/axi_protocol_converter_0/inst/gen_axilite.gen_b2s_conv.axilite_b2s/RD.r_channel_0/rd_data_fifo_0/cnt_read_reg[2]/C
                               ps/system_i/axi_protocol_converter_0/inst/gen_axilite.gen_b2s_conv.axilite_b2s/RD.r_channel_0/rd_data_fifo_0/cnt_read_reg[4]/CE
                                                              0.324         
ps/system_i/xadc/inst/AXI_LITE_IPIF_I/I_SLAVE_ATTACHMENT/INCLUDE_DPHASE_TIMER.dpto_cnt_reg[6]/C
                               ps/system_i/axi_protocol_converter_0/inst/gen_axilite.gen_b2s_conv.axilite_b2s/WR.aw_channel_0/cmd_translator_0/incr_cmd_0/axaddr_incr_reg[5]/D
                                                              0.328         
ps/system_i/axi_protocol_converter_0/inst/gen_axilite.gen_b2s_conv.axilite_b2s/RD.ar_channel_0/ar_cmd_fsm_0/FSM_sequential_state_reg[1]/C
                               ps/system_i/axi_protocol_converter_0/inst/gen_axilite.gen_b2s_conv.axilite_b2s/SI_REG/ar.ar_pipe/skid_buffer_reg[53]/CE
                                                              0.329         
ps/system_i/axi_protocol_converter_0/inst/gen_axilite.gen_b2s_conv.axilite_b2s/RD.ar_channel_0/ar_cmd_fsm_0/FSM_sequential_state_reg[1]/C
                               ps/system_i/axi_protocol_converter_0/inst/gen_axilite.gen_b2s_conv.axilite_b2s/SI_REG/ar.ar_pipe/skid_buffer_reg[54]/CE
                                                              0.329         
ps/system_i/axi_protocol_converter_0/inst/gen_axilite.gen_b2s_conv.axilite_b2s/RD.ar_channel_0/ar_cmd_fsm_0/FSM_sequential_state_reg[1]/C
                               ps/system_i/axi_protocol_converter_0/inst/gen_axilite.gen_b2s_conv.axilite_b2s/SI_REG/ar.ar_pipe/skid_buffer_reg[57]/CE
                                                              0.329         
ps/system_i/axi_protocol_converter_0/inst/gen_axilite.gen_b2s_conv.axilite_b2s/RD.ar_channel_0/ar_cmd_fsm_0/FSM_sequential_state_reg[1]/C
                               ps/system_i/axi_protocol_converter_0/inst/gen_axilite.gen_b2s_conv.axilite_b2s/SI_REG/ar.ar_pipe/skid_buffer_reg[58]/CE
                                                              0.329         
ps/system_i/axi_protocol_converter_0/inst/gen_axilite.gen_b2s_conv.axilite_b2s/SI_REG/aw.aw_pipe/m_payload_i_reg[7]/C
                               ps/system_i/xadc/inst/AXI_LITE_IPIF_I/I_SLAVE_ATTACHMENT/I_DECODER/GEN_BKEND_CE_REGISTERS[12].ce_out_i_reg[12]/D
                                                              0.331         
ps/system_i/xadc/inst/AXI_LITE_IPIF_I/I_SLAVE_ATTACHMENT/INCLUDE_DPHASE_TIMER.dpto_cnt_reg[6]/C
                               ps/system_i/axi_protocol_converter_0/inst/gen_axilite.gen_b2s_conv.axilite_b2s/WR.aw_channel_0/cmd_translator_0/incr_cmd_0/axaddr_incr_reg[8]/D
                                                              0.331         
ps/system_i/axi_protocol_converter_0/inst/gen_axilite.gen_b2s_conv.axilite_b2s/SI_REG/aw.aw_pipe/m_payload_i_reg[7]/C
                               ps/system_i/xadc/inst/AXI_LITE_IPIF_I/I_SLAVE_ATTACHMENT/I_DECODER/GEN_BKEND_CE_REGISTERS[23].ce_out_i_reg[23]/D
                                                              0.335         
ps/system_i/axi_protocol_converter_0/inst/gen_axilite.gen_b2s_conv.axilite_b2s/RD.ar_channel_0/ar_cmd_fsm_0/FSM_sequential_state_reg[1]/C
                               ps/system_i/axi_protocol_converter_0/inst/gen_axilite.gen_b2s_conv.axilite_b2s/SI_REG/ar.ar_pipe/skid_buffer_reg[55]/CE
                                                              0.337         
ps/system_i/axi_protocol_converter_0/inst/gen_axilite.gen_b2s_conv.axilite_b2s/RD.ar_channel_0/ar_cmd_fsm_0/FSM_sequential_state_reg[1]/C
                               ps/system_i/axi_protocol_converter_0/inst/gen_axilite.gen_b2s_conv.axilite_b2s/SI_REG/ar.ar_pipe/skid_buffer_reg[56]/CE
                                                              0.337         
ps/system_i/axi_protocol_converter_0/inst/gen_axilite.gen_b2s_conv.axilite_b2s/RD.ar_channel_0/ar_cmd_fsm_0/FSM_sequential_state_reg[1]/C
                               ps/system_i/axi_protocol_converter_0/inst/gen_axilite.gen_b2s_conv.axilite_b2s/SI_REG/ar.ar_pipe/skid_buffer_reg[59]/CE
                                                              0.337         
ps/system_i/axi_protocol_converter_0/inst/gen_axilite.gen_b2s_conv.axilite_b2s/RD.ar_channel_0/ar_cmd_fsm_0/FSM_sequential_state_reg[1]/C
                               ps/system_i/axi_protocol_converter_0/inst/gen_axilite.gen_b2s_conv.axilite_b2s/SI_REG/ar.ar_pipe/skid_buffer_reg[60]/CE
                                                              0.337         
ps/system_i/axi_protocol_converter_0/inst/gen_axilite.gen_b2s_conv.axilite_b2s/RD.ar_channel_0/ar_cmd_fsm_0/FSM_sequential_state_reg[1]/C
                               ps/system_i/axi_protocol_converter_0/inst/gen_axilite.gen_b2s_conv.axilite_b2s/SI_REG/ar.ar_pipe/skid_buffer_reg[61]/CE
                                                              0.337         
ps/system_i/axi_protocol_converter_0/inst/gen_axilite.gen_b2s_conv.axilite_b2s/WR.b_channel_0/bresp_fifo_0/cnt_read_reg[0]/C
                               ps/system_i/xadc/inst/AXI_LITE_IPIF_I/I_SLAVE_ATTACHMENT/INCLUDE_DPHASE_TIMER.dpto_cnt_reg[2]/CE
                                                              0.342         
ps/system_i/axi_protocol_converter_0/inst/gen_axilite.gen_b2s_conv.axilite_b2s/WR.b_channel_0/bresp_fifo_0/cnt_read_reg[0]/C
                               ps/system_i/xadc/inst/AXI_LITE_IPIF_I/I_SLAVE_ATTACHMENT/INCLUDE_DPHASE_TIMER.dpto_cnt_reg[3]/CE
                                                              0.342         
ps/system_i/axi_protocol_converter_0/inst/gen_axilite.gen_b2s_conv.axilite_b2s/WR.b_channel_0/bresp_fifo_0/cnt_read_reg[0]/C
                               ps/system_i/xadc/inst/AXI_LITE_IPIF_I/I_SLAVE_ATTACHMENT/INCLUDE_DPHASE_TIMER.dpto_cnt_reg[4]/CE
                                                              0.342         
ps/system_i/axi_protocol_converter_0/inst/gen_axilite.gen_b2s_conv.axilite_b2s/WR.b_channel_0/bresp_fifo_0/cnt_read_reg[0]/C
                               ps/system_i/xadc/inst/AXI_LITE_IPIF_I/I_SLAVE_ATTACHMENT/INCLUDE_DPHASE_TIMER.dpto_cnt_reg[5]/CE
                                                              0.342         
ps/system_i/axi_protocol_converter_0/inst/gen_axilite.gen_b2s_conv.axilite_b2s/SI_REG/aw.aw_pipe/m_payload_i_reg[7]/C
                               ps/system_i/xadc/inst/AXI_LITE_IPIF_I/I_SLAVE_ATTACHMENT/I_DECODER/GEN_BKEND_CE_REGISTERS[21].ce_out_i_reg[21]/D
                                                              0.351         
ps/system_i/axi_protocol_converter_0/inst/gen_axilite.gen_b2s_conv.axilite_b2s/SI_REG/aw.aw_pipe/m_payload_i_reg[7]/C
                               ps/system_i/xadc/inst/AXI_LITE_IPIF_I/I_SLAVE_ATTACHMENT/I_DECODER/GEN_BKEND_CE_REGISTERS[16].ce_out_i_reg[16]/D
                                                              0.354         
ps/system_i/xadc/inst/AXI_LITE_IPIF_I/I_SLAVE_ATTACHMENT/INCLUDE_DPHASE_TIMER.dpto_cnt_reg[6]/C
                               ps/system_i/axi_protocol_converter_0/inst/gen_axilite.gen_b2s_conv.axilite_b2s/WR.aw_channel_0/cmd_translator_0/incr_cmd_0/axaddr_incr_reg[9]/D
                                                              0.360         
ps/system_i/processing_system7/inst/PS7_i/SAXIHP3ACLK
                               ps/axi_master_3/wdata_in_reg_reg/D
                                                              0.362         
ps/system_i/axi_protocol_converter_0/inst/gen_axilite.gen_b2s_conv.axilite_b2s/WR.b_channel_0/bresp_fifo_0/cnt_read_reg[0]/C
                               ps/system_i/xadc/inst/AXI_LITE_IPIF_I/I_SLAVE_ATTACHMENT/INCLUDE_DPHASE_TIMER.dpto_cnt_reg[0]/CE
                                                              0.378         
ps/system_i/axi_protocol_converter_0/inst/gen_axilite.gen_b2s_conv.axilite_b2s/WR.b_channel_0/bresp_fifo_0/cnt_read_reg[0]/C
                               ps/system_i/xadc/inst/AXI_LITE_IPIF_I/I_SLAVE_ATTACHMENT/INCLUDE_DPHASE_TIMER.dpto_cnt_reg[1]/CE
                                                              0.378         
ps/system_i/axi_protocol_converter_0/inst/gen_axilite.gen_b2s_conv.axilite_b2s/WR.b_channel_0/bresp_fifo_0/cnt_read_reg[0]/C
                               ps/system_i/xadc/inst/AXI_LITE_IPIF_I/I_SLAVE_ATTACHMENT/INCLUDE_DPHASE_TIMER.dpto_cnt_reg[6]/CE
                                                              0.378         
ps/system_i/processing_system7/inst/PS7_i/SAXIHP3ACLK
                               ps/axi_master_3/axi_rfill_lvl_reg[0]/CE
                                                              0.423         
ps/system_i/processing_system7/inst/PS7_i/SAXIHP3ACLK
                               ps/axi_master_3/axi_rfill_lvl_reg[1]/CE
                                                              0.423         
ps/system_i/processing_system7/inst/PS7_i/SAXIHP3ACLK
                               ps/axi_master_3/axi_rfill_lvl_reg[2]/CE
                                                              0.423         
ps/system_i/processing_system7/inst/PS7_i/SAXIHP3ACLK
                               ps/axi_master_3/axi_rfill_lvl_reg[3]/CE
                                                              0.423         
dac_dat_a_reg[13]/C            oddr_dac_dat[13]/D2            0.442         
ps/system_i/xadc/inst/AXI_LITE_IPIF_I/I_SLAVE_ATTACHMENT/INCLUDE_DPHASE_TIMER.dpto_cnt_reg[6]/C
                               ps/system_i/axi_protocol_converter_0/inst/gen_axilite.gen_b2s_conv.axilite_b2s/WR.aw_channel_0/cmd_translator_0/incr_cmd_0/axaddr_incr_reg[6]/D
                                                              0.444         
ps/system_i/axi_protocol_converter_0/inst/gen_axilite.gen_b2s_conv.axilite_b2s/SI_REG/aw.aw_pipe/m_payload_i_reg[7]/C
                               ps/system_i/xadc/inst/AXI_LITE_IPIF_I/I_SLAVE_ATTACHMENT/I_DECODER/GEN_BKEND_CE_REGISTERS[7].ce_out_i_reg[7]/D
                                                              0.450         
ps/system_i/axi_protocol_converter_0/inst/gen_axilite.gen_b2s_conv.axilite_b2s/WR.aw_channel_0/cmd_translator_0/wrap_cmd_0/sel_first_reg/C
                               ps/system_i/xadc/inst/AXI_XADC_CORE_I/XADC_INST/DADDR[1]
                                                              0.456         
ps/system_i/axi_protocol_converter_0/inst/gen_axilite.gen_b2s_conv.axilite_b2s/SI_REG/aw.aw_pipe/m_payload_i_reg[7]/C
                               ps/system_i/xadc/inst/AXI_LITE_IPIF_I/I_SLAVE_ATTACHMENT/I_DECODER/GEN_BKEND_CE_REGISTERS[4].ce_out_i_reg[4]/D
                                                              0.460         
ps/system_i/axi_protocol_converter_0/inst/gen_axilite.gen_b2s_conv.axilite_b2s/SI_REG/ar.ar_pipe/m_payload_i_reg[3]/C
                               ps/system_i/axi_protocol_converter_0/inst/gen_axilite.gen_b2s_conv.axilite_b2s/RD.ar_channel_0/cmd_translator_0/wrap_cmd_0/wrap_cnt_r_reg[3]/D
                                                              0.468         
ps/system_i/axi_protocol_converter_0/inst/gen_axilite.gen_b2s_conv.axilite_b2s/SI_REG/aw.aw_pipe/m_payload_i_reg[39]/C
                               ps/system_i/axi_protocol_converter_0/inst/gen_axilite.gen_b2s_conv.axilite_b2s/SI_REG/aw.aw_pipe/m_payload_i_reg[47]/CE
                                                              0.491         
ps/system_i/axi_protocol_converter_0/inst/gen_axilite.gen_b2s_conv.axilite_b2s/SI_REG/aw.aw_pipe/m_payload_i_reg[39]/C
                               ps/system_i/axi_protocol_converter_0/inst/gen_axilite.gen_b2s_conv.axilite_b2s/SI_REG/aw.aw_pipe/m_payload_i_reg[50]/CE
                                                              0.491         
ps/system_i/axi_protocol_converter_0/inst/gen_axilite.gen_b2s_conv.axilite_b2s/SI_REG/aw.aw_pipe/m_payload_i_reg[39]/C
                               ps/system_i/axi_protocol_converter_0/inst/gen_axilite.gen_b2s_conv.axilite_b2s/SI_REG/aw.aw_pipe/m_payload_i_reg[55]/CE
                                                              0.491         
ps/system_i/axi_protocol_converter_0/inst/gen_axilite.gen_b2s_conv.axilite_b2s/SI_REG/aw.aw_pipe/m_payload_i_reg[39]/C
                               ps/system_i/axi_protocol_converter_0/inst/gen_axilite.gen_b2s_conv.axilite_b2s/SI_REG/aw.aw_pipe/m_payload_i_reg[56]/CE
                                                              0.491         
ps/system_i/axi_protocol_converter_0/inst/gen_axilite.gen_b2s_conv.axilite_b2s/SI_REG/aw.aw_pipe/m_payload_i_reg[39]/C
                               ps/system_i/axi_protocol_converter_0/inst/gen_axilite.gen_b2s_conv.axilite_b2s/SI_REG/aw.aw_pipe/m_payload_i_reg[57]/CE
                                                              0.491         
ps/system_i/axi_protocol_converter_0/inst/gen_axilite.gen_b2s_conv.axilite_b2s/SI_REG/aw.aw_pipe/m_payload_i_reg[39]/C
                               ps/system_i/axi_protocol_converter_0/inst/gen_axilite.gen_b2s_conv.axilite_b2s/SI_REG/aw.aw_pipe/m_payload_i_reg[58]/CE
                                                              0.491         
ps/system_i/axi_protocol_converter_0/inst/gen_axilite.gen_b2s_conv.axilite_b2s/SI_REG/aw.aw_pipe/m_payload_i_reg[39]/C
                               ps/system_i/axi_protocol_converter_0/inst/gen_axilite.gen_b2s_conv.axilite_b2s/SI_REG/aw.aw_pipe/m_payload_i_reg[59]/CE
                                                              0.491         
ps/system_i/axi_protocol_converter_0/inst/gen_axilite.gen_b2s_conv.axilite_b2s/SI_REG/aw.aw_pipe/m_payload_i_reg[39]/C
                               ps/system_i/axi_protocol_converter_0/inst/gen_axilite.gen_b2s_conv.axilite_b2s/SI_REG/aw.aw_pipe/m_payload_i_reg[60]/CE
                                                              0.491         
dac_dat_a_reg[2]/C             oddr_dac_dat[2]/D2             0.514         
dac_dat_a_reg[1]/C             oddr_dac_dat[1]/D2             0.574         
dac_rst_reg/C                  oddr_dac_dat[5]/R              0.585         
dac_rst_reg/C                  oddr_dac_dat[1]/R              0.587         
dac_dat_a_reg[0]/C             oddr_dac_dat[0]/D2             0.632         
dac_dat_a_reg[3]/C             oddr_dac_dat[3]/D2             0.632         
dac_rst_reg/C                  oddr_dac_dat[4]/R              0.648         
dac_rst_reg/C                  oddr_dac_dat[2]/R              0.680         
dac_rst_reg/C                  oddr_dac_dat[3]/R              0.682         
dac_rst_reg/C                  oddr_dac_dat[12]/R             0.689         
dac_rst_reg/C                  oddr_dac_dat[0]/R              0.709         
ps/system_i/processing_system7/inst/PS7_i/SAXIHP2ACLK
                               ps/axi_master_2/axi_rfill_lvl_reg[0]/CE
                                                              0.729         
dac_rst_reg/C                  oddr_dac_dat[6]/R              0.743         
dac_dat_a_reg[12]/C            oddr_dac_dat[12]/D2            0.754         
ps/system_i/processing_system7/inst/PS7_i/SAXIHP2ACLK
                               ps/axi_master_2/axi_rfill_lvl_reg[1]/CE
                                                              0.810         
ps/system_i/processing_system7/inst/PS7_i/SAXIHP2ACLK
                               ps/axi_master_2/axi_rfill_lvl_reg[2]/CE
                                                              0.810         
ps/system_i/processing_system7/inst/PS7_i/SAXIHP2ACLK
                               ps/axi_master_2/axi_rfill_lvl_reg[3]/CE
                                                              0.810         
dac_rst_reg/C                  oddr_dac_dat[11]/R             0.849         
dac_rst_reg/C                  oddr_dac_dat[13]/R             0.853         
dac_dat_a_reg[4]/C             oddr_dac_dat[4]/D2             0.857         
dac_rst_reg/C                  oddr_dac_dat[10]/R             0.861         
ps/system_i/processing_system7/inst/PS7_i/SAXIHP2ACLK
                               ps/axi_master_2/axi_awfill_lvl_reg[0]/CE
                                                              0.874         
ps/system_i/processing_system7/inst/PS7_i/SAXIHP2ACLK
                               ps/axi_master_2/axi_awfill_lvl_reg[1]/CE
                                                              0.874         
ps/system_i/processing_system7/inst/PS7_i/SAXIHP2ACLK
                               ps/axi_master_2/axi_awfill_lvl_reg[2]/CE
                                                              0.874         
ps/system_i/processing_system7/inst/PS7_i/SAXIHP2ACLK
                               ps/axi_master_2/axi_awfill_lvl_reg[3]/CE
                                                              0.874         
dac_rst_reg/C                  oddr_dac_dat[7]/R              0.884         
dac_dat_a_reg[5]/C             oddr_dac_dat[5]/D2             0.900         
dac_rst_reg/C                  oddr_dac_dat[9]/R              0.924         
ps/system_i/processing_system7/inst/PS7_i/SAXIHP3ACLK
                               ps/axi_master_3/axi_rfill_lvl_reg[1]/D
                                                              0.994         
ps/system_i/processing_system7/inst/PS7_i/SAXIHP3ACLK
                               ps/axi_master_3/axi_wfill_lvl_reg[2]/CE
                                                              1.013         
ps/system_i/processing_system7/inst/PS7_i/SAXIHP3ACLK
                               ps/axi_master_3/axi_wfill_lvl_reg[3]/CE
                                                              1.013         
ps/system_i/processing_system7/inst/PS7_i/SAXIHP3ACLK
                               ps/axi_master_3/axi_rfill_lvl_reg[3]/D
                                                              1.029         
ps/system_i/processing_system7/inst/PS7_i/SAXIHP3ACLK
                               ps/axi_master_3/axi_rfill_lvl_reg[2]/D
                                                              1.031         
ps/system_i/processing_system7/inst/PS7_i/SAXIHP3ACLK
                               ps/axi_master_3/axi_awfill_lvl_reg[0]/CE
                                                              1.060         
ps/system_i/processing_system7/inst/PS7_i/SAXIHP3ACLK
                               ps/axi_master_3/axi_awfill_lvl_reg[1]/CE
                                                              1.060         
ps/system_i/processing_system7/inst/PS7_i/SAXIHP3ACLK
                               ps/axi_master_3/axi_awfill_lvl_reg[2]/CE
                                                              1.060         
ps/system_i/processing_system7/inst/PS7_i/SAXIHP3ACLK
                               ps/axi_master_3/axi_awfill_lvl_reg[3]/CE
                                                              1.060         
dac_dat_a_reg[11]/C            oddr_dac_dat[11]/D2            1.065         
dac_rst_reg/C                  oddr_dac_dat[8]/R              1.071         
ps/system_i/processing_system7/inst/PS7_i/SAXIHP3ACLK
                               ps/axi_master_3/awdata_in_reg_reg/D
                                                              1.111         
i_mca/sys_rdata_reg[26]/C      ps/axi_slave_gp0/axi\\.RDATA_reg[26]/D
                                                              1.119         
dac_dat_a_reg[7]/C             oddr_dac_dat[7]/D2             1.128         
ps/system_i/processing_system7/inst/PS7_i/SAXIHP2ACLK
                               ps/axi_master_2/axi_awvalid_o_reg/D
                                                              1.132         
dac_axi_rstn_reg/C             ps/axi_master_2/axi_wvalid_o_reg/R
                                                              1.155         
dac_axi_rstn_reg/C             ps/axi_master_2/wdata_in_reg_reg/R
                                                              1.157         
ps/system_i/processing_system7/inst/PS7_i/SAXIHP2ACLK
                               ps/axi_master_2/axi_wfill_lvl_reg[0]/CE
                                                              1.157         
ps/system_i/processing_system7/inst/PS7_i/SAXIHP2ACLK
                               ps/axi_master_2/axi_wfill_lvl_reg[1]/CE
                                                              1.157         
ps/system_i/processing_system7/inst/PS7_i/SAXIHP2ACLK
                               ps/axi_master_2/axi_wfill_lvl_reg[2]/CE
                                                              1.157         
ps/system_i/processing_system7/inst/PS7_i/SAXIHP2ACLK
                               ps/axi_master_2/axi_wfill_lvl_reg[3]/CE
                                                              1.157         
ps/axi_master_2/axi_rfill_lvl_reg[0]/C
                               ps/axi_master_2/rdata_in_reg_reg/CE
                                                              1.172         
ps/system_i/processing_system7/inst/PS7_i/SAXIHP3ACLK
                               ps/axi_master_3/axi_wfill_lvl_reg[0]/CE
                                                              1.190         
ps/system_i/processing_system7/inst/PS7_i/SAXIHP3ACLK
                               ps/axi_master_3/axi_wfill_lvl_reg[1]/CE
                                                              1.190         
ps/system_i/processing_system7/inst/PS7_i/SAXIHP3ACLK
                               ps/axi_master_3/axi_wvalid_o_reg/D
                                                              1.211         
i_scope/i_osc_cfg/sys_rdata_reg[9]/C
                               ps/axi_slave_gp0/axi\\.RDATA_reg[9]/D
                                                              1.224         
dac_axi_rstn_reg/C             ps/axi_master_2/axi_wfill_lvl_reg[0]/R
                                                              1.250         
dac_axi_rstn_reg/C             ps/axi_master_2/axi_wfill_lvl_reg[1]/R
                                                              1.250         
dac_axi_rstn_reg/C             ps/axi_master_2/axi_wfill_lvl_reg[2]/R
                                                              1.250         
dac_axi_rstn_reg/C             ps/axi_master_2/axi_wfill_lvl_reg[3]/R
                                                              1.250         
dac_dat_a_reg[10]/C            oddr_dac_dat[10]/D2            1.268         
dac_dat_a_reg[6]/C             oddr_dac_dat[6]/D2             1.274         
ps/system_i/processing_system7/inst/PS7_i/SAXIHP2ACLK
                               ps/axi_master_2/wdata_in_reg_reg/D
                                                              1.291         
dac_axi_rstn_reg/C             ps/axi_master_2/axi_awvalid_o_reg/R
                                                              1.291         
dac_axi_rstn_reg/C             ps/axi_master_2/axi_rfill_lvl_reg[1]/R
                                                              1.299         
dac_axi_rstn_reg/C             ps/axi_master_2/axi_rfill_lvl_reg[2]/R
                                                              1.299         
dac_axi_rstn_reg/C             ps/axi_master_2/axi_rfill_lvl_reg[3]/R
                                                              1.299         
dac_axi_rstn_reg/C             ps/axi_master_2/axi_awfill_lvl_reg[0]/R
                                                              1.303         
dac_axi_rstn_reg/C             ps/axi_master_2/axi_awfill_lvl_reg[1]/R
                                                              1.303         
dac_axi_rstn_reg/C             ps/axi_master_2/axi_awfill_lvl_reg[2]/R
                                                              1.303         
dac_axi_rstn_reg/C             ps/axi_master_2/axi_awfill_lvl_reg[3]/R
                                                              1.303         
dac_dat_a_reg[9]/C             oddr_dac_dat[9]/D2             1.327         
ps/system_i/processing_system7/inst/PS7_i/SAXIHP2ACLK
                               ps/axi_master_2/awdata_in_reg_reg/D
                                                              1.354         
i_mca/sys_rdata_reg[31]/C      ps/axi_slave_gp0/axi\\.RDATA_reg[31]/D
                                                              1.359         
ps/system_i/processing_system7/inst/PS7_i/SAXIHP2ACLK
                               ps/axi_master_2/axi_rfill_lvl_reg[1]/D
                                                              1.368         
ps/system_i/processing_system7/inst/PS7_i/SAXIHP2ACLK
                               ps/axi_master_2/axi_wvalid_o_reg/D
                                                              1.372         
dac_axi_rstn_reg/C             ps/axi_master_2/axi_rready_o_reg/S
                                                              1.374         
i_scope/i_osc_cfg/sys_rdata_reg[6]/C
                               ps/axi_slave_gp0/axi\\.RDATA_reg[6]/D
                                                              1.384         
dac_axi_rstn_reg/C             ps/axi_master_2/awdata_in_reg_reg/R
                                                              1.386         
i_scope/i_osc_cfg/sys_rdata_reg[5]/C
                               ps/axi_slave_gp0/axi\\.RDATA_reg[5]/D
                                                              1.402         
i_scope/i_mtrg_cfg/sys_rdata_reg[29]/C
                               ps/axi_slave_gp0/axi\\.RDATA_reg[29]/D
                                                              1.403         
i_scope/i_osc_cfg/sys_rdata_reg[20]/C
                               ps/axi_slave_gp0/axi\\.RDATA_reg[20]/D
                                                              1.404         
i_mca/sys_rdata_reg[13]/C      ps/axi_slave_gp0/axi\\.RDATA_reg[13]/D
                                                              1.404         
ps/axi_master_3/axi_rfill_lvl_reg[0]/C
                               ps/axi_master_3/rdata_in_reg_reg/CE
                                                              1.408         
i_daisy/sys_rdata_o_reg[25]/C  ps/axi_slave_gp0/axi\\.RDATA_reg[25]/D
                                                              1.414         
i_scope/i_osc_cfg/sys_rdata_reg[23]/C
                               ps/axi_slave_gp0/axi\\.RDATA_reg[23]/D
                                                              1.416         
dac_rst_reg/C                  oddr_dac_sel/R                 1.418         
i_mca/sys_rdata_reg[17]/C      ps/axi_slave_gp0/axi\\.RDATA_reg[17]/D
                                                              1.427         
i_scope/i_osc_cfg/sys_rdata_reg[8]/C
                               ps/axi_slave_gp0/axi\\.RDATA_reg[8]/D
                                                              1.443         
dac_axi_rstn_reg/C             ps/axi_master_3/wdata_in_reg_reg/CE
                                                              1.447         
dac_dat_a_reg[8]/C             oddr_dac_dat[8]/D2             1.477         
i_scope/i_osc_cfg/sys_rdata_reg[24]/C
                               ps/axi_slave_gp0/axi\\.RDATA_reg[24]/D
                                                              1.482         
dac_axi_rstn_reg/C             ps/axi_master_2/awdata_in_reg_reg/CE
                                                              1.491         
i_scope/i_osc_cfg/sys_rdata_reg[4]/C
                               ps/axi_slave_gp0/axi\\.RDATA_reg[4]/D
                                                              1.495         
dac_axi_rstn_reg/C             ps/axi_master_2/axi_rfill_lvl_reg[0]/R
                                                              1.505         
i_mca/sys_rdata_reg[28]/C      ps/axi_slave_gp0/axi\\.RDATA_reg[28]/D
                                                              1.523         
i_scope/i_mtrg_cfg/sys_rdata_reg[16]/C
                               ps/axi_slave_gp0/axi\\.RDATA_reg[16]/D
                                                              1.531         
i_scope/i_osc_cfg/sys_rdata_reg[3]/C
                               ps/axi_slave_gp0/axi\\.RDATA_reg[3]/D
                                                              1.542         
i_mca/sys_rdata_reg[18]/C      ps/axi_slave_gp0/axi\\.RDATA_reg[18]/D
                                                              1.545         
dac_axi_rstn_reg/C             ps/axi_master_3/wdata_in_reg_reg/R
                                                              1.560         
i_mca/sys_rdata_reg[22]/C      ps/axi_slave_gp0/axi\\.RDATA_reg[22]/D
                                                              1.563         
ps/axi_master_3/axi_awvalid_o_reg/C
                               ps/system_i/processing_system7/inst/PS7_i/SAXIHP3AWVALID
                                                              1.582         
ps/system_i/processing_system7/inst/PS7_i/SAXIHP2ACLK
                               ps/axi_master_2/axi_rfill_lvl_reg[3]/D
                                                              1.591         
ps/system_i/processing_system7/inst/PS7_i/SAXIHP2ACLK
                               ps/axi_master_2/axi_rfill_lvl_reg[2]/D
                                                              1.593         
dac_axi_rstn_reg/C             ps/axi_master_3/awdata_in_reg_reg/CE
                                                              1.594         
i_scope/i_osc_cfg/sys_rdata_reg[14]/C
                               ps/axi_slave_gp0/axi\\.RDATA_reg[14]/D
                                                              1.605         
dac_axi_rstn_reg/C             ps/axi_master_3/axi_wfill_lvl_reg[2]/R
                                                              1.605         
dac_axi_rstn_reg/C             ps/axi_master_3/axi_wfill_lvl_reg[3]/R
                                                              1.605         
dac_axi_rstn_reg/C             ps/axi_master_3/axi_wfill_lvl_reg[0]/R
                                                              1.609         
dac_axi_rstn_reg/C             ps/axi_master_3/axi_wfill_lvl_reg[1]/R
                                                              1.609         
i_scope/i_osc_cfg/sys_rdata_reg[11]/C
                               ps/axi_slave_gp0/axi\\.RDATA_reg[11]/D
                                                              1.620         
i_mca/sys_rdata_reg[21]/C      ps/axi_slave_gp0/axi\\.RDATA_reg[21]/D
                                                              1.627         
dac_axi_rstn_reg/C             ps/axi_master_3/axi_awfill_lvl_reg[0]/R
                                                              1.630         
dac_axi_rstn_reg/C             ps/axi_master_3/axi_awfill_lvl_reg[1]/R
                                                              1.630         
dac_axi_rstn_reg/C             ps/axi_master_3/axi_awfill_lvl_reg[2]/R
                                                              1.630         
dac_axi_rstn_reg/C             ps/axi_master_3/axi_awfill_lvl_reg[3]/R
                                                              1.630         
i_scope/i_osc_cfg/sys_rdata_reg[0]/C
                               ps/axi_slave_gp0/axi\\.RDATA_reg[0]/D
                                                              1.640         
i_scope/i_osc_cfg/sys_rdata_reg[2]/C
                               ps/axi_slave_gp0/axi\\.RDATA_reg[2]/D
                                                              1.667         
i_scope/i_osc_cfg/sys_rdata_reg[1]/C
                               ps/axi_slave_gp0/axi\\.RDATA_reg[1]/D
                                                              1.668         
i_scope/i_osc_cfg/sys_rdata_reg[7]/C
                               ps/axi_slave_gp0/axi\\.RDATA_reg[7]/D
                                                              1.685         
i_daisy/sys_rdata_o_reg[27]/C  ps/axi_slave_gp0/axi\\.RDATA_reg[27]/D
                                                              1.687         
i_scope/i_osc_cfg/sys_rdata_reg[19]/C
                               ps/axi_slave_gp0/axi\\.RDATA_reg[19]/D
                                                              1.701         
i_scope/i_mtrg_cfg/sys_rdata_reg[30]/C
                               ps/axi_slave_gp0/axi\\.RDATA_reg[30]/D
                                                              1.702         
dac_axi_rstn_reg/C             ps/axi_master_3/axi_wvalid_o_reg/R
                                                              1.704         
dac_axi_rstn_reg/C             ps/axi_master_2/wdata_in_reg_reg/CE
                                                              1.711         
dac_axi_rstn_reg/C             ps/axi_master_3/awdata_in_reg_reg/R
                                                              1.725         
dac_axi_rstn_reg/C             ps/axi_master_2/rdata_in_reg_reg/D
                                                              1.754         
ps/axi_master_3/axi_rready_o_reg/C
                               ps/system_i/processing_system7/inst/PS7_i/SAXIHP3RREADY
                                                              1.755         
dac_rst_reg/C                  oddr_dac_rst/D2                1.777         
i_integration/sys_rdata_reg[12]/C
                               ps/axi_slave_gp0/axi\\.RDATA_reg[12]/D
                                                              1.819         
i_daisy/sys_rdata_o_reg[10]/C  ps/axi_slave_gp0/axi\\.RDATA_reg[10]/D
                                                              1.832         
dac_axi_rstn_reg/C             ps/axi_master_3/axi_rfill_lvl_reg[0]/R
                                                              1.878         
dac_axi_rstn_reg/C             ps/axi_master_3/axi_rfill_lvl_reg[1]/R
                                                              1.878         
dac_axi_rstn_reg/C             ps/axi_master_3/axi_rfill_lvl_reg[2]/R
                                                              1.878         
dac_axi_rstn_reg/C             ps/axi_master_3/axi_rfill_lvl_reg[3]/R
                                                              1.878         
ps/axi_master_2/axi_wvalid_o_reg/C
                               ps/system_i/processing_system7/inst/PS7_i/SAXIHP2WVALID
                                                              1.907         
i_mca/sys_rdata_reg[15]/C      ps/axi_slave_gp0/axi\\.RDATA_reg[15]/D
                                                              1.921         
dac_axi_rstn_reg/C             ps/axi_master_3/axi_awvalid_o_reg/R
                                                              1.922         
dac_axi_rstn_reg/C             ps/axi_master_3/axi_rready_o_reg/S
                                                              1.922         
ps/axi_master_2/axi_awvalid_o_reg/C
                               ps/system_i/processing_system7/inst/PS7_i/SAXIHP2AWVALID
                                                              2.015         
ps/axi_master_2/axi_rready_o_reg/C
                               ps/system_i/processing_system7/inst/PS7_i/SAXIHP2RREADY
                                                              2.022         
ps/axi_master_2/axi_wfill_lvl_reg[0]/C
                               ps/axi_master_2/axi_wfill_lvl_reg[2]/D
                                                              2.149         
ps/axi_master_2/axi_wfill_lvl_reg[0]/C
                               ps/axi_master_2/axi_wfill_lvl_reg[0]/D
                                                              2.152         
ps/axi_master_2/axi_wfill_lvl_reg[0]/C
                               ps/axi_master_2/axi_wfill_lvl_reg[3]/D
                                                              2.165         
ps/axi_master_2/axi_wfill_lvl_reg[0]/C
                               ps/axi_master_2/axi_wfill_lvl_reg[1]/D
                                                              2.172         
ps/axi_master_3/axi_awfill_lvl_reg[0]/C
                               ps/axi_master_3/axi_awfill_lvl_reg[0]/D
                                                              2.232         
ps/axi_master_3/axi_awfill_lvl_reg[0]/C
                               ps/axi_master_3/axi_awfill_lvl_reg[1]/D
                                                              2.247         
ps/axi_master_3/axi_wvalid_o_reg/C
                               ps/system_i/processing_system7/inst/PS7_i/SAXIHP3WVALID
                                                              2.280         
sys_bus_interconnect/for_bus[7].inst_sys_bus_cdc/ctrl_done_csff_reg[1]/C
                               ps/axi_slave_gp0/ack_cnt_reg[0]/D
                                                              2.337         
ps/system_i/processing_system7/inst/PS7_i/MAXIGP0ACLK
                               ps/system_i/processing_system7/inst/PS7_i/MAXIGP0WREADY
                                                              2.348         
ps/axi_master_3/axi_awfill_lvl_reg[0]/C
                               ps/axi_master_3/axi_awfill_lvl_reg[2]/D
                                                              2.349         
ps/axi_master_3/axi_rfill_lvl_reg[1]/C
                               ps/axi_master_3/axi_rready_o_reg/D
                                                              2.356         
ps/axi_master_3/axi_awfill_lvl_reg[0]/C
                               ps/axi_master_3/axi_awfill_lvl_reg[3]/D
                                                              2.360         
ps/axi_master_2/axi_awfill_lvl_reg[0]/C
                               ps/axi_master_2/axi_awfill_lvl_reg[0]/D
                                                              2.390         
sys_bus_interconnect/for_bus[7].inst_sys_bus_cdc/ctrl_done_csff_reg[1]/C
                               ps/axi_slave_gp0/rd_do_reg/D   2.399         
ps/axi_master_2/axi_awfill_lvl_reg[0]/C
                               ps/axi_master_2/axi_awfill_lvl_reg[2]/D
                                                              2.400         
ps/axi_master_2/axi_awfill_lvl_reg[0]/C
                               ps/axi_master_2/axi_awfill_lvl_reg[1]/D
                                                              2.410         
ps/axi_master_2/axi_awfill_lvl_reg[0]/C
                               ps/axi_master_2/axi_awfill_lvl_reg[3]/D
                                                              2.416         
ps/axi_master_3/axi_wfill_lvl_reg[0]/C
                               ps/axi_master_3/axi_wfill_lvl_reg[2]/D
                                                              2.431         
ps/axi_master_3/axi_wfill_lvl_reg[0]/C
                               ps/axi_master_3/axi_wfill_lvl_reg[3]/D
                                                              2.449         
ps/system_i/processing_system7/inst/PS7_i/MAXIGP0ACLK
                               ps/axi_slave_gp0/ack_cnt_reg[1]/R
                                                              2.523         
ps/system_i/processing_system7/inst/PS7_i/MAXIGP0ACLK
                               ps/axi_slave_gp0/ack_cnt_reg[2]/R
                                                              2.523         
ps/system_i/processing_system7/inst/PS7_i/MAXIGP0ACLK
                               ps/axi_slave_gp0/ack_cnt_reg[3]/R
                                                              2.523         
ps/system_i/processing_system7/inst/PS7_i/MAXIGP0ACLK
                               ps/axi_slave_gp0/ack_cnt_reg[4]/R
                                                              2.523         
ps/system_i/processing_system7/inst/PS7_i/MAXIGP0ACLK
                               ps/axi_slave_gp0/ack_cnt_reg[5]/R
                                                              2.523         
ps/system_i/processing_system7/inst/PS7_i/MAXIGP0ACLK
                               ps/axi_slave_gp0/bus\\.ren_reg/D
                                                              2.579         
ps/system_i/processing_system7/inst/PS7_i/MAXIGP0ACLK
                               ps/axi_slave_gp0/wr_error_reg/D
                                                              2.662         
i_daisy/i_rx/genblk1[0].par_dat_r_reg[4]/C
                               i_daisy/i_rx/genblk1[0].par_dv_reg/CE
                                                              2.925         
ps/system_i/processing_system7/inst/PS7_i/MAXIGP0ACLK
                               ps/axi_slave_gp0/axi\\.RLAST_reg/D
                                                              2.981         
ps/system_i/processing_system7/inst/PS7_i/MAXIGP0ACLK
                               ps/axi_slave_gp0/axi\\.RVALID_reg/D
                                                              3.041         
ps/system_i/processing_system7/inst/PS7_i/MAXIGP0ACLK
                               ps/axi_slave_gp0/bus\\.wen_reg/D
                                                              3.065         
sys_bus_interconnect/for_bus[7].inst_sys_bus_cdc/ctrl_done_csff_reg[1]/C
                               ps/axi_slave_gp0/wr_do_reg/D   3.240         
sys_bus_interconnect/for_bus[7].inst_sys_bus_cdc/ctrl_done_csff_reg[1]/C
                               ps/axi_slave_gp0/axi\\.BVALID_reg/D
                                                              3.272         
ps/axi_slave_gp0/wr_awaddr_reg[21]/C
                               sys_bus_interconnect/for_bus[1].inst_sys_bus_cdc/ctrl_we_reg/D
                                                              3.285         
ps/axi_slave_gp0/wr_awaddr_reg[21]/C
                               sys_bus_interconnect/for_bus[1].inst_sys_bus_cdc/ctrl_re_reg/D
                                                              3.317         
ps/axi_slave_gp0/wr_awaddr_reg[21]/C
                               sys_bus_interconnect/for_bus[1].inst_sys_bus_cdc/ctrl_do_reg/D
                                                              3.443         
ps/axi_slave_gp0/wr_awaddr_reg[21]/C
                               sys_bus_interconnect/for_bus[0].inst_sys_bus_cdc/ctrl_do_reg/D
                                                              3.478         
i_hk/digital_loop_reg[1]/C     dac_dat_a_reg[5]/S             3.479         
i_hk/digital_loop_reg[1]/C     dac_dat_a_reg[8]/S             3.479         
i_hk/digital_loop_reg[1]/C     dac_dat_b_reg[1]/S             3.479         
i_hk/digital_loop_reg[1]/C     dac_dat_b_reg[4]/S             3.479         
i_hk/i_freq_meter/ref_cnt_reg[11]/C
                               i_hk/i_freq_meter/ref_cnt_reg[16]/R
                                                              3.493         
i_hk/i_freq_meter/ref_cnt_reg[11]/C
                               i_hk/i_freq_meter/ref_cnt_reg[17]/R
                                                              3.493         
i_hk/i_freq_meter/ref_cnt_reg[11]/C
                               i_hk/i_freq_meter/ref_cnt_reg[18]/R
                                                              3.493         
i_hk/i_freq_meter/ref_cnt_reg[11]/C
                               i_hk/i_freq_meter/ref_cnt_reg[19]/R
                                                              3.493         
i_daisy/i_rx/par_rstn_o_reg/C  i_daisy/i_rx/genblk1[0].par_dat_r_reg[10]/R
                                                              3.498         
i_daisy/i_rx/par_rstn_o_reg/C  i_daisy/i_rx/genblk1[0].par_dat_r_reg[15]/R
                                                              3.498         
i_daisy/i_rx/par_rstn_o_reg/C  i_daisy/i_rx/genblk1[0].par_dat_r_reg[3]/R
                                                              3.498         
i_hk/i_freq_meter/ref_cnt_reg[11]/C
                               i_hk/i_freq_meter/ref_cnt_reg[4]/R
                                                              3.499         
i_hk/i_freq_meter/ref_cnt_reg[11]/C
                               i_hk/i_freq_meter/ref_cnt_reg[5]/R
                                                              3.499         
i_hk/i_freq_meter/ref_cnt_reg[11]/C
                               i_hk/i_freq_meter/ref_cnt_reg[6]/R
                                                              3.499         
i_hk/i_freq_meter/ref_cnt_reg[11]/C
                               i_hk/i_freq_meter/ref_cnt_reg[7]/R
                                                              3.499         
ps/axi_slave_gp0/wr_awaddr_reg[21]/C
                               sys_bus_interconnect/for_bus[3].inst_sys_bus_cdc/ctrl_do_reg/D
                                                              3.522         
ps/axi_slave_gp0/wr_awaddr_reg[21]/C
                               sys_bus_interconnect/for_bus[3].inst_sys_bus_cdc/ctrl_we_reg/D
                                                              3.527         
ps/axi_slave_gp0/wr_awaddr_reg[21]/C
                               sys_bus_interconnect/for_bus[5].inst_sys_bus_cdc/ctrl_re_reg/D
                                                              3.557         
i_hk/i_freq_meter/ref_cnt_reg[15]/C
                               i_hk/i_freq_meter/ref_cnt_reg[10]/R
                                                              3.598         
i_hk/i_freq_meter/ref_cnt_reg[15]/C
                               i_hk/i_freq_meter/ref_cnt_reg[11]/R
                                                              3.598         
i_hk/i_freq_meter/ref_cnt_reg[15]/C
                               i_hk/i_freq_meter/ref_cnt_reg[8]/R
                                                              3.598         
i_hk/i_freq_meter/ref_cnt_reg[15]/C
                               i_hk/i_freq_meter/ref_cnt_reg[9]/R
                                                              3.598         
ps/axi_slave_gp0/wr_awaddr_reg[21]/C
                               sys_bus_interconnect/for_bus[2].inst_sys_bus_cdc/ctrl_do_reg/D
                                                              3.601         
i_daisy/i_rx/genblk1[0].par_dat_r_reg[4]/C
                               i_daisy/i_rx/genblk1[0].par_ok_reg[0]/D
                                                              3.618         
ps/system_i/processing_system7/inst/PS7_i/MAXIGP0ACLK
                               ps/axi_slave_gp0/wr_awid_reg[4]/CE
                                                              3.623         
ps/system_i/processing_system7/inst/PS7_i/MAXIGP0ACLK
                               ps/axi_slave_gp0/wr_awid_reg[5]/CE
                                                              3.623         
ps/system_i/processing_system7/inst/PS7_i/MAXIGP0ACLK
                               ps/axi_slave_gp0/wr_awid_reg[6]/CE
                                                              3.623         
ps/system_i/processing_system7/inst/PS7_i/MAXIGP0ACLK
                               ps/axi_slave_gp0/wr_awid_reg[7]/CE
                                                              3.623         
i_hk/i_freq_meter/ref_cnt_reg[11]/C
                               i_hk/i_freq_meter/ref_cnt_reg[12]/R
                                                              3.631         
i_hk/i_freq_meter/ref_cnt_reg[11]/C
                               i_hk/i_freq_meter/ref_cnt_reg[13]/R
                                                              3.631         
i_hk/i_freq_meter/ref_cnt_reg[11]/C
                               i_hk/i_freq_meter/ref_cnt_reg[14]/R
                                                              3.631         
i_hk/i_freq_meter/ref_cnt_reg[11]/C
                               i_hk/i_freq_meter/ref_cnt_reg[15]/R
                                                              3.631         
i_hk/i_freq_meter/ref_cnt_reg[11]/C
                               i_hk/i_freq_meter/ref_cnt_reg[24]/R
                                                              3.654         
i_hk/i_freq_meter/ref_cnt_reg[11]/C
                               i_hk/i_freq_meter/ref_cnt_reg[25]/R
                                                              3.654         
i_hk/i_freq_meter/ref_cnt_reg[11]/C
                               i_hk/i_freq_meter/ref_cnt_reg[26]/R
                                                              3.654         
i_hk/i_freq_meter/ref_cnt_reg[11]/C
                               i_hk/i_freq_meter/ref_cnt_reg[27]/R
                                                              3.654         
ps/axi_slave_gp0/wr_awaddr_reg[21]/C
                               sys_bus_interconnect/for_bus[5].inst_sys_bus_cdc/ctrl_do_reg/D
                                                              3.686         
ps/axi_slave_gp0/wr_awaddr_reg[21]/C
                               sys_bus_interconnect/for_bus[2].inst_sys_bus_cdc/ctrl_we_reg/D
                                                              3.693         
ps/axi_slave_gp0/wr_awaddr_reg[22]/C
                               sys_bus_interconnect/for_bus[7].inst_sys_bus_cdc/ctrl_do_reg/D
                                                              3.695         
ps/axi_slave_gp0/wr_awaddr_reg[21]/C
                               sys_bus_interconnect/for_bus[3].inst_sys_bus_cdc/ctrl_re_reg/D
                                                              3.705         
i_hk/i_freq_meter/ref_cnt_reg[11]/C
                               i_hk/i_freq_meter/ref_cnt_reg[0]/S
                                                              3.742         
i_hk/i_freq_meter/ref_cnt_reg[11]/C
                               i_hk/i_freq_meter/ref_cnt_reg[1]/R
                                                              3.742         
i_hk/i_freq_meter/ref_cnt_reg[11]/C
                               i_hk/i_freq_meter/ref_cnt_reg[2]/R
                                                              3.742         
i_hk/i_freq_meter/ref_cnt_reg[11]/C
                               i_hk/i_freq_meter/ref_cnt_reg[3]/R
                                                              3.742         
ps/system_i/processing_system7/inst/PS7_i/MAXIGP0ACLK
                               ps/axi_slave_gp0/wr_awaddr_reg[13]/CE
                                                              3.747         
ps/system_i/processing_system7/inst/PS7_i/MAXIGP0ACLK
                               ps/axi_slave_gp0/wr_awaddr_reg[14]/CE
                                                              3.747         
ps/system_i/processing_system7/inst/PS7_i/MAXIGP0ACLK
                               ps/axi_slave_gp0/wr_awaddr_reg[19]/CE
                                                              3.747         
ps/system_i/processing_system7/inst/PS7_i/MAXIGP0ACLK
                               ps/axi_slave_gp0/wr_awid_reg[10]/CE
                                                              3.747         
ps/system_i/processing_system7/inst/PS7_i/MAXIGP0ACLK
                               ps/axi_slave_gp0/wr_awid_reg[11]/CE
                                                              3.747         
ps/system_i/processing_system7/inst/PS7_i/MAXIGP0ACLK
                               ps/axi_slave_gp0/wr_awid_reg[8]/CE
                                                              3.747         
ps/system_i/processing_system7/inst/PS7_i/MAXIGP0ACLK
                               ps/axi_slave_gp0/wr_awid_reg[9]/CE
                                                              3.747         
ps/axi_slave_gp0/wr_awaddr_reg[21]/C
                               sys_bus_interconnect/for_bus[4].inst_sys_bus_cdc/ctrl_do_reg/D
                                                              3.757         
i_hk/digital_loop_reg[1]/C     dac_dat_a_reg[10]/S            3.757         
i_hk/digital_loop_reg[1]/C     dac_dat_a_reg[4]/S             3.757         
i_hk/digital_loop_reg[1]/C     dac_dat_a_reg[9]/S             3.757         
i_hk/digital_loop_reg[1]/C     dac_dat_b_reg[2]/S             3.757         
ps/system_i/processing_system7/inst/PS7_i/MAXIGP0ACLK
                               ps/axi_slave_gp0/wr_awid_reg[0]/CE
                                                              3.765         
ps/system_i/processing_system7/inst/PS7_i/MAXIGP0ACLK
                               ps/axi_slave_gp0/wr_awid_reg[1]/CE
                                                              3.765         
ps/system_i/processing_system7/inst/PS7_i/MAXIGP0ACLK
                               ps/axi_slave_gp0/wr_awid_reg[2]/CE
                                                              3.765         
ps/system_i/processing_system7/inst/PS7_i/MAXIGP0ACLK
                               ps/axi_slave_gp0/wr_awid_reg[3]/CE
                                                              3.765         
ps/axi_slave_gp0/wr_awaddr_reg[21]/C
                               sys_bus_interconnect/for_bus[5].inst_sys_bus_cdc/ctrl_we_reg/D
                                                              3.792         
i_daisy/i_rx/par_rstn_o_reg/C  i_daisy/i_rx/genblk1[0].par_dat_r_reg[12]/R
                                                              3.795         
i_daisy/i_rx/par_rstn_o_reg/C  i_daisy/i_rx/genblk1[0].par_dat_r_reg[13]/R
                                                              3.795         
i_daisy/i_rx/par_rstn_o_reg/C  i_daisy/i_rx/genblk1[0].par_dat_r_reg[14]/R
                                                              3.795         
i_daisy/i_rx/par_rstn_o_reg/C  i_daisy/i_rx/genblk1[0].par_dat_r_reg[2]/R
                                                              3.795         
i_daisy/i_rx/par_rstn_o_reg/C  i_daisy/i_rx/genblk1[0].par_dat_r_reg[4]/R
                                                              3.795         
i_daisy/i_rx/par_rstn_o_reg/C  i_daisy/i_rx/genblk1[0].par_dat_r_reg[5]/R
                                                              3.795         
i_daisy/i_rx/par_rstn_o_reg/C  i_daisy/i_rx/genblk1[0].par_dat_r_reg[6]/R
                                                              3.795         
i_daisy/i_rx/par_rstn_o_reg/C  i_daisy/i_rx/genblk1[0].par_dat_r_reg[7]/R
                                                              3.795         
i_hk/digital_loop_reg[1]/C     dac_dat_a_reg[11]/S            3.811         
i_hk/digital_loop_reg[1]/C     dac_dat_a_reg[1]/S             3.811         
i_hk/digital_loop_reg[1]/C     dac_dat_a_reg[3]/S             3.811         
i_daisy/genblk3[0].i_test/rx_dat_inc_reg/C
                               i_daisy/genblk3[0].i_test/rx_dat_cnt_reg[10]/R
                                                              3.849         
i_daisy/genblk3[0].i_test/rx_dat_inc_reg/C
                               i_daisy/genblk3[0].i_test/rx_dat_cnt_reg[11]/R
                                                              3.849         
i_daisy/genblk3[0].i_test/rx_dat_inc_reg/C
                               i_daisy/genblk3[0].i_test/rx_dat_cnt_reg[8]/R
                                                              3.849         
i_daisy/genblk3[0].i_test/rx_dat_inc_reg/C
                               i_daisy/genblk3[0].i_test/rx_dat_cnt_reg[9]/R
                                                              3.849         
i_daisy/i_rx/par_rstn_o_reg/C  i_daisy/i_rx/genblk1[0].par_dat_r_reg[0]/R
                                                              3.891         
i_daisy/i_rx/par_rstn_o_reg/C  i_daisy/i_rx/genblk1[0].par_dat_r_reg[8]/R
                                                              3.891         
i_daisy/i_rx/par_rstn_o_reg/C  i_daisy/i_rx/genblk1[0].par_dat_r_reg[9]/R
                                                              3.891         
i_hk/digital_loop_reg[1]/C     dac_dat_a_reg[6]/S             3.906         
i_hk/digital_loop_reg[1]/C     dac_dat_b_reg[11]/S            3.906         
i_hk/digital_loop_reg[1]/C     dac_dat_b_reg[12]/S            3.906         
i_hk/digital_loop_reg[1]/C     dac_dat_b_reg[8]/S             3.906         
i_hk/digital_loop_reg[1]/C     dac_dat_a_reg[0]/S             3.966         
i_hk/digital_loop_reg[1]/C     dac_dat_a_reg[12]/S            3.966         
i_hk/digital_loop_reg[1]/C     dac_dat_a_reg[13]/R            3.966         
i_hk/digital_loop_reg[1]/C     dac_dat_a_reg[2]/S             3.966         
rst_cnt_reg[2]/C               dac_rst_reg/D                  3.973         
i_hk/digital_loop_reg[1]/C     dac_dat_b_reg[0]/S             4.061         
i_hk/digital_loop_reg[1]/C     dac_dat_b_reg[10]/S            4.061         
i_hk/digital_loop_reg[1]/C     dac_dat_b_reg[5]/S             4.061         
i_hk/digital_loop_reg[1]/C     dac_dat_b_reg[7]/S             4.061         
i_daisy/i_rx/par_rstn_o_reg/C  i_daisy/i_rx/genblk1[0].par_dat_r_reg[11]/R
                                                              4.086         
i_daisy/i_rx/par_rstn_o_reg/C  i_daisy/i_rx/genblk1[0].par_dat_r_reg[1]/R
                                                              4.086         
i_hk/digital_loop_reg[1]/C     dac_dat_b_reg[13]/R            4.122         
i_daisy/genblk3[0].i_test/rx_dat_inc_reg/C
                               i_daisy/genblk3[0].i_test/rx_dat_cnt_reg[4]/R
                                                              4.156         
i_daisy/genblk3[0].i_test/rx_dat_inc_reg/C
                               i_daisy/genblk3[0].i_test/rx_dat_cnt_reg[5]/R
                                                              4.156         
i_daisy/genblk3[0].i_test/rx_dat_inc_reg/C
                               i_daisy/genblk3[0].i_test/rx_dat_cnt_reg[6]/R
                                                              4.156         
i_daisy/genblk3[0].i_test/rx_dat_inc_reg/C
                               i_daisy/genblk3[0].i_test/rx_dat_cnt_reg[7]/R
                                                              4.156         
i_daisy/i_rx/par_rstn_o_reg/C  i_daisy/i_rx/genblk1[0].par_dv_reg/R
                                                              4.192         
i_daisy/genblk3[0].i_test/rx_dat_inc_reg/C
                               i_daisy/genblk3[0].i_test/rx_dat_cnt_reg[20]/R
                                                              4.199         
i_daisy/genblk3[0].i_test/rx_dat_inc_reg/C
                               i_daisy/genblk3[0].i_test/rx_dat_cnt_reg[21]/R
                                                              4.199         
i_daisy/genblk3[0].i_test/rx_dat_inc_reg/C
                               i_daisy/genblk3[0].i_test/rx_dat_cnt_reg[22]/R
                                                              4.199         
i_daisy/genblk3[0].i_test/rx_dat_inc_reg/C
                               i_daisy/genblk3[0].i_test/rx_dat_cnt_reg[23]/R
                                                              4.199         
i_hk/digital_loop_reg[1]/C     dac_dat_a_reg[7]/S             4.217         
i_hk/digital_loop_reg[1]/C     dac_dat_b_reg[3]/S             4.217         
i_hk/digital_loop_reg[1]/C     dac_dat_b_reg[6]/S             4.217         
i_hk/digital_loop_reg[1]/C     dac_dat_b_reg[9]/S             4.217         
i_daisy/genblk3[0].i_test/rx_err_inc_reg/C
                               i_daisy/genblk3[0].i_test/rx_err_cnt_reg[0]/R
                                                              4.236         
i_daisy/genblk3[0].i_test/rx_err_inc_reg/C
                               i_daisy/genblk3[0].i_test/rx_err_cnt_reg[1]/R
                                                              4.236         
i_daisy/genblk3[0].i_test/rx_err_inc_reg/C
                               i_daisy/genblk3[0].i_test/rx_err_cnt_reg[2]/R
                                                              4.236         
i_daisy/genblk3[0].i_test/rx_err_inc_reg/C
                               i_daisy/genblk3[0].i_test/rx_err_cnt_reg[3]/R
                                                              4.236         
i_daisy/genblk3[0].i_test/rx_err_inc_reg/C
                               i_daisy/genblk3[0].i_test/rx_err_cnt_reg[4]/R
                                                              4.286         
i_daisy/genblk3[0].i_test/rx_err_inc_reg/C
                               i_daisy/genblk3[0].i_test/rx_err_cnt_reg[5]/R
                                                              4.286         
i_daisy/genblk3[0].i_test/rx_err_inc_reg/C
                               i_daisy/genblk3[0].i_test/rx_err_cnt_reg[6]/R
                                                              4.286         
i_daisy/genblk3[0].i_test/rx_err_inc_reg/C
                               i_daisy/genblk3[0].i_test/rx_err_cnt_reg[7]/R
                                                              4.286         
i_daisy/genblk3[0].i_test/rx_dat_inc_reg/C
                               i_daisy/genblk3[0].i_test/rx_dat_cnt_reg[0]/R
                                                              4.292         
i_daisy/genblk3[0].i_test/rx_dat_inc_reg/C
                               i_daisy/genblk3[0].i_test/rx_dat_cnt_reg[1]/R
                                                              4.292         
i_daisy/genblk3[0].i_test/rx_dat_inc_reg/C
                               i_daisy/genblk3[0].i_test/rx_dat_cnt_reg[2]/R
                                                              4.292         
i_daisy/genblk3[0].i_test/rx_dat_inc_reg/C
                               i_daisy/genblk3[0].i_test/rx_dat_cnt_reg[3]/R
                                                              4.292         
i_daisy/genblk3[0].i_test/rx_dat_inc_reg/C
                               i_daisy/genblk3[0].i_test/rx_dat_cnt_reg[12]/R
                                                              4.298         
i_daisy/genblk3[0].i_test/rx_dat_inc_reg/C
                               i_daisy/genblk3[0].i_test/rx_dat_cnt_reg[13]/R
                                                              4.298         
i_daisy/genblk3[0].i_test/rx_dat_inc_reg/C
                               i_daisy/genblk3[0].i_test/rx_dat_cnt_reg[14]/R
                                                              4.298         
i_daisy/genblk3[0].i_test/rx_dat_inc_reg/C
                               i_daisy/genblk3[0].i_test/rx_dat_cnt_reg[15]/R
                                                              4.298         
dac_dat_b_reg[12]/C            oddr_dac_dat[12]/D1            4.301         
i_daisy/genblk4[0].rxp_datr_reg[3]/C
                               i_daisy/genblk4[0].rxp_dv_n_reg/D
                                                              4.314         
i_daisy/genblk3[0].i_test/rx_dat_inc_reg/C
                               i_daisy/genblk3[0].i_test/rx_dat_cnt_reg[16]/R
                                                              4.337         
i_daisy/genblk3[0].i_test/rx_dat_inc_reg/C
                               i_daisy/genblk3[0].i_test/rx_dat_cnt_reg[17]/R
                                                              4.337         
i_daisy/genblk3[0].i_test/rx_dat_inc_reg/C
                               i_daisy/genblk3[0].i_test/rx_dat_cnt_reg[18]/R
                                                              4.337         
i_daisy/genblk3[0].i_test/rx_dat_inc_reg/C
                               i_daisy/genblk3[0].i_test/rx_dat_cnt_reg[19]/R
                                                              4.337         
i_daisy/genblk3[0].i_test/rx_dat_reg[4]/C
                               i_daisy/genblk3[0].i_test/rx_dat_inc_reg/D
                                                              4.345         
i_daisy/i_rx/genblk1[0].par_dat_r_reg[4]/C
                               i_daisy/i_rx/genblk1[0].bitslip_l_reg/D
                                                              4.375         
dac_dat_b_reg[13]/C            oddr_dac_dat[13]/D1            4.453         
i_daisy/genblk3[0].i_test/rx_err_inc_reg/C
                               i_daisy/genblk3[0].i_test/rx_err_cnt_reg[28]/R
                                                              4.463         
i_daisy/genblk3[0].i_test/rx_err_inc_reg/C
                               i_daisy/genblk3[0].i_test/rx_err_cnt_reg[29]/R
                                                              4.463         
i_daisy/genblk3[0].i_test/rx_err_inc_reg/C
                               i_daisy/genblk3[0].i_test/rx_err_cnt_reg[30]/R
                                                              4.463         
i_daisy/genblk3[0].i_test/rx_err_inc_reg/C
                               i_daisy/genblk3[0].i_test/rx_err_cnt_reg[31]/R
                                                              4.463         
i_daisy/i_rx/par_rstn_o_reg/C  i_daisy/i_rx/genblk1[0].nibslip_cnt_reg[1]/CE
                                                              4.507         
i_daisy/genblk3[0].i_test/rx_dat_inc_reg/C
                               i_daisy/genblk3[0].i_test/rx_dat_cnt_reg[24]/R
                                                              4.510         
i_daisy/genblk3[0].i_test/rx_dat_inc_reg/C
                               i_daisy/genblk3[0].i_test/rx_dat_cnt_reg[25]/R
                                                              4.510         
i_daisy/genblk3[0].i_test/rx_dat_inc_reg/C
                               i_daisy/genblk3[0].i_test/rx_dat_cnt_reg[26]/R
                                                              4.510         
i_daisy/genblk3[0].i_test/rx_dat_inc_reg/C
                               i_daisy/genblk3[0].i_test/rx_dat_cnt_reg[27]/R
                                                              4.510         
i_daisy/genblk3[0].i_test/rx_dat_inc_reg/C
                               i_daisy/genblk3[0].i_test/rx_dat_cnt_reg[28]/R
                                                              4.539         
i_daisy/genblk3[0].i_test/rx_dat_inc_reg/C
                               i_daisy/genblk3[0].i_test/rx_dat_cnt_reg[29]/R
                                                              4.539         
i_daisy/genblk3[0].i_test/rx_dat_inc_reg/C
                               i_daisy/genblk3[0].i_test/rx_dat_cnt_reg[30]/R
                                                              4.539         
i_daisy/genblk3[0].i_test/rx_dat_inc_reg/C
                               i_daisy/genblk3[0].i_test/rx_dat_cnt_reg[31]/R
                                                              4.539         
i_daisy/i_rx/par_rstn_o_reg/C  i_daisy/genblk3[0].i_test/rx_dat_inc_reg/R
                                                              4.550         
i_daisy/i_rx/par_rstn_o_reg/C  i_daisy/genblk3[0].i_test/rx_dat_reg[12]/R
                                                              4.550         
i_daisy/i_rx/par_rstn_o_reg/C  i_daisy/genblk3[0].i_test/rx_dat_reg[14]/R
                                                              4.550         
i_daisy/i_rx/par_rstn_o_reg/C  i_daisy/genblk3[0].i_test/rx_err_inc_reg/R
                                                              4.550         
i_daisy/i_rx/par_rstn_o_reg/C  i_daisy/i_rx/genblk1[0].par_cnt_reg[0]/R
                                                              4.556         
i_daisy/i_rx/par_rstn_o_reg/C  i_daisy/i_rx/genblk1[0].par_cnt_reg[1]/R
                                                              4.556         
i_daisy/genblk3[0].i_test/rx_err_inc_reg/C
                               i_daisy/genblk3[0].i_test/rx_err_cnt_reg[10]/R
                                                              4.576         
i_daisy/genblk3[0].i_test/rx_err_inc_reg/C
                               i_daisy/genblk3[0].i_test/rx_err_cnt_reg[11]/R
                                                              4.576         
i_daisy/genblk3[0].i_test/rx_err_inc_reg/C
                               i_daisy/genblk3[0].i_test/rx_err_cnt_reg[8]/R
                                                              4.576         
i_daisy/genblk3[0].i_test/rx_err_inc_reg/C
                               i_daisy/genblk3[0].i_test/rx_err_cnt_reg[9]/R
                                                              4.576         
i_daisy/genblk3[0].i_test/rx_err_inc_reg/C
                               i_daisy/genblk3[0].i_test/rx_err_cnt_reg[24]/R
                                                              4.600         
i_daisy/genblk3[0].i_test/rx_err_inc_reg/C
                               i_daisy/genblk3[0].i_test/rx_err_cnt_reg[25]/R
                                                              4.600         
i_daisy/genblk3[0].i_test/rx_err_inc_reg/C
                               i_daisy/genblk3[0].i_test/rx_err_cnt_reg[26]/R
                                                              4.600         
i_daisy/genblk3[0].i_test/rx_err_inc_reg/C
                               i_daisy/genblk3[0].i_test/rx_err_cnt_reg[27]/R
                                                              4.600         
i_daisy/i_rx/par_rstn_o_reg/C  i_daisy/i_rx/genblk1[0].nibslip_cnt_reg[0]/CE
                                                              4.639         
i_daisy/i_rx/par_rstn_o_reg/C  i_daisy/i_rx/genblk1[0].par_cnt_reg[0]/CE
                                                              4.648         
i_daisy/i_rx/par_rstn_o_reg/C  i_daisy/i_rx/genblk1[0].par_cnt_reg[1]/CE
                                                              4.648         
i_daisy/i_rx/par_rstn_o_reg/C  i_daisy/i_rx/genblk1[0].par_ok_reg[0]/R
                                                              4.651         
i_daisy/i_rx/par_rstn_o_reg/C  i_daisy/i_rx/genblk1[0].par_train_r_reg[0]/R
                                                              4.651         
i_daisy/i_rx/par_rstn_o_reg/C  i_daisy/i_rx/genblk1[0].par_train_r_reg[1]/R
                                                              4.651         
i_daisy/i_rx/par_rstn_o_reg/C  i_daisy/i_rx/genblk1[0].par_train_reg/R
                                                              4.651         
i_daisy/i_rx/par_rstn_o_reg/C  i_daisy/i_rx/genblk1[0].par_val_reg/R
                                                              4.651         
i_daisy/i_rx/par_rstn_o_reg/C  i_daisy/i_rx/genblk1[0].bitslip_l_reg/R
                                                              4.653         
dac_dat_b_reg[0]/C             oddr_dac_dat[0]/D1             4.669         
dac_dat_b_reg[1]/C             oddr_dac_dat[1]/D1             4.677         
dac_dat_b_reg[2]/C             oddr_dac_dat[2]/D1             4.687         
i_daisy/i_rx/par_rstn_o_reg/C  i_daisy/genblk3[0].i_test/rx_dat_reg[10]/R
                                                              4.689         
i_daisy/i_rx/par_rstn_o_reg/C  i_daisy/genblk3[0].i_test/rx_dat_reg[11]/R
                                                              4.689         
i_daisy/i_rx/par_rstn_o_reg/C  i_daisy/genblk3[0].i_test/rx_dat_reg[13]/R
                                                              4.689         
i_daisy/i_rx/par_rstn_o_reg/C  i_daisy/genblk3[0].i_test/rx_dat_reg[15]/R
                                                              4.689         
i_daisy/i_rx/par_rstn_o_reg/C  i_daisy/genblk3[0].i_test/rx_dat_reg[4]/R
                                                              4.689         
i_daisy/i_rx/par_rstn_o_reg/C  i_daisy/genblk3[0].i_test/rx_dat_reg[6]/R
                                                              4.689         
i_daisy/i_rx/par_rstn_o_reg/C  i_daisy/genblk3[0].i_test/rx_dat_reg[9]/R
                                                              4.689         
i_daisy/i_rx/par_rstn_o_reg/C  i_daisy/genblk3[0].i_test/rx_dv_reg/R
                                                              4.689         
i_daisy/genblk3[0].i_test/rx_dat_reg[3]/C
                               i_daisy/genblk3[0].i_test/rx_err_inc_reg/D
                                                              4.693         
dac_dat_b_reg[3]/C             oddr_dac_dat[3]/D1             4.708         
i_daisy/i_rx/par_rstn_o_reg/C  i_daisy/i_rx/genblk1[0].nibslip_cnt_reg[2]/CE
                                                              4.724         
dac_dat_b_reg[4]/C             oddr_dac_dat[4]/D1             4.732         
dac_dat_b_reg[5]/C             oddr_dac_dat[5]/D1             4.831         
dac_dat_b_reg[7]/C             oddr_dac_dat[7]/D1             5.114         
dac_dat_b_reg[10]/C            oddr_dac_dat[10]/D1            5.126         
dac_dat_b_reg[11]/C            oddr_dac_dat[11]/D1            5.128         
dac_dat_b_reg[9]/C             oddr_dac_dat[9]/D1             5.168         
dac_dat_b_reg[6]/C             oddr_dac_dat[6]/D1             5.265         
dac_dat_b_reg[8]/C             oddr_dac_dat[8]/D1             5.270         
dac_rst_reg/C                  oddr_dac_rst/D1                5.588         



