Copyright 1986-2020 Xilinx, Inc. All Rights Reserved.
------------------------------------------------------------------------------------
| Tool Version : Vivado v.2020.1 (lin64) Build 2902540 Wed May 27 19:54:35 MDT 2020
| Date         : Fri Sep  4 18:32:21 2026
| Host         : LoloVictus running 64-bit Ubuntu 20.04.3 LTS
| Command      : report_timing_summary -file out/post_route_timing_summary.rpt
| Design       : mca_red_pitaya_top
| Device       : 7z010-clg400
| Speed File   : -1  PRODUCTION 1.12 2019-11-22
------------------------------------------------------------------------------------

Timing Summary Report

------------------------------------------------------------------------------------------------
| Timer Settings
| --------------
------------------------------------------------------------------------------------------------

  Enable Multi Corner Analysis               :  Yes
  Enable Pessimism Removal                   :  Yes
  Pessimism Removal Resolution               :  Nearest Common Node
  Enable Input Delay Default Clock           :  No
  Enable Preset / Clear Arcs                 :  No
  Disable Flight Delays                      :  No
  Ignore I/O Paths                           :  No
  Timing Early Launch at Borrowing Latches   :  No
  Borrow Time for Max Delay Exceptions       :  Yes
  Merge Timing Exceptions                    :  Yes

  Corner  Analyze    Analyze    
  Name    Max Paths  Min Paths  
  ------  ---------  ---------  
  Slow    Yes        Yes        
  Fast    Yes        Yes        



check_timing report

Table of Contents
-----------------
1. checking no_clock (52)
2. checking constant_clock (0)
3. checking pulse_width_clock (0)
4. checking unconstrained_internal_endpoints (19)
5. checking no_input_delay (17)
6. checking no_output_delay (50)
7. checking multiple_clock (0)
8. checking generated_clocks (0)
9. checking loops (0)
10. checking partial_input_delay (0)
11. checking partial_output_delay (0)
12. checking latch_loops (0)

1. checking no_clock (52)
-------------------------
 There are 17 register/latch pins with no clock driven by root clock pin: i_daisy/genblk4[0].tx_cfg_sel_reg[1]/Q (HIGH)

 There are 17 register/latch pins with no clock driven by root clock pin: i_daisy/genblk4[0].tx_cfg_sel_reg[2]/Q (HIGH)

 There are 17 register/latch pins with no clock driven by root clock pin: i_hk/daisy_mode_o_reg[0]/Q (HIGH)

 There is 1 register/latch pin with no clock driven by root clock pin: i_hk/dna_clk_reg/Q (HIGH)


2. checking constant_clock (0)
------------------------------
 There are 0 register/latch pins with constant_clock.


3. checking pulse_width_clock (0)
---------------------------------
 There are 0 register/latch pins which need pulse_width check


4. checking unconstrained_internal_endpoints (19)
-------------------------------------------------
 There are 19 pins that are not constrained for maximum delay. (HIGH)

 There are 0 pins that are not constrained for maximum delay due to constant clock.


5. checking no_input_delay (17)
-------------------------------
 There are 17 input ports with no input delay specified. (HIGH)

 There are 0 input ports with no input delay but user has a false path constraint.


6. checking no_output_delay (50)
--------------------------------
 There are 49 ports with no output delay specified. (HIGH)

 There are 0 ports with no output delay but user has a false path constraint

 There is 1 port with no output delay but with a timing clock defined on it or propagating through it (LOW)


7. checking multiple_clock (0)
------------------------------
 There are 0 register/latch pins with multiple clocks.


8. checking generated_clocks (0)
--------------------------------
 There are 0 generated clocks that are not connected to a clock source.


9. checking loops (0)
---------------------
 There are 0 combinational loops in the design.


10. checking partial_input_delay (0)
------------------------------------
 There are 0 input ports with partial input delay specified.


11. checking partial_output_delay (0)
-------------------------------------
 There are 0 ports with partial output delay specified.


12. checking latch_loops (0)
----------------------------
 There are 0 combinational latch loops in the design through latch input



------------------------------------------------------------------------------------------------
| Design Timing Summary
| ---------------------
------------------------------------------------------------------------------------------------

    WNS(ns)      TNS(ns)  TNS Failing Endpoints  TNS Total Endpoints      WHS(ns)      THS(ns)  THS Failing Endpoints  THS Total Endpoints     WPWS(ns)     TPWS(ns)  TPWS Failing Endpoints  TPWS Total Endpoints  
    -------      -------  ---------------------  -------------------      -------      -------  ---------------------  -------------------     --------     --------  ----------------------  --------------------  
      0.006        0.000                      0                25906        0.034        0.000                      0                25733        1.000        0.000                       0                  9593  


All user specified timing constraints are met.


------------------------------------------------------------------------------------------------
| Clock Summary
| -------------
------------------------------------------------------------------------------------------------

Clock             Waveform(ns)         Period(ns)      Frequency(MHz)
-----             ------------         ----------      --------------
adc_clk           {0.000 4.000}        8.000           125.000         
  clk_fb          {0.000 4.000}        8.000           125.000         
  pll_adc_clk     {0.000 4.000}        8.000           125.000         
  pll_dac_clk_1x  {0.000 4.000}        8.000           125.000         
  pll_dac_clk_2p  {-0.500 1.500}       4.000           250.000         
  pll_dac_clk_2x  {0.000 2.000}        4.000           250.000         
  pll_ser_clk     {0.000 2.000}        4.000           250.000         
clk_fpga_0        {0.000 4.000}        8.000           125.000         
clk_fpga_1        {0.000 2.000}        4.000           250.000         
clk_fpga_2        {0.000 10.000}       20.000          50.000          
clk_fpga_3        {0.000 2.500}        5.000           200.000         
dac_clk_o         {0.000 4.000}        8.000           125.000         
rx_clk            {0.000 2.000}        4.000           250.000         
  par_clk         {0.000 4.000}        8.000           125.000         


------------------------------------------------------------------------------------------------
| Intra Clock Table
| -----------------
------------------------------------------------------------------------------------------------

Clock                 WNS(ns)      TNS(ns)  TNS Failing Endpoints  TNS Total Endpoints      WHS(ns)      THS(ns)  THS Failing Endpoints  THS Total Endpoints     WPWS(ns)     TPWS(ns)  TPWS Failing Endpoints  TPWS Total Endpoints  
-----                 -------      -------  ---------------------  -------------------      -------      -------  ---------------------  -------------------     --------     --------  ----------------------  --------------------  
adc_clk                                                                                                                                                             2.000        0.000                       0                     1  
  clk_fb                                                                                                                                                            6.751        0.000                       0                     2  
  pll_adc_clk           0.006        0.000                      0                22514        0.034        0.000                      0                22514        2.750        0.000                       0                  7984  
  pll_dac_clk_1x        0.442        0.000                      0                   45        0.160        0.000                      0                   45        3.500        0.000                       0                    47  
  pll_dac_clk_2p                                                                                                                                                    1.845        0.000                       0                     3  
  pll_dac_clk_2x        0.315        0.000                      0                  106        0.180        0.000                      0                  106        1.500        0.000                       0                    41  
  pll_ser_clk                                                                                                                                                       1.845        0.000                       0                     4  
clk_fpga_0              2.078        0.000                      0                  434        0.131        0.000                      0                  434        3.500        0.000                       0                   236  
clk_fpga_3              0.007        0.000                      0                 2127        0.090        0.000                      0                 2127        1.000        0.000                       0                   987  
rx_clk                                                                                                                                                              2.333        0.000                       0                     4  
  par_clk               2.925        0.000                      0                  478        0.069        0.000                      0                  478        3.020        0.000                       0                   284  


------------------------------------------------------------------------------------------------
| Inter Clock Table
| -----------------
------------------------------------------------------------------------------------------------

From Clock      To Clock            WNS(ns)      TNS(ns)  TNS Failing Endpoints  TNS Total Endpoints      WHS(ns)      THS(ns)  THS Failing Endpoints  THS Total Endpoints  
----------      --------            -------      -------  ---------------------  -------------------      -------      -------  ---------------------  -------------------  
clk_fpga_0      pll_adc_clk           2.505        0.000                      0                  165                                                                        
pll_adc_clk     pll_dac_clk_1x        3.479        0.000                      0                   29        0.247        0.000                      0                   29  
pll_adc_clk     clk_fpga_0            1.119        0.000                      0                   40        0.947        0.000                      0                   32  


------------------------------------------------------------------------------------------------
| Other Path Groups Table
| -----------------------
------------------------------------------------------------------------------------------------

Path Group    From Clock    To Clock          WNS(ns)      TNS(ns)  TNS Failing Endpoints  TNS Total Endpoints      WHS(ns)      THS(ns)  THS Failing Endpoints  THS Total Endpoints  
----------    ----------    --------          -------      -------  ---------------------  -------------------      -------      -------  ---------------------  -------------------  


------------------------------------------------------------------------------------------------
| Timing Details
| --------------
------------------------------------------------------------------------------------------------


---------------------------------------------------------------------------------------------------
From Clock:  adc_clk
  To Clock:  adc_clk

Setup :           NA  Failing Endpoints,  Worst Slack           NA  ,  Total Violation           NA
Hold  :           NA  Failing Endpoints,  Worst Slack           NA  ,  Total Violation           NA
PW    :            0  Failing Endpoints,  Worst Slack        2.000ns,  Total Violation        0.000ns
---------------------------------------------------------------------------------------------------


Pulse Width Checks
--------------------------------------------------------------------------------------
Clock Name:         adc_clk
Waveform(ns):       { 0.000 4.000 }
Period(ns):         8.000
Sources:            { adc_clk_i[1] }

Check Type        Corner  Lib Pin           Reference Pin  Required(ns)  Actual(ns)  Slack(ns)  Location        Pin
Min Period        n/a     PLLE2_ADV/CLKIN1  n/a            1.249         8.000       6.751      PLLE2_ADV_X0Y0  pll/pll/CLKIN1
Max Period        n/a     PLLE2_ADV/CLKIN1  n/a            52.633        8.000       44.633     PLLE2_ADV_X0Y0  pll/pll/CLKIN1
Low Pulse Width   Fast    PLLE2_ADV/CLKIN1  n/a            2.000         4.000       2.000      PLLE2_ADV_X0Y0  pll/pll/CLKIN1
High Pulse Width  Slow    PLLE2_ADV/CLKIN1  n/a            2.000         4.000       2.000      PLLE2_ADV_X0Y0  pll/pll/CLKIN1



---------------------------------------------------------------------------------------------------
From Clock:  clk_fb
  To Clock:  clk_fb

Setup :           NA  Failing Endpoints,  Worst Slack           NA  ,  Total Violation           NA
Hold  :           NA  Failing Endpoints,  Worst Slack           NA  ,  Total Violation           NA
PW    :            0  Failing Endpoints,  Worst Slack        6.751ns,  Total Violation        0.000ns
---------------------------------------------------------------------------------------------------


Pulse Width Checks
--------------------------------------------------------------------------------------
Clock Name:         clk_fb
Waveform(ns):       { 0.000 4.000 }
Period(ns):         8.000
Sources:            { pll/pll/CLKFBOUT }

Check Type  Corner  Lib Pin             Reference Pin  Required(ns)  Actual(ns)  Slack(ns)  Location        Pin
Min Period  n/a     PLLE2_ADV/CLKFBOUT  n/a            1.249         8.000       6.751      PLLE2_ADV_X0Y0  pll/pll/CLKFBOUT
Max Period  n/a     PLLE2_ADV/CLKFBIN   n/a            52.633        8.000       44.633     PLLE2_ADV_X0Y0  pll/pll/CLKFBIN



---------------------------------------------------------------------------------------------------
From Clock:  pll_adc_clk
  To Clock:  pll_adc_clk

Setup :            0  Failing Endpoints,  Worst Slack        0.006ns,  Total Violation        0.000ns
Hold  :            0  Failing Endpoints,  Worst Slack        0.034ns,  Total Violation        0.000ns
PW    :            0  Failing Endpoints,  Worst Slack        2.750ns,  Total Violation        0.000ns
---------------------------------------------------------------------------------------------------


Max Delay Paths
--------------------------------------------------------------------------------------
Slack (MET) :             0.006ns  (required time - arrival time)
  Source:                 i_mca/i_feat/q_tot_reg[29]/C
                            (rising edge-triggered cell FDRE clocked by pll_adc_clk  {rise@0.000ns fall@4.000ns period=8.000ns})
  Destination:            i_mca/i_feat/hold_amp_reg[14]/CE
                            (rising edge-triggered cell FDRE clocked by pll_adc_clk  {rise@0.000ns fall@4.000ns period=8.000ns})
  Path Group:             pll_adc_clk
  Path Type:              Setup (Max at Slow Process Corner)
  Requirement:            8.000ns  (pll_adc_clk rise@8.000ns - pll_adc_clk rise@0.000ns)
  Data Path Delay:        7.493ns  (logic 1.713ns (22.861%)  route 5.780ns (77.139%))
  Logic Levels:           7  (CARRY4=1 LUT4=3 LUT6=3)
  Clock Path Skew:        -0.263ns (DCD - SCD + CPR)
    Destination Clock Delay (DCD):    5.380ns = ( 13.380 - 8.000 ) 
    Source Clock Delay      (SCD):    5.986ns
    Clock Pessimism Removal (CPR):    0.343ns
  Clock Uncertainty:      0.069ns  ((TSJ^2 + DJ^2)^1/2) / 2 + PE
    Total System Jitter     (TSJ):    0.071ns
    Discrete Jitter          (DJ):    0.118ns
    Phase Error              (PE):    0.000ns

    Location             Delay type                Incr(ns)  Path(ns)    Netlist Resource(s)
  -------------------------------------------------------------------    -------------------
                         (clock pll_adc_clk rise edge)
                                                      0.000     0.000 r  
    U18                                               0.000     0.000 r  adc_clk_i[1] (IN)
                         net (fo=0)                   0.000     0.000    adc_clk_i[1]
    U18                  IBUFDS (Prop_ibufds_I_O)     0.983     0.983 r  i_clk/O
                         net (fo=1, routed)           1.306     2.289    pll/clk
    PLLE2_ADV_X0Y0       PLLE2_ADV (Prop_plle2_adv_CLKIN1_CLKOUT0)
                                                      0.089     2.378 r  pll/pll/CLKOUT0
                         net (fo=1, routed)           1.754     4.132    pll_adc_clk
    BUFGCTRL_X0Y0        BUFG (Prop_bufg_I_O)         0.101     4.233 r  bufg_adc_clk/O
                         net (fo=7985, routed)        1.753     5.986    i_mca/i_feat/clk_i
    SLICE_X37Y49         FDRE                                         r  i_mca/i_feat/q_tot_reg[29]/C
  -------------------------------------------------------------------    -------------------
    SLICE_X37Y49         FDRE (Prop_fdre_C_Q)         0.456     6.442 r  i_mca/i_feat/q_tot_reg[29]/Q
                         net (fo=12, routed)          0.658     7.100    i_mca/i_feat/q_tot_reg_n_0_[29]
    SLICE_X40Y49         LUT4 (Prop_lut4_I0_O)        0.124     7.224 r  i_mca/i_feat/hold_amp[13]_i_26/O
                         net (fo=1, routed)           0.726     7.951    i_mca/i_feat/hold_amp[13]_i_26_n_0
    SLICE_X37Y48         LUT6 (Prop_lut6_I1_O)        0.124     8.075 r  i_mca/i_feat/hold_amp[13]_i_12/O
                         net (fo=1, routed)           1.033     9.108    i_mca/i_feat/hold_amp[13]_i_12_n_0
    SLICE_X35Y49         LUT6 (Prop_lut6_I5_O)        0.124     9.232 f  i_mca/i_feat/hold_amp[13]_i_4/O
                         net (fo=30, routed)          0.620     9.852    i_mca/i_feat/hold_amp[13]_i_4_n_0
    SLICE_X37Y51         LUT6 (Prop_lut6_I3_O)        0.124     9.976 r  i_mca/i_feat/hold_amp[8]_i_1/O
                         net (fo=5, routed)           0.812    10.788    i_mca/i_feat/amp_sel[8]
    SLICE_X32Y51         LUT4 (Prop_lut4_I2_O)        0.124    10.912 r  i_mca/i_feat/cnt_rej_amp_o[31]_i_14/O
                         net (fo=1, routed)           0.000    10.912    i_mca/i_feat/cnt_rej_amp_o[31]_i_14_n_0
    SLICE_X32Y51         CARRY4 (Prop_carry4_S[0]_CO[3])
                                                      0.513    11.425 r  i_mca/i_feat/cnt_rej_amp_o_reg[31]_i_4/CO[3]
                         net (fo=3, routed)           1.150    12.575    i_mca/i_feat/amp_ok0
    SLICE_X34Y52         LUT4 (Prop_lut4_I2_O)        0.124    12.699 r  i_mca/i_feat/hold_amp[15]_i_1/O
                         net (fo=79, routed)          0.780    13.479    i_mca/i_feat/hold_amp
    SLICE_X34Y54         FDRE                                         r  i_mca/i_feat/hold_amp_reg[14]/CE
  -------------------------------------------------------------------    -------------------

                         (clock pll_adc_clk rise edge)
                                                      8.000     8.000 r  
    U18                                               0.000     8.000 r  adc_clk_i[1] (IN)
                         net (fo=0)                   0.000     8.000    adc_clk_i[1]
    U18                  IBUFDS (Prop_ibufds_I_O)     0.940     8.940 r  i_clk/O
                         net (fo=1, routed)           1.181    10.121    pll/clk
    PLLE2_ADV_X0Y0       PLLE2_ADV (Prop_plle2_adv_CLKIN1_CLKOUT0)
                                                      0.084    10.205 r  pll/pll/CLKOUT0
                         net (fo=1, routed)           1.594    11.799    pll_adc_clk
    BUFGCTRL_X0Y0        BUFG (Prop_bufg_I_O)         0.091    11.890 r  bufg_adc_clk/O
                         net (fo=7985, routed)        1.490    13.380    i_mca/i_feat/clk_i
    SLICE_X34Y54         FDRE                                         r  i_mca/i_feat/hold_amp_reg[14]/C
                         clock pessimism              0.343    13.723    
                         clock uncertainty           -0.069    13.654    
    SLICE_X34Y54         FDRE (Setup_fdre_C_CE)      -0.169    13.485    i_mca/i_feat/hold_amp_reg[14]
  -------------------------------------------------------------------
                         required time                         13.485    
                         arrival time                         -13.479    
  -------------------------------------------------------------------
                         slack                                  0.006    





Min Delay Paths
--------------------------------------------------------------------------------------
Slack (MET) :             0.034ns  (arrival time - required time)
  Source:                 i_mca/realtime_cnt_reg[54]/C
                            (rising edge-triggered cell FDRE clocked by pll_adc_clk  {rise@0.000ns fall@4.000ns period=8.000ns})
  Destination:            i_mca/rt_hi_shadow_reg[22]/D
                            (rising edge-triggered cell FDRE clocked by pll_adc_clk  {rise@0.000ns fall@4.000ns period=8.000ns})
  Path Group:             pll_adc_clk
  Path Type:              Hold (Min at Fast Process Corner)
  Requirement:            0.000ns  (pll_adc_clk rise@0.000ns - pll_adc_clk rise@0.000ns)
  Data Path Delay:        0.370ns  (logic 0.141ns (38.067%)  route 0.229ns (61.933%))
  Logic Levels:           0  
  Clock Path Skew:        0.266ns (DCD - SCD - CPR)
    Destination Clock Delay (DCD):    2.367ns
    Source Clock Delay      (SCD):    1.970ns
    Clock Pessimism Removal (CPR):    0.130ns

    Location             Delay type                Incr(ns)  Path(ns)    Netlist Resource(s)
  -------------------------------------------------------------------    -------------------
                         (clock pll_adc_clk rise edge)
                                                      0.000     0.000 r  
    U18                                               0.000     0.000 r  adc_clk_i[1] (IN)
                         net (fo=0)                   0.000     0.000    adc_clk_i[1]
    U18                  IBUFDS (Prop_ibufds_I_O)     0.401     0.401 r  i_clk/O
                         net (fo=1, routed)           0.440     0.842    pll/clk
    PLLE2_ADV_X0Y0       PLLE2_ADV (Prop_plle2_adv_CLKIN1_CLKOUT0)
                                                      0.051     0.893 r  pll/pll/CLKOUT0
                         net (fo=1, routed)           0.497     1.390    pll_adc_clk
    BUFGCTRL_X0Y0        BUFG (Prop_bufg_I_O)         0.026     1.416 r  bufg_adc_clk/O
                         net (fo=7985, routed)        0.555     1.970    i_mca/adc_clk_i
    SLICE_X22Y62         FDRE                                         r  i_mca/realtime_cnt_reg[54]/C
  -------------------------------------------------------------------    -------------------
    SLICE_X22Y62         FDRE (Prop_fdre_C_Q)         0.141     2.111 r  i_mca/realtime_cnt_reg[54]/Q
                         net (fo=2, routed)           0.229     2.341    i_mca/realtime_cnt_reg[54]
    SLICE_X19Y62         FDRE                                         r  i_mca/rt_hi_shadow_reg[22]/D
  -------------------------------------------------------------------    -------------------

                         (clock pll_adc_clk rise edge)
                                                      0.000     0.000 r  
    U18                                               0.000     0.000 r  adc_clk_i[1] (IN)
                         net (fo=0)                   0.000     0.000    adc_clk_i[1]
    U18                  IBUFDS (Prop_ibufds_I_O)     0.433     0.433 r  i_clk/O
                         net (fo=1, routed)           0.481     0.914    pll/clk
    PLLE2_ADV_X0Y0       PLLE2_ADV (Prop_plle2_adv_CLKIN1_CLKOUT0)
                                                      0.054     0.968 r  pll/pll/CLKOUT0
                         net (fo=1, routed)           0.544     1.512    pll_adc_clk
    BUFGCTRL_X0Y0        BUFG (Prop_bufg_I_O)         0.029     1.541 r  bufg_adc_clk/O
                         net (fo=7985, routed)        0.826     2.367    i_mca/adc_clk_i
    SLICE_X19Y62         FDRE                                         r  i_mca/rt_hi_shadow_reg[22]/C
                         clock pessimism             -0.130     2.237    
    SLICE_X19Y62         FDRE (Hold_fdre_C_D)         0.070     2.307    i_mca/rt_hi_shadow_reg[22]
  -------------------------------------------------------------------
                         required time                         -2.307    
                         arrival time                           2.341    
  -------------------------------------------------------------------
                         slack                                  0.034    





Pulse Width Checks
--------------------------------------------------------------------------------------
Clock Name:         pll_adc_clk
Waveform(ns):       { 0.000 4.000 }
Period(ns):         8.000
Sources:            { pll/pll/CLKOUT0 }

Check Type        Corner  Lib Pin            Reference Pin  Required(ns)  Actual(ns)  Slack(ns)  Location        Pin
Min Period        n/a     DSP48E1/CLK        n/a            3.884         8.000       4.116      DSP48_X1Y9      i_scope/genblk2[0].i_calib_ch/gain_calc_r1__0/CLK
Max Period        n/a     PLLE2_ADV/CLKOUT0  n/a            160.000       8.000       152.000    PLLE2_ADV_X0Y0  pll/pll/CLKOUT0
Low Pulse Width   Fast    RAMD32/CLK         n/a            1.250         4.000       2.750      SLICE_X4Y15     ps/axi_master_1/axi_awfifo_reg_0_15_30_35/RAMA/CLK
High Pulse Width  Slow    RAMD32/CLK         n/a            1.250         4.000       2.750      SLICE_X0Y1      ps/axi_master_0/axi_wfifo_reg_0_15_72_72/RAMB_D1/CLK



---------------------------------------------------------------------------------------------------
From Clock:  pll_dac_clk_1x
  To Clock:  pll_dac_clk_1x

Setup :            0  Failing Endpoints,  Worst Slack        0.442ns,  Total Violation        0.000ns
Hold  :            0  Failing Endpoints,  Worst Slack        0.160ns,  Total Violation        0.000ns
PW    :            0  Failing Endpoints,  Worst Slack        3.500ns,  Total Violation        0.000ns
---------------------------------------------------------------------------------------------------


Max Delay Paths
--------------------------------------------------------------------------------------
Slack (MET) :             0.442ns  (required time - arrival time)
  Source:                 dac_dat_a_reg[13]/C
                            (rising edge-triggered cell FDRE clocked by pll_dac_clk_1x  {rise@0.000ns fall@4.000ns period=8.000ns})
  Destination:            oddr_dac_dat[13]/D2
                            (falling edge-triggered cell ODDR clocked by pll_dac_clk_1x  {rise@0.000ns fall@4.000ns period=8.000ns})
  Path Group:             pll_dac_clk_1x
  Path Type:              Setup (Max at Slow Process Corner)
  Requirement:            4.000ns  (pll_dac_clk_1x fall@4.000ns - pll_dac_clk_1x rise@0.000ns)
  Data Path Delay:        2.274ns  (logic 0.478ns (21.022%)  route 1.796ns (78.978%))
  Logic Levels:           0  
  Clock Path Skew:        -0.210ns (DCD - SCD + CPR)
    Destination Clock Delay (DCD):    5.434ns = ( 9.434 - 4.000 ) 
    Source Clock Delay      (SCD):    5.987ns
    Clock Pessimism Removal (CPR):    0.343ns
  Clock Uncertainty:      0.069ns  ((TSJ^2 + DJ^2)^1/2) / 2 + PE
    Total System Jitter     (TSJ):    0.071ns
    Discrete Jitter          (DJ):    0.118ns
    Phase Error              (PE):    0.000ns

    Location             Delay type                Incr(ns)  Path(ns)    Netlist Resource(s)
  -------------------------------------------------------------------    -------------------
                         (clock pll_dac_clk_1x rise edge)
                                                      0.000     0.000 r  
    U18                                               0.000     0.000 r  adc_clk_i[1] (IN)
                         net (fo=0)                   0.000     0.000    adc_clk_i[1]
    U18                  IBUFDS (Prop_ibufds_I_O)     0.983     0.983 r  i_clk/O
                         net (fo=1, routed)           1.306     2.289    pll/clk
    PLLE2_ADV_X0Y0       PLLE2_ADV (Prop_plle2_adv_CLKIN1_CLKOUT1)
                                                      0.089     2.378 r  pll/pll/CLKOUT1
                         net (fo=1, routed)           1.754     4.132    pll_dac_clk_1x
    BUFGCTRL_X0Y4        BUFG (Prop_bufg_I_O)         0.101     4.233 r  bufg_dac_clk_1x/O
                         net (fo=45, routed)          1.754     5.987    dac_clk_1x
    SLICE_X42Y44         FDRE                                         r  dac_dat_a_reg[13]/C
  -------------------------------------------------------------------    -------------------
    SLICE_X42Y44         FDRE (Prop_fdre_C_Q)         0.478     6.465 r  dac_dat_a_reg[13]/Q
                         net (fo=1, routed)           1.796     8.261    dac_dat_a[13]
    OLOGIC_X0Y92         ODDR                                         r  oddr_dac_dat[13]/D2
  -------------------------------------------------------------------    -------------------

                         (clock pll_dac_clk_1x fall edge)
                                                      4.000     4.000 f  
    U18                                               0.000     4.000 f  adc_clk_i[1] (IN)
                         net (fo=0)                   0.000     4.000    adc_clk_i[1]
    U18                  IBUFDS (Prop_ibufds_I_O)     0.940     4.940 f  i_clk/O
                         net (fo=1, routed)           1.181     6.121    pll/clk
    PLLE2_ADV_X0Y0       PLLE2_ADV (Prop_plle2_adv_CLKIN1_CLKOUT1)
                                                      0.084     6.205 f  pll/pll/CLKOUT1
                         net (fo=1, routed)           1.594     7.799    pll_dac_clk_1x
    BUFGCTRL_X0Y4        BUFG (Prop_bufg_I_O)         0.091     7.890 f  bufg_dac_clk_1x/O
                         net (fo=45, routed)          1.544     9.434    dac_clk_1x
    OLOGIC_X0Y92         ODDR                                         f  oddr_dac_dat[13]/C
                         clock pessimism              0.343     9.777    
                         clock uncertainty           -0.069     9.708    
    OLOGIC_X0Y92         ODDR (Setup_oddr_C_D2)      -1.005     8.703    oddr_dac_dat[13]
  -------------------------------------------------------------------
                         required time                          8.703    
                         arrival time                          -8.261    
  -------------------------------------------------------------------
                         slack                                  0.442    





Min Delay Paths
--------------------------------------------------------------------------------------
Slack (MET) :             0.160ns  (arrival time - required time)
  Source:                 dac_rst_reg/C
                            (rising edge-triggered cell FDRE clocked by pll_dac_clk_1x  {rise@0.000ns fall@4.000ns period=8.000ns})
  Destination:            oddr_dac_sel/R
                            (rising edge-triggered cell ODDR clocked by pll_dac_clk_1x  {rise@0.000ns fall@4.000ns period=8.000ns})
  Path Group:             pll_dac_clk_1x
  Path Type:              Hold (Min at Fast Process Corner)
  Requirement:            0.000ns  (pll_dac_clk_1x rise@0.000ns - pll_dac_clk_1x rise@0.000ns)
  Data Path Delay:        0.666ns  (logic 0.164ns (24.613%)  route 0.502ns (75.387%))
  Logic Levels:           0  
  Clock Path Skew:        0.030ns (DCD - SCD - CPR)
    Destination Clock Delay (DCD):    2.394ns
    Source Clock Delay      (SCD):    2.004ns
    Clock Pessimism Removal (CPR):    0.360ns

    Location             Delay type                Incr(ns)  Path(ns)    Netlist Resource(s)
  -------------------------------------------------------------------    -------------------
                         (clock pll_dac_clk_1x rise edge)
                                                      0.000     0.000 r  
    U18                                               0.000     0.000 r  adc_clk_i[1] (IN)
                         net (fo=0)                   0.000     0.000    adc_clk_i[1]
    U18                  IBUFDS (Prop_ibufds_I_O)     0.401     0.401 r  i_clk/O
                         net (fo=1, routed)           0.440     0.842    pll/clk
    PLLE2_ADV_X0Y0       PLLE2_ADV (Prop_plle2_adv_CLKIN1_CLKOUT1)
                                                      0.051     0.893 r  pll/pll/CLKOUT1
                         net (fo=1, routed)           0.497     1.390    pll_dac_clk_1x
    BUFGCTRL_X0Y4        BUFG (Prop_bufg_I_O)         0.026     1.416 r  bufg_dac_clk_1x/O
                         net (fo=45, routed)          0.589     2.004    dac_clk_1x
    SLICE_X42Y57         FDRE                                         r  dac_rst_reg/C
  -------------------------------------------------------------------    -------------------
    SLICE_X42Y57         FDRE (Prop_fdre_C_Q)         0.164     2.168 r  dac_rst_reg/Q
                         net (fo=17, routed)          0.502     2.671    dac_rst
    OLOGIC_X0Y57         ODDR                                         r  oddr_dac_sel/R
  -------------------------------------------------------------------    -------------------

                         (clock pll_dac_clk_1x rise edge)
                                                      0.000     0.000 r  
    U18                                               0.000     0.000 r  adc_clk_i[1] (IN)
                         net (fo=0)                   0.000     0.000    adc_clk_i[1]
    U18                  IBUFDS (Prop_ibufds_I_O)     0.433     0.433 r  i_clk/O
                         net (fo=1, routed)           0.481     0.914    pll/clk
    PLLE2_ADV_X0Y0       PLLE2_ADV (Prop_plle2_adv_CLKIN1_CLKOUT1)
                                                      0.054     0.968 r  pll/pll/CLKOUT1
                         net (fo=1, routed)           0.544     1.512    pll_dac_clk_1x
    BUFGCTRL_X0Y4        BUFG (Prop_bufg_I_O)         0.029     1.541 r  bufg_dac_clk_1x/O
                         net (fo=45, routed)          0.853     2.394    dac_clk_1x
    OLOGIC_X0Y57         ODDR                                         r  oddr_dac_sel/C
                         clock pessimism             -0.360     2.034    
    OLOGIC_X0Y57         ODDR (Hold_oddr_C_R)         0.476     2.510    oddr_dac_sel
  -------------------------------------------------------------------
                         required time                         -2.510    
                         arrival time                           2.671    
  -------------------------------------------------------------------
                         slack                                  0.160    





Pulse Width Checks
--------------------------------------------------------------------------------------
Clock Name:         pll_dac_clk_1x
Waveform(ns):       { 0.000 4.000 }
Period(ns):         8.000
Sources:            { pll/pll/CLKOUT1 }

Check Type        Corner  Lib Pin            Reference Pin  Required(ns)  Actual(ns)  Slack(ns)  Location        Pin
Min Period        n/a     BUFG/I             n/a            2.155         8.000       5.845      BUFGCTRL_X0Y4   bufg_dac_clk_1x/I
Max Period        n/a     PLLE2_ADV/CLKOUT1  n/a            160.000       8.000       152.000    PLLE2_ADV_X0Y0  pll/pll/CLKOUT1
Low Pulse Width   Slow    FDRE/C             n/a            0.500         4.000       3.500      SLICE_X42Y57    dac_rst_reg/C
High Pulse Width  Slow    FDSE/C             n/a            0.500         4.000       3.500      SLICE_X42Y44    dac_dat_a_reg[0]/C



---------------------------------------------------------------------------------------------------
From Clock:  pll_dac_clk_2p
  To Clock:  pll_dac_clk_2p

Setup :           NA  Failing Endpoints,  Worst Slack           NA  ,  Total Violation           NA
Hold  :           NA  Failing Endpoints,  Worst Slack           NA  ,  Total Violation           NA
PW    :            0  Failing Endpoints,  Worst Slack        1.845ns,  Total Violation        0.000ns
---------------------------------------------------------------------------------------------------


Pulse Width Checks
--------------------------------------------------------------------------------------
Clock Name:         pll_dac_clk_2p
Waveform(ns):       { -0.500 1.500 }
Period(ns):         4.000
Sources:            { pll/pll/CLKOUT3 }

Check Type  Corner  Lib Pin            Reference Pin  Required(ns)  Actual(ns)  Slack(ns)  Location        Pin
Min Period  n/a     BUFG/I             n/a            2.155         4.000       1.845      BUFGCTRL_X0Y7   bufg_dac_clk_2p/I
Max Period  n/a     PLLE2_ADV/CLKOUT3  n/a            160.000       4.000       156.000    PLLE2_ADV_X0Y0  pll/pll/CLKOUT3



---------------------------------------------------------------------------------------------------
From Clock:  pll_dac_clk_2x
  To Clock:  pll_dac_clk_2x

Setup :            0  Failing Endpoints,  Worst Slack        0.315ns,  Total Violation        0.000ns
Hold  :            0  Failing Endpoints,  Worst Slack        0.180ns,  Total Violation        0.000ns
PW    :            0  Failing Endpoints,  Worst Slack        1.500ns,  Total Violation        0.000ns
---------------------------------------------------------------------------------------------------


Max Delay Paths
--------------------------------------------------------------------------------------
Slack (MET) :             0.315ns  (required time - arrival time)
  Source:                 ps/system_i/processing_system7/inst/PS7_i/SAXIHP3ACLK
                            (rising edge-triggered cell PS7 clocked by pll_dac_clk_2x  {rise@0.000ns fall@2.000ns period=4.000ns})
  Destination:            ps/axi_master_3/axi_awvalid_o_reg/D
                            (rising edge-triggered cell FDRE clocked by pll_dac_clk_2x  {rise@0.000ns fall@2.000ns period=4.000ns})
  Path Group:             pll_dac_clk_2x
  Path Type:              Setup (Max at Slow Process Corner)
  Requirement:            4.000ns  (pll_dac_clk_2x rise@4.000ns - pll_dac_clk_2x rise@0.000ns)
  Data Path Delay:        3.236ns  (logic 1.561ns (48.238%)  route 1.675ns (51.762%))
  Logic Levels:           2  (LUT3=1 LUT6=1)
  Clock Path Skew:        -0.138ns (DCD - SCD + CPR)
    Destination Clock Delay (DCD):    5.430ns = ( 9.430 - 4.000 ) 
    Source Clock Delay      (SCD):    6.026ns
    Clock Pessimism Removal (CPR):    0.458ns
  Clock Uncertainty:      0.063ns  ((TSJ^2 + DJ^2)^1/2) / 2 + PE
    Total System Jitter     (TSJ):    0.071ns
    Discrete Jitter          (DJ):    0.104ns
    Phase Error              (PE):    0.000ns

    Location             Delay type                Incr(ns)  Path(ns)    Netlist Resource(s)
  -------------------------------------------------------------------    -------------------
                         (clock pll_dac_clk_2x rise edge)
                                                      0.000     0.000 r  
    U18                                               0.000     0.000 r  adc_clk_i[1] (IN)
                         net (fo=0)                   0.000     0.000    adc_clk_i[1]
    U18                  IBUFDS (Prop_ibufds_I_O)     0.983     0.983 r  i_clk/O
                         net (fo=1, routed)           1.306     2.289    pll/clk
    PLLE2_ADV_X0Y0       PLLE2_ADV (Prop_plle2_adv_CLKIN1_CLKOUT2)
                                                      0.089     2.378 r  pll/pll/CLKOUT2
                         net (fo=2, routed)           1.754     4.132    pll_dac_clk_2x
    BUFGCTRL_X0Y5        BUFG (Prop_bufg_I_O)         0.101     4.233 r  bufg_dac_axi_clk/O
                         net (fo=39, routed)          1.793     6.026    ps/system_i/processing_system7/inst/S_AXI_HP3_ACLK
    PS7_X0Y0             PS7                                          r  ps/system_i/processing_system7/inst/PS7_i/SAXIHP3ACLK
  -------------------------------------------------------------------    -------------------
    PS7_X0Y0             PS7 (Prop_ps7_SAXIHP3ACLK_SAXIHP3AWREADY)
                                                      1.319     7.345 r  ps/system_i/processing_system7/inst/PS7_i/SAXIHP3AWREADY
                         net (fo=3, routed)           0.769     8.114    ps/axi_master_3/axi_awready_i
    SLICE_X0Y30          LUT6 (Prop_lut6_I5_O)        0.124     8.238 r  ps/axi_master_3/axi_awfill_lvl[3]_i_1/O
                         net (fo=6, routed)           0.414     8.652    ps/axi_master_3/axi_awpop
    SLICE_X1Y30          LUT3 (Prop_lut3_I0_O)        0.118     8.770 r  ps/axi_master_3/axi_awvalid_o_i_2/O
                         net (fo=1, routed)           0.492     9.262    ps/axi_master_3/axi_awvalid_o_i_2_n_0
    SLICE_X3Y30          FDRE                                         r  ps/axi_master_3/axi_awvalid_o_reg/D
  -------------------------------------------------------------------    -------------------

                         (clock pll_dac_clk_2x rise edge)
                                                      4.000     4.000 r  
    U18                                               0.000     4.000 r  adc_clk_i[1] (IN)
                         net (fo=0)                   0.000     4.000    adc_clk_i[1]
    U18                  IBUFDS (Prop_ibufds_I_O)     0.940     4.940 r  i_clk/O
                         net (fo=1, routed)           1.181     6.121    pll/clk
    PLLE2_ADV_X0Y0       PLLE2_ADV (Prop_plle2_adv_CLKIN1_CLKOUT2)
                                                      0.084     6.205 r  pll/pll/CLKOUT2
                         net (fo=2, routed)           1.594     7.799    pll_dac_clk_2x
    BUFGCTRL_X0Y5        BUFG (Prop_bufg_I_O)         0.091     7.890 r  bufg_dac_axi_clk/O
                         net (fo=39, routed)          1.540     9.430    ps/axi_master_3/axi_clk_i
    SLICE_X3Y30          FDRE                                         r  ps/axi_master_3/axi_awvalid_o_reg/C
                         clock pessimism              0.458     9.888    
                         clock uncertainty           -0.063     9.825    
    SLICE_X3Y30          FDRE (Setup_fdre_C_D)       -0.249     9.576    ps/axi_master_3/axi_awvalid_o_reg
  -------------------------------------------------------------------
                         required time                          9.576    
                         arrival time                          -9.262    
  -------------------------------------------------------------------
                         slack                                  0.315    





Min Delay Paths
--------------------------------------------------------------------------------------
Slack (MET) :             0.180ns  (arrival time - required time)
  Source:                 ps/axi_master_3/axi_rfill_lvl_reg[0]/C
                            (rising edge-triggered cell FDRE clocked by pll_dac_clk_2x  {rise@0.000ns fall@2.000ns period=4.000ns})
  Destination:            ps/axi_master_3/rdata_in_reg_reg/D
                            (rising edge-triggered cell FDRE clocked by pll_dac_clk_2x  {rise@0.000ns fall@2.000ns period=4.000ns})
  Path Group:             pll_dac_clk_2x
  Path Type:              Hold (Min at Fast Process Corner)
  Requirement:            0.000ns  (pll_dac_clk_2x rise@0.000ns - pll_dac_clk_2x rise@0.000ns)
  Data Path Delay:        0.284ns  (logic 0.186ns (65.455%)  route 0.098ns (34.545%))
  Logic Levels:           1  (LUT6=1)
  Clock Path Skew:        0.013ns (DCD - SCD - CPR)
    Destination Clock Delay (DCD):    2.385ns
    Source Clock Delay      (SCD):    1.993ns
    Clock Pessimism Removal (CPR):    0.379ns

    Location             Delay type                Incr(ns)  Path(ns)    Netlist Resource(s)
  -------------------------------------------------------------------    -------------------
                         (clock pll_dac_clk_2x rise edge)
                                                      0.000     0.000 r  
    U18                                               0.000     0.000 r  adc_clk_i[1] (IN)
                         net (fo=0)                   0.000     0.000    adc_clk_i[1]
    U18                  IBUFDS (Prop_ibufds_I_O)     0.401     0.401 r  i_clk/O
                         net (fo=1, routed)           0.440     0.842    pll/clk
    PLLE2_ADV_X0Y0       PLLE2_ADV (Prop_plle2_adv_CLKIN1_CLKOUT2)
                                                      0.051     0.893 r  pll/pll/CLKOUT2
                         net (fo=2, routed)           0.497     1.390    pll_dac_clk_2x
    BUFGCTRL_X0Y5        BUFG (Prop_bufg_I_O)         0.026     1.416 r  bufg_dac_axi_clk/O
                         net (fo=39, routed)          0.578     1.993    ps/axi_master_3/axi_clk_i
    SLICE_X2Y31          FDRE                                         r  ps/axi_master_3/axi_rfill_lvl_reg[0]/C
  -------------------------------------------------------------------    -------------------
    SLICE_X2Y31          FDRE (Prop_fdre_C_Q)         0.141     2.134 r  ps/axi_master_3/axi_rfill_lvl_reg[0]/Q
                         net (fo=7, routed)           0.098     2.232    ps/axi_master_3/axi_rfill_lvl_reg[0]
    SLICE_X3Y31          LUT6 (Prop_lut6_I4_O)        0.045     2.277 r  ps/axi_master_3/rdata_in_reg_i_1/O
                         net (fo=1, routed)           0.000     2.277    ps/axi_master_3/rdata_in_reg_i_1_n_0
    SLICE_X3Y31          FDRE                                         r  ps/axi_master_3/rdata_in_reg_reg/D
  -------------------------------------------------------------------    -------------------

                         (clock pll_dac_clk_2x rise edge)
                                                      0.000     0.000 r  
    U18                                               0.000     0.000 r  adc_clk_i[1] (IN)
                         net (fo=0)                   0.000     0.000    adc_clk_i[1]
    U18                  IBUFDS (Prop_ibufds_I_O)     0.433     0.433 r  i_clk/O
                         net (fo=1, routed)           0.481     0.914    pll/clk
    PLLE2_ADV_X0Y0       PLLE2_ADV (Prop_plle2_adv_CLKIN1_CLKOUT2)
                                                      0.054     0.968 r  pll/pll/CLKOUT2
                         net (fo=2, routed)           0.544     1.512    pll_dac_clk_2x
    BUFGCTRL_X0Y5        BUFG (Prop_bufg_I_O)         0.029     1.541 r  bufg_dac_axi_clk/O
                         net (fo=39, routed)          0.844     2.385    ps/axi_master_3/axi_clk_i
    SLICE_X3Y31          FDRE                                         r  ps/axi_master_3/rdata_in_reg_reg/C
                         clock pessimism             -0.379     2.006    
    SLICE_X3Y31          FDRE (Hold_fdre_C_D)         0.091     2.097    ps/axi_master_3/rdata_in_reg_reg
  -------------------------------------------------------------------
                         required time                         -2.097    
                         arrival time                           2.277    
  -------------------------------------------------------------------
                         slack                                  0.180    





Pulse Width Checks
--------------------------------------------------------------------------------------
Clock Name:         pll_dac_clk_2x
Waveform(ns):       { 0.000 2.000 }
Period(ns):         4.000
Sources:            { pll/pll/CLKOUT2 }

Check Type        Corner  Lib Pin            Reference Pin  Required(ns)  Actual(ns)  Slack(ns)  Location        Pin
Min Period        n/a     BUFG/I             n/a            2.155         4.000       1.845      BUFGCTRL_X0Y5   bufg_dac_axi_clk/I
Max Period        n/a     PLLE2_ADV/CLKOUT2  n/a            160.000       4.000       156.000    PLLE2_ADV_X0Y0  pll/pll/CLKOUT2
Low Pulse Width   Slow    FDRE/C             n/a            0.500         2.000       1.500      SLICE_X1Y22     ps/axi_master_2/awdata_in_reg_reg/C
High Pulse Width  Slow    FDRE/C             n/a            0.500         2.000       1.500      SLICE_X2Y22     ps/axi_master_2/axi_awfill_lvl_reg[0]/C



---------------------------------------------------------------------------------------------------
From Clock:  pll_ser_clk
  To Clock:  pll_ser_clk

Setup :           NA  Failing Endpoints,  Worst Slack           NA  ,  Total Violation           NA
Hold  :           NA  Failing Endpoints,  Worst Slack           NA  ,  Total Violation           NA
PW    :            0  Failing Endpoints,  Worst Slack        1.845ns,  Total Violation        0.000ns
---------------------------------------------------------------------------------------------------


Pulse Width Checks
--------------------------------------------------------------------------------------
Clock Name:         pll_ser_clk
Waveform(ns):       { 0.000 2.000 }
Period(ns):         4.000
Sources:            { pll/pll/CLKOUT4 }

Check Type  Corner  Lib Pin            Reference Pin  Required(ns)  Actual(ns)  Slack(ns)  Location        Pin
Min Period  n/a     BUFG/I             n/a            2.155         4.000       1.845      BUFGCTRL_X0Y6   bufg_ser_clk/I
Max Period  n/a     PLLE2_ADV/CLKOUT4  n/a            160.000       4.000       156.000    PLLE2_ADV_X0Y0  pll/pll/CLKOUT4



---------------------------------------------------------------------------------------------------
From Clock:  clk_fpga_0
  To Clock:  clk_fpga_0

Setup :            0  Failing Endpoints,  Worst Slack        2.078ns,  Total Violation        0.000ns
Hold  :            0  Failing Endpoints,  Worst Slack        0.131ns,  Total Violation        0.000ns
PW    :            0  Failing Endpoints,  Worst Slack        3.500ns,  Total Violation        0.000ns
---------------------------------------------------------------------------------------------------


Max Delay Paths
--------------------------------------------------------------------------------------
Slack (MET) :             2.078ns  (required time - arrival time)
  Source:                 ps/axi_slave_gp0/wr_awaddr_reg[21]/C
                            (rising edge-triggered cell FDRE clocked by clk_fpga_0  {rise@0.000ns fall@4.000ns period=8.000ns})
  Destination:            ps/axi_slave_gp0/axi\\.RDATA_reg[12]/D
                            (rising edge-triggered cell FDRE clocked by clk_fpga_0  {rise@0.000ns fall@4.000ns period=8.000ns})
  Path Group:             clk_fpga_0
  Path Type:              Setup (Max at Slow Process Corner)
  Requirement:            8.000ns  (clk_fpga_0 rise@8.000ns - clk_fpga_0 rise@0.000ns)
  Data Path Delay:        5.644ns  (logic 1.219ns (21.597%)  route 4.425ns (78.403%))
  Logic Levels:           3  (LUT3=1 LUT6=1 MUXF7=1)
  Clock Path Skew:        -0.217ns (DCD - SCD + CPR)
    Destination Clock Delay (DCD):    2.685ns = ( 10.686 - 8.000 ) 
    Source Clock Delay      (SCD):    3.032ns
    Clock Pessimism Removal (CPR):    0.130ns
  Clock Uncertainty:      0.125ns  ((TSJ^2 + TIJ^2)^1/2 + DJ) / 2 + PE
    Total System Jitter     (TSJ):    0.071ns
    Total Input Jitter      (TIJ):    0.240ns
    Discrete Jitter          (DJ):    0.000ns
    Phase Error              (PE):    0.000ns

    Location             Delay type                Incr(ns)  Path(ns)    Netlist Resource(s)
  -------------------------------------------------------------------    -------------------
                         (clock clk_fpga_0 rise edge)
                                                      0.000     0.000 r  
    PS7_X0Y0             PS7                          0.000     0.000 r  ps/system_i/processing_system7/inst/PS7_i/FCLKCLK[0]
                         net (fo=1, routed)           1.207     1.207    ps/lopt
    BUFGCTRL_X0Y2        BUFG (Prop_bufg_I_O)         0.101     1.308 r  ps/fclk_buf[0]/O
                         net (fo=236, routed)         1.724     3.032    ps/axi_slave_gp0/axi\\.ACLK
    SLICE_X0Y47          FDRE                                         r  ps/axi_slave_gp0/wr_awaddr_reg[21]/C
  -------------------------------------------------------------------    -------------------
    SLICE_X0Y47          FDRE (Prop_fdre_C_Q)         0.518     3.550 r  ps/axi_slave_gp0/wr_awaddr_reg[21]/Q
                         net (fo=1, routed)           0.796     4.346    ps/axi_slave_gp0/wr_awaddr[21]
    SLICE_X1Y46          LUT3 (Prop_lut3_I1_O)        0.152     4.498 r  ps/axi_slave_gp0/bus\\.addr[21]_INST_0/O
                         net (fo=82, routed)          3.629     8.127    sys_bus_interconnect/bus_m\\.addr[21]
    SLICE_X22Y39         LUT6 (Prop_lut6_I2_O)        0.332     8.459 r  sys_bus_interconnect/bus_m\\.rdata[12]_INST_0_i_2/O
                         net (fo=1, routed)           0.000     8.459    sys_bus_interconnect/bus_m\\.rdata[12]_INST_0_i_2_n_0
    SLICE_X22Y39         MUXF7 (Prop_muxf7_I1_O)      0.217     8.676 r  sys_bus_interconnect/bus_m\\.rdata[12]_INST_0/O
                         net (fo=1, routed)           0.000     8.676    ps/axi_slave_gp0/bus\\.rdata[12]
    SLICE_X22Y39         FDRE                                         r  ps/axi_slave_gp0/axi\\.RDATA_reg[12]/D
  -------------------------------------------------------------------    -------------------

                         (clock clk_fpga_0 rise edge)
                                                      8.000     8.000 r  
    PS7_X0Y0             PS7                          0.000     8.000 r  ps/system_i/processing_system7/inst/PS7_i/FCLKCLK[0]
                         net (fo=1, routed)           1.101     9.101    ps/lopt
    BUFGCTRL_X0Y2        BUFG (Prop_bufg_I_O)         0.091     9.192 r  ps/fclk_buf[0]/O
                         net (fo=236, routed)         1.493    10.685    ps/axi_slave_gp0/axi\\.ACLK
    SLICE_X22Y39         FDRE                                         r  ps/axi_slave_gp0/axi\\.RDATA_reg[12]/C
                         clock pessimism              0.130    10.815    
                         clock uncertainty           -0.125    10.690    
    SLICE_X22Y39         FDRE (Setup_fdre_C_D)        0.064    10.754    ps/axi_slave_gp0/axi\\.RDATA_reg[12]
  -------------------------------------------------------------------
                         required time                         10.754    
                         arrival time                          -8.676    
  -------------------------------------------------------------------
                         slack                                  2.078    





Min Delay Paths
--------------------------------------------------------------------------------------
Slack (MET) :             0.131ns  (arrival time - required time)
  Source:                 sys_bus_interconnect/for_bus[4].inst_sys_bus_cdc/ctrl_done_csff_reg[0]/C
                            (rising edge-triggered cell FDRE clocked by clk_fpga_0  {rise@0.000ns fall@4.000ns period=8.000ns})
  Destination:            sys_bus_interconnect/for_bus[4].inst_sys_bus_cdc/ctrl_done_csff_reg[1]/D
                            (rising edge-triggered cell FDRE clocked by clk_fpga_0  {rise@0.000ns fall@4.000ns period=8.000ns})
  Path Group:             clk_fpga_0
  Path Type:              Hold (Min at Fast Process Corner)
  Requirement:            0.000ns  (clk_fpga_0 rise@0.000ns - clk_fpga_0 rise@0.000ns)
  Data Path Delay:        0.206ns  (logic 0.141ns (68.336%)  route 0.065ns (31.664%))
  Logic Levels:           0  
  Clock Path Skew:        0.000ns (DCD - SCD - CPR)
    Destination Clock Delay (DCD):    1.218ns
    Source Clock Delay      (SCD):    0.922ns
    Clock Pessimism Removal (CPR):    0.296ns

    Location             Delay type                Incr(ns)  Path(ns)    Netlist Resource(s)
  -------------------------------------------------------------------    -------------------
                         (clock clk_fpga_0 rise edge)
                                                      0.000     0.000 r  
    PS7_X0Y0             PS7                          0.000     0.000 r  ps/system_i/processing_system7/inst/PS7_i/FCLKCLK[0]
                         net (fo=1, routed)           0.315     0.315    ps/lopt
    BUFGCTRL_X0Y2        BUFG (Prop_bufg_I_O)         0.026     0.341 r  ps/fclk_buf[0]/O
                         net (fo=236, routed)         0.581     0.922    sys_bus_interconnect/for_bus[4].inst_sys_bus_cdc/bus_s\\.clk
    SLICE_X2Y36          FDRE                                         r  sys_bus_interconnect/for_bus[4].inst_sys_bus_cdc/ctrl_done_csff_reg[0]/C
  -------------------------------------------------------------------    -------------------
    SLICE_X2Y36          FDRE (Prop_fdre_C_Q)         0.141     1.063 r  sys_bus_interconnect/for_bus[4].inst_sys_bus_cdc/ctrl_done_csff_reg[0]/Q
                         net (fo=1, routed)           0.065     1.128    sys_bus_interconnect/for_bus[4].inst_sys_bus_cdc/ctrl_done_csff[0]
    SLICE_X2Y36          FDRE                                         r  sys_bus_interconnect/for_bus[4].inst_sys_bus_cdc/ctrl_done_csff_reg[1]/D
  -------------------------------------------------------------------    -------------------

                         (clock clk_fpga_0 rise edge)
                                                      0.000     0.000 r  
    PS7_X0Y0             PS7                          0.000     0.000 r  ps/system_i/processing_system7/inst/PS7_i/FCLKCLK[0]
                         net (fo=1, routed)           0.341     0.341    ps/lopt
    BUFGCTRL_X0Y2        BUFG (Prop_bufg_I_O)         0.029     0.370 r  ps/fclk_buf[0]/O
                         net (fo=236, routed)         0.848     1.218    sys_bus_interconnect/for_bus[4].inst_sys_bus_cdc/bus_s\\.clk
    SLICE_X2Y36          FDRE                                         r  sys_bus_interconnect/for_bus[4].inst_sys_bus_cdc/ctrl_done_csff_reg[1]/C
                         clock pessimism             -0.296     0.922    
    SLICE_X2Y36          FDRE (Hold_fdre_C_D)         0.075     0.997    sys_bus_interconnect/for_bus[4].inst_sys_bus_cdc/ctrl_done_csff_reg[1]
  -------------------------------------------------------------------
                         required time                         -0.997    
                         arrival time                           1.128    
  -------------------------------------------------------------------
                         slack                                  0.131    





Pulse Width Checks
--------------------------------------------------------------------------------------
Clock Name:         clk_fpga_0
Waveform(ns):       { 0.000 4.000 }
Period(ns):         8.000
Sources:            { ps/system_i/processing_system7/inst/PS7_i/FCLKCLK[0] }

Check Type        Corner  Lib Pin  Reference Pin  Required(ns)  Actual(ns)  Slack(ns)  Location       Pin
Min Period        n/a     BUFG/I   n/a            2.155         8.000       5.845      BUFGCTRL_X0Y2  ps/fclk_buf[0]/I
Low Pulse Width   Slow    FDRE/C   n/a            0.500         4.000       3.500      SLICE_X42Y37   fpll_locked_r2_reg/C
High Pulse Width  Fast    FDRE/C   n/a            0.500         4.000       3.500      SLICE_X1Y44    ps/axi_slave_gp0/ack_cnt_reg[0]/C



---------------------------------------------------------------------------------------------------
From Clock:  clk_fpga_3
  To Clock:  clk_fpga_3

Setup :            0  Failing Endpoints,  Worst Slack        0.007ns,  Total Violation        0.000ns
Hold  :            0  Failing Endpoints,  Worst Slack        0.090ns,  Total Violation        0.000ns
PW    :            0  Failing Endpoints,  Worst Slack        1.000ns,  Total Violation        0.000ns
---------------------------------------------------------------------------------------------------


Max Delay Paths
--------------------------------------------------------------------------------------
Slack (MET) :             0.007ns  (required time - arrival time)
  Source:                 ps/system_i/axi_protocol_converter_0/inst/gen_axilite.gen_b2s_conv.axilite_b2s/SI_REG/aw.aw_pipe/m_payload_i_reg[36]/C
                            (rising edge-triggered cell FDRE clocked by clk_fpga_3  {rise@0.000ns fall@2.500ns period=5.000ns})
  Destination:            ps/system_i/axi_protocol_converter_0/inst/gen_axilite.gen_b2s_conv.axilite_b2s/WR.aw_channel_0/cmd_translator_0/wrap_cmd_0/wrap_cnt_r_reg[3]/D
                            (rising edge-triggered cell FDRE clocked by clk_fpga_3  {rise@0.000ns fall@2.500ns period=5.000ns})
  Path Group:             clk_fpga_3
  Path Type:              Setup (Max at Slow Process Corner)
  Requirement:            5.000ns  (clk_fpga_3 rise@5.000ns - clk_fpga_3 rise@0.000ns)
  Data Path Delay:        4.593ns  (logic 0.978ns (21.294%)  route 3.615ns (78.706%))
  Logic Levels:           4  (LUT3=1 LUT4=1 LUT6=2)
  Clock Path Skew:        -0.066ns (DCD - SCD + CPR)
    Destination Clock Delay (DCD):    2.715ns = ( 7.715 - 5.000 ) 
    Source Clock Delay      (SCD):    3.011ns
    Clock Pessimism Removal (CPR):    0.230ns
  Clock Uncertainty:      0.083ns  ((TSJ^2 + TIJ^2)^1/2 + DJ) / 2 + PE
    Total System Jitter     (TSJ):    0.071ns
    Total Input Jitter      (TIJ):    0.150ns
    Discrete Jitter          (DJ):    0.000ns
    Phase Error              (PE):    0.000ns

    Location             Delay type                Incr(ns)  Path(ns)    Netlist Resource(s)
  -------------------------------------------------------------------    -------------------
                         (clock clk_fpga_3 rise edge)
                                                      0.000     0.000 r  
    PS7_X0Y0             PS7                          0.000     0.000 r  ps/system_i/processing_system7/inst/PS7_i/FCLKCLK[3]
                         net (fo=1, routed)           1.207     1.207    ps/system_i/processing_system7/inst/FCLK_CLK_unbuffered[3]
    BUFGCTRL_X0Y1        BUFG (Prop_bufg_I_O)         0.101     1.308 r  ps/system_i/processing_system7/inst/buffer_fclk_clk_3.FCLK_CLK_3_BUFG/O
                         net (fo=987, routed)         1.703     3.011    ps/system_i/axi_protocol_converter_0/inst/gen_axilite.gen_b2s_conv.axilite_b2s/SI_REG/aw.aw_pipe/ACLK
    SLICE_X2Y78          FDRE                                         r  ps/system_i/axi_protocol_converter_0/inst/gen_axilite.gen_b2s_conv.axilite_b2s/SI_REG/aw.aw_pipe/m_payload_i_reg[36]/C
  -------------------------------------------------------------------    -------------------
    SLICE_X2Y78          FDRE (Prop_fdre_C_Q)         0.456     3.467 r  ps/system_i/axi_protocol_converter_0/inst/gen_axilite.gen_b2s_conv.axilite_b2s/SI_REG/aw.aw_pipe/m_payload_i_reg[36]/Q
                         net (fo=27, routed)          1.021     4.488    ps/system_i/axi_protocol_converter_0/inst/gen_axilite.gen_b2s_conv.axilite_b2s/WR.aw_channel_0/cmd_translator_0/wrap_cmd_0/axsize[1]
    SLICE_X2Y73          LUT3 (Prop_lut3_I1_O)        0.124     4.612 r  ps/system_i/axi_protocol_converter_0/inst/gen_axilite.gen_b2s_conv.axilite_b2s/WR.aw_channel_0/cmd_translator_0/wrap_cmd_0/axaddr_offset_r[2]_i_3/O
                         net (fo=2, routed)           0.591     5.203    ps/system_i/axi_protocol_converter_0/inst/gen_axilite.gen_b2s_conv.axilite_b2s/WR.aw_channel_0/cmd_translator_0/wrap_cmd_0/axaddr_offset_r[2]_i_3_n_0
    SLICE_X1Y73          LUT6 (Prop_lut6_I0_O)        0.124     5.327 r  ps/system_i/axi_protocol_converter_0/inst/gen_axilite.gen_b2s_conv.axilite_b2s/WR.aw_channel_0/cmd_translator_0/wrap_cmd_0/axaddr_offset_r[1]_i_1/O
                         net (fo=6, routed)           0.857     6.184    ps/system_i/axi_protocol_converter_0/inst/gen_axilite.gen_b2s_conv.axilite_b2s/WR.aw_channel_0/cmd_translator_0/wrap_cmd_0/axaddr_offset[1]
    SLICE_X5Y72          LUT6 (Prop_lut6_I2_O)        0.124     6.308 r  ps/system_i/axi_protocol_converter_0/inst/gen_axilite.gen_b2s_conv.axilite_b2s/WR.aw_channel_0/cmd_translator_0/wrap_cmd_0/wrap_second_len_r[3]_i_1/O
                         net (fo=2, routed)           0.801     7.110    ps/system_i/axi_protocol_converter_0/inst/gen_axilite.gen_b2s_conv.axilite_b2s/WR.aw_channel_0/cmd_translator_0/wrap_cmd_0/wrap_second_len[3]
    SLICE_X2Y72          LUT4 (Prop_lut4_I0_O)        0.150     7.260 r  ps/system_i/axi_protocol_converter_0/inst/gen_axilite.gen_b2s_conv.axilite_b2s/WR.aw_channel_0/cmd_translator_0/wrap_cmd_0/wrap_cnt_r[3]_i_1/O
                         net (fo=1, routed)           0.344     7.604    ps/system_i/axi_protocol_converter_0/inst/gen_axilite.gen_b2s_conv.axilite_b2s/WR.aw_channel_0/cmd_translator_0/wrap_cmd_0/wrap_cnt[3]
    SLICE_X1Y72          FDRE                                         r  ps/system_i/axi_protocol_converter_0/inst/gen_axilite.gen_b2s_conv.axilite_b2s/WR.aw_channel_0/cmd_translator_0/wrap_cmd_0/wrap_cnt_r_reg[3]/D
  -------------------------------------------------------------------    -------------------

                         (clock clk_fpga_3 rise edge)
                                                      5.000     5.000 r  
    PS7_X0Y0             PS7                          0.000     5.000 r  ps/system_i/processing_system7/inst/PS7_i/FCLKCLK[3]
                         net (fo=1, routed)           1.101     6.101    ps/system_i/processing_system7/inst/FCLK_CLK_unbuffered[3]
    BUFGCTRL_X0Y1        BUFG (Prop_bufg_I_O)         0.091     6.192 r  ps/system_i/processing_system7/inst/buffer_fclk_clk_3.FCLK_CLK_3_BUFG/O
                         net (fo=987, routed)         1.523     7.715    ps/system_i/axi_protocol_converter_0/inst/gen_axilite.gen_b2s_conv.axilite_b2s/WR.aw_channel_0/cmd_translator_0/wrap_cmd_0/clk
    SLICE_X1Y72          FDRE                                         r  ps/system_i/axi_protocol_converter_0/inst/gen_axilite.gen_b2s_conv.axilite_b2s/WR.aw_channel_0/cmd_translator_0/wrap_cmd_0/wrap_cnt_r_reg[3]/C
                         clock pessimism              0.230     7.945    
                         clock uncertainty           -0.083     7.862    
    SLICE_X1Y72          FDRE (Setup_fdre_C_D)       -0.251     7.611    ps/system_i/axi_protocol_converter_0/inst/gen_axilite.gen_b2s_conv.axilite_b2s/WR.aw_channel_0/cmd_translator_0/wrap_cmd_0/wrap_cnt_r_reg[3]
  -------------------------------------------------------------------
                         required time                          7.611    
                         arrival time                          -7.604    
  -------------------------------------------------------------------
                         slack                                  0.007    





Min Delay Paths
--------------------------------------------------------------------------------------
Slack (MET) :             0.090ns  (arrival time - required time)
  Source:                 ps/system_i/axi_protocol_converter_0/inst/gen_axilite.gen_b2s_conv.axilite_b2s/WR.aw_channel_0/s_awid_r_reg[11]/C
                            (rising edge-triggered cell FDRE clocked by clk_fpga_3  {rise@0.000ns fall@2.500ns period=5.000ns})
  Destination:            ps/system_i/axi_protocol_converter_0/inst/gen_axilite.gen_b2s_conv.axilite_b2s/WR.b_channel_0/bid_fifo_0/memory_reg[3][19]_srl4/D
                            (rising edge-triggered cell SRL16E clocked by clk_fpga_3  {rise@0.000ns fall@2.500ns period=5.000ns})
  Path Group:             clk_fpga_3
  Path Type:              Hold (Min at Fast Process Corner)
  Requirement:            0.000ns  (clk_fpga_3 rise@0.000ns - clk_fpga_3 rise@0.000ns)
  Data Path Delay:        0.234ns  (logic 0.128ns (54.791%)  route 0.106ns (45.209%))
  Logic Levels:           0  
  Clock Path Skew:        0.015ns (DCD - SCD - CPR)
    Destination Clock Delay (DCD):    1.217ns
    Source Clock Delay      (SCD):    0.920ns
    Clock Pessimism Removal (CPR):    0.282ns

    Location             Delay type                Incr(ns)  Path(ns)    Netlist Resource(s)
  -------------------------------------------------------------------    -------------------
                         (clock clk_fpga_3 rise edge)
                                                      0.000     0.000 r  
    PS7_X0Y0             PS7                          0.000     0.000 r  ps/system_i/processing_system7/inst/PS7_i/FCLKCLK[3]
                         net (fo=1, routed)           0.315     0.315    ps/system_i/processing_system7/inst/FCLK_CLK_unbuffered[3]
    BUFGCTRL_X0Y1        BUFG (Prop_bufg_I_O)         0.026     0.341 r  ps/system_i/processing_system7/inst/buffer_fclk_clk_3.FCLK_CLK_3_BUFG/O
                         net (fo=987, routed)         0.579     0.920    ps/system_i/axi_protocol_converter_0/inst/gen_axilite.gen_b2s_conv.axilite_b2s/WR.aw_channel_0/clk
    SLICE_X3Y63          FDRE                                         r  ps/system_i/axi_protocol_converter_0/inst/gen_axilite.gen_b2s_conv.axilite_b2s/WR.aw_channel_0/s_awid_r_reg[11]/C
  -------------------------------------------------------------------    -------------------
    SLICE_X3Y63          FDRE (Prop_fdre_C_Q)         0.128     1.048 r  ps/system_i/axi_protocol_converter_0/inst/gen_axilite.gen_b2s_conv.axilite_b2s/WR.aw_channel_0/s_awid_r_reg[11]/Q
                         net (fo=1, routed)           0.106     1.153    ps/system_i/axi_protocol_converter_0/inst/gen_axilite.gen_b2s_conv.axilite_b2s/WR.b_channel_0/bid_fifo_0/din[19]
    SLICE_X4Y63          SRL16E                                       r  ps/system_i/axi_protocol_converter_0/inst/gen_axilite.gen_b2s_conv.axilite_b2s/WR.b_channel_0/bid_fifo_0/memory_reg[3][19]_srl4/D
  -------------------------------------------------------------------    -------------------

                         (clock clk_fpga_3 rise edge)
                                                      0.000     0.000 r  
    PS7_X0Y0             PS7                          0.000     0.000 r  ps/system_i/processing_system7/inst/PS7_i/FCLKCLK[3]
                         net (fo=1, routed)           0.341     0.341    ps/system_i/processing_system7/inst/FCLK_CLK_unbuffered[3]
    BUFGCTRL_X0Y1        BUFG (Prop_bufg_I_O)         0.029     0.370 r  ps/system_i/processing_system7/inst/buffer_fclk_clk_3.FCLK_CLK_3_BUFG/O
                         net (fo=987, routed)         0.847     1.217    ps/system_i/axi_protocol_converter_0/inst/gen_axilite.gen_b2s_conv.axilite_b2s/WR.b_channel_0/bid_fifo_0/clk
    SLICE_X4Y63          SRL16E                                       r  ps/system_i/axi_protocol_converter_0/inst/gen_axilite.gen_b2s_conv.axilite_b2s/WR.b_channel_0/bid_fifo_0/memory_reg[3][19]_srl4/CLK
                         clock pessimism             -0.282     0.935    
    SLICE_X4Y63          SRL16E (Hold_srl16e_CLK_D)
                                                      0.129     1.064    ps/system_i/axi_protocol_converter_0/inst/gen_axilite.gen_b2s_conv.axilite_b2s/WR.b_channel_0/bid_fifo_0/memory_reg[3][19]_srl4
  -------------------------------------------------------------------
                         required time                         -1.064    
                         arrival time                           1.153    
  -------------------------------------------------------------------
                         slack                                  0.090    





Pulse Width Checks
--------------------------------------------------------------------------------------
Clock Name:         clk_fpga_3
Waveform(ns):       { 0.000 2.500 }
Period(ns):         5.000
Sources:            { ps/system_i/processing_system7/inst/PS7_i/FCLKCLK[3] }

Check Type        Corner  Lib Pin      Reference Pin  Required(ns)  Actual(ns)  Slack(ns)  Location      Pin
Min Period        n/a     XADC/DCLK    n/a            4.000         5.000       1.000      XADC_X0Y0     ps/system_i/xadc/inst/AXI_XADC_CORE_I/XADC_INST/DCLK
Low Pulse Width   Slow    SRLC32E/CLK  n/a            0.980         2.500       1.520      SLICE_X0Y57   ps/system_i/axi_protocol_converter_0/inst/gen_axilite.gen_b2s_conv.axilite_b2s/RD.r_channel_0/transaction_fifo_0/memory_reg[31][10]_srl32/CLK
High Pulse Width  Fast    SRL16E/CLK   n/a            0.980         2.500       1.520      SLICE_X16Y66  ps/system_i/proc_sys_reset/U0/EXT_LPF/POR_SRL_I/CLK



---------------------------------------------------------------------------------------------------
From Clock:  rx_clk
  To Clock:  rx_clk

Setup :           NA  Failing Endpoints,  Worst Slack           NA  ,  Total Violation           NA
Hold  :           NA  Failing Endpoints,  Worst Slack           NA  ,  Total Violation           NA
PW    :            0  Failing Endpoints,  Worst Slack        2.333ns,  Total Violation        0.000ns
---------------------------------------------------------------------------------------------------


Pulse Width Checks
--------------------------------------------------------------------------------------
Clock Name:         rx_clk
Waveform(ns):       { 0.000 2.000 }
Period(ns):         4.000
Sources:            { daisy_p_i[1] }

Check Type  Corner  Lib Pin        Reference Pin  Required(ns)  Actual(ns)  Slack(ns)  Location      Pin
Min Period  n/a     ISERDESE2/CLK  n/a            1.667         4.000       2.333      ILOGIC_X0Y38  i_daisy/i_rx/genblk1[0].i_iserdese/CLK



---------------------------------------------------------------------------------------------------
From Clock:  par_clk
  To Clock:  par_clk

Setup :            0  Failing Endpoints,  Worst Slack        2.925ns,  Total Violation        0.000ns
Hold  :            0  Failing Endpoints,  Worst Slack        0.069ns,  Total Violation        0.000ns
PW    :            0  Failing Endpoints,  Worst Slack        3.020ns,  Total Violation        0.000ns
---------------------------------------------------------------------------------------------------


Max Delay Paths
--------------------------------------------------------------------------------------
Slack (MET) :             2.925ns  (required time - arrival time)
  Source:                 i_daisy/i_rx/genblk1[0].par_dat_r_reg[4]/C
                            (rising edge-triggered cell FDRE clocked by par_clk  {rise@0.000ns fall@4.000ns period=8.000ns})
  Destination:            i_daisy/i_rx/genblk1[0].par_dv_reg/CE
                            (rising edge-triggered cell FDRE clocked by par_clk  {rise@0.000ns fall@4.000ns period=8.000ns})
  Path Group:             par_clk
  Path Type:              Setup (Max at Slow Process Corner)
  Requirement:            8.000ns  (par_clk rise@8.000ns - par_clk rise@0.000ns)
  Data Path Delay:        4.732ns  (logic 1.090ns (23.034%)  route 3.642ns (76.966%))
  Logic Levels:           4  (LUT4=3 LUT6=1)
  Clock Path Skew:        -0.139ns (DCD - SCD + CPR)
    Destination Clock Delay (DCD):    4.599ns = ( 12.599 - 8.000 ) 
    Source Clock Delay      (SCD):    5.151ns
    Clock Pessimism Removal (CPR):    0.413ns
  Clock Uncertainty:      0.035ns  ((TSJ^2 + TIJ^2)^1/2 + DJ) / 2 + PE
    Total System Jitter     (TSJ):    0.071ns
    Total Input Jitter      (TIJ):    0.000ns
    Discrete Jitter          (DJ):    0.000ns
    Phase Error              (PE):    0.000ns

    Location             Delay type                Incr(ns)  Path(ns)    Netlist Resource(s)
  -------------------------------------------------------------------    -------------------
                         (clock par_clk rise edge)    0.000     0.000 r  
    N18                                               0.000     0.000 r  daisy_p_i[1] (IN)
                         net (fo=0)                   0.000     0.000    i_daisy/daisy_p_i[1]
    N18                  IBUFDS (Prop_ibufds_I_O)     0.945     0.945 r  i_daisy/i_IBUFGDS_clk/O
                         net (fo=2, routed)           0.510     1.455    i_daisy/i_rx/ser_clk_i
    BUFR_X0Y1            BUFR (Prop_bufr_I_O)         1.032     2.487 r  i_daisy/i_rx/i_BUFR_clk/O
                         net (fo=51, routed)          0.814     3.301    i_daisy/i_rx/par_clk
    BUFGCTRL_X0Y3        BUFG (Prop_bufg_I_O)         0.101     3.402 r  i_daisy/i_rx/i_parclk_buf/O
                         net (fo=233, routed)         1.749     5.151    i_daisy/i_rx/par_clk_o
    SLICE_X40Y36         FDRE                                         r  i_daisy/i_rx/genblk1[0].par_dat_r_reg[4]/C
  -------------------------------------------------------------------    -------------------
    SLICE_X40Y36         FDRE (Prop_fdre_C_Q)         0.419     5.570 r  i_daisy/i_rx/genblk1[0].par_dat_r_reg[4]/Q
                         net (fo=2, routed)           1.208     6.778    i_daisy/i_rx/genblk1[0].par_dat_r[4]
    SLICE_X40Y36         LUT4 (Prop_lut4_I1_O)        0.299     7.077 f  i_daisy/i_rx/genblk1[0].par_ok[0]_i_4/O
                         net (fo=1, routed)           0.810     7.887    i_daisy/i_rx/genblk1[0].par_ok[0]_i_4_n_0
    SLICE_X38Y36         LUT4 (Prop_lut4_I0_O)        0.124     8.011 f  i_daisy/i_rx/genblk1[0].par_ok[0]_i_3/O
                         net (fo=2, routed)           0.540     8.550    i_daisy/i_rx/genblk1[0].par_ok[0]_i_3_n_0
    SLICE_X34Y36         LUT6 (Prop_lut6_I2_O)        0.124     8.674 r  i_daisy/i_rx/genblk1[0].par_ok[0]_i_2/O
                         net (fo=2, routed)           0.315     8.989    i_daisy/i_rx/genblk1[0].par_ok[0]_i_2_n_0
    SLICE_X34Y37         LUT4 (Prop_lut4_I1_O)        0.124     9.113 r  i_daisy/i_rx/genblk1[0].par_dv_reg_CE_cooolgate_en_gate_786/O
                         net (fo=1, routed)           0.770     9.883    i_daisy/i_rx/genblk1[0].par_dv_reg_CE_cooolgate_en_sig_161
    SLICE_X34Y35         FDRE                                         r  i_daisy/i_rx/genblk1[0].par_dv_reg/CE
  -------------------------------------------------------------------    -------------------

                         (clock par_clk rise edge)    8.000     8.000 r  
    N18                                               0.000     8.000 r  daisy_p_i[1] (IN)
                         net (fo=0)                   0.000     8.000    i_daisy/daisy_p_i[1]
    N18                  IBUFDS (Prop_ibufds_I_O)     0.902     8.902 r  i_daisy/i_IBUFGDS_clk/O
                         net (fo=2, routed)           0.459     9.361    i_daisy/i_rx/ser_clk_i
    BUFR_X0Y1            BUFR (Prop_bufr_I_O)         0.919    10.280 r  i_daisy/i_rx/i_BUFR_clk/O
                         net (fo=51, routed)          0.732    11.012    i_daisy/i_rx/par_clk
    BUFGCTRL_X0Y3        BUFG (Prop_bufg_I_O)         0.091    11.103 r  i_daisy/i_rx/i_parclk_buf/O
                         net (fo=233, routed)         1.495    12.599    i_daisy/i_rx/par_clk_o
    SLICE_X34Y35         FDRE                                         r  i_daisy/i_rx/genblk1[0].par_dv_reg/C
                         clock pessimism              0.413    13.012    
                         clock uncertainty           -0.035    12.977    
    SLICE_X34Y35         FDRE (Setup_fdre_C_CE)      -0.169    12.808    i_daisy/i_rx/genblk1[0].par_dv_reg
  -------------------------------------------------------------------
                         required time                         12.808    
                         arrival time                          -9.883    
  -------------------------------------------------------------------
                         slack                                  2.925    





Min Delay Paths
--------------------------------------------------------------------------------------
Slack (MET) :             0.069ns  (arrival time - required time)
  Source:                 i_daisy/i_rx/genblk1[0].par_dat_reg[3]/C
                            (rising edge-triggered cell FDRE clocked by par_clk  {rise@0.000ns fall@4.000ns period=8.000ns})
  Destination:            i_daisy/i_rx/genblk1[0].par_dat_r_reg[3]/D
                            (rising edge-triggered cell FDRE clocked by par_clk  {rise@0.000ns fall@4.000ns period=8.000ns})
  Path Group:             par_clk
  Path Type:              Hold (Min at Slow Process Corner)
  Requirement:            0.000ns  (par_clk rise@0.000ns - par_clk rise@0.000ns)
  Data Path Delay:        2.129ns  (logic 0.367ns (17.236%)  route 1.762ns (82.764%))
  Logic Levels:           0  
  Clock Path Skew:        1.903ns (DCD - SCD - CPR)
    Destination Clock Delay (DCD):    5.146ns
    Source Clock Delay      (SCD):    3.036ns
    Clock Pessimism Removal (CPR):    0.207ns

    Location             Delay type                Incr(ns)  Path(ns)    Netlist Resource(s)
  -------------------------------------------------------------------    -------------------
                         (clock par_clk rise edge)    0.000     0.000 r  
    N18                                               0.000     0.000 r  daisy_p_i[1] (IN)
                         net (fo=0)                   0.000     0.000    i_daisy/daisy_p_i[1]
    N18                  IBUFDS (Prop_ibufds_I_O)     0.902     0.902 r  i_daisy/i_IBUFGDS_clk/O
                         net (fo=2, routed)           0.459     1.361    i_daisy/i_rx/ser_clk_i
    BUFR_X0Y1            BUFR (Prop_bufr_I_O)         0.919     2.280 r  i_daisy/i_rx/i_BUFR_clk/O
                         net (fo=51, routed)          0.756     3.036    i_daisy/i_rx/par_clk
    SLICE_X40Y34         FDRE                                         r  i_daisy/i_rx/genblk1[0].par_dat_reg[3]/C
  -------------------------------------------------------------------    -------------------
    SLICE_X40Y34         FDRE (Prop_fdre_C_Q)         0.367     3.403 r  i_daisy/i_rx/genblk1[0].par_dat_reg[3]/Q
                         net (fo=1, routed)           1.762     5.166    i_daisy/i_rx/genblk1[0].par_dat[3]
    SLICE_X39Y33         FDRE                                         r  i_daisy/i_rx/genblk1[0].par_dat_r_reg[3]/D
  -------------------------------------------------------------------    -------------------

                         (clock par_clk rise edge)    0.000     0.000 r  
    N18                                               0.000     0.000 r  daisy_p_i[1] (IN)
                         net (fo=0)                   0.000     0.000    i_daisy/daisy_p_i[1]
    N18                  IBUFDS (Prop_ibufds_I_O)     0.945     0.945 r  i_daisy/i_IBUFGDS_clk/O
                         net (fo=2, routed)           0.510     1.455    i_daisy/i_rx/ser_clk_i
    BUFR_X0Y1            BUFR (Prop_bufr_I_O)         1.032     2.487 r  i_daisy/i_rx/i_BUFR_clk/O
                         net (fo=51, routed)          0.814     3.301    i_daisy/i_rx/par_clk
    BUFGCTRL_X0Y3        BUFG (Prop_bufg_I_O)         0.101     3.402 r  i_daisy/i_rx/i_parclk_buf/O
                         net (fo=233, routed)         1.744     5.146    i_daisy/i_rx/par_clk_o
    SLICE_X39Y33         FDRE                                         r  i_daisy/i_rx/genblk1[0].par_dat_r_reg[3]/C
                         clock pessimism             -0.207     4.939    
    SLICE_X39Y33         FDRE (Hold_fdre_C_D)         0.157     5.096    i_daisy/i_rx/genblk1[0].par_dat_r_reg[3]
  -------------------------------------------------------------------
                         required time                         -5.096    
                         arrival time                           5.166    
  -------------------------------------------------------------------
                         slack                                  0.069    





Pulse Width Checks
--------------------------------------------------------------------------------------
Clock Name:         par_clk
Waveform(ns):       { 0.000 4.000 }
Period(ns):         8.000
Sources:            { i_daisy/i_rx/i_BUFR_clk/O }

Check Type        Corner  Lib Pin     Reference Pin  Required(ns)  Actual(ns)  Slack(ns)  Location       Pin
Min Period        n/a     BUFG/I      n/a            2.155         8.000       5.845      BUFGCTRL_X0Y3  i_daisy/i_rx/i_parclk_buf/I
Low Pulse Width   Slow    SRL16E/CLK  n/a            0.980         4.000       3.020      SLICE_X34Y37   i_daisy/i_rx/genblk1[0].bitslip_r_reg[1]_srl2/CLK
High Pulse Width  Slow    SRL16E/CLK  n/a            0.980         4.000       3.020      SLICE_X34Y37   i_daisy/i_rx/genblk1[0].bitslip_r_reg[1]_srl2/CLK



---------------------------------------------------------------------------------------------------
From Clock:  clk_fpga_0
  To Clock:  pll_adc_clk

Setup :            0  Failing Endpoints,  Worst Slack        2.505ns,  Total Violation        0.000ns
Hold  :           NA  Failing Endpoints,  Worst Slack           NA  ,  Total Violation           NA
---------------------------------------------------------------------------------------------------


Max Delay Paths
--------------------------------------------------------------------------------------
Slack (MET) :             2.505ns  (required time - arrival time)
  Source:                 ps/axi_slave_gp0/rd_do_reg/C
                            (rising edge-triggered cell FDRE clocked by clk_fpga_0  {rise@0.000ns fall@4.000ns period=8.000ns})
  Destination:            sys_bus_interconnect/for_bus[1].inst_sys_bus_cdc/bus_m\\.addr_reg[2]/D
                            (rising edge-triggered cell FDRE clocked by pll_adc_clk  {rise@0.000ns fall@4.000ns period=8.000ns})
  Path Group:             pll_adc_clk
  Path Type:              Setup (Max at Slow Process Corner)
  Requirement:            8.000ns  (MaxDelay Path 8.000ns)
  Data Path Delay:        5.212ns  (logic 0.670ns (12.856%)  route 4.542ns (87.144%))
  Logic Levels:           1  (LUT3=1)
  Timing Exception:       MaxDelay Path 8.000ns -datapath_only

    Location             Delay type                Incr(ns)  Path(ns)    Netlist Resource(s)
  -------------------------------------------------------------------    -------------------
    SLICE_X0Y44                                       0.000     0.000 r  ps/axi_slave_gp0/rd_do_reg/C
    SLICE_X0Y44          FDRE (Prop_fdre_C_Q)         0.518     0.518 r  ps/axi_slave_gp0/rd_do_reg/Q
                         net (fo=37, routed)          1.544     2.062    ps/axi_slave_gp0/rd_do
    SLICE_X1Y40          LUT3 (Prop_lut3_I2_O)        0.152     2.214 r  ps/axi_slave_gp0/bus\\.addr[2]_INST_0/O
                         net (fo=7, routed)           2.997     5.212    sys_bus_interconnect/for_bus[1].inst_sys_bus_cdc/bus_s\\.addr[2]
    SLICE_X21Y31         FDRE                                         r  sys_bus_interconnect/for_bus[1].inst_sys_bus_cdc/bus_m\\.addr_reg[2]/D
  -------------------------------------------------------------------    -------------------

                         max delay                    8.000     8.000    
    SLICE_X21Y31         FDRE (Setup_fdre_C_D)       -0.283     7.717    sys_bus_interconnect/for_bus[1].inst_sys_bus_cdc/bus_m\\.addr_reg[2]
  -------------------------------------------------------------------
                         required time                          7.717    
                         arrival time                          -5.212    
  -------------------------------------------------------------------
                         slack                                  2.505    





---------------------------------------------------------------------------------------------------
From Clock:  pll_adc_clk
  To Clock:  pll_dac_clk_1x

Setup :            0  Failing Endpoints,  Worst Slack        3.479ns,  Total Violation        0.000ns
Hold  :            0  Failing Endpoints,  Worst Slack        0.247ns,  Total Violation        0.000ns
---------------------------------------------------------------------------------------------------


Max Delay Paths
--------------------------------------------------------------------------------------
Slack (MET) :             3.479ns  (required time - arrival time)
  Source:                 i_hk/digital_loop_reg[1]/C
                            (rising edge-triggered cell FDRE clocked by pll_adc_clk  {rise@0.000ns fall@4.000ns period=8.000ns})
  Destination:            dac_dat_a_reg[5]/S
                            (rising edge-triggered cell FDSE clocked by pll_dac_clk_1x  {rise@0.000ns fall@4.000ns period=8.000ns})
  Path Group:             pll_dac_clk_1x
  Path Type:              Setup (Max at Slow Process Corner)
  Requirement:            8.000ns  (pll_dac_clk_1x rise@8.000ns - pll_adc_clk rise@0.000ns)
  Data Path Delay:        3.637ns  (logic 0.642ns (17.650%)  route 2.995ns (82.350%))
  Logic Levels:           1  (LUT1=1)
  Clock Path Skew:        -0.266ns (DCD - SCD + CPR)
    Destination Clock Delay (DCD):    5.467ns = ( 13.467 - 8.000 ) 
    Source Clock Delay      (SCD):    5.906ns
    Clock Pessimism Removal (CPR):    0.173ns
  Clock Uncertainty:      0.189ns  ((TSJ^2 + DJ^2)^1/2) / 2 + PE
    Total System Jitter     (TSJ):    0.071ns
    Discrete Jitter          (DJ):    0.118ns
    Phase Error              (PE):    0.120ns

    Location             Delay type                Incr(ns)  Path(ns)    Netlist Resource(s)
  -------------------------------------------------------------------    -------------------
                         (clock pll_adc_clk rise edge)
                                                      0.000     0.000 r  
    U18                                               0.000     0.000 r  adc_clk_i[1] (IN)
                         net (fo=0)                   0.000     0.000    adc_clk_i[1]
    U18                  IBUFDS (Prop_ibufds_I_O)     0.983     0.983 r  i_clk/O
                         net (fo=1, routed)           1.306     2.289    pll/clk
    PLLE2_ADV_X0Y0       PLLE2_ADV (Prop_plle2_adv_CLKIN1_CLKOUT0)
                                                      0.089     2.378 r  pll/pll/CLKOUT0
                         net (fo=1, routed)           1.754     4.132    pll_adc_clk
    BUFGCTRL_X0Y0        BUFG (Prop_bufg_I_O)         0.101     4.233 r  bufg_adc_clk/O
                         net (fo=7985, routed)        1.673     5.906    i_hk/clk_i
    SLICE_X16Y42         FDRE                                         r  i_hk/digital_loop_reg[1]/C
  -------------------------------------------------------------------    -------------------
    SLICE_X16Y42         FDRE (Prop_fdre_C_Q)         0.518     6.424 f  i_hk/digital_loop_reg[1]/Q
                         net (fo=3, routed)           1.472     7.896    digital_loop[1]
    SLICE_X36Y43         LUT1 (Prop_lut1_I0_O)        0.124     8.020 r  dac_dat_b[13]_i_1/O
                         net (fo=28, routed)          1.524     9.544    p_0_in
    SLICE_X43Y48         FDSE                                         r  dac_dat_a_reg[5]/S
  -------------------------------------------------------------------    -------------------

                         (clock pll_dac_clk_1x rise edge)
                                                      8.000     8.000 r  
    U18                                               0.000     8.000 r  adc_clk_i[1] (IN)
                         net (fo=0)                   0.000     8.000    adc_clk_i[1]
    U18                  IBUFDS (Prop_ibufds_I_O)     0.940     8.940 r  i_clk/O
                         net (fo=1, routed)           1.181    10.121    pll/clk
    PLLE2_ADV_X0Y0       PLLE2_ADV (Prop_plle2_adv_CLKIN1_CLKOUT1)
                                                      0.084    10.205 r  pll/pll/CLKOUT1
                         net (fo=1, routed)           1.594    11.799    pll_dac_clk_1x
    BUFGCTRL_X0Y4        BUFG (Prop_bufg_I_O)         0.091    11.890 r  bufg_dac_clk_1x/O
                         net (fo=45, routed)          1.577    13.467    dac_clk_1x
    SLICE_X43Y48         FDSE                                         r  dac_dat_a_reg[5]/C
                         clock pessimism              0.173    13.641    
                         clock uncertainty           -0.189    13.452    
    SLICE_X43Y48         FDSE (Setup_fdse_C_S)       -0.429    13.023    dac_dat_a_reg[5]
  -------------------------------------------------------------------
                         required time                         13.023    
                         arrival time                          -9.544    
  -------------------------------------------------------------------
                         slack                                  3.479    





Min Delay Paths
--------------------------------------------------------------------------------------
Slack (MET) :             0.247ns  (arrival time - required time)
  Source:                 rst_cnt_reg[6]/C
                            (rising edge-triggered cell FDRE clocked by pll_adc_clk  {rise@0.000ns fall@4.000ns period=8.000ns})
  Destination:            dac_rst_reg/D
                            (rising edge-triggered cell FDRE clocked by pll_dac_clk_1x  {rise@0.000ns fall@4.000ns period=8.000ns})
  Path Group:             pll_dac_clk_1x
  Path Type:              Hold (Min at Fast Process Corner)
  Requirement:            0.000ns  (pll_dac_clk_1x rise@0.000ns - pll_adc_clk rise@0.000ns)
  Data Path Delay:        0.816ns  (logic 0.209ns (25.604%)  route 0.607ns (74.396%))
  Logic Levels:           1  (LUT3=1)
  Clock Path Skew:        0.322ns (DCD - SCD - CPR)
    Destination Clock Delay (DCD):    2.400ns
    Source Clock Delay      (SCD):    2.003ns
    Clock Pessimism Removal (CPR):    0.075ns
  Clock Uncertainty:      0.189ns  ((TSJ^2 + DJ^2)^1/2) / 2 + PE
    Total System Jitter     (TSJ):    0.071ns
    Discrete Jitter          (DJ):    0.118ns
    Phase Error              (PE):    0.120ns

    Location             Delay type                Incr(ns)  Path(ns)    Netlist Resource(s)
  -------------------------------------------------------------------    -------------------
                         (clock pll_adc_clk rise edge)
                                                      0.000     0.000 r  
    U18                                               0.000     0.000 r  adc_clk_i[1] (IN)
                         net (fo=0)                   0.000     0.000    adc_clk_i[1]
    U18                  IBUFDS (Prop_ibufds_I_O)     0.401     0.401 r  i_clk/O
                         net (fo=1, routed)           0.440     0.842    pll/clk
    PLLE2_ADV_X0Y0       PLLE2_ADV (Prop_plle2_adv_CLKIN1_CLKOUT0)
                                                      0.051     0.893 r  pll/pll/CLKOUT0
                         net (fo=1, routed)           0.497     1.390    pll_adc_clk
    BUFGCTRL_X0Y0        BUFG (Prop_bufg_I_O)         0.026     1.416 r  bufg_adc_clk/O
                         net (fo=7985, routed)        0.588     2.003    adc_clk
    SLICE_X42Y36         FDRE                                         r  rst_cnt_reg[6]/C
  -------------------------------------------------------------------    -------------------
    SLICE_X42Y36         FDRE (Prop_fdre_C_Q)         0.164     2.167 r  rst_cnt_reg[6]/Q
                         net (fo=3, routed)           0.137     2.304    rst_cnt[6]
    SLICE_X41Y36         LUT3 (Prop_lut3_I1_O)        0.045     2.349 r  dac_rst_i_1/O
                         net (fo=1, routed)           0.470     2.819    dac_rst_reg0
    SLICE_X42Y57         FDRE                                         r  dac_rst_reg/D
  -------------------------------------------------------------------    -------------------

                         (clock pll_dac_clk_1x rise edge)
                                                      0.000     0.000 r  
    U18                                               0.000     0.000 r  adc_clk_i[1] (IN)
                         net (fo=0)                   0.000     0.000    adc_clk_i[1]
    U18                  IBUFDS (Prop_ibufds_I_O)     0.433     0.433 r  i_clk/O
                         net (fo=1, routed)           0.481     0.914    pll/clk
    PLLE2_ADV_X0Y0       PLLE2_ADV (Prop_plle2_adv_CLKIN1_CLKOUT1)
                                                      0.054     0.968 r  pll/pll/CLKOUT1
                         net (fo=1, routed)           0.544     1.512    pll_dac_clk_1x
    BUFGCTRL_X0Y4        BUFG (Prop_bufg_I_O)         0.029     1.541 r  bufg_dac_clk_1x/O
                         net (fo=45, routed)          0.859     2.400    dac_clk_1x
    SLICE_X42Y57         FDRE                                         r  dac_rst_reg/C
                         clock pessimism             -0.075     2.325    
                         clock uncertainty            0.189     2.514    
    SLICE_X42Y57         FDRE (Hold_fdre_C_D)         0.059     2.573    dac_rst_reg
  -------------------------------------------------------------------
                         required time                         -2.573    
                         arrival time                           2.819    
  -------------------------------------------------------------------
                         slack                                  0.247    





---------------------------------------------------------------------------------------------------
From Clock:  pll_adc_clk
  To Clock:  clk_fpga_0

Setup :            0  Failing Endpoints,  Worst Slack        1.119ns,  Total Violation        0.000ns
Hold  :            0  Failing Endpoints,  Worst Slack        0.947ns,  Total Violation        0.000ns
---------------------------------------------------------------------------------------------------


Max Delay Paths
--------------------------------------------------------------------------------------
Slack (MET) :             1.119ns  (required time - arrival time)
  Source:                 i_mca/sys_rdata_reg[26]/C
                            (rising edge-triggered cell FDRE clocked by pll_adc_clk  {rise@0.000ns fall@4.000ns period=8.000ns})
  Destination:            ps/axi_slave_gp0/axi\\.RDATA_reg[26]/D
                            (rising edge-triggered cell FDRE clocked by clk_fpga_0  {rise@0.000ns fall@4.000ns period=8.000ns})
  Path Group:             clk_fpga_0
  Path Type:              Setup (Max at Slow Process Corner)
  Requirement:            8.000ns  (clk_fpga_0 rise@8.000ns - pll_adc_clk rise@0.000ns)
  Data Path Delay:        3.556ns  (logic 1.230ns (34.587%)  route 2.326ns (65.413%))
  Logic Levels:           3  (LUT2=1 LUT6=1 MUXF7=1)
  Clock Path Skew:        -3.203ns (DCD - SCD + CPR)
    Destination Clock Delay (DCD):    2.697ns = ( 10.698 - 8.000 ) 
    Source Clock Delay      (SCD):    5.900ns
    Clock Pessimism Removal (CPR):    0.000ns
  Clock Uncertainty:      0.235ns  ((TSJ^2 + TIJ^2 + DJ^2)^1/2) / 2 + PE
    Total System Jitter     (TSJ):    0.071ns
    Total Input Jitter      (TIJ):    0.240ns
    Discrete Jitter          (DJ):    0.118ns
    Phase Error              (PE):    0.097ns
  Clock Domain Crossing:  Inter clock paths are considered valid unless explicitly excluded by timing constraints such as set_clock_groups or set_false_path.

    Location             Delay type                Incr(ns)  Path(ns)    Netlist Resource(s)
  -------------------------------------------------------------------    -------------------
                         (clock pll_adc_clk rise edge)
                                                      0.000     0.000 r  
    U18                                               0.000     0.000 r  adc_clk_i[1] (IN)
                         net (fo=0)                   0.000     0.000    adc_clk_i[1]
    U18                  IBUFDS (Prop_ibufds_I_O)     0.983     0.983 r  i_clk/O
                         net (fo=1, routed)           1.306     2.289    pll/clk
    PLLE2_ADV_X0Y0       PLLE2_ADV (Prop_plle2_adv_CLKIN1_CLKOUT0)
                                                      0.089     2.378 r  pll/pll/CLKOUT0
                         net (fo=1, routed)           1.754     4.132    pll_adc_clk
    BUFGCTRL_X0Y0        BUFG (Prop_bufg_I_O)         0.101     4.233 r  bufg_adc_clk/O
                         net (fo=7985, routed)        1.667     5.900    i_mca/adc_clk_i
    SLICE_X12Y61         FDRE                                         r  i_mca/sys_rdata_reg[26]/C
  -------------------------------------------------------------------    -------------------
    SLICE_X12Y61         FDRE (Prop_fdre_C_Q)         0.518     6.418 r  i_mca/sys_rdata_reg[26]/Q
                         net (fo=1, routed)           1.360     7.778    sys_bus_interconnect/for_bus[7].inst_sys_bus_cdc/bus_m\\.rdata[26]
    SLICE_X12Y44         LUT2 (Prop_lut2_I0_O)        0.150     7.928 r  sys_bus_interconnect/for_bus[7].inst_sys_bus_cdc/bus_s\\.rdata[26]_INST_0/O
                         net (fo=1, routed)           0.967     8.894    sys_bus_interconnect/bus_int_i\\.rdata[26]
    SLICE_X12Y40         LUT6 (Prop_lut6_I0_O)        0.348     9.242 r  sys_bus_interconnect/bus_m\\.rdata[26]_INST_0_i_2/O
                         net (fo=1, routed)           0.000     9.242    sys_bus_interconnect/bus_m\\.rdata[26]_INST_0_i_2_n_0
    SLICE_X12Y40         MUXF7 (Prop_muxf7_I1_O)      0.214     9.456 r  sys_bus_interconnect/bus_m\\.rdata[26]_INST_0/O
                         net (fo=1, routed)           0.000     9.456    ps/axi_slave_gp0/bus\\.rdata[26]
    SLICE_X12Y40         FDRE                                         r  ps/axi_slave_gp0/axi\\.RDATA_reg[26]/D
  -------------------------------------------------------------------    -------------------

                         (clock clk_fpga_0 rise edge)
                                                      8.000     8.000 r  
    PS7_X0Y0             PS7                          0.000     8.000 r  ps/system_i/processing_system7/inst/PS7_i/FCLKCLK[0]
                         net (fo=1, routed)           1.101     9.101    ps/lopt
    BUFGCTRL_X0Y2        BUFG (Prop_bufg_I_O)         0.091     9.192 r  ps/fclk_buf[0]/O
                         net (fo=236, routed)         1.505    10.697    ps/axi_slave_gp0/axi\\.ACLK
    SLICE_X12Y40         FDRE                                         r  ps/axi_slave_gp0/axi\\.RDATA_reg[26]/C
                         clock pessimism              0.000    10.697    
                         clock uncertainty           -0.235    10.462    
    SLICE_X12Y40         FDRE (Setup_fdre_C_D)        0.113    10.575    ps/axi_slave_gp0/axi\\.RDATA_reg[26]
  -------------------------------------------------------------------
                         required time                         10.575    
                         arrival time                          -9.456    
  -------------------------------------------------------------------
                         slack                                  1.119    





Min Delay Paths
--------------------------------------------------------------------------------------
Slack (MET) :             0.947ns  (arrival time - required time)
  Source:                 i_hk/sys_rdata_reg[27]/C
                            (rising edge-triggered cell FDRE clocked by pll_adc_clk  {rise@0.000ns fall@4.000ns period=8.000ns})
  Destination:            ps/axi_slave_gp0/axi\\.RDATA_reg[27]/D
                            (rising edge-triggered cell FDRE clocked by clk_fpga_0  {rise@0.000ns fall@4.000ns period=8.000ns})
  Path Group:             clk_fpga_0
  Path Type:              Hold (Min at Fast Process Corner)
  Requirement:            0.000ns  (clk_fpga_0 rise@0.000ns - pll_adc_clk rise@0.000ns)
  Data Path Delay:        0.539ns  (logic 0.293ns (54.353%)  route 0.246ns (45.647%))
  Logic Levels:           3  (LUT2=1 LUT6=1 MUXF7=1)
  Clock Path Skew:        -0.777ns (DCD - SCD - CPR)
    Destination Clock Delay (DCD):    1.203ns
    Source Clock Delay      (SCD):    1.980ns
    Clock Pessimism Removal (CPR):    -0.000ns
  Clock Uncertainty:      0.235ns  ((TSJ^2 + TIJ^2 + DJ^2)^1/2) / 2 + PE
    Total System Jitter     (TSJ):    0.071ns
    Total Input Jitter      (TIJ):    0.240ns
    Discrete Jitter          (DJ):    0.118ns
    Phase Error              (PE):    0.097ns
  Clock Domain Crossing:  Inter clock paths are considered valid unless explicitly excluded by timing constraints such as set_clock_groups or set_false_path.

    Location             Delay type                Incr(ns)  Path(ns)    Netlist Resource(s)
  -------------------------------------------------------------------    -------------------
                         (clock pll_adc_clk rise edge)
                                                      0.000     0.000 r  
    U18                                               0.000     0.000 r  adc_clk_i[1] (IN)
                         net (fo=0)                   0.000     0.000    adc_clk_i[1]
    U18                  IBUFDS (Prop_ibufds_I_O)     0.401     0.401 r  i_clk/O
                         net (fo=1, routed)           0.440     0.842    pll/clk
    PLLE2_ADV_X0Y0       PLLE2_ADV (Prop_plle2_adv_CLKIN1_CLKOUT0)
                                                      0.051     0.893 r  pll/pll/CLKOUT0
                         net (fo=1, routed)           0.497     1.390    pll_adc_clk
    BUFGCTRL_X0Y0        BUFG (Prop_bufg_I_O)         0.026     1.416 r  bufg_adc_clk/O
                         net (fo=7985, routed)        0.565     1.980    i_hk/clk_i
    SLICE_X11Y41         FDRE                                         r  i_hk/sys_rdata_reg[27]/C
  -------------------------------------------------------------------    -------------------
    SLICE_X11Y41         FDRE (Prop_fdre_C_Q)         0.141     2.121 r  i_hk/sys_rdata_reg[27]/Q
                         net (fo=1, routed)           0.192     2.313    sys_bus_interconnect/for_bus[0].inst_sys_bus_cdc/bus_m\\.rdata[27]
    SLICE_X10Y40         LUT2 (Prop_lut2_I0_O)        0.045     2.358 r  sys_bus_interconnect/for_bus[0].inst_sys_bus_cdc/bus_s\\.rdata[27]_INST_0/O
                         net (fo=1, routed)           0.054     2.412    sys_bus_interconnect/p_69_out[27]
    SLICE_X10Y40         LUT6 (Prop_lut6_I5_O)        0.045     2.457 r  sys_bus_interconnect/bus_m\\.rdata[27]_INST_0_i_1/O
                         net (fo=1, routed)           0.000     2.457    sys_bus_interconnect/bus_m\\.rdata[27]_INST_0_i_1_n_0
    SLICE_X10Y40         MUXF7 (Prop_muxf7_I0_O)      0.062     2.519 r  sys_bus_interconnect/bus_m\\.rdata[27]_INST_0/O
                         net (fo=1, routed)           0.000     2.519    ps/axi_slave_gp0/bus\\.rdata[27]
    SLICE_X10Y40         FDRE                                         r  ps/axi_slave_gp0/axi\\.RDATA_reg[27]/D
  -------------------------------------------------------------------    -------------------

                         (clock clk_fpga_0 rise edge)
                                                      0.000     0.000 r  
    PS7_X0Y0             PS7                          0.000     0.000 r  ps/system_i/processing_system7/inst/PS7_i/FCLKCLK[0]
                         net (fo=1, routed)           0.341     0.341    ps/lopt
    BUFGCTRL_X0Y2        BUFG (Prop_bufg_I_O)         0.029     0.370 r  ps/fclk_buf[0]/O
                         net (fo=236, routed)         0.833     1.203    ps/axi_slave_gp0/axi\\.ACLK
    SLICE_X10Y40         FDRE                                         r  ps/axi_slave_gp0/axi\\.RDATA_reg[27]/C
                         clock pessimism              0.000     1.203    
                         clock uncertainty            0.235     1.438    
    SLICE_X10Y40         FDRE (Hold_fdre_C_D)         0.134     1.572    ps/axi_slave_gp0/axi\\.RDATA_reg[27]
  -------------------------------------------------------------------
                         required time                         -1.572    
                         arrival time                           2.519    
  -------------------------------------------------------------------
                         slack                                  0.947    





