Copyright 1986-2020 Xilinx, Inc. All Rights Reserved.
----------------------------------------------------------------------------------------------------------------
| Tool Version : Vivado v.2020.1 (lin64) Build 2902540 Wed May 27 19:54:35 MDT 2020
| Date         : Sun Aug  9 01:16:38 2026
| Host         : LoloVictus running 64-bit Ubuntu 20.04.3 LTS
| Command      : report_timing -file out/post_route_timing.rpt -sort_by group -max_paths 100 -path_type summary
| Design       : mca_red_pitaya_top
| Device       : 7z010-clg400
| Speed File   : -1  PRODUCTION 1.12 2019-11-22
----------------------------------------------------------------------------------------------------------------

Timing Report

Startpoint                     Endpoint                       Slack(ns)     
----------------------------------------------------------------------------
ps/system_i/axi_protocol_converter_0/inst/gen_axilite.gen_b2s_conv.axilite_b2s/WR.aw_channel_0/aw_cmd_fsm_0/FSM_sequential_state_reg[0]/C
                               ps/system_i/axi_protocol_converter_0/inst/gen_axilite.gen_b2s_conv.axilite_b2s/WR.aw_channel_0/cmd_translator_0/wrap_cmd_0/wrap_cnt_r_reg[3]/D
                                                              -0.114        
i_mca/i_feat/q_tot_reg[30]/C   i_mca/i_feat/cnt_rej_amp_o_reg[10]/CE
                                                              -0.057        
i_mca/i_feat/q_tot_reg[30]/C   i_mca/i_feat/cnt_rej_amp_o_reg[11]/CE
                                                              -0.057        
i_mca/i_feat/q_tot_reg[30]/C   i_mca/i_feat/cnt_rej_amp_o_reg[8]/CE
                                                              -0.057        
i_mca/i_feat/q_tot_reg[30]/C   i_mca/i_feat/cnt_rej_amp_o_reg[9]/CE
                                                              -0.057        
i_mca/i_feat/q_tot_reg[30]/C   i_mca/i_feat/cnt_rej_amp_o_reg[0]/CE
                                                              -0.056        
i_mca/i_feat/q_tot_reg[30]/C   i_mca/i_feat/cnt_rej_amp_o_reg[1]/CE
                                                              -0.056        
i_mca/i_feat/q_tot_reg[30]/C   i_mca/i_feat/cnt_rej_amp_o_reg[2]/CE
                                                              -0.056        
i_mca/i_feat/q_tot_reg[30]/C   i_mca/i_feat/cnt_rej_amp_o_reg[3]/CE
                                                              -0.056        
ps/system_i/axi_protocol_converter_0/inst/gen_axilite.gen_b2s_conv.axilite_b2s/SI_REG/aw.aw_pipe/m_payload_i_reg[5]/C
                               ps/system_i/xadc/inst/AXI_XADC_CORE_I/alarm_reg_reg[2]/CE
                                                              -0.001        
ps/system_i/axi_protocol_converter_0/inst/gen_axilite.gen_b2s_conv.axilite_b2s/SI_REG/aw.aw_pipe/m_payload_i_reg[5]/C
                               ps/system_i/xadc/inst/AXI_XADC_CORE_I/alarm_reg_reg[4]/CE
                                                              -0.001        
ps/system_i/axi_protocol_converter_0/inst/gen_axilite.gen_b2s_conv.axilite_b2s/SI_REG/aw.aw_pipe/m_payload_i_reg[5]/C
                               ps/system_i/xadc/inst/AXI_XADC_CORE_I/alarm_reg_reg[5]/CE
                                                              -0.001        
ps/system_i/axi_protocol_converter_0/inst/gen_axilite.gen_b2s_conv.axilite_b2s/SI_REG/aw.aw_pipe/m_payload_i_reg[5]/C
                               ps/system_i/xadc/inst/AXI_XADC_CORE_I/alarm_reg_reg[6]/CE
                                                              -0.001        
ps/system_i/axi_protocol_converter_0/inst/gen_axilite.gen_b2s_conv.axilite_b2s/SI_REG/aw.aw_pipe/m_payload_i_reg[5]/C
                               ps/system_i/xadc/inst/AXI_XADC_CORE_I/alarm_reg_reg[7]/CE
                                                              -0.001        
i_mca/i_feat/q_tot_reg[30]/C   i_mca/i_feat/cnt_rej_amp_o_reg[16]/CE
                                                              0.007         
i_mca/i_feat/q_tot_reg[30]/C   i_mca/i_feat/cnt_rej_amp_o_reg[17]/CE
                                                              0.007         
i_mca/i_feat/q_tot_reg[30]/C   i_mca/i_feat/cnt_rej_amp_o_reg[18]/CE
                                                              0.007         
i_mca/i_feat/q_tot_reg[30]/C   i_mca/i_feat/cnt_rej_amp_o_reg[19]/CE
                                                              0.007         
i_mca/i_feat/q_tot_reg[30]/C   i_mca/i_feat/cnt_rej_amp_o_reg[12]/CE
                                                              0.008         
i_mca/i_feat/q_tot_reg[30]/C   i_mca/i_feat/cnt_rej_amp_o_reg[13]/CE
                                                              0.008         
i_mca/i_feat/q_tot_reg[30]/C   i_mca/i_feat/cnt_rej_amp_o_reg[14]/CE
                                                              0.008         
i_mca/i_feat/q_tot_reg[30]/C   i_mca/i_feat/cnt_rej_amp_o_reg[15]/CE
                                                              0.008         
ps/system_i/axi_protocol_converter_0/inst/gen_axilite.gen_b2s_conv.axilite_b2s/RD.ar_channel_0/ar_cmd_fsm_0/FSM_sequential_state_reg[1]/C
                               ps/system_i/xadc/inst/INTR_CTRLR_GEN_I.INTERRUPT_CONTROL_I/ip_irpt_enable_reg_reg[13]/CE
                                                              0.012         
ps/system_i/axi_protocol_converter_0/inst/gen_axilite.gen_b2s_conv.axilite_b2s/WR.aw_channel_0/cmd_translator_0/incr_cmd_0/axlen_cnt_reg[4]/C
                               ps/system_i/axi_protocol_converter_0/inst/gen_axilite.gen_b2s_conv.axilite_b2s/WR.aw_channel_0/cmd_translator_0/s_axburst_eq1_reg/D
                                                              0.043         
ps/system_i/axi_protocol_converter_0/inst/gen_axilite.gen_b2s_conv.axilite_b2s/RD.ar_channel_0/ar_cmd_fsm_0/FSM_sequential_state_reg[1]/C
                               ps/system_i/xadc/inst/INTR_CTRLR_GEN_I.INTERRUPT_CONTROL_I/DO_IRPT_INPUT[0].GEN_POS_EDGE_DETECT.irpt_dly2_reg/CE
                                                              0.048         
ps/system_i/axi_protocol_converter_0/inst/gen_axilite.gen_b2s_conv.axilite_b2s/RD.ar_channel_0/ar_cmd_fsm_0/FSM_sequential_state_reg[1]/C
                               ps/system_i/xadc/inst/INTR_CTRLR_GEN_I.INTERRUPT_CONTROL_I/ip_irpt_enable_reg_reg[0]/CE
                                                              0.053         
ps/system_i/axi_protocol_converter_0/inst/gen_axilite.gen_b2s_conv.axilite_b2s/RD.ar_channel_0/ar_cmd_fsm_0/FSM_sequential_state_reg[1]/C
                               ps/system_i/xadc/inst/INTR_CTRLR_GEN_I.INTERRUPT_CONTROL_I/ip_irpt_enable_reg_reg[15]/CE
                                                              0.053         
ps/system_i/axi_protocol_converter_0/inst/gen_axilite.gen_b2s_conv.axilite_b2s/WR.b_channel_0/bid_fifo_0/cnt_read_reg[1]/C
                               ps/system_i/axi_protocol_converter_0/inst/gen_axilite.gen_b2s_conv.axilite_b2s/WR.aw_channel_0/cmd_translator_0/incr_cmd_0/axaddr_incr_reg[9]/D
                                                              0.064         
i_mca/g_hist_2d.i_hist_2d/a2_reg[2]/C
                               i_mca/g_hist_2d.i_hist_2d/wdata2_reg[29]/D
                                                              0.079         
i_mca/g_hist_2d.i_hist_2d/a2_reg[2]/C
                               i_mca/g_hist_2d.i_hist_2d/wdata2_reg[31]/D
                                                              0.087         
i_mca/i_feat/q_tot_reg[30]/C   i_mca/i_feat/cnt_rej_amp_o_reg[4]/CE
                                                              0.102         
i_mca/i_feat/q_tot_reg[30]/C   i_mca/i_feat/cnt_rej_amp_o_reg[5]/CE
                                                              0.102         
i_mca/i_feat/q_tot_reg[30]/C   i_mca/i_feat/cnt_rej_amp_o_reg[6]/CE
                                                              0.102         
i_mca/i_feat/q_tot_reg[30]/C   i_mca/i_feat/cnt_rej_amp_o_reg[7]/CE
                                                              0.102         
ps/system_i/axi_protocol_converter_0/inst/gen_axilite.gen_b2s_conv.axilite_b2s/SI_REG/aw.aw_pipe/m_payload_i_reg[5]/C
                               ps/system_i/xadc/inst/AXI_XADC_CORE_I/status_reg_reg[0]/CE
                                                              0.115         
ps/system_i/axi_protocol_converter_0/inst/gen_axilite.gen_b2s_conv.axilite_b2s/SI_REG/aw.aw_pipe/m_payload_i_reg[5]/C
                               ps/system_i/xadc/inst/AXI_XADC_CORE_I/status_reg_reg[10]/CE
                                                              0.115         
ps/system_i/axi_protocol_converter_0/inst/gen_axilite.gen_b2s_conv.axilite_b2s/SI_REG/aw.aw_pipe/m_payload_i_reg[5]/C
                               ps/system_i/xadc/inst/AXI_XADC_CORE_I/status_reg_reg[1]/CE
                                                              0.115         
ps/system_i/axi_protocol_converter_0/inst/gen_axilite.gen_b2s_conv.axilite_b2s/SI_REG/aw.aw_pipe/m_payload_i_reg[5]/C
                               ps/system_i/xadc/inst/AXI_XADC_CORE_I/status_reg_reg[2]/CE
                                                              0.115         
ps/system_i/axi_protocol_converter_0/inst/gen_axilite.gen_b2s_conv.axilite_b2s/SI_REG/aw.aw_pipe/m_payload_i_reg[5]/C
                               ps/system_i/xadc/inst/AXI_XADC_CORE_I/status_reg_reg[3]/CE
                                                              0.115         
ps/system_i/axi_protocol_converter_0/inst/gen_axilite.gen_b2s_conv.axilite_b2s/SI_REG/aw.aw_pipe/m_payload_i_reg[5]/C
                               ps/system_i/xadc/inst/AXI_XADC_CORE_I/status_reg_reg[4]/CE
                                                              0.115         
ps/system_i/axi_protocol_converter_0/inst/gen_axilite.gen_b2s_conv.axilite_b2s/SI_REG/aw.aw_pipe/m_payload_i_reg[5]/C
                               ps/system_i/xadc/inst/AXI_XADC_CORE_I/status_reg_reg[7]/CE
                                                              0.115         
ps/system_i/axi_protocol_converter_0/inst/gen_axilite.gen_b2s_conv.axilite_b2s/SI_REG/aw.aw_pipe/m_payload_i_reg[5]/C
                               ps/system_i/xadc/inst/AXI_XADC_CORE_I/status_reg_reg[8]/CE
                                                              0.115         
ps/system_i/axi_protocol_converter_0/inst/gen_axilite.gen_b2s_conv.axilite_b2s/SI_REG/ar.ar_pipe/m_payload_i_reg[3]/C
                               ps/system_i/axi_protocol_converter_0/inst/gen_axilite.gen_b2s_conv.axilite_b2s/RD.ar_channel_0/cmd_translator_0/wrap_cmd_0/wrap_cnt_r_reg[0]/CE
                                                              0.133         
ps/system_i/axi_protocol_converter_0/inst/gen_axilite.gen_b2s_conv.axilite_b2s/SI_REG/ar.ar_pipe/m_payload_i_reg[3]/C
                               ps/system_i/axi_protocol_converter_0/inst/gen_axilite.gen_b2s_conv.axilite_b2s/RD.ar_channel_0/cmd_translator_0/wrap_cmd_0/wrap_cnt_r_reg[1]/CE
                                                              0.133         
ps/system_i/axi_protocol_converter_0/inst/gen_axilite.gen_b2s_conv.axilite_b2s/SI_REG/ar.ar_pipe/m_payload_i_reg[3]/C
                               ps/system_i/axi_protocol_converter_0/inst/gen_axilite.gen_b2s_conv.axilite_b2s/RD.ar_channel_0/cmd_translator_0/wrap_cmd_0/wrap_cnt_r_reg[2]/CE
                                                              0.133         
ps/system_i/axi_protocol_converter_0/inst/gen_axilite.gen_b2s_conv.axilite_b2s/WR.b_channel_0/bid_fifo_0/cnt_read_reg[1]/C
                               ps/system_i/axi_protocol_converter_0/inst/gen_axilite.gen_b2s_conv.axilite_b2s/WR.aw_channel_0/cmd_translator_0/incr_cmd_0/axaddr_incr_reg[10]/D
                                                              0.138         
ps/system_i/axi_protocol_converter_0/inst/gen_axilite.gen_b2s_conv.axilite_b2s/SI_REG/aw.aw_pipe/m_payload_i_reg[5]/C
                               ps/system_i/xadc/inst/AXI_XADC_CORE_I/alarm_reg_reg[0]/CE
                                                              0.141         
ps/system_i/axi_protocol_converter_0/inst/gen_axilite.gen_b2s_conv.axilite_b2s/SI_REG/aw.aw_pipe/m_payload_i_reg[5]/C
                               ps/system_i/xadc/inst/AXI_XADC_CORE_I/alarm_reg_reg[1]/CE
                                                              0.141         
ps/system_i/axi_protocol_converter_0/inst/gen_axilite.gen_b2s_conv.axilite_b2s/SI_REG/aw.aw_pipe/m_payload_i_reg[5]/C
                               ps/system_i/xadc/inst/AXI_XADC_CORE_I/alarm_reg_reg[3]/CE
                                                              0.141         
ps/system_i/axi_protocol_converter_0/inst/gen_axilite.gen_b2s_conv.axilite_b2s/SI_REG/aw.aw_pipe/m_payload_i_reg[5]/C
                               ps/system_i/xadc/inst/AXI_XADC_CORE_I/alarm_reg_reg[8]/CE
                                                              0.141         
ps/system_i/axi_protocol_converter_0/inst/gen_axilite.gen_b2s_conv.axilite_b2s/WR.b_channel_0/bid_fifo_0/cnt_read_reg[1]/C
                               ps/system_i/axi_protocol_converter_0/inst/gen_axilite.gen_b2s_conv.axilite_b2s/WR.aw_channel_0/cmd_translator_0/incr_cmd_0/axaddr_incr_reg[8]/D
                                                              0.143         
i_mca/i_feat/q_tot_reg[30]/C   i_mca/i_feat/cnt_rej_amp_o_reg[24]/CE
                                                              0.148         
i_mca/i_feat/q_tot_reg[30]/C   i_mca/i_feat/cnt_rej_amp_o_reg[25]/CE
                                                              0.148         
i_mca/i_feat/q_tot_reg[30]/C   i_mca/i_feat/cnt_rej_amp_o_reg[26]/CE
                                                              0.148         
i_mca/i_feat/q_tot_reg[30]/C   i_mca/i_feat/cnt_rej_amp_o_reg[27]/CE
                                                              0.148         
i_mca/i_feat/q_tot_reg[30]/C   i_mca/i_feat/cnt_rej_amp_o_reg[20]/CE
                                                              0.152         
i_mca/i_feat/q_tot_reg[30]/C   i_mca/i_feat/cnt_rej_amp_o_reg[21]/CE
                                                              0.152         
i_mca/i_feat/q_tot_reg[30]/C   i_mca/i_feat/cnt_rej_amp_o_reg[22]/CE
                                                              0.152         
i_mca/i_feat/q_tot_reg[30]/C   i_mca/i_feat/cnt_rej_amp_o_reg[23]/CE
                                                              0.152         
i_mca/g_hist_h.i_hist_h/mem_reg_1/CLKBWRCLK
                               i_mca/g_hist_h.i_hist_h/wdata2_reg[29]/D
                                                              0.159         
i_mca/g_hist_2d.i_hist_2d/a2_reg[2]/C
                               i_mca/g_hist_2d.i_hist_2d/wdata2_reg[30]/D
                                                              0.163         
ps/system_i/axi_protocol_converter_0/inst/gen_axilite.gen_b2s_conv.axilite_b2s/WR.b_channel_0/bid_fifo_0/cnt_read_reg[1]/C
                               ps/system_i/axi_protocol_converter_0/inst/gen_axilite.gen_b2s_conv.axilite_b2s/WR.aw_channel_0/cmd_translator_0/incr_cmd_0/axlen_cnt_reg[4]/CE
                                                              0.164         
ps/system_i/axi_protocol_converter_0/inst/gen_axilite.gen_b2s_conv.axilite_b2s/WR.b_channel_0/bid_fifo_0/cnt_read_reg[1]/C
                               ps/system_i/axi_protocol_converter_0/inst/gen_axilite.gen_b2s_conv.axilite_b2s/WR.aw_channel_0/cmd_translator_0/incr_cmd_0/axlen_cnt_reg[5]/CE
                                                              0.164         
ps/system_i/axi_protocol_converter_0/inst/gen_axilite.gen_b2s_conv.axilite_b2s/WR.b_channel_0/bid_fifo_0/cnt_read_reg[1]/C
                               ps/system_i/axi_protocol_converter_0/inst/gen_axilite.gen_b2s_conv.axilite_b2s/WR.aw_channel_0/cmd_translator_0/incr_cmd_0/axlen_cnt_reg[6]/CE
                                                              0.164         
ps/system_i/axi_protocol_converter_0/inst/gen_axilite.gen_b2s_conv.axilite_b2s/WR.b_channel_0/bid_fifo_0/cnt_read_reg[1]/C
                               ps/system_i/axi_protocol_converter_0/inst/gen_axilite.gen_b2s_conv.axilite_b2s/WR.aw_channel_0/cmd_translator_0/incr_cmd_0/axlen_cnt_reg[7]/CE
                                                              0.164         
pdm/for_chn[1].acu_reg[1]/C    pdm/for_chn[1].pdm_reg[1]/D    0.168         
ps/system_i/axi_protocol_converter_0/inst/gen_axilite.gen_b2s_conv.axilite_b2s/WR.b_channel_0/bid_fifo_0/cnt_read_reg[1]/C
                               ps/system_i/axi_protocol_converter_0/inst/gen_axilite.gen_b2s_conv.axilite_b2s/WR.aw_channel_0/cmd_translator_0/incr_cmd_0/axaddr_incr_reg[11]/D
                                                              0.171         
ps/system_i/axi_protocol_converter_0/inst/gen_axilite.gen_b2s_conv.axilite_b2s/SI_REG/aw.aw_pipe/m_payload_i_reg[5]/C
                               ps/system_i/xadc/inst/AXI_XADC_CORE_I/do_reg_reg[12]/CE
                                                              0.176         
i_mca/g_hist_h.i_hist_h/mem_reg_1/CLKBWRCLK
                               i_mca/g_hist_h.i_hist_h/wdata2_reg[31]/D
                                                              0.180         
i_mca/g_hist_2d.i_hist_2d/a2_reg[2]/C
                               i_mca/g_hist_2d.i_hist_2d/wdata2_reg[28]/D
                                                              0.183         
ps/system_i/axi_protocol_converter_0/inst/gen_axilite.gen_b2s_conv.axilite_b2s/SI_REG/ar.ar_pipe/m_payload_i_reg[3]/C
                               ps/system_i/axi_protocol_converter_0/inst/gen_axilite.gen_b2s_conv.axilite_b2s/RD.ar_channel_0/cmd_translator_0/wrap_cmd_0/wrap_cnt_r_reg[3]/D
                                                              0.191         
ps/system_i/axi_protocol_converter_0/inst/gen_axilite.gen_b2s_conv.axilite_b2s/WR.aw_channel_0/aw_cmd_fsm_0/FSM_sequential_state_reg[0]/C
                               ps/system_i/axi_protocol_converter_0/inst/gen_axilite.gen_b2s_conv.axilite_b2s/WR.aw_channel_0/cmd_translator_0/wrap_cmd_0/wrap_second_len_r_reg[0]/D
                                                              0.195         
i_mca/g_hist_2d.i_hist_2d/a2_reg[2]/C
                               i_mca/g_hist_2d.i_hist_2d/wdata2_reg[25]/D
                                                              0.196         
ps/system_i/axi_protocol_converter_0/inst/gen_axilite.gen_b2s_conv.axilite_b2s/RD.ar_channel_0/ar_cmd_fsm_0/FSM_sequential_state_reg[1]/C
                               ps/system_i/xadc/inst/INTR_CTRLR_GEN_I.INTERRUPT_CONTROL_I/ip_irpt_enable_reg_reg[12]/CE
                                                              0.197         
ps/system_i/axi_protocol_converter_0/inst/gen_axilite.gen_b2s_conv.axilite_b2s/RD.ar_channel_0/ar_cmd_fsm_0/FSM_sequential_state_reg[1]/C
                               ps/system_i/xadc/inst/INTR_CTRLR_GEN_I.INTERRUPT_CONTROL_I/ip_irpt_enable_reg_reg[16]/CE
                                                              0.197         
ps/system_i/axi_protocol_converter_0/inst/gen_axilite.gen_b2s_conv.axilite_b2s/RD.ar_channel_0/ar_cmd_fsm_0/FSM_sequential_state_reg[1]/C
                               ps/system_i/xadc/inst/INTR_CTRLR_GEN_I.INTERRUPT_CONTROL_I/ip_irpt_enable_reg_reg[5]/CE
                                                              0.197         
ps/system_i/axi_protocol_converter_0/inst/gen_axilite.gen_b2s_conv.axilite_b2s/RD.ar_channel_0/ar_cmd_fsm_0/FSM_sequential_state_reg[1]/C
                               ps/system_i/xadc/inst/INTR_CTRLR_GEN_I.INTERRUPT_CONTROL_I/ip_irpt_enable_reg_reg[6]/CE
                                                              0.197         
ps/system_i/axi_protocol_converter_0/inst/gen_axilite.gen_b2s_conv.axilite_b2s/RD.ar_channel_0/ar_cmd_fsm_0/FSM_sequential_state_reg[1]/C
                               ps/system_i/xadc/inst/INTR_CTRLR_GEN_I.INTERRUPT_CONTROL_I/ip_irpt_enable_reg_reg[11]/CE
                                                              0.201         
i_mca/g_hist_2d.i_hist_2d/a2_reg[2]/C
                               i_mca/g_hist_2d.i_hist_2d/wdata2_reg[27]/D
                                                              0.204         
ps/system_i/axi_protocol_converter_0/inst/gen_axilite.gen_b2s_conv.axilite_b2s/WR.b_channel_0/bid_fifo_0/cnt_read_reg[1]/C
                               ps/system_i/axi_protocol_converter_0/inst/gen_axilite.gen_b2s_conv.axilite_b2s/WR.aw_channel_0/cmd_translator_0/incr_cmd_0/axaddr_incr_reg[7]/D
                                                              0.221         
ps/system_i/axi_protocol_converter_0/inst/gen_axilite.gen_b2s_conv.axilite_b2s/RD.ar_channel_0/ar_cmd_fsm_0/FSM_sequential_state_reg[1]/C
                               ps/system_i/xadc/inst/INTR_CTRLR_GEN_I.INTERRUPT_CONTROL_I/ip_irpt_enable_reg_reg[10]/CE
                                                              0.241         
ps/system_i/axi_protocol_converter_0/inst/gen_axilite.gen_b2s_conv.axilite_b2s/RD.ar_channel_0/ar_cmd_fsm_0/FSM_sequential_state_reg[1]/C
                               ps/system_i/xadc/inst/INTR_CTRLR_GEN_I.INTERRUPT_CONTROL_I/ip_irpt_enable_reg_reg[14]/CE
                                                              0.241         
ps/system_i/axi_protocol_converter_0/inst/gen_axilite.gen_b2s_conv.axilite_b2s/RD.ar_channel_0/ar_cmd_fsm_0/FSM_sequential_state_reg[1]/C
                               ps/system_i/xadc/inst/INTR_CTRLR_GEN_I.INTERRUPT_CONTROL_I/ip_irpt_enable_reg_reg[4]/CE
                                                              0.241         
ps/system_i/axi_protocol_converter_0/inst/gen_axilite.gen_b2s_conv.axilite_b2s/RD.ar_channel_0/ar_cmd_fsm_0/FSM_sequential_state_reg[1]/C
                               ps/system_i/xadc/inst/INTR_CTRLR_GEN_I.INTERRUPT_CONTROL_I/ip_irpt_enable_reg_reg[7]/CE
                                                              0.241         
ps/system_i/axi_protocol_converter_0/inst/gen_axilite.gen_b2s_conv.axilite_b2s/RD.ar_channel_0/ar_cmd_fsm_0/FSM_sequential_state_reg[1]/C
                               ps/system_i/xadc/inst/INTR_CTRLR_GEN_I.INTERRUPT_CONTROL_I/ip_irpt_enable_reg_reg[8]/CE
                                                              0.241         
ps/system_i/axi_protocol_converter_0/inst/gen_axilite.gen_b2s_conv.axilite_b2s/WR.b_channel_0/bid_fifo_0/cnt_read_reg[1]/C
                               ps/system_i/axi_protocol_converter_0/inst/gen_axilite.gen_b2s_conv.axilite_b2s/WR.aw_channel_0/cmd_translator_0/incr_cmd_0/axaddr_incr_reg[4]/D
                                                              0.244         
ps/system_i/axi_protocol_converter_0/inst/gen_axilite.gen_b2s_conv.axilite_b2s/RD.ar_channel_0/ar_cmd_fsm_0/FSM_sequential_state_reg[1]/C
                               ps/system_i/xadc/inst/INTR_CTRLR_GEN_I.INTERRUPT_CONTROL_I/ip_irpt_enable_reg_reg[1]/CE
                                                              0.245         
ps/system_i/axi_protocol_converter_0/inst/gen_axilite.gen_b2s_conv.axilite_b2s/RD.ar_channel_0/ar_cmd_fsm_0/FSM_sequential_state_reg[1]/C
                               ps/system_i/xadc/inst/INTR_CTRLR_GEN_I.INTERRUPT_CONTROL_I/ip_irpt_enable_reg_reg[2]/CE
                                                              0.245         
ps/system_i/axi_protocol_converter_0/inst/gen_axilite.gen_b2s_conv.axilite_b2s/RD.ar_channel_0/ar_cmd_fsm_0/FSM_sequential_state_reg[1]/C
                               ps/system_i/xadc/inst/INTR_CTRLR_GEN_I.INTERRUPT_CONTROL_I/ip_irpt_enable_reg_reg[3]/CE
                                                              0.245         
ps/system_i/axi_protocol_converter_0/inst/gen_axilite.gen_b2s_conv.axilite_b2s/RD.ar_channel_0/ar_cmd_fsm_0/FSM_sequential_state_reg[1]/C
                               ps/system_i/xadc/inst/INTR_CTRLR_GEN_I.INTERRUPT_CONTROL_I/ip_irpt_enable_reg_reg[9]/CE
                                                              0.245         
ps/system_i/axi_protocol_converter_0/inst/gen_axilite.gen_b2s_conv.axilite_b2s/RD.ar_channel_0/ar_cmd_fsm_0/FSM_sequential_state_reg[1]/C
                               ps/system_i/xadc/inst/INTR_CTRLR_GEN_I.INTERRUPT_CONTROL_I/GEN_IP_IRPT_STATUS_REG[0].GEN_REG_STATUS.ip_irpt_status_reg_reg[0]/D
                                                              0.248         
i_mca/g_hist_h.i_hist_h/mem_reg_1/CLKBWRCLK
                               i_mca/g_hist_h.i_hist_h/wdata2_reg[30]/D
                                                              0.254         
ps/system_i/axi_protocol_converter_0/inst/gen_axilite.gen_b2s_conv.axilite_b2s/SI_REG/aw.aw_pipe/m_payload_i_reg[5]/C
                               ps/system_i/xadc/inst/AXI_XADC_CORE_I/do_reg_reg[13]/CE
                                                              0.265         
ps/system_i/axi_protocol_converter_0/inst/gen_axilite.gen_b2s_conv.axilite_b2s/SI_REG/aw.aw_pipe/m_payload_i_reg[5]/C
                               ps/system_i/xadc/inst/AXI_XADC_CORE_I/do_reg_reg[14]/CE
                                                              0.265         
ps/system_i/axi_protocol_converter_0/inst/gen_axilite.gen_b2s_conv.axilite_b2s/SI_REG/aw.aw_pipe/m_payload_i_reg[5]/C
                               ps/system_i/xadc/inst/AXI_XADC_CORE_I/do_reg_reg[15]/CE
                                                              0.265         
ps/system_i/axi_protocol_converter_0/inst/gen_axilite.gen_b2s_conv.axilite_b2s/SI_REG/aw.aw_pipe/m_payload_i_reg[5]/C
                               ps/system_i/xadc/inst/AXI_XADC_CORE_I/do_reg_reg[5]/CE
                                                              0.265         
ps/system_i/axi_protocol_converter_0/inst/gen_axilite.gen_b2s_conv.axilite_b2s/SI_REG/aw.aw_pipe/m_payload_i_reg[5]/C
                               ps/system_i/xadc/inst/AXI_XADC_CORE_I/do_reg_reg[6]/CE
                                                              0.265         
ps/system_i/axi_protocol_converter_0/inst/gen_axilite.gen_b2s_conv.axilite_b2s/SI_REG/aw.aw_pipe/m_payload_i_reg[5]/C
                               ps/system_i/xadc/inst/AXI_XADC_CORE_I/do_reg_reg[7]/CE
                                                              0.265         
ps/system_i/axi_protocol_converter_0/inst/gen_axilite.gen_b2s_conv.axilite_b2s/SI_REG/aw.aw_pipe/m_payload_i_reg[5]/C
                               ps/system_i/xadc/inst/AXI_XADC_CORE_I/do_reg_reg[8]/CE
                                                              0.265         
ps/system_i/axi_protocol_converter_0/inst/gen_axilite.gen_b2s_conv.axilite_b2s/SI_REG/aw.aw_pipe/m_payload_i_reg[5]/C
                               ps/system_i/xadc/inst/AXI_XADC_CORE_I/do_reg_reg[9]/CE
                                                              0.265         
ps/system_i/axi_protocol_converter_0/inst/gen_axilite.gen_b2s_conv.axilite_b2s/WR.b_channel_0/bid_fifo_0/cnt_read_reg[1]/C
                               ps/system_i/axi_protocol_converter_0/inst/gen_axilite.gen_b2s_conv.axilite_b2s/WR.aw_channel_0/cmd_translator_0/incr_cmd_0/axlen_cnt_reg[0]/CE
                                                              0.269         
ps/system_i/axi_protocol_converter_0/inst/gen_axilite.gen_b2s_conv.axilite_b2s/WR.b_channel_0/bid_fifo_0/cnt_read_reg[1]/C
                               ps/system_i/axi_protocol_converter_0/inst/gen_axilite.gen_b2s_conv.axilite_b2s/WR.aw_channel_0/cmd_translator_0/incr_cmd_0/axlen_cnt_reg[1]/CE
                                                              0.269         
ps/system_i/axi_protocol_converter_0/inst/gen_axilite.gen_b2s_conv.axilite_b2s/WR.b_channel_0/bid_fifo_0/cnt_read_reg[1]/C
                               ps/system_i/axi_protocol_converter_0/inst/gen_axilite.gen_b2s_conv.axilite_b2s/WR.aw_channel_0/cmd_translator_0/incr_cmd_0/axlen_cnt_reg[2]/CE
                                                              0.269         
i_mca/g_hist_h.i_hist_h/mem_reg_1/CLKBWRCLK
                               i_mca/g_hist_h.i_hist_h/wdata2_reg[28]/D
                                                              0.270         
ps/system_i/axi_protocol_converter_0/inst/gen_axilite.gen_b2s_conv.axilite_b2s/RD.ar_channel_0/ar_cmd_fsm_0/FSM_sequential_state_reg[1]/C
                               ps/system_i/xadc/inst/INTR_CTRLR_GEN_I.INTERRUPT_CONTROL_I/GEN_IP_IRPT_STATUS_REG[14].GEN_REG_STATUS.ip_irpt_status_reg_reg[14]/D
                                                              0.274         
ps/system_i/xadc/inst/INTR_CTRLR_GEN_I.ip2bus_rdack_reg/C
                               ps/system_i/axi_protocol_converter_0/inst/gen_axilite.gen_b2s_conv.axilite_b2s/RD.ar_channel_0/cmd_translator_0/incr_cmd_0/axaddr_incr_reg[5]/D
                                                              0.274         
ps/system_i/xadc/inst/INTR_CTRLR_GEN_I.ip2bus_rdack_reg/C
                               ps/system_i/axi_protocol_converter_0/inst/gen_axilite.gen_b2s_conv.axilite_b2s/RD.ar_channel_0/cmd_translator_0/incr_cmd_0/axaddr_incr_reg[9]/D
                                                              0.274         
i_mca/g_hist_h.i_hist_h/mem_reg_1/CLKBWRCLK
                               i_mca/g_hist_h.i_hist_h/wdata2_reg[25]/D
                                                              0.274         
i_mca/i_feat/q_tot_reg[30]/C   i_mca/i_feat/cnt_rej_amp_o_reg[28]/CE
                                                              0.279         
i_mca/i_feat/q_tot_reg[30]/C   i_mca/i_feat/cnt_rej_amp_o_reg[29]/CE
                                                              0.279         
i_mca/i_feat/q_tot_reg[30]/C   i_mca/i_feat/cnt_rej_amp_o_reg[30]/CE
                                                              0.279         
i_mca/i_feat/q_tot_reg[30]/C   i_mca/i_feat/cnt_rej_amp_o_reg[31]/CE
                                                              0.279         
ps/system_i/axi_protocol_converter_0/inst/gen_axilite.gen_b2s_conv.axilite_b2s/WR.b_channel_0/bid_fifo_0/cnt_read_reg[1]/C
                               ps/system_i/axi_protocol_converter_0/inst/gen_axilite.gen_b2s_conv.axilite_b2s/WR.aw_channel_0/cmd_translator_0/incr_cmd_0/axaddr_incr_reg[5]/D
                                                              0.280         
i_mca/g_hist_2d.i_hist_2d/a2_reg[2]/C
                               i_mca/g_hist_2d.i_hist_2d/wdata2_reg[26]/D
                                                              0.280         
ps/system_i/axi_protocol_converter_0/inst/gen_axilite.gen_b2s_conv.axilite_b2s/WR.b_channel_0/bid_fifo_0/cnt_read_reg[1]/C
                               ps/system_i/axi_protocol_converter_0/inst/gen_axilite.gen_b2s_conv.axilite_b2s/WR.aw_channel_0/cmd_translator_0/incr_cmd_0/axlen_cnt_reg[3]/CE
                                                              0.288         
i_scope/genblk2[1].i_calib_ch/offset_calc_r_reg[13]/C
                               i_scope/genblk2[1].i_calib_ch/gain_calc_r1__0/PCIN[0]
                                                              0.288         
i_scope/genblk2[1].i_calib_ch/offset_calc_r_reg[13]/C
                               i_scope/genblk2[1].i_calib_ch/gain_calc_r1__0/PCIN[10]
                                                              0.288         
i_scope/genblk2[1].i_calib_ch/offset_calc_r_reg[13]/C
                               i_scope/genblk2[1].i_calib_ch/gain_calc_r1__0/PCIN[11]
                                                              0.288         
i_scope/genblk2[1].i_calib_ch/offset_calc_r_reg[13]/C
                               i_scope/genblk2[1].i_calib_ch/gain_calc_r1__0/PCIN[12]
                                                              0.288         
i_scope/genblk2[1].i_calib_ch/offset_calc_r_reg[13]/C
                               i_scope/genblk2[1].i_calib_ch/gain_calc_r1__0/PCIN[13]
                                                              0.288         
i_scope/genblk2[1].i_calib_ch/offset_calc_r_reg[13]/C
                               i_scope/genblk2[1].i_calib_ch/gain_calc_r1__0/PCIN[14]
                                                              0.288         
i_scope/genblk2[1].i_calib_ch/offset_calc_r_reg[13]/C
                               i_scope/genblk2[1].i_calib_ch/gain_calc_r1__0/PCIN[15]
                                                              0.288         
i_scope/genblk2[1].i_calib_ch/offset_calc_r_reg[13]/C
                               i_scope/genblk2[1].i_calib_ch/gain_calc_r1__0/PCIN[16]
                                                              0.288         
i_scope/genblk2[1].i_calib_ch/offset_calc_r_reg[13]/C
                               i_scope/genblk2[1].i_calib_ch/gain_calc_r1__0/PCIN[17]
                                                              0.288         
i_scope/genblk2[1].i_calib_ch/offset_calc_r_reg[13]/C
                               i_scope/genblk2[1].i_calib_ch/gain_calc_r1__0/PCIN[18]
                                                              0.288         
i_scope/genblk2[1].i_calib_ch/offset_calc_r_reg[13]/C
                               i_scope/genblk2[1].i_calib_ch/gain_calc_r1__0/PCIN[19]
                                                              0.288         
i_scope/genblk2[1].i_calib_ch/offset_calc_r_reg[13]/C
                               i_scope/genblk2[1].i_calib_ch/gain_calc_r1__0/PCIN[1]
                                                              0.288         
i_scope/genblk2[1].i_calib_ch/offset_calc_r_reg[13]/C
                               i_scope/genblk2[1].i_calib_ch/gain_calc_r1__0/PCIN[20]
                                                              0.288         
i_scope/genblk2[1].i_calib_ch/offset_calc_r_reg[13]/C
                               i_scope/genblk2[1].i_calib_ch/gain_calc_r1__0/PCIN[21]
                                                              0.288         
i_scope/genblk2[1].i_calib_ch/offset_calc_r_reg[13]/C
                               i_scope/genblk2[1].i_calib_ch/gain_calc_r1__0/PCIN[22]
                                                              0.288         
i_scope/genblk2[1].i_calib_ch/offset_calc_r_reg[13]/C
                               i_scope/genblk2[1].i_calib_ch/gain_calc_r1__0/PCIN[23]
                                                              0.288         
i_scope/genblk2[1].i_calib_ch/offset_calc_r_reg[13]/C
                               i_scope/genblk2[1].i_calib_ch/gain_calc_r1__0/PCIN[24]
                                                              0.288         
i_scope/genblk2[1].i_calib_ch/offset_calc_r_reg[13]/C
                               i_scope/genblk2[1].i_calib_ch/gain_calc_r1__0/PCIN[25]
                                                              0.288         
i_scope/genblk2[1].i_calib_ch/offset_calc_r_reg[13]/C
                               i_scope/genblk2[1].i_calib_ch/gain_calc_r1__0/PCIN[26]
                                                              0.288         
i_scope/genblk2[1].i_calib_ch/offset_calc_r_reg[13]/C
                               i_scope/genblk2[1].i_calib_ch/gain_calc_r1__0/PCIN[27]
                                                              0.288         
i_scope/genblk2[1].i_calib_ch/offset_calc_r_reg[13]/C
                               i_scope/genblk2[1].i_calib_ch/gain_calc_r1__0/PCIN[28]
                                                              0.288         
i_scope/genblk2[1].i_calib_ch/offset_calc_r_reg[13]/C
                               i_scope/genblk2[1].i_calib_ch/gain_calc_r1__0/PCIN[29]
                                                              0.288         
i_scope/genblk2[1].i_calib_ch/offset_calc_r_reg[13]/C
                               i_scope/genblk2[1].i_calib_ch/gain_calc_r1__0/PCIN[2]
                                                              0.288         
i_scope/genblk2[1].i_calib_ch/offset_calc_r_reg[13]/C
                               i_scope/genblk2[1].i_calib_ch/gain_calc_r1__0/PCIN[30]
                                                              0.288         
i_scope/genblk2[1].i_calib_ch/offset_calc_r_reg[13]/C
                               i_scope/genblk2[1].i_calib_ch/gain_calc_r1__0/PCIN[31]
                                                              0.288         
i_scope/genblk2[1].i_calib_ch/offset_calc_r_reg[13]/C
                               i_scope/genblk2[1].i_calib_ch/gain_calc_r1__0/PCIN[32]
                                                              0.288         
i_scope/genblk2[1].i_calib_ch/offset_calc_r_reg[13]/C
                               i_scope/genblk2[1].i_calib_ch/gain_calc_r1__0/PCIN[33]
                                                              0.288         
i_scope/genblk2[1].i_calib_ch/offset_calc_r_reg[13]/C
                               i_scope/genblk2[1].i_calib_ch/gain_calc_r1__0/PCIN[34]
                                                              0.288         
i_scope/genblk2[1].i_calib_ch/offset_calc_r_reg[13]/C
                               i_scope/genblk2[1].i_calib_ch/gain_calc_r1__0/PCIN[35]
                                                              0.288         
i_scope/genblk2[1].i_calib_ch/offset_calc_r_reg[13]/C
                               i_scope/genblk2[1].i_calib_ch/gain_calc_r1__0/PCIN[36]
                                                              0.288         
i_scope/genblk2[1].i_calib_ch/offset_calc_r_reg[13]/C
                               i_scope/genblk2[1].i_calib_ch/gain_calc_r1__0/PCIN[37]
                                                              0.288         
i_scope/genblk2[1].i_calib_ch/offset_calc_r_reg[13]/C
                               i_scope/genblk2[1].i_calib_ch/gain_calc_r1__0/PCIN[38]
                                                              0.288         
i_scope/genblk2[1].i_calib_ch/offset_calc_r_reg[13]/C
                               i_scope/genblk2[1].i_calib_ch/gain_calc_r1__0/PCIN[39]
                                                              0.288         
i_scope/genblk2[1].i_calib_ch/offset_calc_r_reg[13]/C
                               i_scope/genblk2[1].i_calib_ch/gain_calc_r1__0/PCIN[3]
                                                              0.288         
i_scope/genblk2[1].i_calib_ch/offset_calc_r_reg[13]/C
                               i_scope/genblk2[1].i_calib_ch/gain_calc_r1__0/PCIN[40]
                                                              0.288         
i_scope/genblk2[1].i_calib_ch/offset_calc_r_reg[13]/C
                               i_scope/genblk2[1].i_calib_ch/gain_calc_r1__0/PCIN[41]
                                                              0.288         
i_scope/genblk2[1].i_calib_ch/offset_calc_r_reg[13]/C
                               i_scope/genblk2[1].i_calib_ch/gain_calc_r1__0/PCIN[42]
                                                              0.288         
i_scope/genblk2[1].i_calib_ch/offset_calc_r_reg[13]/C
                               i_scope/genblk2[1].i_calib_ch/gain_calc_r1__0/PCIN[43]
                                                              0.288         
i_scope/genblk2[1].i_calib_ch/offset_calc_r_reg[13]/C
                               i_scope/genblk2[1].i_calib_ch/gain_calc_r1__0/PCIN[44]
                                                              0.288         
i_scope/genblk2[1].i_calib_ch/offset_calc_r_reg[13]/C
                               i_scope/genblk2[1].i_calib_ch/gain_calc_r1__0/PCIN[45]
                                                              0.288         
i_scope/genblk2[1].i_calib_ch/offset_calc_r_reg[13]/C
                               i_scope/genblk2[1].i_calib_ch/gain_calc_r1__0/PCIN[46]
                                                              0.288         
i_scope/genblk2[1].i_calib_ch/offset_calc_r_reg[13]/C
                               i_scope/genblk2[1].i_calib_ch/gain_calc_r1__0/PCIN[47]
                                                              0.288         
i_scope/genblk2[1].i_calib_ch/offset_calc_r_reg[13]/C
                               i_scope/genblk2[1].i_calib_ch/gain_calc_r1__0/PCIN[4]
                                                              0.288         
i_scope/genblk2[1].i_calib_ch/offset_calc_r_reg[13]/C
                               i_scope/genblk2[1].i_calib_ch/gain_calc_r1__0/PCIN[5]
                                                              0.288         
i_scope/genblk2[1].i_calib_ch/offset_calc_r_reg[13]/C
                               i_scope/genblk2[1].i_calib_ch/gain_calc_r1__0/PCIN[6]
                                                              0.288         
i_scope/genblk2[1].i_calib_ch/offset_calc_r_reg[13]/C
                               i_scope/genblk2[1].i_calib_ch/gain_calc_r1__0/PCIN[7]
                                                              0.288         
i_scope/genblk2[1].i_calib_ch/offset_calc_r_reg[13]/C
                               i_scope/genblk2[1].i_calib_ch/gain_calc_r1__0/PCIN[8]
                                                              0.288         
i_scope/genblk2[1].i_calib_ch/offset_calc_r_reg[13]/C
                               i_scope/genblk2[1].i_calib_ch/gain_calc_r1__0/PCIN[9]
                                                              0.288         
i_mca/g_hist_h.i_hist_h/mem_reg_1/CLKBWRCLK
                               i_mca/g_hist_h.i_hist_h/wdata2_reg[27]/D
                                                              0.295         
ps/system_i/axi_protocol_converter_0/inst/gen_axilite.gen_b2s_conv.axilite_b2s/SI_REG/ar.ar_pipe/m_payload_i_reg[3]/C
                               ps/system_i/axi_protocol_converter_0/inst/gen_axilite.gen_b2s_conv.axilite_b2s/RD.ar_channel_0/cmd_translator_0/wrap_cmd_0/wrap_second_len_r_reg[0]/D
                                                              0.297         
i_mca/g_hist_2d.i_hist_2d/a2_reg[2]/C
                               i_mca/g_hist_2d.i_hist_2d/wdata2_reg[24]/D
                                                              0.300         
ps/system_i/axi_protocol_converter_0/inst/gen_axilite.gen_b2s_conv.axilite_b2s/SI_REG/aw.aw_pipe/m_payload_i_reg[5]/C
                               ps/system_i/xadc/inst/AXI_XADC_CORE_I/do_reg_reg[0]/CE
                                                              0.301         
ps/system_i/axi_protocol_converter_0/inst/gen_axilite.gen_b2s_conv.axilite_b2s/SI_REG/aw.aw_pipe/m_payload_i_reg[5]/C
                               ps/system_i/xadc/inst/AXI_XADC_CORE_I/do_reg_reg[10]/CE
                                                              0.301         
ps/system_i/axi_protocol_converter_0/inst/gen_axilite.gen_b2s_conv.axilite_b2s/SI_REG/aw.aw_pipe/m_payload_i_reg[5]/C
                               ps/system_i/xadc/inst/AXI_XADC_CORE_I/do_reg_reg[11]/CE
                                                              0.301         
ps/system_i/axi_protocol_converter_0/inst/gen_axilite.gen_b2s_conv.axilite_b2s/SI_REG/aw.aw_pipe/m_payload_i_reg[5]/C
                               ps/system_i/xadc/inst/AXI_XADC_CORE_I/do_reg_reg[1]/CE
                                                              0.301         
ps/system_i/axi_protocol_converter_0/inst/gen_axilite.gen_b2s_conv.axilite_b2s/SI_REG/aw.aw_pipe/m_payload_i_reg[5]/C
                               ps/system_i/xadc/inst/AXI_XADC_CORE_I/do_reg_reg[2]/CE
                                                              0.301         
ps/system_i/axi_protocol_converter_0/inst/gen_axilite.gen_b2s_conv.axilite_b2s/SI_REG/aw.aw_pipe/m_payload_i_reg[5]/C
                               ps/system_i/xadc/inst/AXI_XADC_CORE_I/do_reg_reg[3]/CE
                                                              0.301         
ps/system_i/axi_protocol_converter_0/inst/gen_axilite.gen_b2s_conv.axilite_b2s/SI_REG/aw.aw_pipe/m_payload_i_reg[5]/C
                               ps/system_i/xadc/inst/AXI_XADC_CORE_I/do_reg_reg[4]/CE
                                                              0.301         
ps/system_i/axi_protocol_converter_0/inst/gen_axilite.gen_b2s_conv.axilite_b2s/WR.aw_channel_0/cmd_translator_0/incr_cmd_0/axlen_cnt_reg[4]/C
                               ps/system_i/axi_protocol_converter_0/inst/gen_axilite.gen_b2s_conv.axilite_b2s/WR.aw_channel_0/cmd_translator_0/incr_cmd_0/axlen_cnt_reg[4]/R
                                                              0.302         
ps/system_i/axi_protocol_converter_0/inst/gen_axilite.gen_b2s_conv.axilite_b2s/WR.aw_channel_0/cmd_translator_0/incr_cmd_0/axlen_cnt_reg[4]/C
                               ps/system_i/axi_protocol_converter_0/inst/gen_axilite.gen_b2s_conv.axilite_b2s/WR.aw_channel_0/cmd_translator_0/incr_cmd_0/axlen_cnt_reg[5]/R
                                                              0.302         
ps/system_i/axi_protocol_converter_0/inst/gen_axilite.gen_b2s_conv.axilite_b2s/WR.aw_channel_0/cmd_translator_0/incr_cmd_0/axlen_cnt_reg[4]/C
                               ps/system_i/axi_protocol_converter_0/inst/gen_axilite.gen_b2s_conv.axilite_b2s/WR.aw_channel_0/cmd_translator_0/incr_cmd_0/axlen_cnt_reg[6]/R
                                                              0.302         
ps/system_i/axi_protocol_converter_0/inst/gen_axilite.gen_b2s_conv.axilite_b2s/WR.aw_channel_0/cmd_translator_0/incr_cmd_0/axlen_cnt_reg[4]/C
                               ps/system_i/axi_protocol_converter_0/inst/gen_axilite.gen_b2s_conv.axilite_b2s/WR.aw_channel_0/cmd_translator_0/incr_cmd_0/axlen_cnt_reg[7]/R
                                                              0.302         
pdm/for_chn[3].dat_reg[1]/C    pdm/for_chn[3].pdm_reg[3]/D    0.305         
ps/system_i/axi_protocol_converter_0/inst/gen_axilite.gen_b2s_conv.axilite_b2s/RD.r_channel_0/transaction_fifo_0/cnt_read_reg[2]/C
                               ps/system_i/axi_protocol_converter_0/inst/gen_axilite.gen_b2s_conv.axilite_b2s/RD.ar_channel_0/cmd_translator_0/incr_cmd_0/axlen_cnt_reg[4]/CE
                                                              0.312         
ps/system_i/axi_protocol_converter_0/inst/gen_axilite.gen_b2s_conv.axilite_b2s/RD.r_channel_0/transaction_fifo_0/cnt_read_reg[2]/C
                               ps/system_i/axi_protocol_converter_0/inst/gen_axilite.gen_b2s_conv.axilite_b2s/RD.ar_channel_0/cmd_translator_0/incr_cmd_0/axlen_cnt_reg[5]/CE
                                                              0.312         
ps/system_i/axi_protocol_converter_0/inst/gen_axilite.gen_b2s_conv.axilite_b2s/RD.r_channel_0/transaction_fifo_0/cnt_read_reg[2]/C
                               ps/system_i/axi_protocol_converter_0/inst/gen_axilite.gen_b2s_conv.axilite_b2s/RD.ar_channel_0/cmd_translator_0/incr_cmd_0/axlen_cnt_reg[6]/CE
                                                              0.312         
ps/system_i/axi_protocol_converter_0/inst/gen_axilite.gen_b2s_conv.axilite_b2s/RD.r_channel_0/transaction_fifo_0/cnt_read_reg[2]/C
                               ps/system_i/axi_protocol_converter_0/inst/gen_axilite.gen_b2s_conv.axilite_b2s/RD.ar_channel_0/cmd_translator_0/incr_cmd_0/axlen_cnt_reg[7]/CE
                                                              0.312         
i_mca/g_hist_2d.i_hist_2d/a2_reg[2]/C
                               i_mca/g_hist_2d.i_hist_2d/wdata2_reg[21]/D
                                                              0.313         
ps/system_i/axi_protocol_converter_0/inst/gen_axilite.gen_b2s_conv.axilite_b2s/SI_REG/ar.ar_pipe/m_payload_i_reg[4]/C
                               ps/system_i/axi_protocol_converter_0/inst/gen_axilite.gen_b2s_conv.axilite_b2s/RD.ar_channel_0/cmd_translator_0/wrap_cmd_0/wrap_cnt_r_reg[2]/D
                                                              0.318         
i_mca/i_feat/baseline_reg[1]/C i_mca/i_feat/bl_hold_reg[10]/CE
                                                              0.319         
i_mca/i_feat/baseline_reg[1]/C i_mca/i_feat/bl_hold_reg[11]/CE
                                                              0.319         
i_mca/i_feat/baseline_reg[1]/C i_mca/i_feat/bl_hold_reg[7]/CE 0.319         
ps/system_i/axi_protocol_converter_0/inst/gen_axilite.gen_b2s_conv.axilite_b2s/RD.r_channel_0/transaction_fifo_0/cnt_read_reg[2]/C
                               ps/system_i/axi_protocol_converter_0/inst/gen_axilite.gen_b2s_conv.axilite_b2s/RD.ar_channel_0/cmd_translator_0/incr_cmd_0/axlen_cnt_reg[1]/CE
                                                              0.330         
ps/system_i/axi_protocol_converter_0/inst/gen_axilite.gen_b2s_conv.axilite_b2s/RD.r_channel_0/transaction_fifo_0/cnt_read_reg[2]/C
                               ps/system_i/axi_protocol_converter_0/inst/gen_axilite.gen_b2s_conv.axilite_b2s/RD.ar_channel_0/cmd_translator_0/incr_cmd_0/axlen_cnt_reg[2]/CE
                                                              0.330         
ps/system_i/axi_protocol_converter_0/inst/gen_axilite.gen_b2s_conv.axilite_b2s/RD.ar_channel_0/ar_cmd_fsm_0/FSM_sequential_state_reg[1]/C
                               ps/system_i/xadc/inst/INTR_CTRLR_GEN_I.INTERRUPT_CONTROL_I/GEN_IP_IRPT_STATUS_REG[11].GEN_REG_STATUS.ip_irpt_status_reg_reg[11]/D
                                                              0.331         
ps/system_i/xadc/inst/INTR_CTRLR_GEN_I.ip2bus_rdack_reg/C
                               ps/system_i/axi_protocol_converter_0/inst/gen_axilite.gen_b2s_conv.axilite_b2s/RD.ar_channel_0/cmd_translator_0/incr_cmd_0/axaddr_incr_reg[6]/D
                                                              0.333         
ps/system_i/axi_protocol_converter_0/inst/gen_axilite.gen_b2s_conv.axilite_b2s/RD.ar_channel_0/ar_cmd_fsm_0/FSM_sequential_state_reg[1]/C
                               ps/system_i/xadc/inst/AXI_XADC_CORE_I/alarm_0_d1_reg/CE
                                                              0.346         
ps/system_i/axi_protocol_converter_0/inst/gen_axilite.gen_b2s_conv.axilite_b2s/RD.ar_channel_0/ar_cmd_fsm_0/FSM_sequential_state_reg[1]/C
                               ps/system_i/xadc/inst/AXI_XADC_CORE_I/ot_d1_reg/CE
                                                              0.346         
ps/system_i/axi_protocol_converter_0/inst/gen_axilite.gen_b2s_conv.axilite_b2s/WR.b_channel_0/bresp_fifo_0/cnt_read_reg[1]/C
                               ps/system_i/xadc/inst/AXI_LITE_IPIF_I/I_SLAVE_ATTACHMENT/INCLUDE_DPHASE_TIMER.dpto_cnt_reg[6]/CE
                                                              0.357         
ps/system_i/xadc/inst/INTR_CTRLR_GEN_I.ip2bus_rdack_reg/C
                               ps/system_i/axi_protocol_converter_0/inst/gen_axilite.gen_b2s_conv.axilite_b2s/RD.ar_channel_0/cmd_translator_0/incr_cmd_0/axaddr_incr_reg[8]/D
                                                              0.364         
ps/system_i/xadc/inst/INTR_CTRLR_GEN_I.ip2bus_rdack_reg/C
                               ps/system_i/axi_protocol_converter_0/inst/gen_axilite.gen_b2s_conv.axilite_b2s/RD.ar_channel_0/cmd_translator_0/incr_cmd_0/axaddr_incr_reg[10]/D
                                                              0.373         
ps/system_i/axi_protocol_converter_0/inst/gen_axilite.gen_b2s_conv.axilite_b2s/WR.b_channel_0/bid_fifo_0/cnt_read_reg[1]/C
                               ps/system_i/axi_protocol_converter_0/inst/gen_axilite.gen_b2s_conv.axilite_b2s/WR.aw_channel_0/cmd_translator_0/incr_cmd_0/axaddr_incr_reg[6]/D
                                                              0.379         
ps/system_i/processing_system7/inst/PS7_i/SAXIHP3ACLK
                               ps/axi_master_3/axi_rfill_lvl_reg[0]/CE
                                                              0.386         
ps/system_i/xadc/inst/INTR_CTRLR_GEN_I.ip2bus_rdack_reg/C
                               ps/system_i/axi_protocol_converter_0/inst/gen_axilite.gen_b2s_conv.axilite_b2s/RD.ar_channel_0/cmd_translator_0/incr_cmd_0/axaddr_incr_reg[11]/D
                                                              0.389         
ps/system_i/xadc/inst/INTR_CTRLR_GEN_I.ip2bus_rdack_reg/C
                               ps/system_i/axi_protocol_converter_0/inst/gen_axilite.gen_b2s_conv.axilite_b2s/RD.ar_channel_0/cmd_translator_0/incr_cmd_0/axaddr_incr_reg[7]/D
                                                              0.402         
ps/system_i/xadc/inst/INTR_CTRLR_GEN_I.ip2bus_rdack_reg/C
                               ps/system_i/axi_protocol_converter_0/inst/gen_axilite.gen_b2s_conv.axilite_b2s/RD.ar_channel_0/cmd_translator_0/incr_cmd_0/axaddr_incr_reg[3]/D
                                                              0.405         
ps/system_i/processing_system7/inst/PS7_i/SAXIHP3ACLK
                               ps/axi_master_3/wdata_in_reg_reg/D
                                                              0.463         
ps/system_i/processing_system7/inst/PS7_i/SAXIHP3ACLK
                               ps/axi_master_3/axi_rfill_lvl_reg[1]/CE
                                                              0.527         
ps/system_i/processing_system7/inst/PS7_i/SAXIHP3ACLK
                               ps/axi_master_3/axi_rfill_lvl_reg[2]/CE
                                                              0.527         
ps/system_i/processing_system7/inst/PS7_i/SAXIHP3ACLK
                               ps/axi_master_3/axi_rfill_lvl_reg[3]/CE
                                                              0.527         
ps/system_i/processing_system7/inst/PS7_i/SAXIHP3ACLK
                               ps/axi_master_3/axi_awvalid_o_reg/D
                                                              0.544         
dac_rst_reg/C                  oddr_dac_dat[4]/R              0.604         
dac_rst_reg/C                  oddr_dac_dat[5]/R              0.606         
dac_rst_reg/C                  oddr_dac_dat[1]/R              0.607         
dac_rst_reg/C                  oddr_dac_dat[0]/R              0.617         
ps/system_i/processing_system7/inst/PS7_i/SAXIHP2ACLK
                               ps/axi_master_2/axi_rfill_lvl_reg[0]/CE
                                                              0.652         
dac_rst_reg/C                  oddr_dac_dat[2]/R              0.656         
dac_rst_reg/C                  oddr_dac_dat[12]/R             0.663         
dac_rst_reg/C                  oddr_dac_dat[13]/R             0.664         
dac_dat_a_reg[13]/C            oddr_dac_dat[13]/D2            0.670         
dac_rst_reg/C                  oddr_dac_dat[6]/R              0.677         
dac_dat_a_reg[0]/C             oddr_dac_dat[0]/D2             0.746         
dac_rst_reg/C                  oddr_dac_dat[7]/R              0.818         
dac_dat_a_reg[12]/C            oddr_dac_dat[12]/D2            0.826         
dac_dat_a_reg[3]/C             oddr_dac_dat[3]/D2             0.879         
ps/system_i/processing_system7/inst/PS7_i/SAXIHP2ACLK
                               ps/axi_master_2/axi_wfill_lvl_reg[0]/CE
                                                              0.892         
ps/system_i/processing_system7/inst/PS7_i/SAXIHP2ACLK
                               ps/axi_master_2/axi_wfill_lvl_reg[1]/CE
                                                              0.892         
ps/system_i/processing_system7/inst/PS7_i/SAXIHP2ACLK
                               ps/axi_master_2/axi_wfill_lvl_reg[2]/CE
                                                              0.892         
ps/system_i/processing_system7/inst/PS7_i/SAXIHP2ACLK
                               ps/axi_master_2/axi_wfill_lvl_reg[3]/CE
                                                              0.892         
dac_rst_reg/C                  oddr_dac_dat[3]/R              0.898         
ps/system_i/processing_system7/inst/PS7_i/SAXIHP2ACLK
                               ps/axi_master_2/axi_rfill_lvl_reg[1]/CE
                                                              0.898         
ps/system_i/processing_system7/inst/PS7_i/SAXIHP2ACLK
                               ps/axi_master_2/axi_rfill_lvl_reg[2]/CE
                                                              0.898         
ps/system_i/processing_system7/inst/PS7_i/SAXIHP2ACLK
                               ps/axi_master_2/axi_rfill_lvl_reg[3]/CE
                                                              0.898         
ps/system_i/processing_system7/inst/PS7_i/SAXIHP2ACLK
                               ps/axi_master_2/wdata_in_reg_reg/D
                                                              0.913         
ps/system_i/processing_system7/inst/PS7_i/SAXIHP2ACLK
                               ps/axi_master_2/awdata_in_reg_reg/D
                                                              0.948         
dac_rst_reg/C                  oddr_dac_dat[8]/R              0.970         
dac_rst_reg/C                  oddr_dac_dat[10]/R             0.980         
i_scope/i_cfg/sys_rdata_reg[9]/C
                               ps/axi_slave_gp0/axi\\.RDATA_reg[9]/D
                                                              0.986         
dac_dat_a_reg[2]/C             oddr_dac_dat[2]/D2             1.032         
dac_dat_a_reg[4]/C             oddr_dac_dat[4]/D2             1.033         
ps/system_i/processing_system7/inst/PS7_i/SAXIHP2ACLK
                               ps/axi_master_2/axi_rfill_lvl_reg[2]/D
                                                              1.043         
ps/system_i/processing_system7/inst/PS7_i/SAXIHP2ACLK
                               ps/axi_master_2/axi_rfill_lvl_reg[3]/D
                                                              1.048         
ps/system_i/processing_system7/inst/PS7_i/SAXIHP2ACLK
                               ps/axi_master_2/axi_wvalid_o_reg/D
                                                              1.056         
i_scope/i_cfg/sys_rdata_reg[11]/C
                               ps/axi_slave_gp0/axi\\.RDATA_reg[11]/D
                                                              1.109         
ps/system_i/processing_system7/inst/PS7_i/SAXIHP2ACLK
                               ps/axi_master_2/axi_awfill_lvl_reg[0]/CE
                                                              1.115         
ps/system_i/processing_system7/inst/PS7_i/SAXIHP2ACLK
                               ps/axi_master_2/axi_awfill_lvl_reg[1]/CE
                                                              1.115         
ps/system_i/processing_system7/inst/PS7_i/SAXIHP2ACLK
                               ps/axi_master_2/axi_awfill_lvl_reg[2]/CE
                                                              1.115         
ps/system_i/processing_system7/inst/PS7_i/SAXIHP2ACLK
                               ps/axi_master_2/axi_awfill_lvl_reg[3]/CE
                                                              1.115         
dac_rst_reg/C                  oddr_dac_dat[9]/R              1.120         
ps/system_i/processing_system7/inst/PS7_i/SAXIHP3ACLK
                               ps/axi_master_3/axi_rfill_lvl_reg[1]/D
                                                              1.139         
ps/system_i/processing_system7/inst/PS7_i/SAXIHP2ACLK
                               ps/axi_master_2/axi_awvalid_o_reg/D
                                                              1.146         
ps/system_i/processing_system7/inst/PS7_i/SAXIHP2ACLK
                               ps/axi_master_2/axi_rfill_lvl_reg[1]/D
                                                              1.159         
ps/system_i/processing_system7/inst/PS7_i/SAXIHP3ACLK
                               ps/axi_master_3/axi_rfill_lvl_reg[3]/D
                                                              1.162         
ps/system_i/processing_system7/inst/PS7_i/SAXIHP3ACLK
                               ps/axi_master_3/axi_rfill_lvl_reg[2]/D
                                                              1.164         
i_daisy/sys_rdata_o_reg[17]/C  ps/axi_slave_gp0/axi\\.RDATA_reg[17]/D
                                                              1.165         
dac_dat_a_reg[5]/C             oddr_dac_dat[5]/D2             1.169         
dac_rst_reg/C                  oddr_dac_sel/R                 1.207         
ps/system_i/processing_system7/inst/PS7_i/SAXIHP3ACLK
                               ps/axi_master_3/axi_wfill_lvl_reg[0]/CE
                                                              1.217         
ps/system_i/processing_system7/inst/PS7_i/SAXIHP3ACLK
                               ps/axi_master_3/axi_wfill_lvl_reg[1]/CE
                                                              1.217         
ps/system_i/processing_system7/inst/PS7_i/SAXIHP3ACLK
                               ps/axi_master_3/axi_wfill_lvl_reg[2]/CE
                                                              1.217         
ps/system_i/processing_system7/inst/PS7_i/SAXIHP3ACLK
                               ps/axi_master_3/axi_wfill_lvl_reg[3]/CE
                                                              1.217         
dac_axi_rstn_reg/C             ps/axi_master_2/axi_awvalid_o_reg/R
                                                              1.225         
dac_axi_rstn_reg/C             ps/axi_master_2/axi_wvalid_o_reg/R
                                                              1.225         
ps/system_i/processing_system7/inst/PS7_i/SAXIHP3ACLK
                               ps/axi_master_3/axi_wvalid_o_reg/D
                                                              1.237         
dac_dat_a_reg[1]/C             oddr_dac_dat[1]/D2             1.258         
i_scope/i_cfg/sys_rdata_reg[20]/C
                               ps/axi_slave_gp0/axi\\.RDATA_reg[20]/D
                                                              1.270         
dac_rst_reg/C                  oddr_dac_dat[11]/R             1.282         
i_scope/i_cfg/sys_rdata_reg[26]/C
                               ps/axi_slave_gp0/axi\\.RDATA_reg[26]/D
                                                              1.295         
dac_axi_rstn_reg/C             ps/axi_master_2/axi_wfill_lvl_reg[0]/R
                                                              1.306         
dac_axi_rstn_reg/C             ps/axi_master_2/axi_wfill_lvl_reg[1]/R
                                                              1.306         
dac_axi_rstn_reg/C             ps/axi_master_2/axi_wfill_lvl_reg[2]/R
                                                              1.306         
dac_axi_rstn_reg/C             ps/axi_master_2/axi_wfill_lvl_reg[3]/R
                                                              1.306         
ps/system_i/processing_system7/inst/PS7_i/SAXIHP3ACLK
                               ps/axi_master_3/axi_awfill_lvl_reg[0]/CE
                                                              1.324         
ps/system_i/processing_system7/inst/PS7_i/SAXIHP3ACLK
                               ps/axi_master_3/axi_awfill_lvl_reg[1]/CE
                                                              1.324         
ps/system_i/processing_system7/inst/PS7_i/SAXIHP3ACLK
                               ps/axi_master_3/axi_awfill_lvl_reg[2]/CE
                                                              1.324         
ps/system_i/processing_system7/inst/PS7_i/SAXIHP3ACLK
                               ps/axi_master_3/axi_awfill_lvl_reg[3]/CE
                                                              1.324         
i_scope/i_cfg/sys_rdata_reg[2]/C
                               ps/axi_slave_gp0/axi\\.RDATA_reg[2]/D
                                                              1.324         
i_mca/sys_rdata_reg[31]/C      ps/axi_slave_gp0/axi\\.RDATA_reg[31]/D
                                                              1.325         
i_daisy/sys_rdata_o_reg[23]/C  ps/axi_slave_gp0/axi\\.RDATA_reg[23]/D
                                                              1.327         
dac_axi_rstn_reg/C             ps/axi_master_2/axi_rfill_lvl_reg[0]/R
                                                              1.341         
i_mca/sys_rdata_reg[25]/C      ps/axi_slave_gp0/axi\\.RDATA_reg[25]/D
                                                              1.346         
ps/system_i/processing_system7/inst/PS7_i/SAXIHP3ACLK
                               ps/axi_master_3/awdata_in_reg_reg/D
                                                              1.350         
i_daisy/sys_rdata_o_reg[28]/C  ps/axi_slave_gp0/axi\\.RDATA_reg[28]/D
                                                              1.366         
dac_axi_rstn_reg/C             ps/axi_master_2/axi_awfill_lvl_reg[0]/R
                                                              1.373         
dac_axi_rstn_reg/C             ps/axi_master_2/axi_awfill_lvl_reg[1]/R
                                                              1.373         
dac_axi_rstn_reg/C             ps/axi_master_2/axi_awfill_lvl_reg[2]/R
                                                              1.373         
dac_axi_rstn_reg/C             ps/axi_master_2/axi_awfill_lvl_reg[3]/R
                                                              1.373         
i_scope/i_cfg/sys_rdata_reg[3]/C
                               ps/axi_slave_gp0/axi\\.RDATA_reg[3]/D
                                                              1.380         
i_scope/i_cfg/sys_rdata_reg[1]/C
                               ps/axi_slave_gp0/axi\\.RDATA_reg[1]/D
                                                              1.386         
dac_axi_rstn_reg/C             ps/axi_master_2/wdata_in_reg_reg/R
                                                              1.401         
ps/axi_master_2/axi_rfill_lvl_reg[2]/C
                               ps/axi_master_2/rdata_in_reg_reg/CE
                                                              1.405         
i_scope/i_cfg/sys_rdata_reg[6]/C
                               ps/axi_slave_gp0/axi\\.RDATA_reg[6]/D
                                                              1.417         
dac_dat_a_reg[10]/C            oddr_dac_dat[10]/D2            1.448         
i_scope/i_cfg/sys_rdata_reg[22]/C
                               ps/axi_slave_gp0/axi\\.RDATA_reg[22]/D
                                                              1.453         
i_scope/i_cfg/sys_rdata_reg[13]/C
                               ps/axi_slave_gp0/axi\\.RDATA_reg[13]/D
                                                              1.455         
i_scope/i_cfg/sys_rdata_reg[29]/C
                               ps/axi_slave_gp0/axi\\.RDATA_reg[29]/D
                                                              1.455         
dac_axi_rstn_reg/C             ps/axi_master_3/axi_rready_o_reg/S
                                                              1.456         
i_daisy/sys_rdata_o_reg[21]/C  ps/axi_slave_gp0/axi\\.RDATA_reg[21]/D
                                                              1.461         
dac_axi_rstn_reg/C             ps/axi_master_2/axi_rready_o_reg/S
                                                              1.462         
dac_dat_a_reg[6]/C             oddr_dac_dat[6]/D2             1.464         
i_scope/i_cfg/sys_rdata_reg[5]/C
                               ps/axi_slave_gp0/axi\\.RDATA_reg[5]/D
                                                              1.475         
i_scope/i_cfg/sys_rdata_reg[0]/C
                               ps/axi_slave_gp0/axi\\.RDATA_reg[0]/D
                                                              1.494         
dac_dat_a_reg[7]/C             oddr_dac_dat[7]/D2             1.495         
dac_axi_rstn_reg/C             ps/axi_master_3/wdata_in_reg_reg/R
                                                              1.503         
ps/axi_master_3/axi_rfill_lvl_reg[2]/C
                               ps/axi_master_3/rdata_in_reg_reg/CE
                                                              1.508         
dac_axi_rstn_reg/C             ps/axi_master_3/axi_wfill_lvl_reg[0]/R
                                                              1.509         
dac_axi_rstn_reg/C             ps/axi_master_3/axi_wfill_lvl_reg[1]/R
                                                              1.509         
dac_axi_rstn_reg/C             ps/axi_master_3/axi_wfill_lvl_reg[2]/R
                                                              1.509         
dac_axi_rstn_reg/C             ps/axi_master_3/axi_wfill_lvl_reg[3]/R
                                                              1.509         
ps/axi_master_2/axi_awfill_lvl_reg[1]/C
                               ps/axi_master_2/awdata_in_reg_reg/CE
                                                              1.523         
i_mca/sys_rdata_reg[18]/C      ps/axi_slave_gp0/axi\\.RDATA_reg[18]/D
                                                              1.528         
i_daisy/sys_rdata_o_reg[30]/C  ps/axi_slave_gp0/axi\\.RDATA_reg[30]/D
                                                              1.529         
dac_axi_rstn_reg/C             ps/axi_master_2/awdata_in_reg_reg/R
                                                              1.536         
dac_axi_rstn_reg/C             ps/axi_master_3/axi_awfill_lvl_reg[0]/R
                                                              1.538         
dac_axi_rstn_reg/C             ps/axi_master_3/axi_awfill_lvl_reg[1]/R
                                                              1.538         
dac_axi_rstn_reg/C             ps/axi_master_3/axi_awfill_lvl_reg[2]/R
                                                              1.538         
dac_axi_rstn_reg/C             ps/axi_master_3/axi_awfill_lvl_reg[3]/R
                                                              1.538         
dac_axi_rstn_reg/C             ps/axi_master_2/axi_rfill_lvl_reg[1]/R
                                                              1.557         
dac_axi_rstn_reg/C             ps/axi_master_2/axi_rfill_lvl_reg[2]/R
                                                              1.557         
dac_axi_rstn_reg/C             ps/axi_master_2/axi_rfill_lvl_reg[3]/R
                                                              1.557         
i_daisy/sys_rdata_o_reg[27]/C  ps/axi_slave_gp0/axi\\.RDATA_reg[27]/D
                                                              1.559         
i_scope/i_cfg/sys_rdata_reg[8]/C
                               ps/axi_slave_gp0/axi\\.RDATA_reg[8]/D
                                                              1.563         
i_mca/sys_rdata_reg[14]/C      ps/axi_slave_gp0/axi\\.RDATA_reg[14]/D
                                                              1.567         
i_scope/i_cfg/sys_rdata_reg[10]/C
                               ps/axi_slave_gp0/axi\\.RDATA_reg[10]/D
                                                              1.571         
i_daisy/sys_rdata_o_reg[16]/C  ps/axi_slave_gp0/axi\\.RDATA_reg[16]/D
                                                              1.583         
i_scope/i_cfg/sys_rdata_reg[12]/C
                               ps/axi_slave_gp0/axi\\.RDATA_reg[12]/D
                                                              1.593         
dac_dat_a_reg[11]/C            oddr_dac_dat[11]/D2            1.597         
dac_axi_rstn_reg/C             ps/axi_master_3/awdata_in_reg_reg/R
                                                              1.598         
dac_axi_rstn_reg/C             ps/axi_master_2/wdata_in_reg_reg/CE
                                                              1.598         
dac_axi_rstn_reg/C             ps/axi_master_3/axi_awvalid_o_reg/R
                                                              1.604         
dac_axi_rstn_reg/C             ps/axi_master_3/axi_wvalid_o_reg/R
                                                              1.604         
ps/axi_master_3/axi_awfill_lvl_reg[1]/C
                               ps/axi_master_3/awdata_in_reg_reg/CE
                                                              1.620         
i_daisy/sys_rdata_o_reg[19]/C  ps/axi_slave_gp0/axi\\.RDATA_reg[19]/D
                                                              1.629         
i_daisy/sys_rdata_o_reg[15]/C  ps/axi_slave_gp0/axi\\.RDATA_reg[15]/D
                                                              1.631         
dac_dat_a_reg[9]/C             oddr_dac_dat[9]/D2             1.650         
dac_dat_a_reg[8]/C             oddr_dac_dat[8]/D2             1.656         
i_scope/i_cfg/sys_rdata_reg[7]/C
                               ps/axi_slave_gp0/axi\\.RDATA_reg[7]/D
                                                              1.660         
dac_axi_rstn_reg/C             ps/axi_master_3/axi_rfill_lvl_reg[1]/R
                                                              1.705         
dac_axi_rstn_reg/C             ps/axi_master_3/axi_rfill_lvl_reg[2]/R
                                                              1.705         
dac_axi_rstn_reg/C             ps/axi_master_3/axi_rfill_lvl_reg[3]/R
                                                              1.705         
dac_axi_rstn_reg/C             ps/axi_master_3/axi_rfill_lvl_reg[0]/R
                                                              1.709         
i_daisy/sys_rdata_o_reg[24]/C  ps/axi_slave_gp0/axi\\.RDATA_reg[24]/D
                                                              1.715         
i_scope/i_cfg/sys_rdata_reg[4]/C
                               ps/axi_slave_gp0/axi\\.RDATA_reg[4]/D
                                                              1.744         
ps/axi_master_2/axi_rready_o_reg/C
                               ps/system_i/processing_system7/inst/PS7_i/SAXIHP2RREADY
                                                              1.757         
ps/axi_master_2/axi_awvalid_o_reg/C
                               ps/system_i/processing_system7/inst/PS7_i/SAXIHP2AWVALID
                                                              1.871         
ps/axi_master_2/axi_wvalid_o_reg/C
                               ps/system_i/processing_system7/inst/PS7_i/SAXIHP2WVALID
                                                              1.972         
dac_axi_rstn_reg/C             ps/axi_master_3/wdata_in_reg_reg/CE
                                                              2.014         
dac_rst_reg/C                  oddr_dac_rst/D2                2.022         
ps/axi_master_3/axi_awvalid_o_reg/C
                               ps/system_i/processing_system7/inst/PS7_i/SAXIHP3AWVALID
                                                              2.062         
ps/axi_slave_gp0/wr_awaddr_reg[21]/C
                               ps/axi_slave_gp0/rd_do_reg/D   2.080         
ps/axi_master_3/axi_rready_o_reg/C
                               ps/system_i/processing_system7/inst/PS7_i/SAXIHP3RREADY
                                                              2.104         
ps/axi_slave_gp0/wr_awaddr_reg[21]/C
                               ps/axi_slave_gp0/ack_cnt_reg[0]/D
                                                              2.124         
ps/axi_master_2/axi_awfill_lvl_reg[1]/C
                               ps/axi_master_2/axi_awfill_lvl_reg[1]/D
                                                              2.150         
ps/axi_master_2/axi_awfill_lvl_reg[1]/C
                               ps/axi_master_2/axi_awfill_lvl_reg[2]/D
                                                              2.170         
dac_axi_rstn_reg/C             ps/axi_master_3/rdata_in_reg_reg/D
                                                              2.179         
ps/axi_master_2/axi_wfill_lvl_reg[1]/C
                               ps/axi_master_2/axi_wfill_lvl_reg[1]/D
                                                              2.181         
ps/axi_master_2/axi_awfill_lvl_reg[1]/C
                               ps/axi_master_2/axi_awfill_lvl_reg[3]/D
                                                              2.188         
ps/axi_master_2/axi_wfill_lvl_reg[1]/C
                               ps/axi_master_2/axi_wfill_lvl_reg[2]/D
                                                              2.188         
ps/axi_master_2/axi_wfill_lvl_reg[1]/C
                               ps/axi_master_2/axi_wfill_lvl_reg[3]/D
                                                              2.199         
ps/axi_master_2/rdata_in_reg_reg/C
                               ps/axi_master_2/rdata_in_reg_reg/D
                                                              2.235         
ps/axi_master_3/axi_wvalid_o_reg/C
                               ps/system_i/processing_system7/inst/PS7_i/SAXIHP3WVALID
                                                              2.280         
ps/axi_master_3/axi_awfill_lvl_reg[0]/C
                               ps/axi_master_3/axi_awfill_lvl_reg[0]/D
                                                              2.331         
ps/axi_master_3/axi_awfill_lvl_reg[0]/C
                               ps/axi_master_3/axi_awfill_lvl_reg[1]/D
                                                              2.351         
ps/system_i/processing_system7/inst/PS7_i/MAXIGP0ACLK
                               ps/system_i/processing_system7/inst/PS7_i/MAXIGP0WREADY
                                                              2.364         
ps/axi_master_3/axi_awfill_lvl_reg[0]/C
                               ps/axi_master_3/axi_awfill_lvl_reg[2]/D
                                                              2.400         
ps/axi_master_3/axi_awfill_lvl_reg[0]/C
                               ps/axi_master_3/axi_awfill_lvl_reg[3]/D
                                                              2.416         
ps/system_i/processing_system7/inst/PS7_i/MAXIGP0ACLK
                               ps/axi_slave_gp0/ack_cnt_reg[1]/R
                                                              2.418         
ps/system_i/processing_system7/inst/PS7_i/MAXIGP0ACLK
                               ps/axi_slave_gp0/ack_cnt_reg[2]/R
                                                              2.418         
ps/system_i/processing_system7/inst/PS7_i/MAXIGP0ACLK
                               ps/axi_slave_gp0/ack_cnt_reg[3]/R
                                                              2.418         
ps/system_i/processing_system7/inst/PS7_i/MAXIGP0ACLK
                               ps/axi_slave_gp0/ack_cnt_reg[4]/R
                                                              2.418         
ps/system_i/processing_system7/inst/PS7_i/MAXIGP0ACLK
                               ps/axi_slave_gp0/ack_cnt_reg[5]/R
                                                              2.418         
ps/axi_master_3/axi_wfill_lvl_reg[1]/C
                               ps/axi_master_3/axi_wfill_lvl_reg[2]/D
                                                              2.477         
ps/axi_master_3/axi_rfill_lvl_reg[1]/C
                               ps/axi_master_3/axi_rready_o_reg/D
                                                              2.484         
ps/axi_master_3/axi_wfill_lvl_reg[1]/C
                               ps/axi_master_3/axi_wfill_lvl_reg[1]/D
                                                              2.485         
ps/axi_master_3/axi_wfill_lvl_reg[1]/C
                               ps/axi_master_3/axi_wfill_lvl_reg[3]/D
                                                              2.488         
ps/axi_slave_gp0/wr_awaddr_reg[22]/C
                               sys_bus_interconnect/for_bus[5].inst_sys_bus_cdc/ctrl_do_reg/D
                                                              2.720         
ps/system_i/processing_system7/inst/PS7_i/MAXIGP0ACLK
                               ps/axi_slave_gp0/bus\\.ren_reg/D
                                                              2.723         
ps/system_i/processing_system7/inst/PS7_i/MAXIGP0ACLK
                               ps/axi_slave_gp0/bus\\.wen_reg/D
                                                              2.827         
ps/axi_slave_gp0/wr_awaddr_reg[22]/C
                               sys_bus_interconnect/for_bus[5].inst_sys_bus_cdc/ctrl_we_reg/D
                                                              2.891         
ps/system_i/processing_system7/inst/PS7_i/MAXIGP0ACLK
                               ps/axi_slave_gp0/wr_error_reg/D
                                                              2.982         
ps/axi_slave_gp0/wr_awaddr_reg[21]/C
                               ps/axi_slave_gp0/axi\\.RLAST_reg/D
                                                              3.032         
ps/axi_slave_gp0/wr_awaddr_reg[22]/C
                               sys_bus_interconnect/for_bus[4].inst_sys_bus_cdc/ctrl_re_reg/D
                                                              3.098         
ps/axi_slave_gp0/wr_awaddr_reg[22]/C
                               sys_bus_interconnect/for_bus[5].inst_sys_bus_cdc/ctrl_re_reg/D
                                                              3.157         
ps/axi_slave_gp0/wr_awaddr_reg[21]/C
                               ps/axi_slave_gp0/axi\\.BVALID_reg/D
                                                              3.256         
ps/axi_slave_gp0/wr_awaddr_reg[22]/C
                               sys_bus_interconnect/for_bus[3].inst_sys_bus_cdc/ctrl_re_reg/D
                                                              3.268         
ps/axi_slave_gp0/wr_awaddr_reg[22]/C
                               sys_bus_interconnect/for_bus[1].inst_sys_bus_cdc/ctrl_we_reg/D
                                                              3.281         
ps/axi_slave_gp0/wr_awaddr_reg[22]/C
                               sys_bus_interconnect/for_bus[4].inst_sys_bus_cdc/ctrl_we_reg/D
                                                              3.350         
ps/axi_slave_gp0/wr_awaddr_reg[22]/C
                               sys_bus_interconnect/for_bus[4].inst_sys_bus_cdc/ctrl_do_reg/D
                                                              3.352         
ps/axi_slave_gp0/wr_awaddr_reg[22]/C
                               sys_bus_interconnect/for_bus[1].inst_sys_bus_cdc/ctrl_do_reg/D
                                                              3.377         
ps/axi_slave_gp0/wr_awaddr_reg[21]/C
                               ps/axi_slave_gp0/wr_do_reg/D   3.411         
ps/axi_slave_gp0/wr_awaddr_reg[22]/C
                               sys_bus_interconnect/for_bus[0].inst_sys_bus_cdc/ctrl_re_reg/D
                                                              3.418         
ps/axi_slave_gp0/wr_awaddr_reg[22]/C
                               sys_bus_interconnect/for_bus[3].inst_sys_bus_cdc/ctrl_do_reg/D
                                                              3.440         
ps/axi_slave_gp0/wr_awaddr_reg[22]/C
                               sys_bus_interconnect/for_bus[3].inst_sys_bus_cdc/ctrl_we_reg/D
                                                              3.448         
ps/axi_slave_gp0/wr_awaddr_reg[22]/C
                               sys_bus_interconnect/for_bus[1].inst_sys_bus_cdc/ctrl_re_reg/D
                                                              3.457         
i_daisy/genblk3[0].i_test/rx_dat_inc_reg/C
                               i_daisy/genblk3[0].i_test/rx_dat_cnt_reg[28]/R
                                                              3.505         
i_daisy/genblk3[0].i_test/rx_dat_inc_reg/C
                               i_daisy/genblk3[0].i_test/rx_dat_cnt_reg[29]/R
                                                              3.505         
i_daisy/genblk3[0].i_test/rx_dat_inc_reg/C
                               i_daisy/genblk3[0].i_test/rx_dat_cnt_reg[30]/R
                                                              3.505         
i_daisy/genblk3[0].i_test/rx_dat_inc_reg/C
                               i_daisy/genblk3[0].i_test/rx_dat_cnt_reg[31]/R
                                                              3.505         
ps/axi_slave_gp0/wr_awaddr_reg[21]/C
                               ps/axi_slave_gp0/axi\\.RVALID_reg/D
                                                              3.509         
ps/axi_slave_gp0/wr_awaddr_reg[22]/C
                               sys_bus_interconnect/for_bus[7].inst_sys_bus_cdc/ctrl_do_reg/D
                                                              3.517         
i_hk/i_freq_meter/ref_cnt_reg[10]/C
                               i_hk/i_freq_meter/ref_cnt_reg[0]/S
                                                              3.527         
i_hk/i_freq_meter/ref_cnt_reg[10]/C
                               i_hk/i_freq_meter/ref_cnt_reg[1]/R
                                                              3.527         
i_hk/i_freq_meter/ref_cnt_reg[10]/C
                               i_hk/i_freq_meter/ref_cnt_reg[2]/R
                                                              3.527         
i_hk/i_freq_meter/ref_cnt_reg[10]/C
                               i_hk/i_freq_meter/ref_cnt_reg[3]/R
                                                              3.527         
i_daisy/genblk3[0].i_test/rx_dat_inc_reg/C
                               i_daisy/genblk3[0].i_test/rx_dat_cnt_reg[16]/R
                                                              3.573         
i_daisy/genblk3[0].i_test/rx_dat_inc_reg/C
                               i_daisy/genblk3[0].i_test/rx_dat_cnt_reg[17]/R
                                                              3.573         
i_daisy/genblk3[0].i_test/rx_dat_inc_reg/C
                               i_daisy/genblk3[0].i_test/rx_dat_cnt_reg[18]/R
                                                              3.573         
i_daisy/genblk3[0].i_test/rx_dat_inc_reg/C
                               i_daisy/genblk3[0].i_test/rx_dat_cnt_reg[19]/R
                                                              3.573         
ps/axi_slave_gp0/wr_awaddr_reg[22]/C
                               sys_bus_interconnect/for_bus[2].inst_sys_bus_cdc/ctrl_we_reg/D
                                                              3.580         
i_hk/i_freq_meter/ref_cnt_reg[10]/C
                               i_hk/i_freq_meter/ref_cnt_reg[28]/R
                                                              3.611         
i_hk/i_freq_meter/ref_cnt_reg[10]/C
                               i_hk/i_freq_meter/ref_cnt_reg[29]/R
                                                              3.611         
i_hk/i_freq_meter/ref_cnt_reg[10]/C
                               i_hk/i_freq_meter/ref_cnt_reg[30]/R
                                                              3.611         
i_hk/i_freq_meter/ref_cnt_reg[10]/C
                               i_hk/i_freq_meter/ref_cnt_reg[31]/R
                                                              3.611         
ps/axi_slave_gp0/wr_awaddr_reg[22]/C
                               sys_bus_interconnect/for_bus[0].inst_sys_bus_cdc/ctrl_we_reg/D
                                                              3.635         
ps/axi_slave_gp0/wr_awaddr_reg[22]/C
                               sys_bus_interconnect/for_bus[7].inst_sys_bus_cdc/ctrl_we_reg/D
                                                              3.654         
i_hk/i_freq_meter/ref_cnt_reg[10]/C
                               i_hk/i_freq_meter/ref_cnt_reg[4]/R
                                                              3.670         
i_hk/i_freq_meter/ref_cnt_reg[10]/C
                               i_hk/i_freq_meter/ref_cnt_reg[5]/R
                                                              3.670         
i_hk/i_freq_meter/ref_cnt_reg[10]/C
                               i_hk/i_freq_meter/ref_cnt_reg[6]/R
                                                              3.670         
i_hk/i_freq_meter/ref_cnt_reg[10]/C
                               i_hk/i_freq_meter/ref_cnt_reg[7]/R
                                                              3.670         
ps/axi_slave_gp0/wr_awaddr_reg[22]/C
                               sys_bus_interconnect/for_bus[7].inst_sys_bus_cdc/ctrl_re_reg/D
                                                              3.690         
i_hk/i_freq_meter/ref_cnt_reg[10]/C
                               i_hk/i_freq_meter/ref_cnt_reg[20]/R
                                                              3.700         
i_hk/i_freq_meter/ref_cnt_reg[10]/C
                               i_hk/i_freq_meter/ref_cnt_reg[21]/R
                                                              3.700         
i_hk/i_freq_meter/ref_cnt_reg[10]/C
                               i_hk/i_freq_meter/ref_cnt_reg[22]/R
                                                              3.700         
i_hk/i_freq_meter/ref_cnt_reg[10]/C
                               i_hk/i_freq_meter/ref_cnt_reg[23]/R
                                                              3.700         
i_daisy/genblk3[0].i_test/rx_dat_inc_reg/C
                               i_daisy/genblk3[0].i_test/rx_dat_cnt_reg[20]/R
                                                              3.716         
i_daisy/genblk3[0].i_test/rx_dat_inc_reg/C
                               i_daisy/genblk3[0].i_test/rx_dat_cnt_reg[21]/R
                                                              3.716         
i_daisy/genblk3[0].i_test/rx_dat_inc_reg/C
                               i_daisy/genblk3[0].i_test/rx_dat_cnt_reg[22]/R
                                                              3.716         
i_daisy/genblk3[0].i_test/rx_dat_inc_reg/C
                               i_daisy/genblk3[0].i_test/rx_dat_cnt_reg[23]/R
                                                              3.716         
i_daisy/genblk3[0].i_test/rx_dat_inc_reg/C
                               i_daisy/genblk3[0].i_test/rx_dat_cnt_reg[0]/R
                                                              3.719         
i_daisy/genblk3[0].i_test/rx_dat_inc_reg/C
                               i_daisy/genblk3[0].i_test/rx_dat_cnt_reg[1]/R
                                                              3.719         
i_daisy/genblk3[0].i_test/rx_dat_inc_reg/C
                               i_daisy/genblk3[0].i_test/rx_dat_cnt_reg[2]/R
                                                              3.719         
i_daisy/genblk3[0].i_test/rx_dat_inc_reg/C
                               i_daisy/genblk3[0].i_test/rx_dat_cnt_reg[3]/R
                                                              3.719         
ps/axi_slave_gp0/wr_awaddr_reg[22]/C
                               sys_bus_interconnect/for_bus[6].inst_sys_bus_cdc/ctrl_we_reg/D
                                                              3.736         
ps/axi_slave_gp0/wr_awaddr_reg[22]/C
                               sys_bus_interconnect/for_bus[6].inst_sys_bus_cdc/ctrl_re_reg/D
                                                              3.750         
ps/axi_slave_gp0/wr_awaddr_reg[22]/C
                               sys_bus_interconnect/for_bus[0].inst_sys_bus_cdc/ctrl_do_reg/D
                                                              3.770         
ps/system_i/processing_system7/inst/PS7_i/MAXIGP0ACLK
                               ps/axi_slave_gp0/rd_error_reg/D
                                                              3.771         
ps/system_i/processing_system7/inst/PS7_i/MAXIGP0ACLK
                               ps/axi_slave_gp0/wr_wdata_reg[28]/CE
                                                              3.771         
ps/system_i/processing_system7/inst/PS7_i/MAXIGP0ACLK
                               ps/axi_slave_gp0/wr_wdata_reg[29]/CE
                                                              3.771         
ps/system_i/processing_system7/inst/PS7_i/MAXIGP0ACLK
                               ps/axi_slave_gp0/wr_wdata_reg[30]/CE
                                                              3.771         
i_daisy/genblk3[0].i_test/rx_dat_inc_reg/C
                               i_daisy/genblk3[0].i_test/rx_dat_cnt_reg[24]/R
                                                              3.795         
i_daisy/genblk3[0].i_test/rx_dat_inc_reg/C
                               i_daisy/genblk3[0].i_test/rx_dat_cnt_reg[25]/R
                                                              3.795         
i_daisy/genblk3[0].i_test/rx_dat_inc_reg/C
                               i_daisy/genblk3[0].i_test/rx_dat_cnt_reg[26]/R
                                                              3.795         
i_daisy/genblk3[0].i_test/rx_dat_inc_reg/C
                               i_daisy/genblk3[0].i_test/rx_dat_cnt_reg[27]/R
                                                              3.795         
i_hk/digital_loop_reg[1]/C     dac_dat_a_reg[13]/R            3.806         
i_hk/digital_loop_reg[1]/C     dac_dat_b_reg[13]/R            3.806         
i_hk/i_freq_meter/ref_cnt_reg[10]/C
                               i_hk/i_freq_meter/ref_cnt_reg[12]/R
                                                              3.825         
i_hk/i_freq_meter/ref_cnt_reg[10]/C
                               i_hk/i_freq_meter/ref_cnt_reg[13]/R
                                                              3.825         
i_hk/i_freq_meter/ref_cnt_reg[10]/C
                               i_hk/i_freq_meter/ref_cnt_reg[14]/R
                                                              3.825         
i_hk/i_freq_meter/ref_cnt_reg[10]/C
                               i_hk/i_freq_meter/ref_cnt_reg[15]/R
                                                              3.825         
ps/system_i/processing_system7/inst/PS7_i/MAXIGP0ACLK
                               ps/axi_slave_gp0/rd_araddr_reg[1]/CE
                                                              3.849         
ps/system_i/processing_system7/inst/PS7_i/MAXIGP0ACLK
                               ps/axi_slave_gp0/rd_araddr_reg[2]/CE
                                                              3.849         
ps/system_i/processing_system7/inst/PS7_i/MAXIGP0ACLK
                               ps/axi_slave_gp0/rd_araddr_reg[3]/CE
                                                              3.849         
ps/system_i/processing_system7/inst/PS7_i/MAXIGP0ACLK
                               ps/axi_slave_gp0/rd_araddr_reg[4]/CE
                                                              3.849         
ps/system_i/processing_system7/inst/PS7_i/MAXIGP0ACLK
                               ps/axi_slave_gp0/rd_araddr_reg[6]/CE
                                                              3.849         
ps/system_i/processing_system7/inst/PS7_i/MAXIGP0ACLK
                               ps/axi_slave_gp0/rd_arid_reg[1]/CE
                                                              3.849         
i_hk/i_freq_meter/ref_cnt_reg[10]/C
                               i_hk/i_freq_meter/ref_cnt_reg[24]/R
                                                              3.852         
i_hk/i_freq_meter/ref_cnt_reg[10]/C
                               i_hk/i_freq_meter/ref_cnt_reg[25]/R
                                                              3.852         
i_daisy/genblk3[0].i_test/rx_dat_inc_reg/C
                               i_daisy/genblk3[0].i_test/rx_dat_cnt_reg[12]/R
                                                              3.858         
i_daisy/genblk3[0].i_test/rx_dat_inc_reg/C
                               i_daisy/genblk3[0].i_test/rx_dat_cnt_reg[13]/R
                                                              3.858         
i_daisy/genblk3[0].i_test/rx_dat_inc_reg/C
                               i_daisy/genblk3[0].i_test/rx_dat_cnt_reg[14]/R
                                                              3.858         
i_daisy/genblk3[0].i_test/rx_dat_inc_reg/C
                               i_daisy/genblk3[0].i_test/rx_dat_cnt_reg[15]/R
                                                              3.858         
i_daisy/i_rx/par_rstn_o_reg/C  i_daisy/i_rx/genblk1[0].par_val_reg/R
                                                              3.882         
i_hk/digital_loop_reg[1]/C     dac_dat_a_reg[5]/S             3.901         
i_hk/digital_loop_reg[1]/C     dac_dat_a_reg[6]/S             3.901         
i_hk/digital_loop_reg[1]/C     dac_dat_b_reg[11]/S            3.901         
i_hk/digital_loop_reg[1]/C     dac_dat_b_reg[1]/S             3.901         
i_hk/digital_loop_reg[1]/C     dac_dat_a_reg[10]/S            3.955         
i_hk/digital_loop_reg[1]/C     dac_dat_a_reg[2]/S             3.955         
i_hk/digital_loop_reg[1]/C     dac_dat_b_reg[5]/S             3.955         
i_hk/digital_loop_reg[1]/C     dac_dat_b_reg[8]/S             3.955         
i_hk/digital_loop_reg[1]/C     dac_dat_a_reg[1]/S             3.963         
i_hk/digital_loop_reg[1]/C     dac_dat_a_reg[4]/S             3.963         
i_hk/digital_loop_reg[1]/C     dac_dat_a_reg[8]/S             3.963         
i_daisy/genblk3[0].i_test/rx_err_inc_reg/C
                               i_daisy/genblk3[0].i_test/rx_err_cnt_reg[28]/R
                                                              3.988         
i_daisy/genblk3[0].i_test/rx_err_inc_reg/C
                               i_daisy/genblk3[0].i_test/rx_err_cnt_reg[29]/R
                                                              3.988         
i_daisy/genblk3[0].i_test/rx_err_inc_reg/C
                               i_daisy/genblk3[0].i_test/rx_err_cnt_reg[30]/R
                                                              3.988         
i_daisy/genblk3[0].i_test/rx_err_inc_reg/C
                               i_daisy/genblk3[0].i_test/rx_err_cnt_reg[31]/R
                                                              3.988         
i_daisy/genblk3[0].i_test/rx_dat_inc_reg/C
                               i_daisy/genblk3[0].i_test/rx_dat_cnt_reg[4]/R
                                                              4.000         
i_daisy/genblk3[0].i_test/rx_dat_inc_reg/C
                               i_daisy/genblk3[0].i_test/rx_dat_cnt_reg[5]/R
                                                              4.000         
i_daisy/genblk3[0].i_test/rx_dat_inc_reg/C
                               i_daisy/genblk3[0].i_test/rx_dat_cnt_reg[6]/R
                                                              4.000         
i_daisy/genblk3[0].i_test/rx_dat_inc_reg/C
                               i_daisy/genblk3[0].i_test/rx_dat_cnt_reg[7]/R
                                                              4.000         
i_hk/digital_loop_reg[1]/C     dac_dat_a_reg[12]/S            4.007         
i_hk/digital_loop_reg[1]/C     dac_dat_b_reg[4]/S             4.007         
i_hk/digital_loop_reg[1]/C     dac_dat_b_reg[0]/S             4.016         
i_hk/digital_loop_reg[1]/C     dac_dat_a_reg[11]/S            4.102         
i_hk/digital_loop_reg[1]/C     dac_dat_a_reg[3]/S             4.102         
i_hk/digital_loop_reg[1]/C     dac_dat_a_reg[7]/S             4.102         
i_hk/digital_loop_reg[1]/C     dac_dat_a_reg[9]/S             4.102         
i_hk/digital_loop_reg[1]/C     dac_dat_b_reg[3]/S             4.111         
i_hk/digital_loop_reg[1]/C     dac_dat_b_reg[6]/S             4.111         
i_hk/digital_loop_reg[1]/C     dac_dat_b_reg[7]/S             4.111         
i_hk/digital_loop_reg[1]/C     dac_dat_b_reg[9]/S             4.111         
i_daisy/genblk3[0].i_test/rx_dat_inc_reg/C
                               i_daisy/genblk3[0].i_test/rx_dat_cnt_reg[10]/R
                                                              4.158         
i_daisy/genblk3[0].i_test/rx_dat_inc_reg/C
                               i_daisy/genblk3[0].i_test/rx_dat_cnt_reg[11]/R
                                                              4.158         
i_daisy/genblk3[0].i_test/rx_dat_inc_reg/C
                               i_daisy/genblk3[0].i_test/rx_dat_cnt_reg[8]/R
                                                              4.158         
i_daisy/genblk3[0].i_test/rx_dat_inc_reg/C
                               i_daisy/genblk3[0].i_test/rx_dat_cnt_reg[9]/R
                                                              4.158         
i_daisy/i_rx/par_rstn_o_reg/C  i_daisy/i_rx/genblk1[0].par_cnt_reg[0]/R
                                                              4.163         
i_daisy/i_rx/par_rstn_o_reg/C  i_daisy/i_rx/genblk1[0].par_cnt_reg[1]/R
                                                              4.163         
rst_cnt_reg[4]/C               dac_rst_reg/D                  4.220         
i_daisy/genblk3[0].i_test/rx_dat_reg[4]/C
                               i_daisy/genblk3[0].i_test/rx_dat_inc_reg/D
                                                              4.265         
i_daisy/genblk3[0].i_test/rx_err_inc_reg/C
                               i_daisy/genblk3[0].i_test/rx_err_cnt_reg[24]/R
                                                              4.278         
i_daisy/genblk3[0].i_test/rx_err_inc_reg/C
                               i_daisy/genblk3[0].i_test/rx_err_cnt_reg[25]/R
                                                              4.278         
i_daisy/genblk3[0].i_test/rx_err_inc_reg/C
                               i_daisy/genblk3[0].i_test/rx_err_cnt_reg[26]/R
                                                              4.278         
i_daisy/genblk3[0].i_test/rx_err_inc_reg/C
                               i_daisy/genblk3[0].i_test/rx_err_cnt_reg[27]/R
                                                              4.278         
i_daisy/i_rx/genblk1[0].par_dat_r_reg[7]/C
                               i_daisy/i_rx/genblk1[0].par_ok_reg[0]/D
                                                              4.290         
dac_dat_b_reg[12]/C            oddr_dac_dat[12]/D1            4.302         
i_daisy/i_rx/par_rstn_o_reg/C  i_daisy/i_rx/genblk1[0].par_dat_r_reg[10]/R
                                                              4.316         
i_daisy/i_rx/par_rstn_o_reg/C  i_daisy/i_rx/genblk1[0].par_dat_r_reg[11]/R
                                                              4.316         
i_daisy/i_rx/par_rstn_o_reg/C  i_daisy/i_rx/genblk1[0].par_dat_r_reg[14]/R
                                                              4.316         
i_daisy/i_rx/par_rstn_o_reg/C  i_daisy/i_rx/genblk1[0].par_dat_r_reg[2]/R
                                                              4.316         
i_daisy/i_rx/par_rstn_o_reg/C  i_daisy/i_rx/genblk1[0].par_dat_r_reg[3]/R
                                                              4.316         
i_hk/digital_loop_reg[1]/C     dac_dat_a_reg[0]/S             4.346         
i_hk/digital_loop_reg[1]/C     dac_dat_b_reg[10]/S            4.346         
i_hk/digital_loop_reg[1]/C     dac_dat_b_reg[12]/S            4.346         
i_hk/digital_loop_reg[1]/C     dac_dat_b_reg[2]/S             4.346         
i_daisy/genblk3[0].i_test/rx_err_inc_reg/C
                               i_daisy/genblk3[0].i_test/rx_err_cnt_reg[16]/R
                                                              4.387         
i_daisy/genblk3[0].i_test/rx_err_inc_reg/C
                               i_daisy/genblk3[0].i_test/rx_err_cnt_reg[17]/R
                                                              4.387         
i_daisy/genblk3[0].i_test/rx_err_inc_reg/C
                               i_daisy/genblk3[0].i_test/rx_err_cnt_reg[18]/R
                                                              4.387         
i_daisy/genblk3[0].i_test/rx_err_inc_reg/C
                               i_daisy/genblk3[0].i_test/rx_err_cnt_reg[19]/R
                                                              4.387         
i_daisy/i_rx/genblk1[0].par_dat_r_reg[7]/C
                               i_daisy/i_rx/genblk1[0].bitslip_l_reg/D
                                                              4.390         
i_daisy/genblk3[0].i_test/rx_err_inc_reg/C
                               i_daisy/genblk3[0].i_test/rx_err_cnt_reg[0]/R
                                                              4.393         
i_daisy/genblk3[0].i_test/rx_err_inc_reg/C
                               i_daisy/genblk3[0].i_test/rx_err_cnt_reg[1]/R
                                                              4.393         
i_daisy/genblk3[0].i_test/rx_err_inc_reg/C
                               i_daisy/genblk3[0].i_test/rx_err_cnt_reg[2]/R
                                                              4.393         
i_daisy/genblk3[0].i_test/rx_err_inc_reg/C
                               i_daisy/genblk3[0].i_test/rx_err_cnt_reg[3]/R
                                                              4.393         
i_daisy/i_rx/par_rstn_o_reg/C  i_daisy/i_rx/genblk1[0].par_dv_reg/R
                                                              4.419         
i_daisy/i_rx/par_rstn_o_reg/C  i_daisy/i_rx/genblk1[0].par_ok_reg[0]/R
                                                              4.419         
i_daisy/i_rx/par_rstn_o_reg/C  i_daisy/i_rx/genblk1[0].par_train_r_reg[0]/R
                                                              4.419         
i_daisy/i_rx/par_rstn_o_reg/C  i_daisy/i_rx/genblk1[0].par_train_r_reg[1]/R
                                                              4.419         
i_daisy/i_rx/par_rstn_o_reg/C  i_daisy/i_rx/genblk1[0].par_train_reg/R
                                                              4.419         
i_daisy/genblk3[0].i_test/rx_err_inc_reg/C
                               i_daisy/genblk3[0].i_test/rx_err_cnt_reg[20]/R
                                                              4.426         
i_daisy/genblk3[0].i_test/rx_err_inc_reg/C
                               i_daisy/genblk3[0].i_test/rx_err_cnt_reg[21]/R
                                                              4.426         
i_daisy/genblk3[0].i_test/rx_err_inc_reg/C
                               i_daisy/genblk3[0].i_test/rx_err_cnt_reg[22]/R
                                                              4.426         
i_daisy/genblk3[0].i_test/rx_err_inc_reg/C
                               i_daisy/genblk3[0].i_test/rx_err_cnt_reg[23]/R
                                                              4.426         
i_daisy/i_rx/par_rstn_o_reg/C  i_daisy/i_rx/genblk1[0].par_dat_r_reg[13]/R
                                                              4.445         
i_daisy/i_rx/par_rstn_o_reg/C  i_daisy/i_rx/genblk1[0].par_dat_r_reg[15]/R
                                                              4.445         
i_daisy/i_rx/par_rstn_o_reg/C  i_daisy/i_rx/genblk1[0].par_dat_r_reg[4]/R
                                                              4.445         
i_daisy/i_rx/par_rstn_o_reg/C  i_daisy/i_rx/genblk1[0].par_dat_r_reg[5]/R
                                                              4.445         
i_daisy/i_rx/par_rstn_o_reg/C  i_daisy/i_rx/genblk1[0].par_dat_r_reg[6]/R
                                                              4.445         
i_daisy/i_rx/par_rstn_o_reg/C  i_daisy/i_rx/genblk1[0].par_dat_r_reg[7]/R
                                                              4.445         
i_daisy/i_rx/par_rstn_o_reg/C  i_daisy/i_rx/genblk1[0].par_dat_r_reg[9]/R
                                                              4.445         
i_daisy/i_rx/par_rstn_o_reg/C  i_daisy/i_rx/genblk1[0].par_dat_r_reg[0]/R
                                                              4.464         
i_daisy/i_rx/par_rstn_o_reg/C  i_daisy/i_rx/genblk1[0].par_dat_r_reg[12]/R
                                                              4.464         
i_daisy/i_rx/par_rstn_o_reg/C  i_daisy/i_rx/genblk1[0].par_dat_r_reg[1]/R
                                                              4.464         
i_daisy/i_rx/par_rstn_o_reg/C  i_daisy/i_rx/genblk1[0].par_dat_r_reg[8]/R
                                                              4.464         
i_daisy/genblk3[0].i_test/rx_dat_reg[15]/C
                               i_daisy/genblk3[0].i_test/rx_err_inc_reg/D
                                                              4.503         
i_daisy/genblk3[0].i_test/rx_err_inc_reg/C
                               i_daisy/genblk3[0].i_test/rx_err_cnt_reg[12]/R
                                                              4.525         
i_daisy/genblk3[0].i_test/rx_err_inc_reg/C
                               i_daisy/genblk3[0].i_test/rx_err_cnt_reg[13]/R
                                                              4.525         
i_daisy/genblk3[0].i_test/rx_err_inc_reg/C
                               i_daisy/genblk3[0].i_test/rx_err_cnt_reg[14]/R
                                                              4.525         
i_daisy/genblk3[0].i_test/rx_err_inc_reg/C
                               i_daisy/genblk3[0].i_test/rx_err_cnt_reg[15]/R
                                                              4.525         
i_daisy/genblk3[0].i_test/rx_err_inc_reg/C
                               i_daisy/genblk3[0].i_test/rx_err_cnt_reg[4]/R
                                                              4.534         
i_daisy/genblk3[0].i_test/rx_err_inc_reg/C
                               i_daisy/genblk3[0].i_test/rx_err_cnt_reg[5]/R
                                                              4.534         
i_daisy/genblk3[0].i_test/rx_err_inc_reg/C
                               i_daisy/genblk3[0].i_test/rx_err_cnt_reg[6]/R
                                                              4.534         
i_daisy/genblk3[0].i_test/rx_err_inc_reg/C
                               i_daisy/genblk3[0].i_test/rx_err_cnt_reg[7]/R
                                                              4.534         
dac_dat_b_reg[0]/C             oddr_dac_dat[0]/D1             4.552         
dac_dat_b_reg[13]/C            oddr_dac_dat[13]/D1            4.552         
i_daisy/i_rx/par_rstn_o_reg/C  i_daisy/i_rx/genblk1[0].nibslip_cnt_reg[0]/CE
                                                              4.560         
i_daisy/i_rx/par_rstn_o_reg/C  i_daisy/i_rx/genblk1[0].bitslip_cnt_reg[0]/R
                                                              4.658         
i_daisy/i_rx/par_rstn_o_reg/C  i_daisy/i_rx/genblk1[0].bitslip_cnt_reg[1]/R
                                                              4.658         
i_daisy/i_rx/par_rstn_o_reg/C  i_daisy/i_rx/genblk1[0].bitslip_cnt_reg[2]/R
                                                              4.658         
i_daisy/i_rx/par_rstn_o_reg/C  i_daisy/i_rx/genblk1[0].bitslip_cnt_reg[3]/R
                                                              4.658         
i_daisy/i_rx/par_rstn_o_reg/C  i_daisy/i_rx/genblk1[0].bitslip_l_reg/R
                                                              4.665         
i_daisy/genblk3[0].i_test/rx_err_inc_reg/C
                               i_daisy/genblk3[0].i_test/rx_err_cnt_reg[10]/R
                                                              4.685         
i_daisy/genblk3[0].i_test/rx_err_inc_reg/C
                               i_daisy/genblk3[0].i_test/rx_err_cnt_reg[11]/R
                                                              4.685         
i_daisy/genblk3[0].i_test/rx_err_inc_reg/C
                               i_daisy/genblk3[0].i_test/rx_err_cnt_reg[8]/R
                                                              4.685         
i_daisy/genblk3[0].i_test/rx_err_inc_reg/C
                               i_daisy/genblk3[0].i_test/rx_err_cnt_reg[9]/R
                                                              4.685         
dac_dat_b_reg[2]/C             oddr_dac_dat[2]/D1             4.687         
i_daisy/i_rx/par_rstn_o_reg/C  i_daisy/i_rx/genblk1[0].par_cnt_reg[0]/CE
                                                              4.709         
i_daisy/i_rx/par_rstn_o_reg/C  i_daisy/i_rx/genblk1[0].par_cnt_reg[1]/CE
                                                              4.709         
dac_dat_b_reg[3]/C             oddr_dac_dat[3]/D1             4.751         
dac_dat_b_reg[1]/C             oddr_dac_dat[1]/D1             4.821         
dac_dat_b_reg[4]/C             oddr_dac_dat[4]/D1             5.019         
dac_dat_b_reg[10]/C            oddr_dac_dat[10]/D1            5.126         
dac_dat_b_reg[6]/C             oddr_dac_dat[6]/D1             5.129         
dac_dat_b_reg[5]/C             oddr_dac_dat[5]/D1             5.158         
dac_dat_b_reg[9]/C             oddr_dac_dat[9]/D1             5.180         
dac_dat_b_reg[7]/C             oddr_dac_dat[7]/D1             5.181         
dac_dat_b_reg[11]/C            oddr_dac_dat[11]/D1            5.430         
dac_dat_b_reg[8]/C             oddr_dac_dat[8]/D1             5.597         
dac_rst_reg/C                  oddr_dac_rst/D1                5.884         



